<?xml version="1.0"?>
<Objects>
  <Object name="Object41">
    <AbsoluteLocation value="35.748260 39.314674"/>
    <Properties>
      <Property name="Angle" value="-30.0697"/>
      <Property name="Filename" value="/Objects/pipe_straight_long.hs"/>
    </Properties>
  </Object>
  <Object name="Object35">
    <AbsoluteLocation value="14.781473 22.877415"/>
    <Properties>
      <Property name="Angle" value="45.5574"/>
      <Property name="Filename" value="/Objects/pipe_straight_long.hs"/>
    </Properties>
  </Object>
  <Object name="Object33">
    <AbsoluteLocation value="13.085562 13.323727"/>
    <Properties>
      <Property name="Angle" value="-41.9437"/>
      <Property name="Filename" value="/Objects/pipe_straight_long.hs"/>
    </Properties>
  </Object>
  <Object name="Object31">
    <AbsoluteLocation value="12.873110 3.586777"/>
    <Properties>
      <Property name="Angle" value="55.167"/>
      <Property name="Filename" value="/Objects/pipe_straight_long.hs"/>
    </Properties>
  </Object>
  <Object name="Object27">
    <AbsoluteLocation value="16.829437 -19.978256"/>
    <Properties>
      <Property name="Angle" value="88.8843"/>
      <Property name="Filename" value="/Objects/pipe_straight_long.hs"/>
    </Properties>
  </Object>
  <Object name="Object24">
    <AbsoluteLocation value="11.174682 -33.203903"/>
    <Properties>
      <Property name="Angle" value="-174.31"/>
      <Property name="Filename" value="/Objects/pipe_elbow_2.hs"/>
    </Properties>
  </Object>
  <Object name="Object21">
    <AbsoluteLocation value="1.693720 -29.440819"/>
    <Properties>
      <Property name="Angle" value="7.84394"/>
      <Property name="Filename" value="/Objects/pipe_straight_long.hs"/>
    </Properties>
  </Object>
  <Object name="Obj13">
    <AbsoluteLocation value="31.783127 -2.803336"/>
    <Properties>
      <Property name="Angle" value="142.354"/>
      <Property name="Filename" value="/Objects/pipe_straight.hs"/>
    </Properties>
  </Object>
  <Object name="Obj9">
    <AbsoluteLocation value="22.679672 -4.265886"/>
    <Properties>
      <Property name="Angle" value="51.5594"/>
      <Property name="Filename" value="/Objects/pipe_straight.hs"/>
    </Properties>
  </Object>
  <Object name="0">
    <AbsoluteLocation value="-5.600000 24.800001"/>
    <Properties>
      <Property name="Angle" value="0"/>
      <Property name="Filename" value="/Objects/star.hs"/>
      <Property name="Type" value="star"/>
    </Properties>
  </Object>
  <Object name="1">
    <AbsoluteLocation value="-12.000000 14.800000"/>
    <Properties>
      <Property name="Angle" value="0"/>
      <Property name="Filename" value="/Objects/star.hs"/>
      <Property name="Type" value="star"/>
    </Properties>
  </Object>
  <Object name="2">
    <AbsoluteLocation value="-18.400000 4.800000"/>
    <Properties>
      <Property name="Angle" value="0"/>
      <Property name="Filename" value="/Objects/star.hs"/>
      <Property name="Type" value="star"/>
    </Properties>
  </Object>
  <Object name="Spout6">
    <AbsoluteLocation value="17.070038 -13.891734"/>
    <Properties>
      <Property name="Angle" value="3.70969"/>
      <Property name="ConnectedSpout0" value="SWAMPY_SPOUT"/>
      <Property name="ConnectedSpoutProbability0" value="1"/>
      <Property name="Filename" value="/Objects/broken_pipe.hs"/>
      <Property name="Type" value="spout"/>
    </Properties>
  </Object>
  <Object name="Spout9">
    <AbsoluteLocation value="20.360075 -7.410690"/>
    <Properties>
      <Property name="Angle" value="148.482"/>
      <Property name="Filename" value="/Objects/broken_pipe.hs"/>
      <Property name="Type" value="spout"/>
    </Properties>
  </Object>
  <Object name="Obj14">
    <AbsoluteLocation value="35.645264 -4.879734"/>
    <Properties>
      <Property name="Angle" value="-125.452"/>
      <Property name="Filename" value="/Objects/pipe_elbow_1.hs"/>
    </Properties>
  </Object>
  <Object name="Obj15">
    <AbsoluteLocation value="38.883797 -1.742971"/>
    <Properties>
      <Property name="Angle" value="231.927"/>
      <Property name="Filename" value="/Objects/pipe_straight.hs"/>
    </Properties>
  </Object>
  <Object name="6">
    <AbsoluteLocation value="-4.091892 -30.413498"/>
    <Properties>
      <Property name="Angle" value="-165.308"/>
      <Property name="Filename" value="/Objects/pipe_connector_end.hs"/>
    </Properties>
  </Object>
  <Object name="Object19">
    <AbsoluteLocation value="26.933702 -0.524010"/>
    <Properties>
      <Property name="Angle" value="-126.147"/>
      <Property name="Filename" value="/Objects/pipe_connector_90.hs"/>
    </Properties>
  </Object>
  <Object name="Object25">
    <AbsoluteLocation value="13.761959 -33.633488"/>
    <Properties>
      <Property name="Angle" value="5.55352"/>
      <Property name="Filename" value="/Objects/pipe_straight_short.hs"/>
    </Properties>
  </Object>
  <Object name="Object26">
    <AbsoluteLocation value="16.685383 -26.703991"/>
    <Properties>
      <Property name="Angle" value="88.8843"/>
      <Property name="Filename" value="/Objects/pipe_straight_long.hs"/>
    </Properties>
  </Object>
  <Object name="Obj12">
    <AbsoluteLocation value="15.598301 -32.130741"/>
    <Properties>
      <Property name="Angle" value="-266.268"/>
      <Property name="Filename" value="/Objects/pipe_connector_90.hs"/>
    </Properties>
  </Object>
  <Object name="Object28">
    <AbsoluteLocation value="9.418187 -29.094696"/>
    <Properties>
      <Property name="Angle" value="6.84287"/>
      <Property name="Filename" value="/Objects/pipe_elbow_1.hs"/>
    </Properties>
  </Object>
  <Object name="Object29">
    <AbsoluteLocation value="10.324379 -31.244795"/>
    <Properties>
      <Property name="Angle" value="-84.0434"/>
      <Property name="Filename" value="/Objects/pipe_straight_short.hs"/>
    </Properties>
  </Object>
  <Object name="Object30">
    <AbsoluteLocation value="7.077507 -28.713072"/>
    <Properties>
      <Property name="Angle" value="8.0633"/>
      <Property name="Filename" value="/Objects/pipe_straight_short.hs"/>
    </Properties>
  </Object>
  <Object name="Ducky22">
    <AbsoluteLocation value="-12.175045 -10.241673"/>
    <Properties>
      <Property name="Angle" value="0"/>
      <Property name="Filename" value="/Objects/star_teleport.hs"/>
      <Property name="StarType" value="teleport"/>
      <Property name="Type" value="star"/>
    </Properties>
  </Object>
  <Object name="Ducky23">
    <AbsoluteLocation value="-0.284779 -10.479439"/>
    <Properties>
      <Property name="Angle" value="0"/>
      <Property name="Filename" value="/Objects/star_teleport.hs"/>
      <Property name="StarType" value="teleport"/>
      <Property name="Type" value="star"/>
    </Properties>
  </Object>
  <Object name="Ducky24">
    <AbsoluteLocation value="10.142403 -10.246910"/>
    <Properties>
      <Property name="Angle" value="0"/>
      <Property name="Filename" value="/Objects/star_teleport.hs"/>
      <Property name="StarType" value="teleport"/>
      <Property name="Type" value="star"/>
    </Properties>
  </Object>
  <Object name="Ducky25">
    <AbsoluteLocation value="-3.519257 -21.353367"/>
    <Properties>
      <Property name="Angle" value="0"/>
      <Property name="Filename" value="/Objects/star_teleport.hs"/>
      <Property name="StarType" value="teleport"/>
      <Property name="Type" value="star"/>
    </Properties>
  </Object>
  <Object name="Ducky26">
    <AbsoluteLocation value="3.668198 -21.538868"/>
    <Properties>
      <Property name="Angle" value="0"/>
      <Property name="Filename" value="/Objects/star_teleport.hs"/>
      <Property name="StarType" value="teleport"/>
      <Property name="Type" value="star"/>
    </Properties>
  </Object>
  <Object name="Ducky27">
    <AbsoluteLocation value="2.073277 4.690498"/>
    <Properties>
      <Property name="Angle" value="0"/>
      <Property name="CutsRock" value="1"/>
      <Property name="Filename" value="/Objects/star_teleport.hs"/>
      <Property name="StarType" value="teleport"/>
      <Property name="Type" value="star"/>
      <Property name="TeleportWaitTime" value="2.5 "/>
    </Properties>
  </Object>
  <Object name="Spout28">
    <AbsoluteLocation value="9.000000 -1.734375"/>
    <Properties>
      <Property name="Angle" value="-124.217"/>
      <Property name="Filename" value="/Objects/shower_head.hs"/>
      <Property name="FluidType" value="mud"/>
      <Property name="NumberParticles" value="10"/>
      <Property name="Type" value="spout"/>
    </Properties>
  </Object>
  <Object name="Object34">
    <AbsoluteLocation value="10.625519 17.197449"/>
    <Properties>
      <Property name="Angle" value="-46.2078"/>
      <Property name="Filename" value="/Objects/pipe_connector_90.hs"/>
    </Properties>
  </Object>
  <Object name="Object36">
    <AbsoluteLocation value="21.438414 29.618244"/>
    <Properties>
      <Property name="Angle" value="45.5574"/>
      <Property name="Filename" value="/Objects/pipe_straight_long.hs"/>
    </Properties>
  </Object>
  <Object name="Object44">
    <AbsoluteLocation value="27.437824 36.778248"/>
    <Properties>
      <Property name="Angle" value="54.4425"/>
      <Property name="Filename" value="/Objects/pipe_straight_long.hs"/>
    </Properties>
  </Object>
  <Object name="Object47">
    <AbsoluteLocation value="31.291069 41.172890"/>
    <Properties>
      <Property name="Angle" value="58.6524"/>
      <Property name="Filename" value="/Objects/pipe_elbow_1.hs"/>
    </Properties>
  </Object>
  <Object name="Object39">
    <AbsoluteLocation value="14.000000 12.200001"/>
    <Properties>
      <Property name="Angle" value="48.2708"/>
      <Property name="Filename" value="/Objects/pipe_spout_base.hs"/>
    </Properties>
  </Object>
  <Object name="Object40">
    <AbsoluteLocation value="14.800003 6.399994"/>
    <Properties>
      <Property name="Angle" value="139.533"/>
      <Property name="Filename" value="/Objects/pipe_spout_base.hs"/>
    </Properties>
  </Object>
  <Object name="FluidConverter38">
    <AbsoluteLocation value="16.800003 9.500004"/>
    <Properties>
      <Property name="Angle" value="-40.8414"/>
      <Property name="Filename" value="/Objects/converter_static_mud.hs"/>
      <Property name="FluidType" value="wetmud"/>
      <Property name="Type" value="fluidconverter"/>
    </Properties>
  </Object>
  <Room>
    <AbsoluteLocation value="-17.199997 -34.000000"/>
  </Room>
  <Properties>
    <Property name="HeavyIntro" value="1"/>
  </Properties>
</Objects>

