<?xml version="1.0"?>
<Objects>
  <Object name="Object124">
    <AbsoluteLocation value="10.345804 3.583874"/>
    <Properties>
      <Property name="Angle" value="28.2498"/>
      <Property name="Filename" value="/Objects/pipe_straight_short.hs"/>
    </Properties>
  </Object>
  <Object name="Object125">
    <AbsoluteLocation value="8.122208 2.794012"/>
    <Properties>
      <Property name="Angle" value="-139.841"/>
      <Property name="Filename" value="/Objects/pipe_elbow_2.hs"/>
    </Properties>
  </Object>
  <Object name="Object59">
    <AbsoluteLocation value="6.252763 4.048119"/>
    <Properties>
      <Property name="Angle" value="-52.025"/>
      <Property name="Filename" value="/Objects/pipe_straight_short.hs"/>
    </Properties>
  </Object>
  <Object name="Object58">
    <AbsoluteLocation value="5.054949 5.847003"/>
    <Properties>
      <Property name="Angle" value="87.9381"/>
      <Property name="Filename" value="/Objects/pipe_bend_1.hs"/>
    </Properties>
  </Object>
  <Object name="Object155">
    <AbsoluteLocation value="1.838745 44.104763"/>
    <Properties>
      <Property name="Angle" value="90.3615"/>
      <Property name="Filename" value="/Objects/pipe_straight_long.hs"/>
    </Properties>
  </Object>
  <Object name="Object91">
    <AbsoluteLocation value="20.058311 1.046089"/>
    <Properties>
      <Property name="Angle" value="-72.4234"/>
      <Property name="Filename" value="/Objects/pipe_straight.hs"/>
    </Properties>
  </Object>
  <Object name="Switch31">
    <AbsoluteLocation value="-16.820244 -18.633789"/>
    <Properties>
      <Property name="Angle" value="-273.362"/>
      <Property name="ConnectedObject0" value="Object51"/>
      <Property name="Filename" value="/Objects/switch.hs"/>
      <Property name="Type" value="switch"/>
    </Properties>
  </Object>
  <Object name="Object201">
    <AbsoluteLocation value="-27.509289 -38.573551"/>
    <Properties>
      <Property name="Angle" value="-324.873"/>
      <Property name="Filename" value="/Objects/pipe_elbow_2.hs"/>
    </Properties>
  </Object>
  <Object name="Object202">
    <AbsoluteLocation value="-24.971870 -39.917080"/>
    <Properties>
      <Property name="Angle" value="590.162"/>
      <Property name="Filename" value="/Objects/pipe_elbow_1.hs"/>
    </Properties>
  </Object>
  <Object name="Object189">
    <AbsoluteLocation value="-21.076618 -45.130371"/>
    <Properties>
      <Property name="Angle" value="-42.1974"/>
      <Property name="Filename" value="/Objects/pipe_straight_short.hs"/>
    </Properties>
  </Object>
  <Object name="Object158">
    <AbsoluteLocation value="22.173378 -35.193390"/>
    <Properties>
      <Property name="Angle" value="-460.882"/>
      <Property name="Filename" value="/Objects/pipe_straight.hs"/>
    </Properties>
  </Object>
  <Object name="Object181">
    <AbsoluteLocation value="19.081715 -23.786047"/>
    <Properties>
      <Property name="Angle" value="-56.6893"/>
      <Property name="Filename" value="/Objects/pipe_straight_short.hs"/>
    </Properties>
  </Object>
  <Object name="Object109">
    <AbsoluteLocation value="-21.204828 13.823823"/>
    <Properties>
      <Property name="Angle" value="-6.2421"/>
      <Property name="Filename" value="/Objects/pipe_straight_long.hs"/>
    </Properties>
  </Object>
  <Object name="Object111">
    <AbsoluteLocation value="-16.797180 12.877972"/>
    <Properties>
      <Property name="Angle" value="2.17391"/>
      <Property name="Filename" value="/Objects/pipe_elbow_1.hs"/>
    </Properties>
  </Object>
  <Object name="Object42">
    <AbsoluteLocation value="-11.480591 -23.378258"/>
    <Properties>
      <Property name="Angle" value="28.8982"/>
      <Property name="Filename" value="/Objects/pipe_straight.hs"/>
    </Properties>
  </Object>
  <Object name="Object150">
    <AbsoluteLocation value="-10.180866 2.453227"/>
    <Properties>
      <Property name="Angle" value="14.8193"/>
      <Property name="Filename" value="/Objects/pipe_bend_1.hs"/>
    </Properties>
  </Object>
  <Object name="Object46">
    <AbsoluteLocation value="24.701469 -30.268925"/>
    <Properties>
      <Property name="Angle" value="95.1263"/>
      <Property name="Filename" value="/Objects/pipe_straight_long.hs"/>
    </Properties>
  </Object>
  <Object name="Object154">
    <AbsoluteLocation value="15.931530 -20.581444"/>
    <Properties>
      <Property name="Angle" value="-274.236"/>
      <Property name="Filename" value="/Objects/pipe_straight_short.hs"/>
    </Properties>
  </Object>
  <Object name="Object146">
    <AbsoluteLocation value="-25.991688 2.988037"/>
    <Properties>
      <Property name="Angle" value="-39.869"/>
      <Property name="Filename" value="/Objects/pipe_straight_short.hs"/>
    </Properties>
  </Object>
  <Object name="Object142">
    <AbsoluteLocation value="-24.272938 0.238037"/>
    <Properties>
      <Property name="Angle" value="-71.0815"/>
      <Property name="Filename" value="/Objects/pipe_straight_short.hs"/>
    </Properties>
  </Object>
  <Object name="Object114">
    <AbsoluteLocation value="-4.956688 8.224068"/>
    <Properties>
      <Property name="Angle" value="-16.4346"/>
      <Property name="Filename" value="/Objects/pipe_elbow_1.hs"/>
    </Properties>
  </Object>
  <Object name="Object113">
    <AbsoluteLocation value="-8.135273 9.641369"/>
    <Properties>
      <Property name="Angle" value="-13.759"/>
      <Property name="Filename" value="/Objects/pipe_straight.hs"/>
    </Properties>
  </Object>
  <Object name="Object110">
    <AbsoluteLocation value="-26.983097 15.336164"/>
    <Properties>
      <Property name="Angle" value="-195.102"/>
      <Property name="Filename" value="/Objects/pipe_elbow_2.hs"/>
    </Properties>
  </Object>
  <Object name="Object105">
    <AbsoluteLocation value="1.705988 26.037764"/>
    <Properties>
      <Property name="Angle" value="90.9666"/>
      <Property name="Filename" value="/Objects/pipe_straight.hs"/>
      <Property name="Parent" value="SprayPivot"/>
    </Properties>
  </Object>
  <Object name="Object85">
    <AbsoluteLocation value="14.782143 6.963634"/>
    <Properties>
      <Property name="Angle" value="14.323"/>
      <Property name="Filename" value="/Objects/pipe_straight_long.hs"/>
    </Properties>
  </Object>
  <Object name="Object70">
    <AbsoluteLocation value="-13.579453 -17.456966"/>
    <Properties>
      <Property name="Angle" value="99.0387"/>
      <Property name="Filename" value="/Objects/pipe_straight.hs"/>
    </Properties>
  </Object>
  <Object name="Object30">
    <AbsoluteLocation value="-0.561706 4.482388"/>
    <Properties>
      <Property name="Angle" value="-164.464"/>
      <Property name="Filename" value="/Objects/pipe_elbow_2.hs"/>
    </Properties>
  </Object>
  <Object name="Spout18">
    <AbsoluteLocation value="1.595722 21.070217"/>
    <Properties>
      <Property name="Angle" value="-91.6301"/>
      <Property name="Filename" value="/Objects/touch_spout.hs"/>
      <Property name="FluidType" value="Water"/>
      <Property name="Parent" value="SprayPivot"/>
      <Property name="Type" value="spout"/>
    </Properties>
  </Object>
  <Object name="Ducky9">
    <AbsoluteLocation value="24.093750 14.718750"/>
    <Properties>
      <Property name="Angle" value="0"/>
      <Property name="Filename" value="/Objects/star.hs"/>
      <Property name="Type" value="star"/>
    </Properties>
  </Object>
  <Object name="Ducky10">
    <AbsoluteLocation value="10.405560 -45.096069"/>
    <Properties>
      <Property name="Angle" value="0"/>
      <Property name="Filename" value="/Objects/star.hs"/>
      <Property name="Type" value="star"/>
    </Properties>
  </Object>
  <Object name="Ducky11">
    <AbsoluteLocation value="-16.767073 -2.240932"/>
    <Properties>
      <Property name="Angle" value="0.157308"/>
      <Property name="Filename" value="/Objects/star.hs"/>
      <Property name="Type" value="star"/>
    </Properties>
  </Object>
  <Object name="Spout16">
    <AbsoluteLocation value="-26.084242 18.203432"/>
    <Properties>
      <Property name="Angle" value="-34.3587"/>
      <Property name="ConnectedSpout0" value="Spout146"/>
      <Property name="ConnectedSpoutProbability0" value="1"/>
      <Property name="Filename" value="/Objects/basic_drain.hs"/>
      <Property name="Type" value="spout"/>
    </Properties>
  </Object>
  <Object name="Object19">
    <AbsoluteLocation value="19.062500 23.406250"/>
    <Properties>
      <Property name="Angle" value="78.5619"/>
      <Property name="Filename" value="/Objects/pipe_straight_long.hs"/>
    </Properties>
  </Object>
  <Object name="Object20">
    <AbsoluteLocation value="22.125000 22.593750"/>
    <Properties>
      <Property name="Angle" value="-88.7466"/>
      <Property name="Filename" value="/Objects/pipe_straight_long.hs"/>
    </Properties>
  </Object>
  <Object name="Object23">
    <AbsoluteLocation value="21.937500 27.656250"/>
    <Properties>
      <Property name="Angle" value="-42.5895"/>
      <Property name="Filename" value="/Objects/pipe_bend_2.hs"/>
    </Properties>
  </Object>
  <Object name="Object24">
    <AbsoluteLocation value="20.781250 28.437500"/>
    <Properties>
      <Property name="Angle" value="53.2976"/>
      <Property name="Filename" value="/Objects/pipe_bend_2.hs"/>
    </Properties>
  </Object>
  <Object name="Object25">
    <AbsoluteLocation value="16.875000 18.468750"/>
    <Properties>
      <Property name="Angle" value="-123.093"/>
      <Property name="Filename" value="/Objects/pipe_elbow_2.hs"/>
    </Properties>
  </Object>
  <Object name="Spout13">
    <AbsoluteLocation value="14.406250 20.093750"/>
    <Properties>
      <Property name="Angle" value="39.0805"/>
      <Property name="ConnectedSpout0" value="Spout61"/>
      <Property name="ConnectedSpoutProbability0" value="1"/>
      <Property name="Filename" value="/Objects/basic_drain.hs"/>
      <Property name="Type" value="spout"/>
    </Properties>
  </Object>
  <Object name="Object26">
    <AbsoluteLocation value="21.718750 18.031250"/>
    <Properties>
      <Property name="Angle" value="-101.049"/>
      <Property name="Filename" value="/Objects/pipe_bend_2.hs"/>
    </Properties>
  </Object>
  <Object name="Object27">
    <AbsoluteLocation value="20.125000 17.093750"/>
    <Properties>
      <Property name="Angle" value="-268.412"/>
      <Property name="Filename" value="/Objects/pipe_elbow_2.hs"/>
    </Properties>
  </Object>
  <Object name="Spout28">
    <AbsoluteLocation value="-0.974502 7.251069"/>
    <Properties>
      <Property name="Angle" value="-12.838"/>
      <Property name="ConnectedSpout0" value="Spout62"/>
      <Property name="ConnectedSpoutProbability0" value="1"/>
      <Property name="Filename" value="/Objects/basic_drain.hs"/>
      <Property name="Type" value="spout"/>
    </Properties>
  </Object>
  <Object name="Object39">
    <AbsoluteLocation value="-9.180046 -22.044064"/>
    <Properties>
      <Property name="Angle" value="31.7097"/>
      <Property name="Filename" value="/Objects/pipe_connector_end.hs"/>
    </Properties>
  </Object>
  <Object name="Object43">
    <AbsoluteLocation value="14.938402 -5.166305"/>
    <Properties>
      <Property name="Angle" value="103.311"/>
      <Property name="Filename" value="/Objects/pipe_straight_long.hs"/>
    </Properties>
  </Object>
  <Object name="Object44">
    <AbsoluteLocation value="16.013304 -14.326191"/>
    <Properties>
      <Property name="Angle" value="89.9737"/>
      <Property name="Filename" value="/Objects/pipe_straight_long.hs"/>
    </Properties>
  </Object>
  <Object name="Object45">
    <AbsoluteLocation value="16.573811 -22.765549"/>
    <Properties>
      <Property name="Angle" value="179.479"/>
      <Property name="Filename" value="/Objects/pipe_elbow_1.hs"/>
    </Properties>
  </Object>
  <Object name="Object53">
    <AbsoluteLocation value="5.500933 4.997432"/>
    <Properties>
      <Property name="Angle" value="9.81023"/>
      <Property name="Filename" value="/Objects/pipe_straight_long.hs"/>
    </Properties>
  </Object>
  <Object name="Object69">
    <AbsoluteLocation value="-9.191608 0.920578"/>
    <Properties>
      <Property name="Angle" value="-39.8233"/>
      <Property name="Filename" value="/Objects/pipe_elbow_2.hs"/>
    </Properties>
  </Object>
  <Object name="Spout65">
    <AbsoluteLocation value="-13.089239 1.197899"/>
    <Properties>
      <Property name="Angle" value="120.853"/>
      <Property name="ConnectedSpout0" value="Spout76"/>
      <Property name="ConnectedSpoutProbability0" value="1"/>
      <Property name="Filename" value="/Objects/basic_drain.hs"/>
      <Property name="Type" value="spout"/>
    </Properties>
  </Object>
  <Object name="Object71">
    <AbsoluteLocation value="-13.750000 -21.687500"/>
    <Properties>
      <Property name="Angle" value="-89.588"/>
      <Property name="Filename" value="/Objects/pipe_elbow_2.hs"/>
    </Properties>
  </Object>
  <Object name="Object72">
    <AbsoluteLocation value="-19.651209 -22.084019"/>
    <Properties>
      <Property name="Angle" value="-3.60645"/>
      <Property name="Filename" value="/Objects/pipe_straight_long.hs"/>
    </Properties>
  </Object>
  <Object name="Object74">
    <AbsoluteLocation value="-24.781250 -21.250000"/>
    <Properties>
      <Property name="Angle" value="167.639"/>
      <Property name="Filename" value="/Objects/pipe_bend_1.hs"/>
    </Properties>
  </Object>
  <Object name="Object78">
    <AbsoluteLocation value="20.985918 7.892509"/>
    <Properties>
      <Property name="Angle" value="16.2942"/>
      <Property name="Filename" value="/Objects/pipe_elbow_1.hs"/>
    </Properties>
  </Object>
  <Object name="Object86">
    <AbsoluteLocation value="18.843973 11.059933"/>
    <Properties>
      <Property name="Angle" value="-97.5501"/>
      <Property name="Filename" value="/Objects/pipe_straight_long.hs"/>
    </Properties>
  </Object>
  <Object name="Object88">
    <AbsoluteLocation value="19.215130 3.585522"/>
    <Properties>
      <Property name="Angle" value="-72.4024"/>
      <Property name="Filename" value="/Objects/pipe_straight.hs"/>
    </Properties>
  </Object>
  <Object name="Object103">
    <AbsoluteLocation value="-26.968527 31.184933"/>
    <Properties>
      <Property name="Angle" value="81.3784"/>
      <Property name="Filename" value="/Objects/pipe_straight_long.hs"/>
    </Properties>
  </Object>
  <Object name="Object104">
    <AbsoluteLocation value="-25.264082 36.236259"/>
    <Properties>
      <Property name="Angle" value="70.6312"/>
      <Property name="Filename" value="/Objects/pipe_elbow_1.hs"/>
    </Properties>
  </Object>
  <Object name="Spout17">
    <AbsoluteLocation value="-22.420654 36.288063"/>
    <Properties>
      <Property name="Angle" value="-100.973"/>
      <Property name="ConnectedSpout0" value="Spout115"/>
      <Property name="ConnectedSpoutProbability0" value="1"/>
      <Property name="Filename" value="/Objects/basic_drain.hs"/>
      <Property name="Type" value="spout"/>
    </Properties>
  </Object>
  <Object name="Spout70">
    <AbsoluteLocation value="-23.838312 -2.452076"/>
    <Properties>
      <Property name="Angle" value="-448.127"/>
      <Property name="Filename" value="/Objects/shower_head.hs"/>
      <Property name="FluidType" value="Water"/>
      <Property name="NumberParticles" value="0"/>
      <Property name="ParticleSpeed" value="10"/>
      <Property name="Type" value="spout"/>
    </Properties>
  </Object>
  <Object name="Object107">
    <AbsoluteLocation value="-26.503620 -18.570728"/>
    <Properties>
      <Property name="Angle" value="-59.5783"/>
      <Property name="Filename" value="/Objects/pipe_straight.hs"/>
    </Properties>
  </Object>
  <Object name="Spout76">
    <AbsoluteLocation value="-29.273418 -15.458122"/>
    <Properties>
      <Property name="Angle" value="-203.184"/>
      <Property name="Filename" value="/Objects/shower_head.hs"/>
      <Property name="FluidType" value="Water"/>
      <Property name="NumberParticles" value="0"/>
      <Property name="ParticleSpeed" value="30"/>
      <Property name="Type" value="spout"/>
    </Properties>
  </Object>
  <Object name="Object108">
    <AbsoluteLocation value="-29.437277 22.497433"/>
    <Properties>
      <Property name="Angle" value="67.4977"/>
      <Property name="Filename" value="/Objects/pipe_straight_long.hs"/>
    </Properties>
  </Object>
  <Object name="Object126">
    <AbsoluteLocation value="-30.629908 15.564100"/>
    <Properties>
      <Property name="Angle" value="-262.598"/>
      <Property name="Filename" value="/Objects/pipe_straight.hs"/>
    </Properties>
  </Object>
  <Object name="Object127">
    <AbsoluteLocation value="-29.876303 11.860218"/>
    <Properties>
      <Property name="Angle" value="158.864"/>
      <Property name="Filename" value="/Objects/pipe_bend_2.hs"/>
    </Properties>
  </Object>
  <Object name="Object132">
    <AbsoluteLocation value="-22.144533 8.141146"/>
    <Properties>
      <Property name="Angle" value="-379.357"/>
      <Property name="Filename" value="/Objects/pipe_elbow_2.hs"/>
    </Properties>
  </Object>
  <Object name="Object133">
    <AbsoluteLocation value="-26.084717 10.210102"/>
    <Properties>
      <Property name="Angle" value="160.752"/>
      <Property name="Filename" value="/Objects/pipe_straight.hs"/>
    </Properties>
  </Object>
  <Object name="Object138">
    <AbsoluteLocation value="-24.595972 2.580311"/>
    <Properties>
      <Property name="Angle" value="-302.458"/>
      <Property name="Filename" value="/Objects/pipe_straight.hs"/>
    </Properties>
  </Object>
  <Object name="Object139">
    <AbsoluteLocation value="-28.504906 -1.977970"/>
    <Properties>
      <Property name="Angle" value="-317.699"/>
      <Property name="Filename" value="/Objects/pipe_straight.hs"/>
    </Properties>
  </Object>
  <Object name="Object140">
    <AbsoluteLocation value="-31.734129 -5.259331"/>
    <Properties>
      <Property name="Angle" value="116.319"/>
      <Property name="Filename" value="/Objects/pipe_elbow_1.hs"/>
    </Properties>
  </Object>
  <Object name="Object141">
    <AbsoluteLocation value="-29.688101 -9.538475"/>
    <Properties>
      <Property name="Angle" value="203.487"/>
      <Property name="Filename" value="/Objects/pipe_elbow_1.hs"/>
    </Properties>
  </Object>
  <Object name="Object143">
    <AbsoluteLocation value="-10.579857 -1.714943"/>
    <Properties>
      <Property name="Angle" value="48.7441"/>
      <Property name="Filename" value="/Objects/pipe_straight_short.hs"/>
    </Properties>
  </Object>
  <Object name="Object144">
    <AbsoluteLocation value="-31.531534 -7.204670"/>
    <Properties>
      <Property name="Angle" value="-244.15"/>
      <Property name="Filename" value="/Objects/pipe_straight_short.hs"/>
    </Properties>
  </Object>
  <Object name="Object145">
    <AbsoluteLocation value="-22.600082 5.822792"/>
    <Properties>
      <Property name="Angle" value="-299.47"/>
      <Property name="Filename" value="/Objects/pipe_straight_short.hs"/>
    </Properties>
  </Object>
  <Object name="Object147">
    <AbsoluteLocation value="-4.954475 5.669884"/>
    <Properties>
      <Property name="Angle" value="-103.381"/>
      <Property name="Filename" value="/Objects/pipe_straight_short.hs"/>
    </Properties>
  </Object>
  <Object name="Object148">
    <AbsoluteLocation value="-6.121319 3.667946"/>
    <Properties>
      <Property name="Angle" value="-104.384"/>
      <Property name="Filename" value="/Objects/pipe_elbow_1.hs"/>
    </Properties>
  </Object>
  <Object name="Spout115">
    <AbsoluteLocation value="-26.815226 -8.644215"/>
    <Properties>
      <Property name="Angle" value="-323.209"/>
      <Property name="Filename" value="/Objects/shower_head.hs"/>
      <Property name="FluidType" value="Water"/>
      <Property name="NumberParticles" value="0"/>
      <Property name="ParticleSpeed" value="30"/>
      <Property name="Type" value="spout"/>
    </Properties>
  </Object>
  <Object name="Object151">
    <AbsoluteLocation value="-15.925360 11.577422"/>
    <Properties>
      <Property name="Angle" value="-84.2475"/>
      <Property name="Filename" value="/Objects/pipe_straight_short.hs"/>
    </Properties>
  </Object>
  <Object name="Object134">
    <AbsoluteLocation value="-21.659019 10.863037"/>
    <Properties>
      <Property name="Angle" value="143.202"/>
      <Property name="Filename" value="/Objects/pipe_straight_short.hs"/>
    </Properties>
  </Object>
  <Object name="Object136">
    <AbsoluteLocation value="-25.973574 8.574810"/>
    <Properties>
      <Property name="Angle" value="230.006"/>
      <Property name="Filename" value="/Objects/pipe_straight.hs"/>
    </Properties>
  </Object>
  <Object name="Object137">
    <AbsoluteLocation value="-27.740396 5.190828"/>
    <Properties>
      <Property name="Angle" value="-214.764"/>
      <Property name="Filename" value="/Objects/pipe_elbow_2.hs"/>
    </Properties>
  </Object>
  <Object name="Object152">
    <AbsoluteLocation value="-16.541262 8.988656"/>
    <Properties>
      <Property name="Angle" value="-119.619"/>
      <Property name="Filename" value="/Objects/pipe_straight_short.hs"/>
    </Properties>
  </Object>
  <Object name="Object153">
    <AbsoluteLocation value="-17.476940 7.037428"/>
    <Properties>
      <Property name="Angle" value="-114.525"/>
      <Property name="Filename" value="/Objects/pipe_straight_short.hs"/>
    </Properties>
  </Object>
  <Object name="Spout146">
    <AbsoluteLocation value="-18.808468 3.974022"/>
    <Properties>
      <Property name="Angle" value="-463.614"/>
      <Property name="Filename" value="/Objects/shower_head.hs"/>
      <Property name="FluidType" value="Water"/>
      <Property name="NumberParticles" value="0"/>
      <Property name="ParticleSpeed" value="5"/>
      <Property name="Type" value="spout"/>
    </Properties>
  </Object>
  <Object name="Object117">
    <AbsoluteLocation value="-16.753143 7.744387"/>
    <Properties>
      <Property name="Angle" value="-211.585"/>
      <Property name="Filename" value="/Objects/pipe_straight_long.hs"/>
    </Properties>
  </Object>
  <Object name="Object149">
    <AbsoluteLocation value="-10.290531 4.448313"/>
    <Properties>
      <Property name="Angle" value="158.586"/>
      <Property name="Filename" value="/Objects/pipe_straight.hs"/>
    </Properties>
  </Object>
  <Object name="Object34">
    <AbsoluteLocation value="20.277590 1.450515"/>
    <Properties>
      <Property name="Angle" value="2.934"/>
      <Property name="Filename" value="/Objects/pipe_straight_long.hs"/>
    </Properties>
  </Object>
  <Object name="Object37">
    <AbsoluteLocation value="14.388882 0.290493"/>
    <Properties>
      <Property name="Angle" value="100.581"/>
      <Property name="Filename" value="/Objects/pipe_elbow_1.hs"/>
    </Properties>
  </Object>
  <Object name="Object35">
    <AbsoluteLocation value="24.518826 2.365082"/>
    <Properties>
      <Property name="Angle" value="-86.1847"/>
      <Property name="Filename" value="/Objects/pipe_elbow_2.hs"/>
    </Properties>
  </Object>
  <Object name="Object64">
    <AbsoluteLocation value="24.768488 5.694014"/>
    <Properties>
      <Property name="Angle" value="97.9105"/>
      <Property name="Filename" value="/Objects/pipe_straight.hs"/>
    </Properties>
  </Object>
  <Object name="Object90">
    <AbsoluteLocation value="25.862465 5.067817"/>
    <Properties>
      <Property name="Angle" value="17.1483"/>
      <Property name="Filename" value="/Objects/pipe_elbow_1.hs"/>
    </Properties>
  </Object>
  <Object name="Object84">
    <AbsoluteLocation value="23.010593 5.677458"/>
    <Properties>
      <Property name="Angle" value="-165.413"/>
      <Property name="Filename" value="/Objects/pipe_elbow_2.hs"/>
    </Properties>
  </Object>
  <Object name="Object92">
    <AbsoluteLocation value="27.202848 1.277940"/>
    <Properties>
      <Property name="Angle" value="-82.5074"/>
      <Property name="Filename" value="/Objects/pipe_straight.hs"/>
    </Properties>
  </Object>
  <Object name="Spout62">
    <AbsoluteLocation value="26.737349 -2.534199"/>
    <Properties>
      <Property name="Angle" value="-121.386"/>
      <Property name="Filename" value="/Objects/shower_head.hs"/>
      <Property name="FluidType" value="Water"/>
      <Property name="NumberParticles" value="0"/>
      <Property name="ParticleSpeed" value="10"/>
      <Property name="Type" value="spout"/>
    </Properties>
  </Object>
  <Object name="Spout61">
    <AbsoluteLocation value="21.243452 -1.685289"/>
    <Properties>
      <Property name="Angle" value="-61.3494"/>
      <Property name="Filename" value="/Objects/shower_head.hs"/>
      <Property name="FluidType" value="Water"/>
      <Property name="NumberParticles" value="0"/>
      <Property name="ParticleSpeed" value="10"/>
      <Property name="Type" value="spout"/>
    </Properties>
  </Object>
  <Object name="Spout29">
    <AbsoluteLocation value="24.086990 10.636276"/>
    <Properties>
      <Property name="Angle" value="5.43434"/>
      <Property name="ConnectedSpout0" value="Spout48"/>
      <Property name="ConnectedSpoutProbability0" value="1"/>
      <Property name="Filename" value="/Objects/basic_drain.hs"/>
      <Property name="Type" value="spout"/>
    </Properties>
  </Object>
  <Object name="Spout48">
    <AbsoluteLocation value="25.244682 -35.015354"/>
    <Properties>
      <Property name="Angle" value="-82.4504"/>
      <Property name="Filename" value="/Objects/shower_head.hs"/>
      <Property name="FluidType" value="Water"/>
      <Property name="NumberParticles" value="0"/>
      <Property name="ParticleSpeed" value="20"/>
      <Property name="Type" value="spout"/>
    </Properties>
  </Object>
  <Object name="Object165">
    <AbsoluteLocation value="26.944613 -22.797564"/>
    <Properties>
      <Property name="Angle" value="166.798"/>
      <Property name="Filename" value="/Objects/pipe_elbow_1.hs"/>
    </Properties>
  </Object>
  <Object name="Object166">
    <AbsoluteLocation value="29.158213 -24.606102"/>
    <Properties>
      <Property name="Angle" value="-9.88982"/>
      <Property name="Filename" value="/Objects/pipe_elbow_2.hs"/>
    </Properties>
  </Object>
  <Object name="Object167">
    <AbsoluteLocation value="28.057852 -28.908775"/>
    <Properties>
      <Property name="Angle" value="-106.21"/>
      <Property name="Filename" value="/Objects/pipe_elbow_2.hs"/>
    </Properties>
  </Object>
  <Object name="Object168">
    <AbsoluteLocation value="29.365900 -26.898355"/>
    <Properties>
      <Property name="Angle" value="74.8109"/>
      <Property name="Filename" value="/Objects/pipe_straight_short.hs"/>
    </Properties>
  </Object>
  <Object name="Object169">
    <AbsoluteLocation value="21.964281 -27.880180"/>
    <Properties>
      <Property name="Angle" value="345.007"/>
      <Property name="Filename" value="/Objects/pipe_straight_long.hs"/>
    </Properties>
  </Object>
  <Object name="Object171">
    <AbsoluteLocation value="14.384399 -25.544205"/>
    <Properties>
      <Property name="Angle" value="-379.672"/>
      <Property name="Filename" value="/Objects/pipe_straight.hs"/>
    </Properties>
  </Object>
  <Object name="Object172">
    <AbsoluteLocation value="20.535252 -25.780012"/>
    <Properties>
      <Property name="Angle" value="-54.9554"/>
      <Property name="Filename" value="/Objects/pipe_straight_short.hs"/>
    </Properties>
  </Object>
  <Object name="Object159">
    <AbsoluteLocation value="-6.800000 41.200001"/>
    <Properties>
      <Property name="Angle" value="-15"/>
      <Property name="Filename" value="/Objects/path_stopper.hs"/>
    </Properties>
  </Object>
  <Object name="Object160">
    <AbsoluteLocation value="10.400001 41.200001"/>
    <Properties>
      <Property name="Angle" value="12.9307"/>
      <Property name="Filename" value="/Objects/path_stopper.hs"/>
    </Properties>
  </Object>
  <Object name="Object161">
    <AbsoluteLocation value="-10.635323 10.917156"/>
    <Properties>
      <Property name="Angle" value="-193.397"/>
      <Property name="Filename" value="/Objects/pipe_elbow_2.hs"/>
    </Properties>
  </Object>
  <Object name="Spout14">
    <AbsoluteLocation value="-10.406113 13.962719"/>
    <Properties>
      <Property name="Angle" value="-20.6332"/>
      <Property name="ConnectedSpout0" value="Spout70"/>
      <Property name="ConnectedSpoutProbability0" value="1"/>
      <Property name="Filename" value="/Objects/basic_drain.hs"/>
      <Property name="Type" value="spout"/>
    </Properties>
  </Object>
  <Object name="Spout3">
    <AbsoluteLocation value="-15.183323 -25.676186"/>
    <Properties>
      <Property name="Angle" value="-238.653"/>
      <Property name="ConnectedSpout0" value="SWAMPY_SPOUT"/>
      <Property name="ConnectedSpoutProbability0" value="1"/>
      <Property name="Filename" value="/Objects/broken_pipe.hs"/>
      <Property name="Type" value="spout"/>
    </Properties>
  </Object>
  <Object name="Object170">
    <AbsoluteLocation value="19.920002 -10.799999"/>
    <Properties>
      <Property name="Angle" value="0"/>
      <Property name="Filename" value="/Objects/path_locking_end.hs"/>
    </Properties>
  </Object>
  <Object name="Object174">
    <AbsoluteLocation value="24.320000 -10.799999"/>
    <Properties>
      <Property name="Angle" value="0"/>
      <Property name="Filename" value="/Objects/path_locking_mid.hs"/>
    </Properties>
  </Object>
  <Object name="Object175">
    <AbsoluteLocation value="28.720001 -10.799999"/>
    <Properties>
      <Property name="Angle" value="0"/>
      <Property name="Filename" value="/Objects/path_locking_mid.hs"/>
    </Properties>
  </Object>
  <Object name="Object176">
    <AbsoluteLocation value="33.119999 -10.799999"/>
    <Properties>
      <Property name="Angle" value="0"/>
      <Property name="Filename" value="/Objects/path_locking_mid.hs"/>
    </Properties>
  </Object>
  <Object name="Object177">
    <AbsoluteLocation value="37.920002 -10.799999"/>
    <Properties>
      <Property name="Angle" value="0"/>
      <Property name="Filename" value="/Objects/path_locking_mid.hs"/>
    </Properties>
  </Object>
  <Object name="Object180">
    <AbsoluteLocation value="20.456924 -38.881321"/>
    <Properties>
      <Property name="Angle" value="241.674"/>
      <Property name="Filename" value="/Objects/pipe_elbow_1.hs"/>
    </Properties>
  </Object>
  <Object name="Object182">
    <AbsoluteLocation value="18.158978 -21.263416"/>
    <Properties>
      <Property name="Angle" value="-81.2165"/>
      <Property name="Filename" value="/Objects/pipe_straight_short.hs"/>
    </Properties>
  </Object>
  <Object name="Spout71">
    <AbsoluteLocation value="18.841595 -18.382092"/>
    <Properties>
      <Property name="Angle" value="-26.9969"/>
      <Property name="ConnectedSpout0" value="Spout19"/>
      <Property name="ConnectedSpoutProbability0" value="1"/>
      <Property name="Filename" value="/Objects/basic_drain.hs"/>
      <Property name="Type" value="spout"/>
    </Properties>
  </Object>
  <Object name="Object183">
    <AbsoluteLocation value="10.047413 -24.921509"/>
    <Properties>
      <Property name="Angle" value="80.7478"/>
      <Property name="Filename" value="/Objects/pipe_elbow_1.hs"/>
    </Properties>
  </Object>
  <Object name="Spout92">
    <AbsoluteLocation value="9.189869 -27.484182"/>
    <Properties>
      <Property name="Angle" value="-83.8675"/>
      <Property name="Filename" value="/Objects/shower_head.hs"/>
      <Property name="FluidType" value="Water"/>
      <Property name="NumberParticles" value="0"/>
      <Property name="ParticleSpeed" value="35"/>
      <Property name="Type" value="spout"/>
    </Properties>
  </Object>
  <Object name="Spout19">
    <AbsoluteLocation value="17.497406 -37.458450"/>
    <Properties>
      <Property name="Angle" value="-220.744"/>
      <Property name="Filename" value="/Objects/shower_head.hs"/>
      <Property name="FluidType" value="Water"/>
      <Property name="NumberParticles" value="0"/>
      <Property name="ParticleSpeed" value="15"/>
      <Property name="Type" value="spout"/>
    </Properties>
  </Object>
  <Object name="Object162">
    <AbsoluteLocation value="22.385853 -31.162117"/>
    <Properties>
      <Property name="Angle" value="-81.2165"/>
      <Property name="Filename" value="/Objects/pipe_straight_short.hs"/>
    </Properties>
  </Object>
  <Object name="Object164">
    <AbsoluteLocation value="21.734951 -28.355927"/>
    <Properties>
      <Property name="Angle" value="-72.4435"/>
      <Property name="Filename" value="/Objects/pipe_straight_short.hs"/>
    </Properties>
  </Object>
  <Object name="Object173">
    <AbsoluteLocation value="-3.566750 -47.038265"/>
    <Properties>
      <Property name="Angle" value="1.10192"/>
      <Property name="Filename" value="/Objects/pipe_straight_long.hs"/>
    </Properties>
  </Object>
  <Object name="Object179">
    <AbsoluteLocation value="1.960522 -46.207611"/>
    <Properties>
      <Property name="Angle" value="-85.077"/>
      <Property name="Filename" value="/Objects/pipe_elbow_2.hs"/>
    </Properties>
  </Object>
  <Object name="Spout155">
    <AbsoluteLocation value="1.332909 -43.412636"/>
    <Properties>
      <Property name="Angle" value="31.0207"/>
      <Property name="ConnectedSpout0" value="Spout156"/>
      <Property name="ConnectedSpoutProbability0" value="1"/>
      <Property name="Filename" value="/Objects/basic_drain.hs"/>
      <Property name="Type" value="spout"/>
    </Properties>
  </Object>
  <Object name="Object184">
    <AbsoluteLocation value="-12.941814 -46.814655"/>
    <Properties>
      <Property name="Angle" value="-4.04792"/>
      <Property name="Filename" value="/Objects/pipe_straight_long.hs"/>
    </Properties>
  </Object>
  <Object name="Object186">
    <AbsoluteLocation value="-18.982906 -46.244736"/>
    <Properties>
      <Property name="Angle" value="-11.6647"/>
      <Property name="Filename" value="/Objects/pipe_straight_short.hs"/>
    </Properties>
  </Object>
  <Object name="Object188">
    <AbsoluteLocation value="-22.575439 -46.714790"/>
    <Properties>
      <Property name="Angle" value="-493.553"/>
      <Property name="Filename" value="/Objects/pipe_elbow_2.hs"/>
    </Properties>
  </Object>
  <Object name="Object191">
    <AbsoluteLocation value="-25.649462 -43.684364"/>
    <Properties>
      <Property name="Angle" value="-417.113"/>
      <Property name="Filename" value="/Objects/pipe_straight.hs"/>
    </Properties>
  </Object>
  <Object name="Object192">
    <AbsoluteLocation value="-23.531055 -43.534222"/>
    <Properties>
      <Property name="Angle" value="400.764"/>
      <Property name="Filename" value="/Objects/pipe_elbow_1.hs"/>
    </Properties>
  </Object>
  <Object name="Object193">
    <AbsoluteLocation value="-20.170559 -45.394428"/>
    <Properties>
      <Property name="Angle" value="42.0367"/>
      <Property name="Filename" value="/Objects/pipe_straight_short.hs"/>
    </Properties>
  </Object>
  <Object name="Spout154">
    <AbsoluteLocation value="-18.200562 -43.058250"/>
    <Properties>
      <Property name="Angle" value="-37.4951"/>
      <Property name="ConnectedSpout0" value="Spout157"/>
      <Property name="ConnectedSpoutProbability0" value="1"/>
      <Property name="Filename" value="/Objects/basic_drain.hs"/>
      <Property name="Type" value="spout"/>
    </Properties>
  </Object>
  <Object name="Object194">
    <AbsoluteLocation value="-26.919296 -40.431072"/>
    <Properties>
      <Property name="Angle" value="-237.255"/>
      <Property name="Filename" value="/Objects/pipe_elbow_2.hs"/>
    </Properties>
  </Object>
  <Object name="Object195">
    <AbsoluteLocation value="-25.732016 -38.034439"/>
    <Properties>
      <Property name="Angle" value="305.541"/>
      <Property name="Filename" value="/Objects/pipe_elbow_1.hs"/>
    </Properties>
  </Object>
  <Object name="Spout157">
    <AbsoluteLocation value="-26.641264 -34.748680"/>
    <Properties>
      <Property name="Angle" value="-238.055"/>
      <Property name="Filename" value="/Objects/shower_head.hs"/>
      <Property name="FluidType" value="Water"/>
      <Property name="NumberParticles" value="0"/>
      <Property name="ParticleSpeed" value="15"/>
      <Property name="Type" value="spout"/>
    </Properties>
  </Object>
  <Object name="Object197">
    <AbsoluteLocation value="-26.503742 -44.258202"/>
    <Properties>
      <Property name="Angle" value="-499.913"/>
      <Property name="Filename" value="/Objects/pipe_elbow_2.hs"/>
    </Properties>
  </Object>
  <Object name="Object198">
    <AbsoluteLocation value="-28.440586 -42.782833"/>
    <Properties>
      <Property name="Angle" value="-53.8613"/>
      <Property name="Filename" value="/Objects/pipe_straight_short.hs"/>
    </Properties>
  </Object>
  <Object name="Object199">
    <AbsoluteLocation value="-29.550600 -40.014366"/>
    <Properties>
      <Property name="Angle" value="-594.627"/>
      <Property name="Filename" value="/Objects/pipe_elbow_2.hs"/>
    </Properties>
  </Object>
  <Object name="Object203">
    <AbsoluteLocation value="-23.035313 -38.166130"/>
    <Properties>
      <Property name="Angle" value="-118.772"/>
      <Property name="Filename" value="/Objects/pipe_straight_short.hs"/>
    </Properties>
  </Object>
  <Object name="Object204">
    <AbsoluteLocation value="-21.973351 -35.419529"/>
    <Properties>
      <Property name="Angle" value="-104.931"/>
      <Property name="Filename" value="/Objects/pipe_straight_short.hs"/>
    </Properties>
  </Object>
  <Object name="Spout156">
    <AbsoluteLocation value="-21.062405 -33.346382"/>
    <Properties>
      <Property name="Angle" value="-298.632"/>
      <Property name="Filename" value="/Objects/shower_head.hs"/>
      <Property name="FluidType" value="Water"/>
      <Property name="NumberParticles" value="0"/>
      <Property name="ParticleSpeed" value="15"/>
      <Property name="Type" value="spout"/>
    </Properties>
  </Object>
  <Object name="Object51">
    <AbsoluteLocation value="25.874050 -10.777679"/>
    <Properties>
      <Property name="Angle" value="0"/>
      <Property name="Filename" value="/Objects/wall_24x8.hs"/>
      <Property name="MotorMoveSpeed" value="5"/>
      <Property name="PathPos0" value="0 0"/>
      <Property name="PathPos1" value="15 0"/>
    </Properties>
  </Object>
  <Object name="Object163">
    <AbsoluteLocation value="27.003065 -19.806335"/>
    <Properties>
      <Property name="Angle" value="76.0169"/>
      <Property name="Filename" value="/Objects/pipe_straight_short.hs"/>
    </Properties>
  </Object>
  <Object name="Spout77">
    <AbsoluteLocation value="26.801205 -17.030613"/>
    <Properties>
      <Property name="Angle" value="11.0512"/>
      <Property name="ConnectedSpout0" value="Spout92"/>
      <Property name="ConnectedSpoutProbability0" value="1"/>
      <Property name="Filename" value="/Objects/basic_drain.hs"/>
      <Property name="Type" value="spout"/>
    </Properties>
  </Object>
  <Object name="Object185">
    <AbsoluteLocation value="-14.205513 -11.252422"/>
    <Properties>
      <Property name="Angle" value="93.7165"/>
      <Property name="Filename" value="/Objects/pipe_straight.hs"/>
    </Properties>
  </Object>
  <Object name="Object190">
    <AbsoluteLocation value="-13.897064 -6.895237"/>
    <Properties>
      <Property name="Angle" value="69.0999"/>
      <Property name="Filename" value="/Objects/pipe_straight_short.hs"/>
    </Properties>
  </Object>
  <Object name="Object196">
    <AbsoluteLocation value="-12.482208 -4.228268"/>
    <Properties>
      <Property name="Angle" value="55.757"/>
      <Property name="Filename" value="/Objects/pipe_straight_short.hs"/>
    </Properties>
  </Object>
  <Object name="Bomb30">
    <AbsoluteLocation value="-20.745766 -10.716587"/>
    <Properties>
      <Property name="Angle" value="33.5533"/>
      <Property name="BlastRadius" value="10.0"/>
      <Property name="Filename" value="/Objects/bomb.hs"/>
      <Property name="Type" value="bomb"/>
    </Properties>
  </Object>
  <Object name="Object187">
    <AbsoluteLocation value="20.669088 -23.515970"/>
    <Properties>
      <Property name="Angle" value="-180.991"/>
      <Property name="Filename" value="/Objects/pipe_straight.hs"/>
    </Properties>
  </Object>
  <Object name="Object200">
    <AbsoluteLocation value="23.590534 -24.178123"/>
    <Properties>
      <Property name="Angle" value="2.27329"/>
      <Property name="Filename" value="/Objects/pipe_elbow_2.hs"/>
    </Properties>
  </Object>
  <Object name="Object118">
    <AbsoluteLocation value="-23.088581 11.059179"/>
    <Properties>
      <Property name="Angle" value="-306.769"/>
      <Property name="Filename" value="/Objects/pipe_elbow_2.hs"/>
    </Properties>
  </Object>
  <Object name="Object156">
    <AbsoluteLocation value="1.781036 39.946068"/>
    <Properties>
      <Property name="Angle" value="0"/>
      <Property name="Filename" value="/Objects/pipe_spout_base.hs"/>
    </Properties>
  </Object>
  <Object name="Object157">
    <AbsoluteLocation value="1.582886 27.249763"/>
    <Properties>
      <Property name="Angle" value="179.759"/>
      <Property name="Filename" value="/Objects/pipe_spout_base.hs"/>
      <Property name="Parent" value="SprayPivot"/>
    </Properties>
  </Object>
  <Object name="SprayPivot">
    <AbsoluteLocation value="1.690323 30.419529"/>
    <Properties>
      <Property name="Angle" value="-90.0396"/>
      <Property name="Filename" value="/Objects/wall_16x8_locking_pivot.hs"/>
      <Property name="PinMaxAngle" value="90"/>
      <Property name="PinMinAngle" value="-90"/>
      <Property name="PinOffset" value="0 8"/>
    </Properties>
  </Object>
  <Object name="Object178">
    <AbsoluteLocation value="16.817635 -5.143642"/>
    <Properties>
      <Property name="Angle" value="-175.662"/>
      <Property name="Filename" value="/Objects/pipe_elbow_2.hs"/>
    </Properties>
  </Object>
  <Object name="Object123">
    <AbsoluteLocation value="12.831928 4.602615"/>
    <Properties>
      <Property name="Angle" value="27.886"/>
      <Property name="Filename" value="/Objects/pipe_bend_2.hs"/>
    </Properties>
  </Object>
  <Object name="Object120">
    <AbsoluteLocation value="8.187534 8.018799"/>
    <Properties>
      <Property name="Angle" value="-147.344"/>
      <Property name="Filename" value="/Objects/pipe_straight.hs"/>
    </Properties>
  </Object>
  <Object name="Object56">
    <AbsoluteLocation value="12.840130 11.460522"/>
    <Properties>
      <Property name="Angle" value="-140.433"/>
      <Property name="Filename" value="/Objects/pipe_straight.hs"/>
    </Properties>
  </Object>
  <Object name="Object57">
    <AbsoluteLocation value="15.531250 14.000000"/>
    <Properties>
      <Property name="Angle" value="-83.6188"/>
      <Property name="Filename" value="/Objects/pipe_bend_2.hs"/>
    </Properties>
  </Object>
  <Object name="Object6">
    <AbsoluteLocation value="10.406473 13.028682"/>
    <Properties>
      <Property name="Angle" value="50.354"/>
      <Property name="Filename" value="/Objects/pipe_straight_long.hs"/>
    </Properties>
  </Object>
  <Object name="Object31">
    <AbsoluteLocation value="6.298138 9.387634"/>
    <Properties>
      <Property name="Angle" value="-136.352"/>
      <Property name="Filename" value="/Objects/pipe_elbow_2.hs"/>
    </Properties>
  </Object>
  <Object name="Spout5">
    <AbsoluteLocation value="5.062276 11.346318"/>
    <Properties>
      <Property name="Angle" value="10.0388"/>
      <Property name="ConnectedSpout0" value="Spout32"/>
      <Property name="ConnectedSpoutProbability0" value="1"/>
      <Property name="Filename" value="/Objects/basic_drain.hs"/>
      <Property name="Type" value="spout"/>
    </Properties>
  </Object>
  <Object name="Spout32">
    <AbsoluteLocation value="19.007326 -5.917906"/>
    <Properties>
      <Property name="Angle" value="-0.870677"/>
      <Property name="Filename" value="/Objects/shower_head.hs"/>
      <Property name="FluidType" value="Water"/>
      <Property name="NumberParticles" value="0"/>
      <Property name="ParticleSpeed" value="20"/>
      <Property name="Type" value="spout"/>
    </Properties>
  </Object>
  <Object name="Object121">
    <AbsoluteLocation value="14.253046 3.490124"/>
    <Properties>
      <Property name="Angle" value="-42.3845"/>
      <Property name="Filename" value="/Objects/pipe_straight_short.hs"/>
    </Properties>
  </Object>
  <Object name="Object93">
    <AbsoluteLocation value="15.500000 2.031250"/>
    <Properties>
      <Property name="Angle" value="-40.0954"/>
      <Property name="Filename" value="/Objects/pipe_bend_2.hs"/>
    </Properties>
  </Object>
  <Object name="Object36">
    <AbsoluteLocation value="15.893488 -1.743487"/>
    <Properties>
      <Property name="Angle" value="-85.6041"/>
      <Property name="Filename" value="/Objects/pipe_straight.hs"/>
    </Properties>
  </Object>
  <Object name="Object52">
    <AbsoluteLocation value="14.658161 16.129276"/>
    <Properties>
      <Property name="Angle" value="18.4143"/>
      <Property name="Filename" value="/Objects/pipe_elbow_1.hs"/>
    </Properties>
  </Object>
  <Object name="Object205">
    <AbsoluteLocation value="2.475958 50.088360"/>
    <Properties>
      <Property name="Angle" value="90.3013"/>
      <Property name="Filename" value="/Objects/pipe_elbow_1.hs"/>
    </Properties>
  </Object>
  <Object name="Object206">
    <AbsoluteLocation value="8.541528 50.722828"/>
    <Properties>
      <Property name="Angle" value="-0.321012"/>
      <Property name="Filename" value="/Objects/pipe_straight_long.hs"/>
    </Properties>
  </Object>
  <Object name="Object207">
    <AbsoluteLocation value="18.046104 50.647858"/>
    <Properties>
      <Property name="Angle" value="-0.70304"/>
      <Property name="Filename" value="/Objects/pipe_straight_long.hs"/>
    </Properties>
  </Object>
  <Object name="Object208">
    <AbsoluteLocation value="36.962639 50.505020"/>
    <Properties>
      <Property name="Angle" value="-0.70304"/>
      <Property name="Filename" value="/Objects/pipe_straight_long.hs"/>
    </Properties>
  </Object>
  <Object name="Object209">
    <AbsoluteLocation value="27.458061 50.579990"/>
    <Properties>
      <Property name="Angle" value="-0.321012"/>
      <Property name="Filename" value="/Objects/pipe_straight_long.hs"/>
    </Properties>
  </Object>
  <Room>
    <AbsoluteLocation value="0.400003 -11.600004"/>
  </Room>
</Objects>
