<?xml version="1.0"?>
<Objects>
  <Object name="Object141">
    <AbsoluteLocation value="29.507326 9.191835"/>
    <Properties>
      <Property name="Angle" value="-22.4017"/>
      <Property name="Filename" value="/Objects/wall_24x8_frankenweenie.hs"/>
    </Properties>
  </Object>
  <Object name="Object140">
    <AbsoluteLocation value="17.646410 14.043540"/>
    <Properties>
      <Property name="Angle" value="-22.3976"/>
      <Property name="Filename" value="/Objects/wall_24x8_frankenweenie.hs"/>
    </Properties>
  </Object>
  <Object name="Object107">
    <AbsoluteLocation value="-8.786358 40.586483"/>
    <Properties>
      <Property name="Angle" value="-17.8104"/>
      <Property name="Filename" value="/Objects/path_locking_end_right.hs"/>
    </Properties>
  </Object>
  <Object name="Object104">
    <AbsoluteLocation value="-2.901972 -2.232559"/>
    <Properties>
      <Property name="Angle" value="0"/>
      <Property name="Filename" value="/Objects/path_vertical_locking_mid.hs"/>
    </Properties>
  </Object>
  <Object name="Object75">
    <AbsoluteLocation value="5.294878 -24.395735"/>
    <Properties>
      <Property name="Angle" value="130.965"/>
      <Property name="Filename" value="/Objects/pipe_elbow_1.hs"/>
    </Properties>
  </Object>
  <Object name="Spout3">
    <AbsoluteLocation value="7.092186 -21.425369"/>
    <Properties>
      <Property name="Angle" value="315.176"/>
      <Property name="ConnectedSpout0" value="SWAMPY_SPOUT"/>
      <Property name="ConnectedSpoutProbability0" value="1"/>
      <Property name="Filename" value="/Objects/broken_pipe.hs"/>
      <Property name="Type" value="spout"/>
      <Property name="particlespersecond" value="3"/>
    </Properties>
  </Object>
  <Object name="Ducky4">
    <AbsoluteLocation value="23.993750 -3.343750"/>
    <Properties>
      <Property name="Angle" value="0"/>
      <Property name="Filename" value="/Objects/star_frankenweenie_ducks.hs"/>
      <Property name="Type" value="star"/>
    </Properties>
  </Object>
  <Object name="Ducky5">
    <AbsoluteLocation value="-28.000000 -40.799999"/>
    <Properties>
      <Property name="Angle" value="-1.00717"/>
      <Property name="Filename" value="/Objects/star_frankenweenie_ducks.hs"/>
      <Property name="Type" value="star"/>
    </Properties>
  </Object>
  <Object name="Ducky6">
    <AbsoluteLocation value="-2.780443 -1.956790"/>
    <Properties>
      <Property name="Angle" value="0"/>
      <Property name="Filename" value="/Objects/star_frankenweenie_ducks.hs"/>
      <Property name="Parent" value="Object33"/>
      <Property name="Type" value="star"/>
    </Properties>
  </Object>
  <Object name="Spout22">
    <AbsoluteLocation value="-32.714989 68.861389"/>
    <Properties>
      <Property name="Angle" value="-87.2094"/>
      <Property name="Filename" value="/Objects/shower_head.hs"/>
      <Property name="FluidType" value="Water"/>
      <Property name="OffsetVariation" value="4"/>
      <Property name="ParticlesPerSecond" value="3"/>
      <Property name="Type" value="spout"/>
    </Properties>
  </Object>
  <Object name="Object90">
    <AbsoluteLocation value="6.349529 -26.678249"/>
    <Properties>
      <Property name="Angle" value="-40.8827"/>
      <Property name="Filename" value="/Objects/pipe_connector_end.hs"/>
    </Properties>
  </Object>
  <Object name="Object80">
    <AbsoluteLocation value="-32.176323 84.635605"/>
    <Properties>
      <Property name="Angle" value="90.3553"/>
      <Property name="Filename" value="/Objects/pipe_straight_long.hs"/>
    </Properties>
  </Object>
  <Object name="Object81">
    <AbsoluteLocation value="-22.354683 84.342422"/>
    <Properties>
      <Property name="Angle" value="91.7749"/>
      <Property name="Filename" value="/Objects/pipe_straight_long.hs"/>
    </Properties>
  </Object>
  <Object name="Object82">
    <AbsoluteLocation value="-22.294159 74.944199"/>
    <Properties>
      <Property name="Angle" value="88.7613"/>
      <Property name="Filename" value="/Objects/pipe_straight_long.hs"/>
    </Properties>
  </Object>
  <Object name="Spout23">
    <AbsoluteLocation value="-22.338966 68.763092"/>
    <Properties>
      <Property name="Angle" value="-87.2094"/>
      <Property name="Filename" value="/Objects/shower_head.hs"/>
      <Property name="FluidType" value="Water"/>
      <Property name="OffsetVariation" value="4"/>
      <Property name="ParticlesPerSecond" value="2"/>
      <Property name="Type" value="spout"/>
    </Properties>
  </Object>
  <Object name="Object83">
    <AbsoluteLocation value="-12.585152 75.138153"/>
    <Properties>
      <Property name="Angle" value="89.569"/>
      <Property name="Filename" value="/Objects/pipe_straight_long.hs"/>
    </Properties>
  </Object>
  <Object name="Object84">
    <AbsoluteLocation value="-12.778160 84.534607"/>
    <Properties>
      <Property name="Angle" value="92.5826"/>
      <Property name="Filename" value="/Objects/pipe_straight_long.hs"/>
    </Properties>
  </Object>
  <Object name="Spout19">
    <AbsoluteLocation value="-12.661392 68.858093"/>
    <Properties>
      <Property name="Angle" value="-87.2094"/>
      <Property name="Filename" value="/Objects/shower_head.hs"/>
      <Property name="FluidType" value="Water"/>
      <Property name="OffsetVariation" value="4"/>
      <Property name="ParticlesPerSecond" value="3"/>
      <Property name="Type" value="spout"/>
    </Properties>
  </Object>
  <Object name="Object85">
    <AbsoluteLocation value="-2.286423 75.052597"/>
    <Properties>
      <Property name="Angle" value="87.7014"/>
      <Property name="Filename" value="/Objects/pipe_straight_long.hs"/>
    </Properties>
  </Object>
  <Object name="Object86">
    <AbsoluteLocation value="-2.173096 84.450333"/>
    <Properties>
      <Property name="Angle" value="90.715"/>
      <Property name="Filename" value="/Objects/pipe_straight_long.hs"/>
    </Properties>
  </Object>
  <Object name="Spout13">
    <AbsoluteLocation value="-2.492073 68.733261"/>
    <Properties>
      <Property name="Angle" value="-87.2094"/>
      <Property name="Filename" value="/Objects/shower_head.hs"/>
      <Property name="FluidType" value="Water"/>
      <Property name="OffsetVariation" value="4"/>
      <Property name="ParticlesPerSecond" value="2"/>
      <Property name="Type" value="spout"/>
    </Properties>
  </Object>
  <Object name="Object87">
    <AbsoluteLocation value="8.008713 74.690979"/>
    <Properties>
      <Property name="Angle" value="90.243"/>
      <Property name="Filename" value="/Objects/pipe_straight_long.hs"/>
    </Properties>
  </Object>
  <Object name="Object92">
    <AbsoluteLocation value="7.705189 84.084503"/>
    <Properties>
      <Property name="Angle" value="93.2566"/>
      <Property name="Filename" value="/Objects/pipe_straight_long.hs"/>
    </Properties>
  </Object>
  <Object name="Spout15">
    <AbsoluteLocation value="7.937199 68.454407"/>
    <Properties>
      <Property name="Angle" value="-85.6078"/>
      <Property name="Filename" value="/Objects/shower_head.hs"/>
      <Property name="FluidType" value="Water"/>
      <Property name="OffsetVariation" value="4"/>
      <Property name="ParticlesPerSecond" value="3"/>
      <Property name="Type" value="spout"/>
    </Properties>
  </Object>
  <Object name="Object93">
    <AbsoluteLocation value="19.078495 74.800415"/>
    <Properties>
      <Property name="Angle" value="90.0892"/>
      <Property name="Filename" value="/Objects/pipe_straight_long.hs"/>
    </Properties>
  </Object>
  <Object name="Object98">
    <AbsoluteLocation value="18.800159 84.194717"/>
    <Properties>
      <Property name="Angle" value="93.1028"/>
      <Property name="Filename" value="/Objects/pipe_straight_long.hs"/>
    </Properties>
  </Object>
  <Object name="Spout18">
    <AbsoluteLocation value="19.022984 68.805557"/>
    <Properties>
      <Property name="Angle" value="-87.2094"/>
      <Property name="Filename" value="/Objects/shower_head.hs"/>
      <Property name="FluidType" value="Water"/>
      <Property name="OffsetVariation" value="4"/>
      <Property name="ParticlesPerSecond" value="4"/>
      <Property name="Type" value="spout"/>
    </Properties>
  </Object>
  <Object name="Object99">
    <AbsoluteLocation value="30.181446 84.590546"/>
    <Properties>
      <Property name="Angle" value="91.893"/>
      <Property name="Filename" value="/Objects/pipe_straight_long.hs"/>
    </Properties>
  </Object>
  <Object name="Object100">
    <AbsoluteLocation value="30.261349 75.192459"/>
    <Properties>
      <Property name="Angle" value="88.8794"/>
      <Property name="Filename" value="/Objects/pipe_straight_long.hs"/>
    </Properties>
  </Object>
  <Object name="Spout26">
    <AbsoluteLocation value="30.185116 68.784927"/>
    <Properties>
      <Property name="Angle" value="-87.2094"/>
      <Property name="Filename" value="/Objects/shower_head.hs"/>
      <Property name="FluidType" value="Water"/>
      <Property name="OffsetVariation" value="4"/>
      <Property name="ParticlesPerSecond" value="3"/>
      <Property name="Type" value="spout"/>
    </Properties>
  </Object>
  <Object name="Object101">
    <AbsoluteLocation value="40.331161 84.821930"/>
    <Properties>
      <Property name="Angle" value="92.4687"/>
      <Property name="Filename" value="/Objects/pipe_straight_long.hs"/>
    </Properties>
  </Object>
  <Object name="Object102">
    <AbsoluteLocation value="40.505562 75.425171"/>
    <Properties>
      <Property name="Angle" value="89.4551"/>
      <Property name="Filename" value="/Objects/pipe_straight_long.hs"/>
    </Properties>
  </Object>
  <Object name="Spout25">
    <AbsoluteLocation value="40.497490 69.106262"/>
    <Properties>
      <Property name="Angle" value="-87.2094"/>
      <Property name="Filename" value="/Objects/shower_head.hs"/>
      <Property name="FluidType" value="Water"/>
      <Property name="OffsetVariation" value="4"/>
      <Property name="ParticlesPerSecond" value="3"/>
      <Property name="Type" value="spout"/>
    </Properties>
  </Object>
  <Object name="Switch32">
    <AbsoluteLocation value="-4.046558 -22.867805"/>
    <Properties>
      <Property name="Angle" value="180"/>
      <Property name="ConnectedObject0" value="Object33"/>
      <Property name="ConnectedObject1" value="Object34"/>
      <Property name="ConnectedObject2" value="Object35"/>
      <Property name="ConnectedObject3" value="Object61"/>
      <Property name="ConnectedObject4" value="Object62"/>
      <Property name="ConnectedObject5" value="Object63"/>
      <Property name="ConnectedObject6" value="Object64"/>
      <Property name="Filename" value="/Objects/switch_frankenweenie.hs"/>
      <Property name="Type" value="switch"/>
    </Properties>
  </Object>
  <Object name="Object37">
    <AbsoluteLocation value="-32.258171 75.923607"/>
    <Properties>
      <Property name="Angle" value="88.7613"/>
      <Property name="Filename" value="/Objects/pipe_straight_long.hs"/>
    </Properties>
  </Object>
  <Object name="Object33">
    <AbsoluteLocation value="-2.953796 -7.393745"/>
    <Properties>
      <Property name="Angle" value="-3.91878"/>
      <Property name="Filename" value="/Objects/wall_24x8_frankenweenie.hs"/>
      <Property name="MotorMoveSpeed" value="6"/>
      <Property name="PathPos0" value="0 0"/>
      <Property name="PathPos1" value="0 20"/>
    </Properties>
  </Object>
  <Object name="Object70">
    <AbsoluteLocation value="11.768726 16.398842"/>
    <Properties>
      <Property name="Angle" value="-22.2984"/>
      <Property name="Filename" value="/Objects/wall_8x8_plain_frankenweenie.hs"/>
    </Properties>
  </Object>
  <Object name="Object71">
    <AbsoluteLocation value="17.676331 14.016157"/>
    <Properties>
      <Property name="Angle" value="-22.1814"/>
      <Property name="Filename" value="/Objects/wall_8x8_plain_frankenweenie.hs"/>
    </Properties>
  </Object>
  <Object name="Object72">
    <AbsoluteLocation value="23.550400 11.614918"/>
    <Properties>
      <Property name="Angle" value="-21.471"/>
      <Property name="Filename" value="/Objects/wall_8x8_plain_frankenweenie.hs"/>
    </Properties>
  </Object>
  <Object name="Object73">
    <AbsoluteLocation value="29.383595 9.225952"/>
    <Properties>
      <Property name="Angle" value="-22.4924"/>
      <Property name="Filename" value="/Objects/wall_8x8_plain_frankenweenie.hs"/>
    </Properties>
  </Object>
  <Object name="Object74">
    <AbsoluteLocation value="35.314865 6.777767"/>
    <Properties>
      <Property name="Angle" value="-21.9398"/>
      <Property name="Filename" value="/Objects/wall_8x8_plain_frankenweenie.hs"/>
    </Properties>
  </Object>
  <Object name="Bomb67">
    <AbsoluteLocation value="26.883394 6.414877"/>
    <Properties>
      <Property name="Angle" value="0"/>
      <Property name="Filename" value="/Objects/bomb.hs"/>
      <Property name="Type" value="bomb"/>
    </Properties>
  </Object>
  <Object name="Bomb53">
    <AbsoluteLocation value="11.277328 -0.487087"/>
    <Properties>
      <Property name="Angle" value="0"/>
      <Property name="Filename" value="/Objects/bomb.hs"/>
      <Property name="Type" value="bomb"/>
    </Properties>
  </Object>
  <Object name="Bomb54">
    <AbsoluteLocation value="-17.804106 1.696127"/>
    <Properties>
      <Property name="Angle" value="0"/>
      <Property name="Filename" value="/Objects/bomb.hs"/>
      <Property name="Type" value="bomb"/>
    </Properties>
  </Object>
  <Object name="Bomb55">
    <AbsoluteLocation value="-30.491606 -31.413248"/>
    <Properties>
      <Property name="Angle" value="0"/>
      <Property name="Filename" value="/Objects/bomb.hs"/>
      <Property name="Type" value="bomb"/>
    </Properties>
  </Object>
  <Object name="Bomb56">
    <AbsoluteLocation value="3.555269 -40.475746"/>
    <Properties>
      <Property name="Angle" value="0"/>
      <Property name="Filename" value="/Objects/bomb.hs"/>
      <Property name="Type" value="bomb"/>
    </Properties>
  </Object>
  <Object name="Bomb57">
    <AbsoluteLocation value="-13.104427 -16.181376"/>
    <Properties>
      <Property name="Angle" value="0"/>
      <Property name="Filename" value="/Objects/bomb.hs"/>
      <Property name="Type" value="bomb"/>
    </Properties>
  </Object>
  <Object name="Bomb59">
    <AbsoluteLocation value="28.367769 -15.460121"/>
    <Properties>
      <Property name="Angle" value="0"/>
      <Property name="Filename" value="/Objects/bomb.hs"/>
      <Property name="Type" value="bomb"/>
    </Properties>
  </Object>
  <Object name="Object61">
    <AbsoluteLocation value="5.671875 31.265625"/>
    <Properties>
      <Property name="Angle" value="0"/>
      <Property name="Filename" value="/Objects/wall_8x8_frankenweenie.hs"/>
      <Property name="MotorMoveSpeed" value="13"/>
      <Property name="MotorTurnSpeed" value="129"/>
      <Property name="PathPos0" value="0 0"/>
      <Property name="PathPos1" value="60 0"/>
    </Properties>
  </Object>
  <Object name="Object62">
    <AbsoluteLocation value="-7.625000 31.203125"/>
    <Properties>
      <Property name="Angle" value="0"/>
      <Property name="Filename" value="/Objects/wall_8x8_frankenweenie.hs"/>
      <Property name="MotorMoveSpeed" value="13"/>
      <Property name="MotorTurnSpeed" value="129"/>
      <Property name="PathPos0" value="0 0"/>
      <Property name="PathPos1" value="-60 0"/>
    </Properties>
  </Object>
  <Object name="Object63">
    <AbsoluteLocation value="-7.420372 40.093040"/>
    <Properties>
      <Property name="Angle" value="0"/>
      <Property name="Filename" value="/Objects/wall_8x8_frankenweenie.hs"/>
      <Property name="MotorMoveSpeed" value="23"/>
      <Property name="MotorTurnSpeed" value="1130"/>
      <Property name="PathPos0" value="0 0"/>
      <Property name="PathPos1" value="-60 20"/>
    </Properties>
  </Object>
  <Object name="Object64">
    <AbsoluteLocation value="5.876503 40.155540"/>
    <Properties>
      <Property name="Angle" value="0"/>
      <Property name="Filename" value="/Objects/wall_8x8_frankenweenie.hs"/>
      <Property name="MotorMoveSpeed" value="23"/>
      <Property name="MotorTurnSpeed" value="1130"/>
      <Property name="PathPos0" value="0 0"/>
      <Property name="PathPos1" value="60 20"/>
    </Properties>
  </Object>
  <Object name="Object65">
    <AbsoluteLocation value="5.859375 20.906250"/>
    <Properties>
      <Property name="Angle" value="0"/>
      <Property name="Filename" value="/Objects/path_locking_end.hs"/>
    </Properties>
  </Object>
  <Object name="Object66">
    <AbsoluteLocation value="10.546875 20.578125"/>
    <Properties>
      <Property name="Angle" value="-6.68535"/>
      <Property name="Filename" value="/Objects/path_locking_mid.hs"/>
    </Properties>
  </Object>
  <Object name="Object67">
    <AbsoluteLocation value="15.062500 19.671875"/>
    <Properties>
      <Property name="Angle" value="-15.6422"/>
      <Property name="Filename" value="/Objects/path_locking_mid.hs"/>
    </Properties>
  </Object>
  <Object name="Object68">
    <AbsoluteLocation value="19.578125 18.156250"/>
    <Properties>
      <Property name="Angle" value="-21.6263"/>
      <Property name="Filename" value="/Objects/path_locking_mid.hs"/>
    </Properties>
  </Object>
  <Object name="Object69">
    <AbsoluteLocation value="23.812500 16.078125"/>
    <Properties>
      <Property name="Angle" value="-29.8887"/>
      <Property name="Filename" value="/Objects/path_locking_mid.hs"/>
    </Properties>
  </Object>
  <Object name="Object76">
    <AbsoluteLocation value="28.000000 13.671875"/>
    <Properties>
      <Property name="Angle" value="-29.8887"/>
      <Property name="Filename" value="/Objects/path_locking_mid.hs"/>
    </Properties>
  </Object>
  <Object name="Object77">
    <AbsoluteLocation value="32.277775 11.241320"/>
    <Properties>
      <Property name="Angle" value="-29.8887"/>
      <Property name="Filename" value="/Objects/path_locking_mid.hs"/>
    </Properties>
  </Object>
  <Object name="Object78">
    <AbsoluteLocation value="36.328125 8.906250"/>
    <Properties>
      <Property name="Angle" value="-29.8887"/>
      <Property name="Filename" value="/Objects/path_locking_mid.hs"/>
    </Properties>
  </Object>
  <Object name="Object79">
    <AbsoluteLocation value="40.515625 6.500000"/>
    <Properties>
      <Property name="Angle" value="-29.8887"/>
      <Property name="Filename" value="/Objects/path_locking_mid.hs"/>
    </Properties>
  </Object>
  <Object name="Object88">
    <AbsoluteLocation value="-13.488815 21.273270"/>
    <Properties>
      <Property name="Angle" value="10.269"/>
      <Property name="Filename" value="/Objects/path_locking_end_right.hs"/>
    </Properties>
  </Object>
  <Object name="Object89">
    <AbsoluteLocation value="-17.925320 19.949387"/>
    <Properties>
      <Property name="Angle" value="19.4771"/>
      <Property name="Filename" value="/Objects/path_locking_mid.hs"/>
    </Properties>
  </Object>
  <Object name="Object91">
    <AbsoluteLocation value="-22.201195 18.071701"/>
    <Properties>
      <Property name="Angle" value="26.7977"/>
      <Property name="Filename" value="/Objects/path_locking_mid.hs"/>
    </Properties>
  </Object>
  <Object name="Object94">
    <AbsoluteLocation value="-26.334293 15.825935"/>
    <Properties>
      <Property name="Angle" value="30.4325"/>
      <Property name="Filename" value="/Objects/path_locking_mid.hs"/>
    </Properties>
  </Object>
  <Object name="Object95">
    <AbsoluteLocation value="-30.526962 13.354889"/>
    <Properties>
      <Property name="Angle" value="31.0193"/>
      <Property name="Filename" value="/Objects/path_locking_mid.hs"/>
    </Properties>
  </Object>
  <Object name="Object96">
    <AbsoluteLocation value="-34.690891 10.804392"/>
    <Properties>
      <Property name="Angle" value="31.8166"/>
      <Property name="Filename" value="/Objects/path_locking_mid.hs"/>
    </Properties>
  </Object>
  <Object name="Object97">
    <AbsoluteLocation value="-38.833488 8.224144"/>
    <Properties>
      <Property name="Angle" value="32.1944"/>
      <Property name="Filename" value="/Objects/path_locking_mid.hs"/>
    </Properties>
  </Object>
  <Object name="Object103">
    <AbsoluteLocation value="-2.939592 -6.446270"/>
    <Properties>
      <Property name="Angle" value="0"/>
      <Property name="Filename" value="/Objects/path_vertical_locking_end_bottom.hs"/>
    </Properties>
  </Object>
  <Object name="Object105">
    <AbsoluteLocation value="-2.901968 2.018772"/>
    <Properties>
      <Property name="Angle" value="0"/>
      <Property name="Filename" value="/Objects/path_vertical_locking_mid.hs"/>
    </Properties>
  </Object>
  <Object name="Object106">
    <AbsoluteLocation value="-2.901972 6.157238"/>
    <Properties>
      <Property name="Angle" value="0"/>
      <Property name="Filename" value="/Objects/path_vertical_locking_end_top.hs"/>
    </Properties>
  </Object>
  <Object name="Object108">
    <AbsoluteLocation value="-13.083317 41.910164"/>
    <Properties>
      <Property name="Angle" value="-17.2671"/>
      <Property name="Filename" value="/Objects/path_locking_mid.hs"/>
    </Properties>
  </Object>
  <Object name="Object109">
    <AbsoluteLocation value="-17.750799 43.384586"/>
    <Properties>
      <Property name="Angle" value="-17.2671"/>
      <Property name="Filename" value="/Objects/path_locking_mid.hs"/>
    </Properties>
  </Object>
  <Object name="Object110">
    <AbsoluteLocation value="-22.418285 44.859009"/>
    <Properties>
      <Property name="Angle" value="-17.2671"/>
      <Property name="Filename" value="/Objects/path_locking_mid.hs"/>
    </Properties>
  </Object>
  <Object name="Object111">
    <AbsoluteLocation value="-26.714722 46.229141"/>
    <Properties>
      <Property name="Angle" value="-17.2671"/>
      <Property name="Filename" value="/Objects/path_locking_mid.hs"/>
    </Properties>
  </Object>
  <Object name="Object112">
    <AbsoluteLocation value="-31.329617 47.617485"/>
    <Properties>
      <Property name="Angle" value="-17.2671"/>
      <Property name="Filename" value="/Objects/path_locking_mid.hs"/>
    </Properties>
  </Object>
  <Object name="Object113">
    <AbsoluteLocation value="-35.997105 49.091904"/>
    <Properties>
      <Property name="Angle" value="-17.2671"/>
      <Property name="Filename" value="/Objects/path_locking_mid.hs"/>
    </Properties>
  </Object>
  <Object name="Object114">
    <AbsoluteLocation value="-40.522102 50.487888"/>
    <Properties>
      <Property name="Angle" value="-17.2671"/>
      <Property name="Filename" value="/Objects/path_locking_mid.hs"/>
    </Properties>
  </Object>
  <Object name="Object115">
    <AbsoluteLocation value="-32.235157 31.771780"/>
    <Properties>
      <Property name="Angle" value="-1.2957"/>
      <Property name="Filename" value="/Objects/path_locking_mid.hs"/>
    </Properties>
  </Object>
  <Object name="Object116">
    <AbsoluteLocation value="-13.122765 31.305363"/>
    <Properties>
      <Property name="Angle" value="-1.2957"/>
      <Property name="Filename" value="/Objects/path_locking_mid.hs"/>
    </Properties>
  </Object>
  <Object name="Object117">
    <AbsoluteLocation value="-8.689423 31.184124"/>
    <Properties>
      <Property name="Angle" value="-1.58068"/>
      <Property name="Filename" value="/Objects/path_locking_end_right.hs"/>
    </Properties>
  </Object>
  <Object name="Object118">
    <AbsoluteLocation value="-27.416386 31.706844"/>
    <Properties>
      <Property name="Angle" value="-1.2957"/>
      <Property name="Filename" value="/Objects/path_locking_mid.hs"/>
    </Properties>
  </Object>
  <Object name="Object119">
    <AbsoluteLocation value="-37.128170 31.904991"/>
    <Properties>
      <Property name="Angle" value="-1.2957"/>
      <Property name="Filename" value="/Objects/path_locking_mid.hs"/>
    </Properties>
  </Object>
  <Object name="Object120">
    <AbsoluteLocation value="-22.908791 31.571798"/>
    <Properties>
      <Property name="Angle" value="-1.2957"/>
      <Property name="Filename" value="/Objects/path_locking_mid.hs"/>
    </Properties>
  </Object>
  <Object name="Object121">
    <AbsoluteLocation value="-18.015774 31.438581"/>
    <Properties>
      <Property name="Angle" value="-1.2957"/>
      <Property name="Filename" value="/Objects/path_locking_mid.hs"/>
    </Properties>
  </Object>
  <Object name="Object122">
    <AbsoluteLocation value="-41.862606 32.002007"/>
    <Properties>
      <Property name="Angle" value="-1.2957"/>
      <Property name="Filename" value="/Objects/path_locking_mid.hs"/>
    </Properties>
  </Object>
  <Object name="Object123">
    <AbsoluteLocation value="20.561712 44.554604"/>
    <Properties>
      <Property name="Angle" value="17.5151"/>
      <Property name="Filename" value="/Objects/path_locking_mid.hs"/>
    </Properties>
  </Object>
  <Object name="Object124">
    <AbsoluteLocation value="38.803673 50.275787"/>
    <Properties>
      <Property name="Angle" value="17.5151"/>
      <Property name="Filename" value="/Objects/path_locking_mid.hs"/>
    </Properties>
  </Object>
  <Object name="Object125">
    <AbsoluteLocation value="25.144039 46.046925"/>
    <Properties>
      <Property name="Angle" value="17.5151"/>
      <Property name="Filename" value="/Objects/path_locking_mid.hs"/>
    </Properties>
  </Object>
  <Object name="Object126">
    <AbsoluteLocation value="15.887089 43.102970"/>
    <Properties>
      <Property name="Angle" value="17.5151"/>
      <Property name="Filename" value="/Objects/path_locking_mid.hs"/>
    </Properties>
  </Object>
  <Object name="Object127">
    <AbsoluteLocation value="29.454422 47.372532"/>
    <Properties>
      <Property name="Angle" value="17.5151"/>
      <Property name="Filename" value="/Objects/path_locking_mid.hs"/>
    </Properties>
  </Object>
  <Object name="Object128">
    <AbsoluteLocation value="34.129055 48.824150"/>
    <Properties>
      <Property name="Angle" value="17.5151"/>
      <Property name="Filename" value="/Objects/path_locking_mid.hs"/>
    </Properties>
  </Object>
  <Object name="Object129">
    <AbsoluteLocation value="11.374241 41.668209"/>
    <Properties>
      <Property name="Angle" value="17.5151"/>
      <Property name="Filename" value="/Objects/path_locking_mid.hs"/>
    </Properties>
  </Object>
  <Object name="Object130">
    <AbsoluteLocation value="6.902206 40.232635"/>
    <Properties>
      <Property name="Angle" value="19.4426"/>
      <Property name="Filename" value="/Objects/path_locking_end.hs"/>
    </Properties>
  </Object>
  <Object name="Object131">
    <AbsoluteLocation value="16.195332 31.546822"/>
    <Properties>
      <Property name="Angle" value="3.19427"/>
      <Property name="Filename" value="/Objects/path_locking_mid.hs"/>
    </Properties>
  </Object>
  <Object name="Object132">
    <AbsoluteLocation value="30.397156 32.327812"/>
    <Properties>
      <Property name="Angle" value="3.19427"/>
      <Property name="Filename" value="/Objects/path_locking_mid.hs"/>
    </Properties>
  </Object>
  <Object name="Object133">
    <AbsoluteLocation value="35.285583 32.578049"/>
    <Properties>
      <Property name="Angle" value="3.19427"/>
      <Property name="Filename" value="/Objects/path_locking_mid.hs"/>
    </Properties>
  </Object>
  <Object name="Object134">
    <AbsoluteLocation value="11.467831 31.272903"/>
    <Properties>
      <Property name="Angle" value="3.19427"/>
      <Property name="Filename" value="/Objects/path_locking_mid.hs"/>
    </Properties>
  </Object>
  <Object name="Object135">
    <AbsoluteLocation value="40.174007 32.828285"/>
    <Properties>
      <Property name="Angle" value="3.19427"/>
      <Property name="Filename" value="/Objects/path_locking_mid.hs"/>
    </Properties>
  </Object>
  <Object name="Object136">
    <AbsoluteLocation value="25.892822 32.109566"/>
    <Properties>
      <Property name="Angle" value="3.19427"/>
      <Property name="Filename" value="/Objects/path_locking_mid.hs"/>
    </Properties>
  </Object>
  <Object name="Object137">
    <AbsoluteLocation value="21.083757 31.797066"/>
    <Properties>
      <Property name="Angle" value="3.19427"/>
      <Property name="Filename" value="/Objects/path_locking_mid.hs"/>
    </Properties>
  </Object>
  <Object name="Object138">
    <AbsoluteLocation value="7.205513 31.071236"/>
    <Properties>
      <Property name="Angle" value="4.13709"/>
      <Property name="Filename" value="/Objects/path_locking_end.hs"/>
    </Properties>
  </Object>
  <Object name="Object35">
    <AbsoluteLocation value="-10.071877 22.306250"/>
    <Properties>
      <Property name="Angle" value="0"/>
      <Property name="Filename" value="/Objects/wall_24x8_frankenweenie.hs"/>
      <Property name="MotorMoveSpeed" value="3"/>
      <Property name="MotorTurnSpeed" value="3"/>
      <Property name="PathPos0" value="0 0"/>
      <Property name="PathPos1" value="-45 -20"/>
    </Properties>
  </Object>
  <Object name="Object34">
    <AbsoluteLocation value="8.400002 22.400002"/>
    <Properties>
      <Property name="Angle" value="0"/>
      <Property name="Filename" value="/Objects/wall_24x8_frankenweenie.hs"/>
      <Property name="MotorMoveSpeed" value="3"/>
      <Property name="MotorTurnSpeed" value="-3"/>
      <Property name="PathPos0" value="0 0"/>
      <Property name="PathPos1" value="45 -20"/>
    </Properties>
  </Object>
  <Room>
    <AbsoluteLocation value="17.200003 -34.000000"/>
  </Room>
</Objects>
