<?xml version="1.0"?>
<Objects>
  <Object name="Ducky5">
    <AbsoluteLocation value="22.209778 -34.286526"/>
    <Properties>
      <Property name="Angle" value="0"/>
      <Property name="Filename" value="/Objects/star.hs"/>
      <Property name="Type" value="star"/>
    </Properties>
  </Object>
  <Object name="Ducky6">
    <AbsoluteLocation value="-22.906250 12.781250"/>
    <Properties>
      <Property name="Angle" value="0"/>
      <Property name="Filename" value="/Objects/star.hs"/>
      <Property name="Type" value="star"/>
    </Properties>
  </Object>
  <Object name="Ducky7">
    <AbsoluteLocation value="0.723717 -1.529026"/>
    <Properties>
      <Property name="Angle" value="0"/>
      <Property name="Filename" value="/Objects/star.hs"/>
      <Property name="Type" value="star"/>
    </Properties>
  </Object>
  <Object name="Object8">
    <AbsoluteLocation value="34.978970 -1.019059"/>
    <Properties>
      <Property name="Angle" value="-41.0218"/>
      <Property name="Filename" value="/Objects/pipe_straight_long.hs"/>
    </Properties>
  </Object>
  <Object name="Object10">
    <AbsoluteLocation value="-25.865290 -35.394939"/>
    <Properties>
      <Property name="Angle" value="98.8257"/>
      <Property name="Filename" value="/Objects/pipe_straight_long.hs"/>
    </Properties>
  </Object>
  <Object name="Object11">
    <AbsoluteLocation value="-24.424301 -44.721783"/>
    <Properties>
      <Property name="Angle" value="98.8257"/>
      <Property name="Filename" value="/Objects/pipe_straight_long.hs"/>
    </Properties>
  </Object>
  <Object name="Spout2">
    <AbsoluteLocation value="-26.625000 -27.093750"/>
    <Properties>
      <Property name="Angle" value="90.9195"/>
      <Property name="Filename" value="/Objects/touch_spout.hs"/>
      <Property name="FluidType" value="Water"/>
      <Property name="ParticleSpeed" value="50"/>
      <Property name="ParticlesPerSecond" value="15"/>
      <Property name="Type" value="spout"/>
    </Properties>
  </Object>
  <Object name="Object14">
    <AbsoluteLocation value="21.454399 -25.470436"/>
    <Properties>
      <Property name="Angle" value="0"/>
      <Property name="Filename" value="/Objects/wall_8x8.hs"/>
      <Property name="GravityScale" value="7.0"/>
      <Property name="MotorMoveSpeed" value="20"/>
      <Property name="MotorWaitTime" value="1"/>
      <Property name="MotorWaitTurn0" value="45"/>
      <Property name="MotorWaitTurn1" value="0"/>
      <Property name="PathPos0" value="0 0"/>
      <Property name="PathPos1" value="0 15"/>
      <Property name="PathPos2" value="0 15"/>
    </Properties>
  </Object>
  <Object name="Switch15">
    <AbsoluteLocation value="29.161633 35.803543"/>
    <Properties>
      <Property name="Angle" value="-43.0757"/>
      <Property name="ConnectedObject0" value="Object14"/>
      <Property name="Filename" value="/Objects/switch_momentary.hs"/>
      <Property name="Type" value="switch"/>
    </Properties>
  </Object>
  <Object name="Object18">
    <AbsoluteLocation value="21.312500 -14.508228"/>
    <Properties>
      <Property name="Angle" value="0"/>
      <Property name="Filename" value="/Objects/path_smooth_vertical_end_top.hs"/>
    </Properties>
  </Object>
  <Object name="Object19">
    <AbsoluteLocation value="21.312500 -23.858828"/>
    <Properties>
      <Property name="Angle" value="0"/>
      <Property name="Filename" value="/Objects/path_smooth_vertical_end_bottom.hs"/>
    </Properties>
  </Object>
  <Object name="Object20">
    <AbsoluteLocation value="21.312500 -19.089779"/>
    <Properties>
      <Property name="Angle" value="90"/>
      <Property name="Filename" value="/Objects/path_smooth_mid.hs"/>
    </Properties>
  </Object>
  <Object name="Object21">
    <AbsoluteLocation value="1.546875 -17.296875"/>
    <Properties>
      <Property name="Angle" value="90.7221"/>
      <Property name="Filename" value="/Objects/pipe_straight_short.hs"/>
    </Properties>
  </Object>
  <Object name="Spout4">
    <AbsoluteLocation value="1.687500 -14.124420"/>
    <Properties>
      <Property name="Angle" value="0"/>
      <Property name="ConnectedSpout0" value="SWAMPY_SPOUT"/>
      <Property name="ConnectedSpoutProbability0" value="1"/>
      <Property name="Filename" value="/Objects/broken_pipe.hs"/>
      <Property name="Type" value="spout"/>
    </Properties>
  </Object>
  <Object name="Object22">
    <AbsoluteLocation value="1.500000 -19.640625"/>
    <Properties>
      <Property name="Angle" value="-89.67"/>
      <Property name="Filename" value="/Objects/pipe_connector_end.hs"/>
    </Properties>
  </Object>
  <Object name="Object23">
    <AbsoluteLocation value="28.727566 4.925419"/>
    <Properties>
      <Property name="Angle" value="139.201"/>
      <Property name="Filename" value="/Objects/pipe_bend_1.hs"/>
    </Properties>
  </Object>
  <Object name="Object25">
    <AbsoluteLocation value="28.644711 7.200569"/>
    <Properties>
      <Property name="Angle" value="-89.8364"/>
      <Property name="Filename" value="/Objects/pipe_straight_short.hs"/>
    </Properties>
  </Object>
  <Object name="Object26">
    <AbsoluteLocation value="30.476873 2.950299"/>
    <Properties>
      <Property name="Angle" value="-41.4109"/>
      <Property name="Filename" value="/Objects/pipe_straight_short.hs"/>
    </Properties>
  </Object>
  <Object name="Spout3">
    <AbsoluteLocation value="28.944679 8.941713"/>
    <Properties>
      <Property name="Angle" value="89.8085"/>
      <Property name="Filename" value="/Objects/touch_spout.hs"/>
      <Property name="FluidType" value="Water"/>
      <Property name="ParticleSpeed" value="50"/>
      <Property name="ParticlesPerSecond" value="15"/>
      <Property name="Type" value="spout"/>
    </Properties>
  </Object>
  <Room>
    <AbsoluteLocation value="1.200003 -34.000000"/>
  </Room>
  <Properties>
    <Property name="ShowTopEdge" value="1"/>
  </Properties>
</Objects>
