<?xml version="1.0"?>
<Objects>
  <Object name="Object18">
    <AbsoluteLocation value="-23.734375 7.281250"/>
    <Properties>
      <Property name="Angle" value="0"/>
      <Property name="Filename" value="/Objects/path_locking_mid.hs"/>
    </Properties>
  </Object>
  <Object name="Object23">
    <AbsoluteLocation value="16.917686 -14.791161"/>
    <Properties>
      <Property name="Angle" value="0"/>
      <Property name="Filename" value="/Objects/pipe_elbow_1.hs"/>
    </Properties>
  </Object>
  <Object name="Spout3">
    <AbsoluteLocation value="13.593327 -14.461948"/>
    <Properties>
      <Property name="Angle" value="448.773"/>
      <Property name="ConnectedSpout0" value="SWAMPY_SPOUT"/>
      <Property name="ConnectedSpoutProbability0" value="1"/>
      <Property name="Filename" value="/Objects/broken_pipe.hs"/>
      <Property name="Type" value="spout"/>
      <Property name="particlespersecond" value="3"/>
    </Properties>
  </Object>
  <Object name="Ducky4">
    <AbsoluteLocation value="-14.021778 15.495634"/>
    <Properties>
      <Property name="Angle" value="0"/>
      <Property name="Filename" value="/Objects/star_frankenweenie_ducks.hs"/>
      <Property name="Parent" value="Object33"/>
      <Property name="Type" value="star"/>
    </Properties>
  </Object>
  <Object name="Ducky5">
    <AbsoluteLocation value="24.034637 -1.622391"/>
    <Properties>
      <Property name="Angle" value="-1.00717"/>
      <Property name="Filename" value="/Objects/star_frankenweenie_ducks.hs"/>
      <Property name="Parent" value="Object33"/>
      <Property name="Type" value="star"/>
    </Properties>
  </Object>
  <Object name="Ducky6">
    <AbsoluteLocation value="-16.106792 -20.799698"/>
    <Properties>
      <Property name="Angle" value="0"/>
      <Property name="Filename" value="/Objects/star_frankenweenie_ducks.hs"/>
      <Property name="Parent" value="Object33"/>
      <Property name="Type" value="star"/>
    </Properties>
  </Object>
  <Object name="Object102">
    <AbsoluteLocation value="-34.412968 38.894421"/>
    <Properties>
      <Property name="Angle" value="3.03085"/>
      <Property name="Filename" value="/Objects/pipe_straight_long.hs"/>
    </Properties>
  </Object>
  <Object name="Object12">
    <AbsoluteLocation value="-25.035206 39.356709"/>
    <Properties>
      <Property name="Angle" value="3.03085"/>
      <Property name="Filename" value="/Objects/pipe_straight_long.hs"/>
    </Properties>
  </Object>
  <Object name="Switch13">
    <AbsoluteLocation value="-24.176537 -44.017307"/>
    <Properties>
      <Property name="Angle" value="-49.8557"/>
      <Property name="ConnectedObject0" value="Object13"/>
      <Property name="Filename" value="/Objects/switch_frankenweenie.hs"/>
      <Property name="Type" value="switch"/>
    </Properties>
  </Object>
  <Object name="Bomb16">
    <AbsoluteLocation value="-15.385536 -10.840294"/>
    <Properties>
      <Property name="Angle" value="0"/>
      <Property name="BlastPower" value="1650"/>
      <Property name="BlastRadius" value="10"/>
      <Property name="Filename" value="/Objects/bomb.hs"/>
      <Property name="Type" value="bomb"/>
    </Properties>
  </Object>
  <Object name="Object19">
    <AbsoluteLocation value="-18.828125 7.296875"/>
    <Properties>
      <Property name="Angle" value="0"/>
      <Property name="Filename" value="/Objects/path_locking_mid.hs"/>
    </Properties>
  </Object>
  <Object name="Object20">
    <AbsoluteLocation value="-13.937500 7.281250"/>
    <Properties>
      <Property name="Angle" value="0"/>
      <Property name="Filename" value="/Objects/path_locking_mid.hs"/>
    </Properties>
  </Object>
  <Object name="Bomb21">
    <AbsoluteLocation value="-9.625191 22.172590"/>
    <Properties>
      <Property name="Angle" value="13.3246"/>
      <Property name="BlastPower" value="1650"/>
      <Property name="BlastRadius" value="10"/>
      <Property name="Filename" value="/Objects/bomb.hs"/>
      <Property name="Type" value="bomb"/>
    </Properties>
  </Object>
  <Object name="Object24">
    <AbsoluteLocation value="17.620811 -20.556786"/>
    <Properties>
      <Property name="Angle" value="-89.7911"/>
      <Property name="Filename" value="/Objects/pipe_straight_long.hs"/>
    </Properties>
  </Object>
  <Object name="Object25">
    <AbsoluteLocation value="16.964561 -25.806786"/>
    <Properties>
      <Property name="Angle" value="-90.1828"/>
      <Property name="Filename" value="/Objects/pipe_elbow_1.hs"/>
    </Properties>
  </Object>
  <Object name="Object90">
    <AbsoluteLocation value="14.920099 -26.756775"/>
    <Properties>
      <Property name="Angle" value="192.427"/>
      <Property name="Filename" value="/Objects/pipe_connector_end.hs"/>
    </Properties>
  </Object>
  <Object name="Bomb25">
    <AbsoluteLocation value="11.011494 21.358210"/>
    <Properties>
      <Property name="Angle" value="-0.908943"/>
      <Property name="BlastPower" value="1650"/>
      <Property name="BlastRadius" value="10"/>
      <Property name="Filename" value="/Objects/bomb.hs"/>
      <Property name="Type" value="bomb"/>
    </Properties>
  </Object>
  <Object name="Bomb26">
    <AbsoluteLocation value="10.644520 -0.900595"/>
    <Properties>
      <Property name="Angle" value="0"/>
      <Property name="Filename" value="/Objects/bomb.hs"/>
      <Property name="Type" value="bomb"/>
    </Properties>
  </Object>
  <Object name="Bomb27">
    <AbsoluteLocation value="-15.821480 -29.241051"/>
    <Properties>
      <Property name="Angle" value="0"/>
      <Property name="BlastPower" value="1650"/>
      <Property name="BlastRadius" value="10"/>
      <Property name="Filename" value="/Objects/bomb.hs"/>
      <Property name="Type" value="bomb"/>
    </Properties>
  </Object>
  <Object name="Bomb28">
    <AbsoluteLocation value="-3.435677 -1.606760"/>
    <Properties>
      <Property name="Angle" value="-0.0286844"/>
      <Property name="Filename" value="/Objects/bomb.hs"/>
      <Property name="Type" value="bomb"/>
    </Properties>
  </Object>
  <Object name="Object13">
    <AbsoluteLocation value="-29.151669 7.759727"/>
    <Properties>
      <Property name="Angle" value="0"/>
      <Property name="Filename" value="/Objects/wall_16x8_frankenweenie.hs"/>
      <Property name="MotorMoveSpeed" value="6"/>
      <Property name="MotorTurnSpeed" value="0"/>
      <Property name="PathPos0" value="0 0"/>
      <Property name="PathPos1" value="12 0"/>
    </Properties>
  </Object>
  <Object name="Object27">
    <AbsoluteLocation value="-28.420864 7.286644"/>
    <Properties>
      <Property name="Angle" value="0"/>
      <Property name="Filename" value="/Objects/path_locking_end.hs"/>
    </Properties>
  </Object>
  <Object name="Object26">
    <AbsoluteLocation value="-19.218750 38.906250"/>
    <Properties>
      <Property name="Angle" value="0"/>
      <Property name="Filename" value="/Objects/pipe_elbow_1.hs"/>
    </Properties>
  </Object>
  <Object name="Spout15">
    <AbsoluteLocation value="-18.690334 35.831863"/>
    <Properties>
      <Property name="Angle" value="-88.948"/>
      <Property name="Filename" value="/Objects/shower_head.hs"/>
      <Property name="FluidType" value="Water"/>
      <Property name="ParticlesSpeed" value="35"/>
      <Property name="ParticplesPerSecond" value="15"/>
      <Property name="Type" value="spout"/>
    </Properties>
  </Object>
  <Room>
    <AbsoluteLocation value="3.600002 -33.200005"/>
  </Room>
</Objects>
