<?xml version="1.0"?>
<Objects>
  <Object name="Ducky13">
    <AbsoluteLocation value="-22.893829 11.317892"/>
    <Properties>
      <Property name="Angle" value="0"/>
      <Property name="Filename" value="/Objects/star.hs"/>
      <Property name="Type" value="star"/>
    </Properties>
  </Object>
  <Object name="Ducky14">
    <AbsoluteLocation value="17.739735 35.846245"/>
    <Properties>
      <Property name="Angle" value="0"/>
      <Property name="Filename" value="/Objects/star.hs"/>
      <Property name="Type" value="star"/>
    </Properties>
  </Object>
  <Object name="Ducky15">
    <AbsoluteLocation value="-25.210438 -23.447403"/>
    <Properties>
      <Property name="Angle" value="0"/>
      <Property name="Filename" value="/Objects/star.hs"/>
      <Property name="Type" value="star"/>
    </Properties>
  </Object>
  <Object name="Bomb7">
    <AbsoluteLocation value="-10.875000 9.562500"/>
    <Properties>
      <Property name="Angle" value="8.60658"/>
      <Property name="Filename" value="/Objects/bomb.hs"/>
      <Property name="Type" value="bomb"/>
    </Properties>
  </Object>
  <Object name="Bomb8">
    <AbsoluteLocation value="-14.656250 -16.281250"/>
    <Properties>
      <Property name="Angle" value="8.60658"/>
      <Property name="Filename" value="/Objects/bomb.hs"/>
      <Property name="Type" value="bomb"/>
    </Properties>
  </Object>
  <Object name="Object9">
    <AbsoluteLocation value="33.281250 21.656250"/>
    <Properties>
      <Property name="Angle" value="-7.47034"/>
      <Property name="Filename" value="/Objects/pipe_straight_long.hs"/>
    </Properties>
  </Object>
  <Object name="Spout20">
    <AbsoluteLocation value="25.885509 25.156464"/>
    <Properties>
      <Property name="Angle" value="-227.184"/>
      <Property name="Filename" value="/Objects/touch_spout.hs"/>
      <Property name="FluidType" value="Water"/>
      <Property name="Type" value="spout"/>
    </Properties>
  </Object>
  <Object name="Object11">
    <AbsoluteLocation value="28.218750 -16.687500"/>
    <Properties>
      <Property name="Angle" value="-34.9669"/>
      <Property name="Filename" value="/Objects/pipe_elbow_2.hs"/>
    </Properties>
  </Object>
  <Object name="Spout3">
    <AbsoluteLocation value="26.743702 -14.435066"/>
    <Properties>
      <Property name="Angle" value="40.4232"/>
      <Property name="ConnectedSpout0" value="SWAMPY_SPOUT"/>
      <Property name="ConnectedSpoutProbability0" value="1"/>
      <Property name="Filename" value="/Objects/broken_pipe.hs"/>
      <Property name="Type" value="spout"/>
    </Properties>
  </Object>
  <Object name="Object13">
    <AbsoluteLocation value="27.372526 -19.087193"/>
    <Properties>
      <Property name="Angle" value="56.4627"/>
      <Property name="Filename" value="/Objects/pipe_straight_short.hs"/>
    </Properties>
  </Object>
  <Object name="Object12">
    <AbsoluteLocation value="26.361324 -20.882013"/>
    <Properties>
      <Property name="Angle" value="-117.117"/>
      <Property name="Filename" value="/Objects/pipe_connector_end.hs"/>
    </Properties>
  </Object>
  <Room>
    <AbsoluteLocation value="20.400003 -33.200005"/>
  </Room>
</Objects>
