<?xml version="1.0"?>
<Objects>
  <Object name="Object7">
    <AbsoluteLocation value="-25.053398 -24.563778"/>
    <Properties>
      <Property name="Angle" value="-103.231"/>
      <Property name="Filename" value="/Objects/pipe_straight.hs"/>
    </Properties>
  </Object>
  <Object name="Spout12">
    <AbsoluteLocation value="-23.261375 -20.819347"/>
    <Properties>
      <Property name="Angle" value="-45.642"/>
      <Property name="ConnectedSpout0" value="SWAMPY_SPOUT"/>
      <Property name="ConnectedSpoutProbability0" value="1"/>
      <Property name="Filename" value="/Objects/broken_pipe.hs"/>
      <Property name="Type" value="spout"/>
    </Properties>
  </Object>
  <Object name="Ducky4">
    <AbsoluteLocation value="-24.084808 23.270432"/>
    <Properties>
      <Property name="Angle" value="0"/>
      <Property name="Filename" value="/Objects/star.hs"/>
      <Property name="Type" value="star"/>
    </Properties>
  </Object>
  <Object name="Ducky5">
    <AbsoluteLocation value="11.340004 7.265945"/>
    <Properties>
      <Property name="Angle" value="0"/>
      <Property name="Filename" value="/Objects/star.hs"/>
      <Property name="Type" value="star"/>
    </Properties>
  </Object>
  <Object name="Ducky6">
    <AbsoluteLocation value="-14.474777 -15.501926"/>
    <Properties>
      <Property name="Angle" value="0"/>
      <Property name="Filename" value="/Objects/star.hs"/>
      <Property name="Type" value="star"/>
    </Properties>
  </Object>
  <Object name="Object6">
    <AbsoluteLocation value="-22.740746 11.947956"/>
    <Properties>
      <Property name="Angle" value="-45.5406"/>
      <Property name="Filename" value="/Objects/dirtywall_large.hs"/>
      <Property name="Health" value="1"/>
      <Property name="Type" value="dirtywall"/>
    </Properties>
  </Object>
  <Object name="Object8">
    <AbsoluteLocation value="-25.458832 -29.124924"/>
    <Properties>
      <Property name="Angle" value="166.27"/>
      <Property name="Filename" value="/Objects/pipe_elbow_2.hs"/>
    </Properties>
  </Object>
  <Object name="Object9">
    <AbsoluteLocation value="-22.924854 -30.442574"/>
    <Properties>
      <Property name="Angle" value="-9.21541"/>
      <Property name="Filename" value="/Objects/pipe_connector_end.hs"/>
    </Properties>
  </Object>
  <Object name="Ducky10">
    <AbsoluteLocation value="22.078125 -27.750000"/>
    <Properties>
      <Property name="Angle" value="0"/>
      <Property name="Filename" value="/Objects/star_mega.hs"/>
      <Property name="StarType" value="mega"/>
      <Property name="Type" value="star"/>
    </Properties>
  </Object>
  <Room>
    <AbsoluteLocation value="-8.399998 -34.000000"/>
  </Room>
  <Properties>
    <Property name="HeavyIntro" value="1"/>
  </Properties>
</Objects>
