<?xml version="1.0"?>
<Objects>
  <Object name="Object10">
    <AbsoluteLocation value="20.831924 40.805786"/>
    <Properties>
      <Property name="Angle" value="102.352"/>
      <Property name="Filename" value="/Objects/pipe_elbow_1.hs"/>
    </Properties>
  </Object>
  <Object name="Spout7">
    <AbsoluteLocation value="20.987347 37.823132"/>
    <Properties>
      <Property name="Angle" value="-72.7781"/>
      <Property name="Filename" value="/Objects/shower_head.hs"/>
      <Property name="FluidType" value="Lava"/>
      <Property name="ParticleSpeed" value="15"/>
      <Property name="ParticlesPerSecond" value="10"/>
      <Property name="Timer0" value="1 15.0"/>
      <Property name="Timer1" value="0 99999"/>
      <Property name="Type" value="spout"/>
    </Properties>
  </Object>
  <Object name="Object14">
    <AbsoluteLocation value="-5.071211 -46.611393"/>
    <Properties>
      <Property name="Angle" value="-169.973"/>
      <Property name="Filename" value="/Objects/pipe_elbow_2.hs"/>
    </Properties>
  </Object>
  <Object name="Object8">
    <AbsoluteLocation value="-15.796967 38.956581"/>
    <Properties>
      <Property name="Angle" value="90.0583"/>
      <Property name="Filename" value="/Objects/pipe_elbow_1.hs"/>
    </Properties>
  </Object>
  <Object name="Spout12">
    <AbsoluteLocation value="-6.443750 -44.106956"/>
    <Properties>
      <Property name="Angle" value="11.756"/>
      <Property name="ConnectedSpout0" value="SWAMPY_SPOUT"/>
      <Property name="ConnectedSpoutProbability0" value="1"/>
      <Property name="Filename" value="/Objects/broken_pipe.hs"/>
      <Property name="Type" value="spout"/>
    </Properties>
  </Object>
  <Object name="Ducky4">
    <AbsoluteLocation value="-17.824596 23.059734"/>
    <Properties>
      <Property name="Angle" value="0"/>
      <Property name="Filename" value="/Objects/star.hs"/>
      <Property name="Type" value="star"/>
    </Properties>
  </Object>
  <Object name="Ducky5">
    <AbsoluteLocation value="-25.994854 -8.519558"/>
    <Properties>
      <Property name="Angle" value="0"/>
      <Property name="Filename" value="/Objects/star.hs"/>
      <Property name="Type" value="star"/>
    </Properties>
  </Object>
  <Object name="Ducky6">
    <AbsoluteLocation value="-9.736744 -31.937737"/>
    <Properties>
      <Property name="Angle" value="0"/>
      <Property name="Filename" value="/Objects/star.hs"/>
      <Property name="Type" value="star"/>
    </Properties>
  </Object>
  <Object name="Spout3">
    <AbsoluteLocation value="-16.543591 36.075783"/>
    <Properties>
      <Property name="Angle" value="-90.6014"/>
      <Property name="Filename" value="/Objects/shower_head.hs"/>
      <Property name="FluidType" value="Water"/>
      <Property name="ParticleSpeed" value="18"/>
      <Property name="Type" value="spout"/>
    </Properties>
  </Object>
  <Object name="Object9">
    <AbsoluteLocation value="-13.189705 40.260208"/>
    <Properties>
      <Property name="Angle" value="-92.0179"/>
      <Property name="Filename" value="/Objects/pipe_elbow_2.hs"/>
    </Properties>
  </Object>
  <Object name="Object11">
    <AbsoluteLocation value="-20.665281 47.078392"/>
    <Properties>
      <Property name="Angle" value="179.988"/>
      <Property name="Filename" value="/Objects/pipe_straight_long.hs"/>
    </Properties>
  </Object>
  <Object name="Object12">
    <AbsoluteLocation value="-29.536415 47.154449"/>
    <Properties>
      <Property name="Angle" value="179.386"/>
      <Property name="Filename" value="/Objects/pipe_straight_long.hs"/>
    </Properties>
  </Object>
  <Object name="Object13">
    <AbsoluteLocation value="26.479790 42.064396"/>
    <Properties>
      <Property name="Angle" value="4.09871"/>
      <Property name="Filename" value="/Objects/pipe_straight_long.hs"/>
    </Properties>
  </Object>
  <Object name="Object17">
    <AbsoluteLocation value="1.057373 -46.017609"/>
    <Properties>
      <Property name="Angle" value="12.3853"/>
      <Property name="Filename" value="/Objects/pipe_straight_long.hs"/>
    </Properties>
  </Object>
  <Object name="Object15">
    <AbsoluteLocation value="7.060440 -44.592396"/>
    <Properties>
      <Property name="Angle" value="15.3132"/>
      <Property name="Filename" value="/Objects/pipe_connector_end.hs"/>
    </Properties>
  </Object>
  <Object name="Object19">
    <AbsoluteLocation value="-37.315475 47.259274"/>
    <Properties>
      <Property name="Angle" value="179.386"/>
      <Property name="Filename" value="/Objects/pipe_straight_long.hs"/>
    </Properties>
  </Object>
  <Object name="Object20">
    <AbsoluteLocation value="-12.517056 42.439182"/>
    <Properties>
      <Property name="Angle" value="-269.682"/>
      <Property name="Filename" value="/Objects/pipe_straight_short.hs"/>
    </Properties>
  </Object>
  <Object name="Object18">
    <AbsoluteLocation value="-13.565540 45.825336"/>
    <Properties>
      <Property name="Angle" value="-180.91"/>
      <Property name="Filename" value="/Objects/pipe_connector_90.hs"/>
    </Properties>
  </Object>
  <Object name="Ducky20">
    <AbsoluteLocation value="9.951988 19.668140"/>
    <Properties>
      <Property name="Angle" value="0"/>
      <Property name="CutsRock" value="1"/>
      <Property name="Filename" value="/Objects/star_teleport.hs"/>
      <Property name="StarType" value="teleport"/>
      <Property name="TeleportMoveEase" value="in"/>
      <Property name="TeleportMoveTime" value="1"/>
      <Property name="TeleportWaitTime" value=".5"/>
      <Property name="Type" value="star"/>
    </Properties>
  </Object>
  <Object name="Ducky21">
    <AbsoluteLocation value="16.864449 -3.427639"/>
    <Properties>
      <Property name="Angle" value="0"/>
      <Property name="CutsRock" value="1"/>
      <Property name="Filename" value="/Objects/star_teleport.hs"/>
      <Property name="StarType" value="teleport"/>
      <Property name="TeleportMoveEase" value="both"/>
      <Property name="TeleportMoveTime" value="1"/>
      <Property name="TeleportWaitTime" value=".5"/>
      <Property name="Type" value="star"/>
    </Properties>
  </Object>
  <Object name="Ducky22">
    <AbsoluteLocation value="-8.258762 -34.186390"/>
    <Properties>
      <Property name="Angle" value="0"/>
      <Property name="CutsRock" value="1"/>
      <Property name="Filename" value="/Objects/star_teleport.hs"/>
      <Property name="StarType" value="teleport"/>
      <Property name="TeleportMoveEase" value="both"/>
      <Property name="TeleportMoveTime" value="1"/>
      <Property name="TeleportWaitTime" value=".5"/>
      <Property name="Type" value="star"/>
    </Properties>
  </Object>
  <Object name="Ducky23">
    <AbsoluteLocation value="-26.692280 -25.672054"/>
    <Properties>
      <Property name="Angle" value="0"/>
      <Property name="CutsRock" value="1"/>
      <Property name="Filename" value="/Objects/star_teleport.hs"/>
      <Property name="StarType" value="teleport"/>
      <Property name="TeleportMoveEase" value="both"/>
      <Property name="TeleportMoveTime" value="1"/>
      <Property name="TeleportWaitTime" value=".5"/>
      <Property name="Type" value="star"/>
    </Properties>
  </Object>
  <Object name="Ducky24">
    <AbsoluteLocation value="-26.844501 -8.968624"/>
    <Properties>
      <Property name="Angle" value="0"/>
      <Property name="CutsRock" value="1"/>
      <Property name="Filename" value="/Objects/star_teleport.hs"/>
      <Property name="StarType" value="teleport"/>
      <Property name="TeleportMoveEase" value="both"/>
      <Property name="TeleportMoveTime" value="1"/>
      <Property name="TeleportWaitTime" value=".5"/>
      <Property name="Type" value="star"/>
    </Properties>
  </Object>
  <Object name="Ducky25">
    <AbsoluteLocation value="-9.407391 -10.142963"/>
    <Properties>
      <Property name="Angle" value="0"/>
      <Property name="CutsRock" value="1"/>
      <Property name="Filename" value="/Objects/star_teleport.hs"/>
      <Property name="StarType" value="teleport"/>
      <Property name="TeleportMoveEase" value="both"/>
      <Property name="TeleportMoveTime" value="1"/>
      <Property name="TeleportWaitTime" value="999"/>
      <Property name="Type" value="star"/>
    </Properties>
  </Object>
  <Object name="Object26">
    <AbsoluteLocation value="35.776665 42.376896"/>
    <Properties>
      <Property name="Angle" value="-0.0212013"/>
      <Property name="Filename" value="/Objects/pipe_straight_long.hs"/>
    </Properties>
  </Object>
  <Room>
    <AbsoluteLocation value="17.200003 -34.800003"/>
  </Room>
</Objects>
