<?xml version="1.0"?>
<Objects>
  <Object name="Object21">
    <AbsoluteLocation value="12.212244 -45.399502"/>
    <Properties>
      <Property name="Angle" value="-4.06575"/>
      <Property name="Filename" value="/Objects/pipe_straight.hs"/>
    </Properties>
  </Object>
  <Object name="Object61">
    <AbsoluteLocation value="-10.197266 8.597580"/>
    <Properties>
      <Property name="Angle" value="-257.614"/>
      <Property name="Filename" value="/Objects/pipe_elbow_2.hs"/>
    </Properties>
  </Object>
  <Object name="Object58">
    <AbsoluteLocation value="-2.727310 -9.457634"/>
    <Properties>
      <Property name="Angle" value="358.154"/>
      <Property name="Filename" value="/Objects/pipe_straight_long.hs"/>
    </Properties>
  </Object>
  <Object name="Object51">
    <AbsoluteLocation value="31.501335 -15.026060"/>
    <Properties>
      <Property name="Angle" value="-85.4119"/>
      <Property name="Filename" value="/Objects/pipe_elbow_1.hs"/>
    </Properties>
  </Object>
  <Object name="Object40">
    <AbsoluteLocation value="12.174793 32.399216"/>
    <Properties>
      <Property name="Angle" value="405.369"/>
      <Property name="Filename" value="/Objects/pipe_straight_long.hs"/>
    </Properties>
  </Object>
  <Object name="Object36">
    <AbsoluteLocation value="-8.378233 42.104450"/>
    <Properties>
      <Property name="Angle" value="88.4444"/>
      <Property name="Filename" value="/Objects/pipe_elbow_1.hs"/>
    </Properties>
  </Object>
  <Object name="Object33">
    <AbsoluteLocation value="-0.913490 -36.409630"/>
    <Properties>
      <Property name="Angle" value="449.584"/>
      <Property name="Filename" value="/Objects/pipe_straight_long.hs"/>
    </Properties>
  </Object>
  <Object name="Object32">
    <AbsoluteLocation value="-0.251991 -42.425468"/>
    <Properties>
      <Property name="Angle" value="179.579"/>
      <Property name="Filename" value="/Objects/pipe_elbow_1.hs"/>
    </Properties>
  </Object>
  <Object name="Object19">
    <AbsoluteLocation value="-0.157478 -37.165627"/>
    <Properties>
      <Property name="Angle" value="0"/>
      <Property name="Filename" value="/Objects/pipe_straight_long.hs"/>
    </Properties>
  </Object>
  <Object name="Object16">
    <AbsoluteLocation value="15.878817 -42.063789"/>
    <Properties>
      <Property name="Angle" value="87.913"/>
      <Property name="Filename" value="/Objects/pipe_straight_short.hs"/>
    </Properties>
  </Object>
  <Object name="Spout14">
    <AbsoluteLocation value="-0.788467 -29.423771"/>
    <Properties>
      <Property name="Angle" value="-1.11582"/>
      <Property name="ConnectedSpout0" value="Spout12"/>
      <Property name="ConnectedSpoutProbability0" value="1"/>
      <Property name="Filename" value="/Objects/basic_drain.hs"/>
      <Property name="Type" value="spout"/>
    </Properties>
  </Object>
  <Object name="Spout11">
    <AbsoluteLocation value="28.825397 -16.878098"/>
    <Properties>
      <Property name="Angle" value="119.374"/>
      <Property name="ConnectedSpout0" value="Spout13"/>
      <Property name="ConnectedSpoutProbability0" value="1"/>
      <Property name="Filename" value="/Objects/basic_drain.hs"/>
      <Property name="Type" value="spout"/>
    </Properties>
  </Object>
  <Object name="Spout2">
    <AbsoluteLocation value="-9.176250 39.162048"/>
    <Properties>
      <Property name="Angle" value="-88.3669"/>
      <Property name="Filename" value="/Objects/shower_head.hs"/>
      <Property name="FluidType" value="Water"/>
      <Property name="ParticleSpeed" value="20"/>
      <Property name="Type" value="spout"/>
    </Properties>
  </Object>
  <Object name="Spout7">
    <AbsoluteLocation value="-7.789977 9.320040"/>
    <Properties>
      <Property name="Angle" value="273.604"/>
      <Property name="ConnectedSpout0" value="SWAMPY_SPOUT"/>
      <Property name="ConnectedSpoutProbability0" value="1"/>
      <Property name="Filename" value="/Objects/broken_pipe.hs"/>
      <Property name="Type" value="spout"/>
    </Properties>
  </Object>
  <Object name="Ducky8">
    <AbsoluteLocation value="18.556999 -13.736485"/>
    <Properties>
      <Property name="Angle" value="0"/>
      <Property name="Filename" value="/Objects/star.hs"/>
      <Property name="Type" value="star"/>
    </Properties>
  </Object>
  <Object name="Ducky9">
    <AbsoluteLocation value="-20.612919 -9.575853"/>
    <Properties>
      <Property name="Angle" value="0"/>
      <Property name="Filename" value="/Objects/star.hs"/>
      <Property name="Type" value="star"/>
    </Properties>
  </Object>
  <Object name="Switch10">
    <AbsoluteLocation value="-15.322758 1.955143"/>
    <Properties>
      <Property name="Angle" value="27.9112"/>
      <Property name="ConnectedObject0" value="Object13"/>
      <Property name="Filename" value="/Objects/switch.hs"/>
      <Property name="Type" value="switch"/>
    </Properties>
  </Object>
  <Object name="Spout12">
    <AbsoluteLocation value="15.964388 -38.912861"/>
    <Properties>
      <Property name="Angle" value="89.2573"/>
      <Property name="Filename" value="/Objects/shower_head.hs"/>
      <Property name="FluidType" value="Water"/>
      <Property name="NumberParticles" value="0"/>
      <Property name="ParticleSpeed" value="30"/>
      <Property name="Type" value="spout"/>
    </Properties>
  </Object>
  <Object name="Object12">
    <AbsoluteLocation value="12.428431 2.349566"/>
    <Properties>
      <Property name="Angle" value="-45.9832"/>
      <Property name="Filename" value="/Objects/wall_8x8_blue.hs"/>
      <Property name="MotorMoveSpeed" value="8"/>
      <Property name="MotorOn" value="0"/>
      <Property name="PathPos0" value="0 0"/>
      <Property name="PathPos1" value="13 0"/>
    </Properties>
  </Object>
  <Object name="Switch13">
    <AbsoluteLocation value="-7.491924 20.722477"/>
    <Properties>
      <Property name="Angle" value="274.562"/>
      <Property name="ConnectedObject0" value="Object12"/>
      <Property name="Filename" value="/Objects/switch_blue.hs"/>
      <Property name="Type" value="switch"/>
    </Properties>
  </Object>
  <Object name="Object13">
    <AbsoluteLocation value="11.686394 -23.729885"/>
    <Properties>
      <Property name="Angle" value="-269.321"/>
      <Property name="Filename" value="/Objects/wall_16x8.hs"/>
      <Property name="MotorOn" value="0"/>
      <Property name="MotorWaitTime" value="1"/>
      <Property name="MotorWaitTurn" value="-48"/>
      <Property name="PathPos0" value="0 0"/>
      <Property name="PathPos1" value="0 0"/>
    </Properties>
  </Object>
  <Object name="Ducky16">
    <AbsoluteLocation value="28.068539 20.699848"/>
    <Properties>
      <Property name="Angle" value="0"/>
      <Property name="Filename" value="/Objects/star.hs"/>
      <Property name="Type" value="star"/>
    </Properties>
  </Object>
  <Object name="Object17">
    <AbsoluteLocation value="15.091394 -44.898453"/>
    <Properties>
      <Property name="Angle" value="-92.417"/>
      <Property name="Filename" value="/Objects/pipe_elbow_2.hs"/>
    </Properties>
  </Object>
  <Object name="Object18">
    <AbsoluteLocation value="-6.456749 -37.008148"/>
    <Properties>
      <Property name="Angle" value="169.654"/>
      <Property name="Filename" value="/Objects/pipe_connector_end.hs"/>
    </Properties>
  </Object>
  <Object name="Object22">
    <AbsoluteLocation value="9.354347 -44.488968"/>
    <Properties>
      <Property name="Angle" value="-185.033"/>
      <Property name="Filename" value="/Objects/pipe_elbow_2.hs"/>
    </Properties>
  </Object>
  <Object name="Object23">
    <AbsoluteLocation value="9.039406 -38.330963"/>
    <Properties>
      <Property name="Angle" value="267.535"/>
      <Property name="Filename" value="/Objects/pipe_straight_long.hs"/>
    </Properties>
  </Object>
  <Object name="Object24">
    <AbsoluteLocation value="5.952721 -36.504128"/>
    <Properties>
      <Property name="Angle" value="-88.442"/>
      <Property name="Filename" value="/Objects/pipe_elbow_2.hs"/>
    </Properties>
  </Object>
  <Object name="Object25">
    <AbsoluteLocation value="8.503998 -32.913620"/>
    <Properties>
      <Property name="Angle" value="0.743452"/>
      <Property name="Filename" value="/Objects/pipe_elbow_1.hs"/>
    </Properties>
  </Object>
  <Object name="Object26">
    <AbsoluteLocation value="5.574814 -32.346657"/>
    <Properties>
      <Property name="Angle" value="2.86595"/>
      <Property name="Filename" value="/Objects/pipe_straight_short.hs"/>
    </Properties>
  </Object>
  <Object name="Object27">
    <AbsoluteLocation value="4.472450 -33.134064"/>
    <Properties>
      <Property name="Angle" value="94.6976"/>
      <Property name="Filename" value="/Objects/pipe_elbow_1.hs"/>
    </Properties>
  </Object>
  <Object name="Object28">
    <AbsoluteLocation value="6.267700 -30.519852"/>
    <Properties>
      <Property name="Angle" value="454.181"/>
      <Property name="Filename" value="/Objects/pipe_straight_long.hs"/>
    </Properties>
  </Object>
  <Object name="Object29">
    <AbsoluteLocation value="3.999992 -37.386063"/>
    <Properties>
      <Property name="Angle" value="92.8993"/>
      <Property name="Filename" value="/Objects/pipe_straight.hs"/>
    </Properties>
  </Object>
  <Object name="Object31">
    <AbsoluteLocation value="3.055130 -41.638069"/>
    <Properties>
      <Property name="Angle" value="94.0298"/>
      <Property name="Filename" value="/Objects/pipe_connector_90.hs"/>
    </Properties>
  </Object>
  <Object name="Object34">
    <AbsoluteLocation value="5.700737 -21.133934"/>
    <Properties>
      <Property name="Angle" value="452.128"/>
      <Property name="Filename" value="/Objects/pipe_straight_long.hs"/>
    </Properties>
  </Object>
  <Object name="Object35">
    <AbsoluteLocation value="5.574814 -15.023689"/>
    <Properties>
      <Property name="Angle" value="87.913"/>
      <Property name="Filename" value="/Objects/pipe_straight_short.hs"/>
    </Properties>
  </Object>
  <Object name="Object20">
    <AbsoluteLocation value="4.409485 -11.023697"/>
    <Properties>
      <Property name="Angle" value="179.456"/>
      <Property name="Filename" value="/Objects/pipe_connector_90.hs"/>
    </Properties>
  </Object>
  <Object name="Object38">
    <AbsoluteLocation value="-5.572697 42.720936"/>
    <Properties>
      <Property name="Angle" value="-1.293"/>
      <Property name="Filename" value="/Objects/pipe_straight_short.hs"/>
    </Properties>
  </Object>
  <Object name="Object41">
    <AbsoluteLocation value="16.640156 36.709988"/>
    <Properties>
      <Property name="Angle" value="39.1253"/>
      <Property name="Filename" value="/Objects/pipe_straight_short.hs"/>
    </Properties>
  </Object>
  <Object name="Object42">
    <AbsoluteLocation value="19.155956 38.053108"/>
    <Properties>
      <Property name="Angle" value="17.1098"/>
      <Property name="Filename" value="/Objects/pipe_straight_short.hs"/>
    </Properties>
  </Object>
  <Object name="Object43">
    <AbsoluteLocation value="22.067547 38.505711"/>
    <Properties>
      <Property name="Angle" value="1.40943"/>
      <Property name="Filename" value="/Objects/pipe_straight_short.hs"/>
    </Properties>
  </Object>
  <Object name="Object44">
    <AbsoluteLocation value="25.078083 38.463577"/>
    <Properties>
      <Property name="Angle" value="-3.92105"/>
      <Property name="Filename" value="/Objects/pipe_straight_short.hs"/>
    </Properties>
  </Object>
  <Object name="Object45">
    <AbsoluteLocation value="31.214691 38.095993"/>
    <Properties>
      <Property name="Angle" value="356.488"/>
      <Property name="Filename" value="/Objects/pipe_straight_long.hs"/>
    </Properties>
  </Object>
  <Object name="Object46">
    <AbsoluteLocation value="40.656761 37.559128"/>
    <Properties>
      <Property name="Angle" value="356.488"/>
      <Property name="Filename" value="/Objects/pipe_straight_long.hs"/>
    </Properties>
  </Object>
  <Object name="Object47">
    <AbsoluteLocation value="1.713898 31.580196"/>
    <Properties>
      <Property name="Angle" value="665.701"/>
      <Property name="Filename" value="/Objects/pipe_straight_long.hs"/>
    </Properties>
  </Object>
  <Object name="Object39">
    <AbsoluteLocation value="6.430157 28.170902"/>
    <Properties>
      <Property name="Angle" value="49.6255"/>
      <Property name="Filename" value="/Objects/pipe_connector_90.hs"/>
    </Properties>
  </Object>
  <Object name="Object48">
    <AbsoluteLocation value="-1.580717 36.625725"/>
    <Properties>
      <Property name="Angle" value="-64.9199"/>
      <Property name="Filename" value="/Objects/pipe_straight_short.hs"/>
    </Properties>
  </Object>
  <Object name="Object49">
    <AbsoluteLocation value="-2.330160 39.453049"/>
    <Properties>
      <Property name="Angle" value="-83.1566"/>
      <Property name="Filename" value="/Objects/pipe_straight_short.hs"/>
    </Properties>
  </Object>
  <Object name="Object50">
    <AbsoluteLocation value="-3.098579 41.995384"/>
    <Properties>
      <Property name="Angle" value="-0.920033"/>
      <Property name="Filename" value="/Objects/pipe_elbow_1.hs"/>
    </Properties>
  </Object>
  <Object name="Object54">
    <AbsoluteLocation value="31.209064 -10.319821"/>
    <Properties>
      <Property name="Angle" value="1.82212"/>
      <Property name="Filename" value="/Objects/pipe_elbow_1.hs"/>
    </Properties>
  </Object>
  <Object name="Object55">
    <AbsoluteLocation value="25.180374 -9.682888"/>
    <Properties>
      <Property name="Angle" value="359.486"/>
      <Property name="Filename" value="/Objects/pipe_straight_long.hs"/>
    </Properties>
  </Object>
  <Object name="Object56">
    <AbsoluteLocation value="21.392174 -9.010296"/>
    <Properties>
      <Property name="Angle" value="-178.916"/>
      <Property name="Filename" value="/Objects/pipe_elbow_2.hs"/>
    </Properties>
  </Object>
  <Object name="Object57">
    <AbsoluteLocation value="20.774292 -7.084873"/>
    <Properties>
      <Property name="Angle" value="269.194"/>
      <Property name="Filename" value="/Objects/pipe_straight_short.hs"/>
    </Properties>
  </Object>
  <Object name="Spout13">
    <AbsoluteLocation value="20.818920 -4.406834"/>
    <Properties>
      <Property name="Angle" value="-268.665"/>
      <Property name="Filename" value="/Objects/shower_head.hs"/>
      <Property name="FluidType" value="Water"/>
      <Property name="NumberParticles" value="0"/>
      <Property name="ParticleSpeed" value="30"/>
      <Property name="Type" value="spout"/>
    </Properties>
  </Object>
  <Object name="Object59">
    <AbsoluteLocation value="-8.220078 -8.632229"/>
    <Properties>
      <Property name="Angle" value="-181.673"/>
      <Property name="Filename" value="/Objects/pipe_elbow_2.hs"/>
    </Properties>
  </Object>
  <Object name="Object60">
    <AbsoluteLocation value="-9.178177 -2.583076"/>
    <Properties>
      <Property name="Angle" value="274.412"/>
      <Property name="Filename" value="/Objects/pipe_straight_long.hs"/>
    </Properties>
  </Object>
  <Object name="Object62">
    <AbsoluteLocation value="-10.109818 4.719414"/>
    <Properties>
      <Property name="Angle" value="-79.8095"/>
      <Property name="Filename" value="/Objects/pipe_straight.hs"/>
    </Properties>
  </Object>
  <Object name="Object63">
    <AbsoluteLocation value="20.404022 -21.521908"/>
    <Properties>
      <Property name="Angle" value="28.2388"/>
      <Property name="Filename" value="/Objects/path_stopper.hs"/>
    </Properties>
  </Object>
  <Object name="Object64">
    <AbsoluteLocation value="13.599998 2.000000"/>
    <Properties>
      <Property name="Angle" value="0"/>
      <Property name="Filename" value="/Objects/path_locking_end.hs"/>
    </Properties>
  </Object>
  <Object name="Object65">
    <AbsoluteLocation value="23.199995 2.000000"/>
    <Properties>
      <Property name="Angle" value="0"/>
      <Property name="Filename" value="/Objects/path_locking_end_right.hs"/>
    </Properties>
  </Object>
  <Object name="Object66">
    <AbsoluteLocation value="18.400000 2.000000"/>
    <Properties>
      <Property name="Angle" value="0"/>
      <Property name="Filename" value="/Objects/path_locking_mid.hs"/>
    </Properties>
  </Object>
  <Object name="Object67">
    <AbsoluteLocation value="32.010212 -12.743704"/>
    <Properties>
      <Property name="Angle" value="272.905"/>
      <Property name="Filename" value="/Objects/pipe_straight_short.hs"/>
    </Properties>
  </Object>
  <Room>
    <AbsoluteLocation value="-20.399998 -34.000000"/>
  </Room>
</Objects>
