<?xml version="1.0"?>
<Objects>
  <Object name="Object90">
    <AbsoluteLocation value="-28.054012 -22.905796"/>
    <Properties>
      <Property name="Angle" value="-167.866"/>
      <Property name="Filename" value="/Objects/pipe_bend_1.hs"/>
      <Property name="Parent" value="Object7"/>
    </Properties>
  </Object>
  <Object name="Object89">
    <AbsoluteLocation value="-29.328974 -22.022663"/>
    <Properties>
      <Property name="Angle" value="-39.8927"/>
      <Property name="Filename" value="/Objects/pipe_straight_short.hs"/>
      <Property name="Parent" value="Object7"/>
    </Properties>
  </Object>
  <Object name="Object91">
    <AbsoluteLocation value="-24.352947 -22.775150"/>
    <Properties>
      <Property name="Angle" value="-353.608"/>
      <Property name="Filename" value="/Objects/pipe_straight.hs"/>
      <Property name="Parent" value="Object7"/>
    </Properties>
  </Object>
  <Object name="Object94">
    <AbsoluteLocation value="-28.698235 -13.770969"/>
    <Properties>
      <Property name="Angle" value="-295.281"/>
      <Property name="Filename" value="/Objects/pipe_straight.hs"/>
      <Property name="Parent" value="Object7"/>
    </Properties>
  </Object>
  <Object name="Object55">
    <AbsoluteLocation value="-20.170980 -37.255943"/>
    <Properties>
      <Property name="Angle" value="90.678"/>
      <Property name="Filename" value="/Objects/path_locking_end.hs"/>
    </Properties>
  </Object>
  <Object name="Object56">
    <AbsoluteLocation value="-20.322563 -22.686882"/>
    <Properties>
      <Property name="Angle" value="90.678"/>
      <Property name="Filename" value="/Objects/path_locking_end_right.hs"/>
    </Properties>
  </Object>
  <Object name="Object60">
    <AbsoluteLocation value="-20.228815 -32.441975"/>
    <Properties>
      <Property name="Angle" value="90.678"/>
      <Property name="Filename" value="/Objects/path_locking_mid.hs"/>
    </Properties>
  </Object>
  <Object name="Object61">
    <AbsoluteLocation value="-20.286648 -27.555115"/>
    <Properties>
      <Property name="Angle" value="90.678"/>
      <Property name="Filename" value="/Objects/path_locking_mid.hs"/>
    </Properties>
  </Object>
  <Object name="Object68">
    <AbsoluteLocation value="-8.525709 -13.845837"/>
    <Properties>
      <Property name="Angle" value="90"/>
      <Property name="Filename" value="/Objects/path_locking_end.hs"/>
    </Properties>
  </Object>
  <Object name="Object69">
    <AbsoluteLocation value="-8.539978 0.037315"/>
    <Properties>
      <Property name="Angle" value="90"/>
      <Property name="Filename" value="/Objects/path_locking_end_right.hs"/>
    </Properties>
  </Object>
  <Object name="Object70">
    <AbsoluteLocation value="-8.525709 -9.721510"/>
    <Properties>
      <Property name="Angle" value="90"/>
      <Property name="Filename" value="/Objects/path_locking_mid.hs"/>
    </Properties>
  </Object>
  <Object name="Object71">
    <AbsoluteLocation value="-8.525709 -4.834312"/>
    <Properties>
      <Property name="Angle" value="90"/>
      <Property name="Filename" value="/Objects/path_locking_mid.hs"/>
    </Properties>
  </Object>
  <Object name="Ducky2">
    <AbsoluteLocation value="26.000000 10.400001"/>
    <Properties>
      <Property name="Angle" value="0"/>
      <Property name="Filename" value="/Objects/star.hs"/>
      <Property name="Type" value="star"/>
    </Properties>
  </Object>
  <Object name="Ducky3">
    <AbsoluteLocation value="4.826618 -45.138218"/>
    <Properties>
      <Property name="Angle" value="0"/>
      <Property name="Filename" value="/Objects/star.hs"/>
      <Property name="Type" value="star"/>
    </Properties>
  </Object>
  <Object name="Ducky4">
    <AbsoluteLocation value="10.400002 35.600002"/>
    <Properties>
      <Property name="Angle" value="0"/>
      <Property name="Filename" value="/Objects/star.hs"/>
      <Property name="Type" value="star"/>
    </Properties>
  </Object>
  <Object name="Object30">
    <AbsoluteLocation value="-5.030998 -6.117917"/>
    <Properties>
      <Property name="Angle" value="-648.769"/>
      <Property name="Filename" value="/Objects/pipe_elbow_1.hs"/>
      <Property name="Parent" value="Object8"/>
    </Properties>
  </Object>
  <Object name="Object32">
    <AbsoluteLocation value="-12.312735 -5.805523"/>
    <Properties>
      <Property name="Angle" value="344.258"/>
      <Property name="Filename" value="/Objects/pipe_straight_short.hs"/>
      <Property name="Parent" value="Object8"/>
    </Properties>
  </Object>
  <Object name="Object34">
    <AbsoluteLocation value="-11.813969 -13.952736"/>
    <Properties>
      <Property name="Angle" value="-4.65438"/>
      <Property name="Filename" value="/Objects/pipe_straight_short.hs"/>
      <Property name="Parent" value="Object8"/>
    </Properties>
  </Object>
  <Object name="Object35">
    <AbsoluteLocation value="-5.014778 -14.618477"/>
    <Properties>
      <Property name="Angle" value="-672.857"/>
      <Property name="Filename" value="/Objects/pipe_elbow_1.hs"/>
      <Property name="Parent" value="Object8"/>
    </Properties>
  </Object>
  <Object name="Spout20">
    <AbsoluteLocation value="-1.464293 -6.279284"/>
    <Properties>
      <Property name="Angle" value="-4.03909"/>
      <Property name="Filename" value="/Objects/shower_head.hs"/>
      <Property name="FluidType" value="Water"/>
      <Property name="NumberParticles" value="0"/>
      <Property name="Parent" value="Object8"/>
      <Property name="ParticleSpeed" value="30"/>
      <Property name="ParticlesPerSecond" value="10"/>
      <Property name="Type" value="spout"/>
    </Properties>
  </Object>
  <Object name="Spout19">
    <AbsoluteLocation value="-15.270338 -4.972004"/>
    <Properties>
      <Property name="Angle" value="-284.126"/>
      <Property name="ConnectedSpout0" value="Spout20"/>
      <Property name="ConnectedSpoutProbability0" value="1"/>
      <Property name="Filename" value="/Objects/basic_drain.hs"/>
      <Property name="Parent" value="Object8"/>
      <Property name="Type" value="spout"/>
    </Properties>
  </Object>
  <Object name="Object48">
    <AbsoluteLocation value="-33.031250 12.875000"/>
    <Properties>
      <Property name="Angle" value="0"/>
      <Property name="Filename" value="/Objects/pipe_straight_long.hs"/>
    </Properties>
  </Object>
  <Object name="Object49">
    <AbsoluteLocation value="-26.875000 12.196674"/>
    <Properties>
      <Property name="Angle" value="-359.773"/>
      <Property name="Filename" value="/Objects/pipe_elbow_1.hs"/>
    </Properties>
  </Object>
  <Object name="Object50">
    <AbsoluteLocation value="-41.593750 12.906250"/>
    <Properties>
      <Property name="Angle" value="0"/>
      <Property name="Filename" value="/Objects/pipe_straight_long.hs"/>
    </Properties>
  </Object>
  <Object name="Object54">
    <AbsoluteLocation value="-9.415152 17.223019"/>
    <Properties>
      <Property name="Angle" value="139.705"/>
      <Property name="Filename" value="/Objects/pipe_straight_short.hs"/>
    </Properties>
  </Object>
  <Object name="Object53">
    <AbsoluteLocation value="-10.132420 17.875994"/>
    <Properties>
      <Property name="Angle" value="-227.258"/>
      <Property name="Filename" value="/Objects/pipe_connector_end.hs"/>
    </Properties>
  </Object>
  <Object name="Spout14">
    <AbsoluteLocation value="-1.917305 -16.205709"/>
    <Properties>
      <Property name="Angle" value="-29.2173"/>
      <Property name="Filename" value="/Objects/shower_head.hs"/>
      <Property name="FluidType" value="Water"/>
      <Property name="NumberParticles" value="0"/>
      <Property name="Parent" value="Object8"/>
      <Property name="ParticleSpeed" value="40"/>
      <Property name="Type" value="spout"/>
    </Properties>
  </Object>
  <Object name="Spout10">
    <AbsoluteLocation value="-26.250000 9.000000"/>
    <Properties>
      <Property name="Angle" value="-90.7025"/>
      <Property name="Filename" value="/Objects/shower_head.hs"/>
      <Property name="FluidType" value="Water"/>
      <Property name="ParticleSpeed" value="30"/>
      <Property name="ParticlesPerSecond" value="7"/>
      <Property name="Timer0" value="1 1"/>
      <Property name="Timer1" value="0 3.0"/>
      <Property name="Type" value="spout"/>
    </Properties>
  </Object>
  <Object name="Object78">
    <AbsoluteLocation value="-4.873791 19.207863"/>
    <Properties>
      <Property name="Angle" value="-121.867"/>
      <Property name="Filename" value="/Objects/pipe_straight.hs"/>
    </Properties>
  </Object>
  <Object name="Object79">
    <AbsoluteLocation value="-7.475081 16.538292"/>
    <Properties>
      <Property name="Angle" value="-127.896"/>
      <Property name="Filename" value="/Objects/pipe_elbow_1.hs"/>
    </Properties>
  </Object>
  <Object name="Spout6">
    <AbsoluteLocation value="-2.800000 22.400000"/>
    <Properties>
      <Property name="Angle" value="-30"/>
      <Property name="ConnectedSpout0" value="SWAMPY_SPOUT"/>
      <Property name="ConnectedSpoutProbability0" value="1"/>
      <Property name="Filename" value="/Objects/broken_pipe.hs"/>
      <Property name="Type" value="spout"/>
    </Properties>
  </Object>
  <Object name="Object81">
    <AbsoluteLocation value="11.682716 12.596061"/>
    <Properties>
      <Property name="Angle" value="90.5369"/>
      <Property name="Filename" value="/Objects/pipe_straight.hs"/>
    </Properties>
  </Object>
  <Object name="Spout59">
    <AbsoluteLocation value="11.721561 7.746355"/>
    <Properties>
      <Property name="Angle" value="181.714"/>
      <Property name="ConnectedSpout0" value="Spout60"/>
      <Property name="ConnectedSpoutProbability0" value="1"/>
      <Property name="Filename" value="/Objects/basic_drain.hs"/>
      <Property name="Type" value="spout"/>
    </Properties>
  </Object>
  <Object name="Object83">
    <AbsoluteLocation value="21.723932 -12.865398"/>
    <Properties>
      <Property name="Angle" value="15.0472"/>
      <Property name="Filename" value="/Objects/pipe_straight_short.hs"/>
    </Properties>
  </Object>
  <Object name="Object84">
    <AbsoluteLocation value="22.757095 18.117664"/>
    <Properties>
      <Property name="Angle" value="0.753334"/>
      <Property name="Filename" value="/Objects/pipe_straight_long.hs"/>
    </Properties>
  </Object>
  <Object name="Object85">
    <AbsoluteLocation value="18.721811 -12.932096"/>
    <Properties>
      <Property name="Angle" value="-166.419"/>
      <Property name="Filename" value="/Objects/pipe_elbow_2.hs"/>
    </Properties>
  </Object>
  <Object name="Object93">
    <AbsoluteLocation value="27.826235 18.799948"/>
    <Properties>
      <Property name="Angle" value="-89.3473"/>
      <Property name="Filename" value="/Objects/pipe_elbow_2.hs"/>
    </Properties>
  </Object>
  <Object name="Spout60">
    <AbsoluteLocation value="28.406250 22.125000"/>
    <Properties>
      <Property name="Angle" value="102.193"/>
      <Property name="Filename" value="/Objects/shower_head.hs"/>
      <Property name="FluidType" value="Water"/>
      <Property name="NumberParticles" value="0"/>
      <Property name="ParticleSpeed" value="25"/>
      <Property name="ParticlesPerSecond" value="7"/>
      <Property name="Type" value="spout"/>
    </Properties>
  </Object>
  <Object name="Object97">
    <AbsoluteLocation value="-23.909973 -22.897331"/>
    <Properties>
      <Property name="Angle" value="-270.406"/>
      <Property name="Filename" value="/Objects/pipe_spout_base.hs"/>
      <Property name="Parent" value="Object7"/>
    </Properties>
  </Object>
  <Object name="Object25">
    <AbsoluteLocation value="-20.702492 -21.115688"/>
    <Properties>
      <Property name="Angle" value="-282.329"/>
      <Property name="Filename" value="/Objects/pipe_straight.hs"/>
      <Property name="Parent" value="Object7"/>
    </Properties>
  </Object>
  <Object name="Object77">
    <AbsoluteLocation value="-16.981033 -23.365910"/>
    <Properties>
      <Property name="Angle" value="-358.723"/>
      <Property name="Filename" value="/Objects/pipe_straight_short.hs"/>
      <Property name="Parent" value="Object7"/>
    </Properties>
  </Object>
  <Object name="Object73">
    <AbsoluteLocation value="-20.681370 -25.900642"/>
    <Properties>
      <Property name="Angle" value="-253.946"/>
      <Property name="Filename" value="/Objects/pipe_straight.hs"/>
      <Property name="Parent" value="Object7"/>
    </Properties>
  </Object>
  <Object name="Spout12">
    <AbsoluteLocation value="-18.349724 -30.112610"/>
    <Properties>
      <Property name="Angle" value="-32.8542"/>
      <Property name="Filename" value="/Objects/shower_head.hs"/>
      <Property name="FluidType" value="Water"/>
      <Property name="NumberParticles" value="0"/>
      <Property name="Parent" value="Object7"/>
      <Property name="ParticleSpeed" value="40"/>
      <Property name="ParticlesPerSecond" value="4"/>
      <Property name="Type" value="spout"/>
    </Properties>
  </Object>
  <Object name="Spout11">
    <AbsoluteLocation value="-18.405159 -17.223816"/>
    <Properties>
      <Property name="Angle" value="-51.1014"/>
      <Property name="ConnectedSpout0" value="Spout12"/>
      <Property name="ConnectedSpoutProbability0" value="1"/>
      <Property name="Filename" value="/Objects/basic_drain.hs"/>
      <Property name="Parent" value="Object7"/>
      <Property name="Type" value="spout"/>
    </Properties>
  </Object>
  <Object name="Object96">
    <AbsoluteLocation value="-17.345879 -23.150795"/>
    <Properties>
      <Property name="Angle" value="-89.6955"/>
      <Property name="Filename" value="/Objects/pipe_spout_base.hs"/>
      <Property name="Parent" value="Object7"/>
    </Properties>
  </Object>
  <Object name="Spout58">
    <AbsoluteLocation value="-13.888786 -22.482746"/>
    <Properties>
      <Property name="Angle" value="36.5547"/>
      <Property name="Filename" value="/Objects/shower_head.hs"/>
      <Property name="FluidType" value="Water"/>
      <Property name="NumberParticles" value="0"/>
      <Property name="Parent" value="Object7"/>
      <Property name="ParticleSpeed" value="40"/>
      <Property name="ParticlesPerSecond" value="4"/>
      <Property name="Type" value="spout"/>
    </Properties>
  </Object>
  <Object name="Spout57">
    <AbsoluteLocation value="-26.174973 -9.312264"/>
    <Properties>
      <Property name="Angle" value="-35.3884"/>
      <Property name="ConnectedSpout0" value="Spout58"/>
      <Property name="ConnectedSpoutProbability0" value="1"/>
      <Property name="Filename" value="/Objects/basic_drain.hs"/>
      <Property name="Parent" value="Object7"/>
      <Property name="Type" value="spout"/>
    </Properties>
  </Object>
  <Object name="Object74">
    <AbsoluteLocation value="-11.985703 -13.849586"/>
    <Properties>
      <Property name="Angle" value="90"/>
      <Property name="Filename" value="/Objects/pipe_spout_base.hs"/>
      <Property name="Parent" value="Object8"/>
    </Properties>
  </Object>
  <Object name="Object75">
    <AbsoluteLocation value="-5.016008 -13.912088"/>
    <Properties>
      <Property name="Angle" value="270"/>
      <Property name="Filename" value="/Objects/pipe_spout_base.hs"/>
      <Property name="Parent" value="Object8"/>
    </Properties>
  </Object>
  <Object name="Object76">
    <AbsoluteLocation value="-5.000299 -5.951479"/>
    <Properties>
      <Property name="Angle" value="270"/>
      <Property name="Filename" value="/Objects/pipe_spout_base.hs"/>
      <Property name="Parent" value="Object8"/>
    </Properties>
  </Object>
  <Object name="Object95">
    <AbsoluteLocation value="-11.836274 -5.874290"/>
    <Properties>
      <Property name="Angle" value="90"/>
      <Property name="Filename" value="/Objects/pipe_spout_base.hs"/>
      <Property name="Parent" value="Object8"/>
    </Properties>
  </Object>
  <Object name="Spout61">
    <AbsoluteLocation value="17.885941 -9.668304"/>
    <Properties>
      <Property name="Angle" value="-7.77258"/>
      <Property name="ConnectedSpout0" value="Spout72"/>
      <Property name="ConnectedSpoutProbability0" value="1"/>
      <Property name="Filename" value="/Objects/basic_drain.hs"/>
      <Property name="Type" value="spout"/>
    </Properties>
  </Object>
  <Object name="Spout13">
    <AbsoluteLocation value="-15.242575 -13.751845"/>
    <Properties>
      <Property name="Angle" value="-269.534"/>
      <Property name="ConnectedSpout0" value="Spout14"/>
      <Property name="ConnectedSpoutProbability0" value="1"/>
      <Property name="Filename" value="/Objects/basic_drain.hs"/>
      <Property name="Parent" value="Object8"/>
      <Property name="Type" value="spout"/>
    </Properties>
  </Object>
  <Object name="Object98">
    <AbsoluteLocation value="23.552626 -12.396013"/>
    <Properties>
      <Property name="Angle" value="12.9005"/>
      <Property name="Filename" value="/Objects/pipe_straight_short.hs"/>
    </Properties>
  </Object>
  <Object name="Spout72">
    <AbsoluteLocation value="26.436611 -12.279041"/>
    <Properties>
      <Property name="Angle" value="359.704"/>
      <Property name="Filename" value="/Objects/shower_head.hs"/>
      <Property name="FluidType" value="Water"/>
      <Property name="NumberParticles" value="0"/>
      <Property name="Type" value="spout"/>
    </Properties>
  </Object>
  <Object name="Object99">
    <AbsoluteLocation value="-20.474323 -20.053049"/>
    <Properties>
      <Property name="Angle" value="-360.396"/>
      <Property name="Filename" value="/Objects/pipe_spout_base.hs"/>
      <Property name="Parent" value="Object7"/>
    </Properties>
  </Object>
  <Object name="Object100">
    <AbsoluteLocation value="-20.167793 -26.398636"/>
    <Properties>
      <Property name="Angle" value="-539.967"/>
      <Property name="Filename" value="/Objects/pipe_spout_base.hs"/>
      <Property name="Parent" value="Object7"/>
    </Properties>
  </Object>
  <Object name="Object67">
    <AbsoluteLocation value="25.725176 -36.425053"/>
    <Properties>
      <Property name="Angle" value="-258.776"/>
      <Property name="Filename" value="/Objects/pipe_straight_short.hs"/>
    </Properties>
  </Object>
  <Object name="Object82">
    <AbsoluteLocation value="25.956478 -39.052296"/>
    <Properties>
      <Property name="Angle" value="-75.7812"/>
      <Property name="Filename" value="/Objects/pipe_bend_1.hs"/>
    </Properties>
  </Object>
  <Object name="Object86">
    <AbsoluteLocation value="19.652533 -39.044258"/>
    <Properties>
      <Property name="Angle" value="-208.877"/>
      <Property name="Filename" value="/Objects/pipe_bend_1.hs"/>
    </Properties>
  </Object>
  <Object name="Object66">
    <AbsoluteLocation value="23.165543 -40.675835"/>
    <Properties>
      <Property name="Angle" value="50.7331"/>
      <Property name="Filename" value="/Objects/pipe_connector_90.hs"/>
    </Properties>
  </Object>
  <Object name="Spout17">
    <AbsoluteLocation value="25.000000 -33.250000"/>
    <Properties>
      <Property name="Angle" value="14.2541"/>
      <Property name="ConnectedSpout0" value="Spout18"/>
      <Property name="ConnectedSpoutProbability0" value="1"/>
      <Property name="Filename" value="/Objects/basic_drain.hs"/>
      <Property name="Parent" value="Object10"/>
      <Property name="Type" value="spout"/>
    </Properties>
  </Object>
  <Object name="Object65">
    <AbsoluteLocation value="19.153137 -36.898914"/>
    <Properties>
      <Property name="Angle" value="-82.1431"/>
      <Property name="Filename" value="/Objects/pipe_straight_short.hs"/>
    </Properties>
  </Object>
  <Object name="Spout18">
    <AbsoluteLocation value="18.694977 -33.192513"/>
    <Properties>
      <Property name="Angle" value="100"/>
      <Property name="Filename" value="/Objects/shower_head.hs"/>
      <Property name="FluidType" value="Water"/>
      <Property name="NumberParticles" value="0"/>
      <Property name="Parent" value="Object10"/>
      <Property name="ParticleSpeed" value="80"/>
      <Property name="ParticlesPerSecond" value="15"/>
      <Property name="Type" value="spout"/>
    </Properties>
  </Object>
  <Object name="Object88">
    <AbsoluteLocation value="-30.641806 -18.783930"/>
    <Properties>
      <Property name="Angle" value="-43.6321"/>
      <Property name="Filename" value="/Objects/pipe_connector_90.hs"/>
      <Property name="Parent" value="Object7"/>
    </Properties>
  </Object>
  <Object name="Object8">
    <AbsoluteLocation value="-8.479515 -13.061544"/>
    <Properties>
      <Property name="Angle" value="90"/>
      <Property name="Filename" value="/Objects/wall_16x8_sliding.hs"/>
      <Property name="PathPos0" value="0 0"/>
      <Property name="PathPos1" value="0 18"/>
    </Properties>
  </Object>
  <Object name="Object72">
    <AbsoluteLocation value="17.103191 18.022823"/>
    <Properties>
      <Property name="Angle" value="1.33971"/>
      <Property name="Filename" value="/Objects/pipe_straight.hs"/>
    </Properties>
  </Object>
  <Object name="Object87">
    <AbsoluteLocation value="12.810488 16.749224"/>
    <Properties>
      <Property name="Angle" value="-90.4416"/>
      <Property name="Filename" value="/Objects/pipe_connector_90.hs"/>
    </Properties>
  </Object>
  <Object name="Object7">
    <AbsoluteLocation value="-20.625000 -23.114418"/>
    <Properties>
      <Property name="Angle" value="0"/>
      <Property name="Filename" value="/Objects/wall_8x8_locking.hs"/>
      <Property name="PathPos0" value="0 0"/>
      <Property name="PathPos1" value="0 -18"/>
    </Properties>
  </Object>
  <Room>
    <AbsoluteLocation value="-19.599998 28.399998"/>
  </Room>
  <Properties>
    <Property name="ShowTopEdge" value="1"/>
  </Properties>
</Objects>
