<?xml version="1.0"?>
<Objects>
  <Object name="Object42">
    <AbsoluteLocation value="24.705038 -44.309803"/>
    <Properties>
      <Property name="Angle" value="-180.294"/>
      <Property name="Filename" value="/Objects/pipe_straight_short.hs"/>
    </Properties>
  </Object>
  <Object name="Object75">
    <AbsoluteLocation value="27.150993 -43.608620"/>
    <Properties>
      <Property name="Angle" value="270.553"/>
      <Property name="Filename" value="/Objects/pipe_elbow_1.hs"/>
    </Properties>
  </Object>
  <Object name="Spout3">
    <AbsoluteLocation value="22.407085 -44.034260"/>
    <Properties>
      <Property name="Angle" value="447.283"/>
      <Property name="ConnectedSpout0" value="SWAMPY_SPOUT"/>
      <Property name="ConnectedSpoutProbability0" value="1"/>
      <Property name="Filename" value="/Objects/broken_pipe.hs"/>
      <Property name="Type" value="spout"/>
      <Property name="particlespersecond" value="3"/>
    </Properties>
  </Object>
  <Object name="Ducky4">
    <AbsoluteLocation value="0.324047 26.039968"/>
    <Properties>
      <Property name="Angle" value="0"/>
      <Property name="Filename" value="/Objects/star_frankenweenie_ducks.hs"/>
      <Property name="Parent" value="Object33"/>
      <Property name="Type" value="star"/>
    </Properties>
  </Object>
  <Object name="Ducky5">
    <AbsoluteLocation value="-23.189583 0.804176"/>
    <Properties>
      <Property name="Angle" value="-1.00717"/>
      <Property name="Filename" value="/Objects/star_frankenweenie_ducks.hs"/>
      <Property name="Parent" value="Object33"/>
      <Property name="Type" value="star"/>
    </Properties>
  </Object>
  <Object name="Ducky6">
    <AbsoluteLocation value="8.302917 -37.565472"/>
    <Properties>
      <Property name="Angle" value="0"/>
      <Property name="Filename" value="/Objects/star_frankenweenie_ducks.hs"/>
      <Property name="Parent" value="Object33"/>
      <Property name="Type" value="star"/>
    </Properties>
  </Object>
  <Object name="Object102">
    <AbsoluteLocation value="21.828991 74.138596"/>
    <Properties>
      <Property name="Angle" value="79.3928"/>
      <Property name="Filename" value="/Objects/pipe_straight_long.hs"/>
    </Properties>
  </Object>
  <Object name="Spout25">
    <AbsoluteLocation value="20.703571 67.520309"/>
    <Properties>
      <Property name="Angle" value="-97.2713"/>
      <Property name="Filename" value="/Objects/shower_head.hs"/>
      <Property name="FluidType" value="Water"/>
      <Property name="OffsetVariation" value="0"/>
      <Property name="ParticlesSpeed" value="25"/>
      <Property name="ParticplesPerSecond" value="10"/>
      <Property name="Type" value="spout"/>
    </Properties>
  </Object>
  <Object name="Bomb63">
    <AbsoluteLocation value="-24.771875 -37.384377"/>
    <Properties>
      <Property name="Angle" value="0"/>
      <Property name="Filename" value="/Objects/bomb.hs"/>
      <Property name="Type" value="bomb"/>
    </Properties>
  </Object>
  <Object name="Bomb65">
    <AbsoluteLocation value="-31.845932 -31.189434"/>
    <Properties>
      <Property name="Angle" value="0"/>
      <Property name="Filename" value="/Objects/bomb.hs"/>
      <Property name="Type" value="bomb"/>
    </Properties>
  </Object>
  <Object name="Bomb66">
    <AbsoluteLocation value="-16.650002 -39.881252"/>
    <Properties>
      <Property name="Angle" value="0"/>
      <Property name="Filename" value="/Objects/bomb.hs"/>
      <Property name="Type" value="bomb"/>
    </Properties>
  </Object>
  <Object name="Bomb68">
    <AbsoluteLocation value="-12.483910 -15.385143"/>
    <Properties>
      <Property name="Angle" value="0"/>
      <Property name="Filename" value="/Objects/bomb.hs"/>
      <Property name="Type" value="bomb"/>
    </Properties>
  </Object>
  <Object name="Object39">
    <AbsoluteLocation value="27.812698 -33.250916"/>
    <Properties>
      <Property name="Angle" value="-89.6342"/>
      <Property name="Filename" value="/Objects/pipe_straight.hs"/>
    </Properties>
  </Object>
  <Object name="Object40">
    <AbsoluteLocation value="27.832241 -39.302368"/>
    <Properties>
      <Property name="Angle" value="-90"/>
      <Property name="Filename" value="/Objects/pipe_straight.hs"/>
    </Properties>
  </Object>
  <Object name="Bomb18">
    <AbsoluteLocation value="-24.242682 -28.119808"/>
    <Properties>
      <Property name="Angle" value="0"/>
      <Property name="Filename" value="/Objects/bomb.hs"/>
      <Property name="Type" value="bomb"/>
    </Properties>
  </Object>
  <Object name="Bomb19">
    <AbsoluteLocation value="-31.583786 2.484596"/>
    <Properties>
      <Property name="Angle" value="-0.618275"/>
      <Property name="Filename" value="/Objects/bomb.hs"/>
      <Property name="Type" value="bomb"/>
    </Properties>
  </Object>
  <Object name="Bomb21">
    <AbsoluteLocation value="-14.377148 1.607635"/>
    <Properties>
      <Property name="Angle" value="0"/>
      <Property name="Filename" value="/Objects/bomb.hs"/>
      <Property name="Type" value="bomb"/>
    </Properties>
  </Object>
  <Object name="Bomb22">
    <AbsoluteLocation value="-31.727871 -7.259262"/>
    <Properties>
      <Property name="Angle" value="0"/>
      <Property name="Filename" value="/Objects/bomb.hs"/>
      <Property name="Type" value="bomb"/>
    </Properties>
  </Object>
  <Object name="Bomb23">
    <AbsoluteLocation value="-31.279922 -17.595005"/>
    <Properties>
      <Property name="Angle" value="0"/>
      <Property name="Filename" value="/Objects/bomb.hs"/>
      <Property name="Type" value="bomb"/>
    </Properties>
  </Object>
  <Object name="Bomb25">
    <AbsoluteLocation value="-23.620003 9.576298"/>
    <Properties>
      <Property name="Angle" value="0"/>
      <Property name="Filename" value="/Objects/bomb.hs"/>
      <Property name="Type" value="bomb"/>
    </Properties>
  </Object>
  <Object name="Bomb26">
    <AbsoluteLocation value="18.800001 18.800001"/>
    <Properties>
      <Property name="Angle" value="0"/>
      <Property name="Filename" value="/Objects/bomb.hs"/>
      <Property name="Type" value="bomb"/>
    </Properties>
  </Object>
  <Object name="Bomb27">
    <AbsoluteLocation value="-7.401936 21.610909"/>
    <Properties>
      <Property name="Angle" value="0"/>
      <Property name="Filename" value="/Objects/bomb.hs"/>
      <Property name="Type" value="bomb"/>
    </Properties>
  </Object>
  <Object name="Bomb28">
    <AbsoluteLocation value="-15.600000 13.199999"/>
    <Properties>
      <Property name="Angle" value="0"/>
      <Property name="Filename" value="/Objects/bomb.hs"/>
      <Property name="Type" value="bomb"/>
    </Properties>
  </Object>
  <Object name="Switch28">
    <AbsoluteLocation value="0.000000 10.800000"/>
    <Properties>
      <Property name="Angle" value="0"/>
      <Property name="ConnectedObject0" value="Object29"/>
      <Property name="Filename" value="/Objects/switch_frankenweenie.hs"/>
      <Property name="Type" value="switch"/>
    </Properties>
  </Object>
  <Object name="Object31">
    <AbsoluteLocation value="-2.343750 -33.234375"/>
    <Properties>
      <Property name="Angle" value="0"/>
      <Property name="Filename" value="/Objects/path_vertical_locking_mid.hs"/>
    </Properties>
  </Object>
  <Object name="Object32">
    <AbsoluteLocation value="-2.328125 -28.328125"/>
    <Properties>
      <Property name="Angle" value="0"/>
      <Property name="Filename" value="/Objects/path_vertical_locking_mid.hs"/>
    </Properties>
  </Object>
  <Object name="Object34">
    <AbsoluteLocation value="-2.453125 -43.015625"/>
    <Properties>
      <Property name="Angle" value="0"/>
      <Property name="Filename" value="/Objects/path_vertical_locking_mid.hs"/>
    </Properties>
  </Object>
  <Object name="Object35">
    <AbsoluteLocation value="-2.484375 -38.062500"/>
    <Properties>
      <Property name="Angle" value="0"/>
      <Property name="Filename" value="/Objects/path_vertical_locking_mid.hs"/>
    </Properties>
  </Object>
  <Object name="Object36">
    <AbsoluteLocation value="-2.468750 -47.921875"/>
    <Properties>
      <Property name="Angle" value="0"/>
      <Property name="Filename" value="/Objects/path_vertical_locking_mid.hs"/>
    </Properties>
  </Object>
  <Object name="Object37">
    <AbsoluteLocation value="23.563089 83.318916"/>
    <Properties>
      <Property name="Angle" value="79.3928"/>
      <Property name="Filename" value="/Objects/pipe_straight_long.hs"/>
    </Properties>
  </Object>
  <Object name="Bomb38">
    <AbsoluteLocation value="-16.968285 20.646107"/>
    <Properties>
      <Property name="Angle" value="0"/>
      <Property name="Filename" value="/Objects/bomb.hs"/>
      <Property name="Type" value="bomb"/>
    </Properties>
  </Object>
  <Object name="Object38">
    <AbsoluteLocation value="-2.325104 -24.385273"/>
    <Properties>
      <Property name="Angle" value="0"/>
      <Property name="Filename" value="/Objects/path_vertical_locking_end_top.hs"/>
    </Properties>
  </Object>
  <Object name="Object29">
    <AbsoluteLocation value="-3.315624 -30.268749"/>
    <Properties>
      <Property name="Angle" value="-90"/>
      <Property name="Filename" value="/Objects/wall_24x8_frankenweenie.hs"/>
      <Property name="MotorMoveSpeed" value="3"/>
      <Property name="MotorTurnSpeed" value="0"/>
      <Property name="PathPos0" value="0 0"/>
      <Property name="PathPos1" value="0 -22"/>
    </Properties>
  </Object>
  <Object name="Object41">
    <AbsoluteLocation value="27.347860 -28.821985"/>
    <Properties>
      <Property name="Angle" value="-73.9184"/>
      <Property name="Filename" value="/Objects/pipe_straight_short.hs"/>
    </Properties>
  </Object>
  <Object name="Object90">
    <AbsoluteLocation value="26.494341 -27.522837"/>
    <Properties>
      <Property name="Angle" value="132.243"/>
      <Property name="Filename" value="/Objects/pipe_connector_end.hs"/>
    </Properties>
  </Object>
  <Object name="Object44">
    <AbsoluteLocation value="32.636425 87.840347"/>
    <Properties>
      <Property name="Angle" value="-9.51323"/>
      <Property name="Filename" value="/Objects/pipe_straight_long.hs"/>
    </Properties>
  </Object>
  <Object name="Object45">
    <AbsoluteLocation value="41.848179 86.281837"/>
    <Properties>
      <Property name="Angle" value="-9.51323"/>
      <Property name="Filename" value="/Objects/pipe_straight_long.hs"/>
    </Properties>
  </Object>
  <Object name="Object43">
    <AbsoluteLocation value="25.787186 87.821495"/>
    <Properties>
      <Property name="Angle" value="-102.137"/>
      <Property name="Filename" value="/Objects/pipe_connector_90.hs"/>
    </Properties>
  </Object>
  <Room>
    <AbsoluteLocation value="14.800001 -19.600004"/>
  </Room>
</Objects>
