<?xml version="1.0"?>
<Objects>
  <Object name="Ducky3">
    <AbsoluteLocation value="-1.557945 -5.449112"/>
    <Properties>
      <Property name="Angle" value="0"/>
      <Property name="Filename" value="/Objects/star_frankenweenie_ducks.hs"/>
      <Property name="Type" value="star"/>
    </Properties>
  </Object>
  <Object name="Ducky4">
    <AbsoluteLocation value="-21.040199 -44.048248"/>
    <Properties>
      <Property name="Angle" value="0"/>
      <Property name="Filename" value="/Objects/star_frankenweenie_ducks.hs"/>
      <Property name="Type" value="star"/>
    </Properties>
  </Object>
  <Object name="Ducky5">
    <AbsoluteLocation value="0.315327 13.642342"/>
    <Properties>
      <Property name="Angle" value="0"/>
      <Property name="Filename" value="/Objects/star_frankenweenie_ducks.hs"/>
      <Property name="Type" value="star"/>
    </Properties>
  </Object>
  <Object name="Object21">
    <AbsoluteLocation value="8.381027 -44.852119"/>
    <Properties>
      <Property name="Angle" value="-109.699"/>
      <Property name="Filename" value="/Objects/pipe_elbow_2.hs"/>
    </Properties>
  </Object>
  <Object name="Object22">
    <AbsoluteLocation value="9.757828 -43.062313"/>
    <Properties>
      <Property name="Angle" value="71.2679"/>
      <Property name="Filename" value="/Objects/pipe_connector_end.hs"/>
    </Properties>
  </Object>
  <Object name="Spout32">
    <AbsoluteLocation value="5.244263 -44.705265"/>
    <Properties>
      <Property name="Angle" value="-278.685"/>
      <Property name="ConnectedSpout0" value="SWAMPY_SPOUT"/>
      <Property name="ConnectedSpoutProbability0" value="1"/>
      <Property name="Filename" value="/Objects/broken_pipe.hs"/>
      <Property name="Type" value="spout"/>
    </Properties>
  </Object>
  <Room>
    <AbsoluteLocation value="16.400003 -31.600006"/>
  </Room>
</Objects>
