<?xml version="1.0"?>
<Objects>
  <Object name="Object16">
    <AbsoluteLocation value="-30.254982 -43.057827"/>
    <Properties>
      <Property name="Angle" value="172.905"/>
      <Property name="Filename" value="/Objects/pipe_elbow_1.hs"/>
    </Properties>
  </Object>
  <Object name="Spout32">
    <AbsoluteLocation value="-27.591877 -43.121967"/>
    <Properties>
      <Property name="Angle" value="-70.9597"/>
      <Property name="ConnectedSpout0" value="SWAMPY_SPOUT"/>
      <Property name="ConnectedSpoutProbability0" value="1"/>
      <Property name="Filename" value="/Objects/broken_pipe.hs"/>
      <Property name="Type" value="spout"/>
    </Properties>
  </Object>
  <Object name="Ducky3">
    <AbsoluteLocation value="-24.678131 7.505440"/>
    <Properties>
      <Property name="Angle" value="0"/>
      <Property name="Filename" value="/Objects/star_frankenweenie_ducks.hs"/>
      <Property name="Type" value="star"/>
    </Properties>
  </Object>
  <Object name="Ducky4">
    <AbsoluteLocation value="-12.367153 -19.818924"/>
    <Properties>
      <Property name="Angle" value="0"/>
      <Property name="Filename" value="/Objects/star_frankenweenie_ducks.hs"/>
      <Property name="Type" value="star"/>
    </Properties>
  </Object>
  <Object name="Ducky5">
    <AbsoluteLocation value="23.791283 -41.464111"/>
    <Properties>
      <Property name="Angle" value="0"/>
      <Property name="Filename" value="/Objects/star_frankenweenie_ducks.hs"/>
      <Property name="Type" value="star"/>
    </Properties>
  </Object>
  <Object name="Object8">
    <AbsoluteLocation value="-17.885262 2.993484"/>
    <Properties>
      <Property name="Angle" value="0"/>
      <Property name="Filename" value="/Objects/pipe_straight_long.hs"/>
    </Properties>
  </Object>
  <Object name="Object9">
    <AbsoluteLocation value="-24.887760 2.981895"/>
    <Properties>
      <Property name="Angle" value="0"/>
      <Property name="Filename" value="/Objects/pipe_straight_long.hs"/>
    </Properties>
  </Object>
  <Object name="Object6">
    <AbsoluteLocation value="-12.285328 2.419224"/>
    <Properties>
      <Property name="Angle" value="-27.0446"/>
      <Property name="Filename" value="/Objects/pipe_connector_end.hs"/>
    </Properties>
  </Object>
  <Object name="Object10">
    <AbsoluteLocation value="-29.094051 2.237064"/>
    <Properties>
      <Property name="Angle" value="92.3557"/>
      <Property name="Filename" value="/Objects/pipe_elbow_1.hs"/>
    </Properties>
  </Object>
  <Object name="Object11">
    <AbsoluteLocation value="-29.821095 -2.498741"/>
    <Properties>
      <Property name="Angle" value="89.6086"/>
      <Property name="Filename" value="/Objects/pipe_straight_long.hs"/>
    </Properties>
  </Object>
  <Object name="Object12">
    <AbsoluteLocation value="-29.886169 -12.023697"/>
    <Properties>
      <Property name="Angle" value="89.7092"/>
      <Property name="Filename" value="/Objects/pipe_straight_long.hs"/>
    </Properties>
  </Object>
  <Object name="Object17">
    <AbsoluteLocation value="-30.392025 -38.535313"/>
    <Properties>
      <Property name="Angle" value="82.7378"/>
      <Property name="Filename" value="/Objects/pipe_straight.hs"/>
    </Properties>
  </Object>
  <Object name="Object18">
    <AbsoluteLocation value="-29.880375 -32.453583"/>
    <Properties>
      <Property name="Angle" value="87.8288"/>
      <Property name="Filename" value="/Objects/pipe_straight.hs"/>
    </Properties>
  </Object>
  <Object name="Object19">
    <AbsoluteLocation value="-29.752060 -26.180189"/>
    <Properties>
      <Property name="Angle" value="89.9241"/>
      <Property name="Filename" value="/Objects/pipe_straight.hs"/>
    </Properties>
  </Object>
  <Object name="Object20">
    <AbsoluteLocation value="-29.815418 -19.868464"/>
    <Properties>
      <Property name="Angle" value="92.2239"/>
      <Property name="Filename" value="/Objects/pipe_straight.hs"/>
    </Properties>
  </Object>
  <Object name="Collectible17">
    <AbsoluteLocation value="-21.963451 -34.378681"/>
    <Properties>
      <Property name="Angle" value="0"/>
      <Property name="Filename" value="/Objects/z_collectible_franken_02.hs"/>
      <Property name="Type" value="collectible"/>
    </Properties>
  </Object>
  <Room>
    <AbsoluteLocation value="0.400003 -4.400002"/>
  </Room>
</Objects>
