<?xml version="1.0"?>
<Objects>
  <Object name="Object25">
    <AbsoluteLocation value="31.300007 -35.900002"/>
    <Properties>
      <Property name="Angle" value="-43.8097"/>
      <Property name="Filename" value="/Objects/pipe_elbow_2.hs"/>
    </Properties>
  </Object>
  <Object name="Object10">
    <AbsoluteLocation value="32.317799 49.598370"/>
    <Properties>
      <Property name="Angle" value="-359.8"/>
      <Property name="Filename" value="/Objects/pipe_straight_long.hs"/>
    </Properties>
  </Object>
  <Object name="Object18">
    <AbsoluteLocation value="23.936550 49.578232"/>
    <Properties>
      <Property name="Angle" value="-359.8"/>
      <Property name="Filename" value="/Objects/pipe_straight_long.hs"/>
    </Properties>
  </Object>
  <Object name="Object23">
    <AbsoluteLocation value="15.911623 38.239120"/>
    <Properties>
      <Property name="Angle" value="90.9147"/>
      <Property name="Filename" value="/Objects/pipe_straight_long.hs"/>
    </Properties>
  </Object>
  <Object name="Object8">
    <AbsoluteLocation value="-23.981632 27.925081"/>
    <Properties>
      <Property name="Angle" value="-267.411"/>
      <Property name="Filename" value="/Objects/pipe_straight_long.hs"/>
    </Properties>
  </Object>
  <Object name="Spout3">
    <AbsoluteLocation value="29.599998 -33.200001"/>
    <Properties>
      <Property name="Angle" value="44.5303"/>
      <Property name="ConnectedSpout0" value="SWAMPY_SPOUT"/>
      <Property name="ConnectedSpoutProbability0" value="1"/>
      <Property name="Filename" value="/Objects/broken_pipe.hs"/>
      <Property name="Type" value="spout"/>
    </Properties>
  </Object>
  <Object name="Ducky5">
    <AbsoluteLocation value="19.640070 -2.046768"/>
    <Properties>
      <Property name="Angle" value="0"/>
      <Property name="Filename" value="/Objects/star.hs"/>
      <Property name="Type" value="star"/>
    </Properties>
  </Object>
  <Object name="Ducky6">
    <AbsoluteLocation value="-25.461964 -8.835121"/>
    <Properties>
      <Property name="Angle" value="0"/>
      <Property name="Filename" value="/Objects/star.hs"/>
      <Property name="Type" value="star"/>
    </Properties>
  </Object>
  <Object name="Ducky7">
    <AbsoluteLocation value="2.479883 -16.878889"/>
    <Properties>
      <Property name="Angle" value="0"/>
      <Property name="Filename" value="/Objects/star.hs"/>
      <Property name="Type" value="star"/>
    </Properties>
  </Object>
  <Object name="Object9">
    <AbsoluteLocation value="-31.826660 32.493011"/>
    <Properties>
      <Property name="Angle" value="0.176234"/>
      <Property name="Filename" value="/Objects/pipe_straight_long.hs"/>
    </Properties>
  </Object>
  <Object name="Object11">
    <AbsoluteLocation value="15.991264 42.623695"/>
    <Properties>
      <Property name="Angle" value="90.5679"/>
      <Property name="Filename" value="/Objects/pipe_straight_long.hs"/>
    </Properties>
  </Object>
  <Object name="Spout13">
    <AbsoluteLocation value="-23.426188 22.283516"/>
    <Properties>
      <Property name="Angle" value="-78.3371"/>
      <Property name="Filename" value="/Objects/touch_spout.hs"/>
      <Property name="FluidType" value="Water"/>
      <Property name="ParticlesPerSecond" value="20"/>
      <Property name="SprinklerSteps" value="4"/>
      <Property name="SprinklerWidth" value="1"/>
      <Property name="Type" value="spout"/>
    </Properties>
  </Object>
  <Object name="Object16">
    <AbsoluteLocation value="-24.992620 31.205547"/>
    <Properties>
      <Property name="Angle" value="-178.624"/>
      <Property name="Filename" value="/Objects/pipe_connector_90.hs"/>
    </Properties>
  </Object>
  <Object name="Object17">
    <AbsoluteLocation value="17.139008 48.172314"/>
    <Properties>
      <Property name="Angle" value="-89.2277"/>
      <Property name="Filename" value="/Objects/pipe_connector_90.hs"/>
    </Properties>
  </Object>
  <Object name="Object21">
    <AbsoluteLocation value="16.024939 44.129795"/>
    <Properties>
      <Property name="Angle" value="0"/>
      <Property name="Filename" value="/Objects/pipe_spout_base.hs"/>
    </Properties>
  </Object>
  <Object name="Object22">
    <AbsoluteLocation value="15.932484 36.950848"/>
    <Properties>
      <Property name="Angle" value="-179.74"/>
      <Property name="Filename" value="/Objects/pipe_spout_base.hs"/>
    </Properties>
  </Object>
  <Object name="FluidConverter19">
    <AbsoluteLocation value="16.013477 40.664082"/>
    <Properties>
      <Property name="Angle" value="-0.15411"/>
      <Property name="Filename" value="/Objects/converter_static_mud.hs"/>
      <Property name="FluidType" value="wetmud"/>
      <Property name="Type" value="fluidconverter"/>
    </Properties>
  </Object>
  <Object name="Object27">
    <AbsoluteLocation value="-41.295944 32.444744"/>
    <Properties>
      <Property name="Angle" value="0.176234"/>
      <Property name="Filename" value="/Objects/pipe_straight_long.hs"/>
    </Properties>
  </Object>
  <Object name="Object28">
    <AbsoluteLocation value="41.660984 49.605762"/>
    <Properties>
      <Property name="Angle" value="-359.8"/>
      <Property name="Filename" value="/Objects/pipe_straight_long.hs"/>
    </Properties>
  </Object>
  <Object name="Object29">
    <AbsoluteLocation value="29.831615 -38.298599"/>
    <Properties>
      <Property name="Angle" value="43.0082"/>
      <Property name="Filename" value="/Objects/pipe_straight_short.hs"/>
    </Properties>
  </Object>
  <Object name="Object13">
    <AbsoluteLocation value="27.686224 -40.216393"/>
    <Properties>
      <Property name="Angle" value="-138.479"/>
      <Property name="Filename" value="/Objects/pipe_into_wall_2.hs"/>
    </Properties>
  </Object>
  <Object name="Object31">
    <AbsoluteLocation value="-6.212099 -44.415852"/>
    <Properties>
      <Property name="Angle" value="-47.4131"/>
      <Property name="Filename" value="/Objects/pipe_straight_short.hs"/>
    </Properties>
  </Object>
  <Object name="Object26">
    <AbsoluteLocation value="-4.911942 -45.991352"/>
    <Properties>
      <Property name="Angle" value="314.389"/>
      <Property name="Filename" value="/Objects/pipe_into_wall_1.hs"/>
    </Properties>
  </Object>
  <Object name="Object24">
    <AbsoluteLocation value="-7.558315 -43.121296"/>
    <Properties>
      <Property name="Angle" value="135.263"/>
      <Property name="Filename" value="/Objects/pipe_connector_end.hs"/>
    </Properties>
  </Object>
  <Object name="Ducky36">
    <AbsoluteLocation value="-19.880386 -4.355621"/>
    <Properties>
      <Property name="Angle" value="-0.296104"/>
      <Property name="Filename" value="/Objects/star_baby.hs"/>
      <Property name="StarType" value="baby"/>
      <Property name="Type" value="star"/>
    </Properties>
  </Object>
  <Object name="Ducky35">
    <AbsoluteLocation value="-12.913910 -8.610622"/>
    <Properties>
      <Property name="Angle" value="-0.296104"/>
      <Property name="Filename" value="/Objects/star_baby.hs"/>
      <Property name="StarType" value="baby"/>
      <Property name="Type" value="star"/>
    </Properties>
  </Object>
  <Object name="Ducky34">
    <AbsoluteLocation value="-27.078125 -9.156250"/>
    <Properties>
      <Property name="Angle" value="-0.296104"/>
      <Property name="Filename" value="/Objects/star_baby.hs"/>
      <Property name="StarType" value="baby"/>
      <Property name="Type" value="star"/>
    </Properties>
  </Object>
  <Object name="Ducky33">
    <AbsoluteLocation value="-16.359375 -15.796875"/>
    <Properties>
      <Property name="Angle" value="0"/>
      <Property name="Filename" value="/Objects/star_baby.hs"/>
      <Property name="StarType" value="baby"/>
      <Property name="Type" value="star"/>
    </Properties>
  </Object>
  <Object name="Ducky32">
    <AbsoluteLocation value="13.812500 -1.531250"/>
    <Properties>
      <Property name="Angle" value="0"/>
      <Property name="Filename" value="/Objects/star_baby.hs"/>
      <Property name="StarType" value="baby"/>
      <Property name="Type" value="star"/>
    </Properties>
  </Object>
  <Object name="Ducky31">
    <AbsoluteLocation value="20.312500 -6.437500"/>
    <Properties>
      <Property name="Angle" value="0"/>
      <Property name="Filename" value="/Objects/star_baby.hs"/>
      <Property name="StarType" value="baby"/>
      <Property name="Type" value="star"/>
    </Properties>
  </Object>
  <Object name="Ducky30">
    <AbsoluteLocation value="25.200001 -19.600000"/>
    <Properties>
      <Property name="Angle" value="0"/>
      <Property name="Filename" value="/Objects/star_baby.hs"/>
      <Property name="StarType" value="baby"/>
      <Property name="Type" value="star"/>
    </Properties>
  </Object>
  <Object name="Ducky29">
    <AbsoluteLocation value="17.234375 -27.875000"/>
    <Properties>
      <Property name="Angle" value="0"/>
      <Property name="Filename" value="/Objects/star_baby.hs"/>
      <Property name="StarType" value="baby"/>
      <Property name="Type" value="star"/>
    </Properties>
  </Object>
  <Object name="Ducky28">
    <AbsoluteLocation value="23.312500 -32.921875"/>
    <Properties>
      <Property name="Angle" value="0"/>
      <Property name="Filename" value="/Objects/star_baby.hs"/>
      <Property name="StarType" value="baby"/>
      <Property name="Type" value="star"/>
    </Properties>
  </Object>
  <Object name="Ducky27">
    <AbsoluteLocation value="11.437500 -43.500000"/>
    <Properties>
      <Property name="Angle" value="0"/>
      <Property name="Filename" value="/Objects/star_baby.hs"/>
      <Property name="StarType" value="baby"/>
      <Property name="Type" value="star"/>
    </Properties>
  </Object>
  <Object name="Spout18">
    <AbsoluteLocation value="15.589327 31.922592"/>
    <Properties>
      <Property name="Angle" value="-93.6694"/>
      <Property name="Blockable" value="1"/>
      <Property name="ConnectedConverter" value="FluidConverter19"/>
      <Property name="Filename" value="/Objects/touch_spout_generic.hs"/>
      <Property name="FluidType" value="Water"/>
      <Property name="ParticlesPerSecond" value="20"/>
      <Property name="SprinklerSteps" value="3"/>
      <Property name="Type" value="spout"/>
    </Properties>
  </Object>
  <Room>
    <AbsoluteLocation value="-17.199997 -34.000000"/>
  </Room>
</Objects>
