<?xml version="1.0"?>
<Objects>
  <Object name="Object60">
    <AbsoluteLocation value="-16.218750 18.468750"/>
    <Properties>
      <Property name="Angle" value="-33.8573"/>
      <Property name="Filename" value="/Objects/pipe_bend_1.hs"/>
    </Properties>
  </Object>
  <Object name="Object52">
    <AbsoluteLocation value="-27.891441 -14.681002"/>
    <Properties>
      <Property name="Angle" value="112.384"/>
      <Property name="Filename" value="/Objects/pipe_bend_2.hs"/>
    </Properties>
  </Object>
  <Object name="Object51">
    <AbsoluteLocation value="-26.552948 -3.187725"/>
    <Properties>
      <Property name="Angle" value="113.375"/>
      <Property name="Filename" value="/Objects/pipe_bend_2.hs"/>
    </Properties>
  </Object>
  <Object name="Ducky15">
    <AbsoluteLocation value="20.994131 -12.425461"/>
    <Properties>
      <Property name="Angle" value="0"/>
      <Property name="Filename" value="/Objects/star_poison.hs"/>
      <Property name="Type" value="star"/>
    </Properties>
  </Object>
  <Object name="Ducky16">
    <AbsoluteLocation value="-25.994576 -25.481771"/>
    <Properties>
      <Property name="Angle" value="0"/>
      <Property name="Filename" value="/Objects/star_poison.hs"/>
      <Property name="Type" value="star"/>
    </Properties>
  </Object>
  <Object name="Ducky21">
    <AbsoluteLocation value="-12.301705 -29.995213"/>
    <Properties>
      <Property name="Angle" value="-0.0279765"/>
      <Property name="Filename" value="/Objects/star_poison.hs"/>
      <Property name="Type" value="star"/>
    </Properties>
  </Object>
  <Object name="Object23">
    <AbsoluteLocation value="-2.916428 33.833035"/>
    <Properties>
      <Property name="Angle" value="-88.9926"/>
      <Property name="Filename" value="/Objects/pipe_elbow_2.hs"/>
    </Properties>
  </Object>
  <Object name="Object24">
    <AbsoluteLocation value="5.619064 33.938454"/>
    <Properties>
      <Property name="Angle" value="-179.619"/>
      <Property name="Filename" value="/Objects/pipe_elbow_2.hs"/>
    </Properties>
  </Object>
  <Object name="Object25">
    <AbsoluteLocation value="1.282749 34.734112"/>
    <Properties>
      <Property name="Angle" value="-89.4562"/>
      <Property name="Filename" value="/Objects/pipe_straight.hs"/>
    </Properties>
  </Object>
  <Object name="Object27">
    <AbsoluteLocation value="1.560673 37.482578"/>
    <Properties>
      <Property name="Angle" value="0.728298"/>
      <Property name="Filename" value="/Objects/pipe_straight.hs"/>
    </Properties>
  </Object>
  <Object name="Spout10">
    <AbsoluteLocation value="8.858603 34.316105"/>
    <Properties>
      <Property name="Angle" value="-63.6274"/>
      <Property name="ConnectedSpout0" value="YSwitch8"/>
      <Property name="ConnectedSpoutProbability0" value="1"/>
      <Property name="Filename" value="/Objects/basic_drain.hs"/>
      <Property name="Type" value="spout"/>
    </Properties>
  </Object>
  <Object name="Spout9">
    <AbsoluteLocation value="-5.922646 34.272564"/>
    <Properties>
      <Property name="Angle" value="62.398"/>
      <Property name="ConnectedSpout0" value="YSwitch8"/>
      <Property name="ConnectedSpoutProbability0" value="1"/>
      <Property name="Filename" value="/Objects/basic_drain.hs"/>
      <Property name="Type" value="spout"/>
    </Properties>
  </Object>
  <Object name="Object29">
    <AbsoluteLocation value="6.738762 25.168591"/>
    <Properties>
      <Property name="Angle" value="-118.376"/>
      <Property name="Filename" value="/Objects/pipe_elbow_2.hs"/>
    </Properties>
  </Object>
  <Object name="Object30">
    <AbsoluteLocation value="-4.110428 25.254765"/>
    <Properties>
      <Property name="Angle" value="-145.841"/>
      <Property name="Filename" value="/Objects/pipe_elbow_2.hs"/>
    </Properties>
  </Object>
  <Object name="Object31">
    <AbsoluteLocation value="-18.321121 -8.309250"/>
    <Properties>
      <Property name="Angle" value="-92.0444"/>
      <Property name="Filename" value="/Objects/pipe_elbow_2.hs"/>
    </Properties>
  </Object>
  <Object name="Object32">
    <AbsoluteLocation value="-7.460541 27.919933"/>
    <Properties>
      <Property name="Angle" value="-44.4302"/>
      <Property name="Filename" value="/Objects/pipe_straight.hs"/>
    </Properties>
  </Object>
  <Object name="Object33">
    <AbsoluteLocation value="-10.165199 29.743984"/>
    <Properties>
      <Property name="Angle" value="43.9286"/>
      <Property name="Filename" value="/Objects/pipe_elbow_1.hs"/>
    </Properties>
  </Object>
  <Object name="Spout11">
    <AbsoluteLocation value="-12.908852 28.203388"/>
    <Properties>
      <Property name="Angle" value="-136.64"/>
      <Property name="Filename" value="/Objects/shower_head.hs"/>
      <Property name="FluidType" value="Water"/>
      <Property name="NumberParticles" value="0"/>
      <Property name="Type" value="spout"/>
    </Properties>
  </Object>
  <Object name="Object34">
    <AbsoluteLocation value="11.954144 29.992077"/>
    <Properties>
      <Property name="Angle" value="47.8127"/>
      <Property name="Filename" value="/Objects/pipe_elbow_1.hs"/>
    </Properties>
  </Object>
  <Object name="Object35">
    <AbsoluteLocation value="9.641071 28.078365"/>
    <Properties>
      <Property name="Angle" value="52.1388"/>
      <Property name="Filename" value="/Objects/pipe_straight.hs"/>
    </Properties>
  </Object>
  <Object name="Spout12">
    <AbsoluteLocation value="14.608603 28.178814"/>
    <Properties>
      <Property name="Angle" value="-41.5883"/>
      <Property name="Filename" value="/Objects/shower_head.hs"/>
      <Property name="FluidType" value="Water"/>
      <Property name="NumberParticles" value="0"/>
      <Property name="Type" value="spout"/>
    </Properties>
  </Object>
  <Object name="YSwitch8">
    <AbsoluteLocation value="1.483603 28.272564"/>
    <Properties>
      <Property name="Angle" value="0.554828"/>
      <Property name="ConnectedSpout0" value="Spout11"/>
      <Property name="ConnectedSpout1" value="Spout12"/>
      <Property name="ConnectedSpoutProbability0" value="0.5"/>
      <Property name="ConnectedSpoutProbability1" value="0.5"/>
      <Property name="Filename" value="/Objects/pipe_y_switch_toggle.hs"/>
      <Property name="FirstLeftSpout" value="0"/>
      <Property name="FirstRightSpout" value="1"/>
      <Property name="Type" value="yswitch"/>
    </Properties>
  </Object>
  <Object name="Object36">
    <AbsoluteLocation value="-18.213684 -5.559250"/>
    <Properties>
      <Property name="Angle" value="-1.96675"/>
      <Property name="Filename" value="/Objects/pipe_elbow_2.hs"/>
    </Properties>
  </Object>
  <Object name="Object37">
    <AbsoluteLocation value="-20.282169 -3.790465"/>
    <Properties>
      <Property name="Angle" value="161.52"/>
      <Property name="Filename" value="/Objects/pipe_elbow_1.hs"/>
    </Properties>
  </Object>
  <Object name="Object38">
    <AbsoluteLocation value="-19.702106 -1.539173"/>
    <Properties>
      <Property name="Angle" value="78.0822"/>
      <Property name="Filename" value="/Objects/pipe_elbow_1.hs"/>
    </Properties>
  </Object>
  <Object name="Object39">
    <AbsoluteLocation value="-17.062500 -1.312500"/>
    <Properties>
      <Property name="Angle" value="-8.55176"/>
      <Property name="Filename" value="/Objects/pipe_straight_short.hs"/>
    </Properties>
  </Object>
  <Object name="Spout17">
    <AbsoluteLocation value="-14.361946 -2.929955"/>
    <Properties>
      <Property name="Angle" value="-41.7757"/>
      <Property name="Filename" value="/Objects/shower_head.hs"/>
      <Property name="FluidType" value="Water"/>
      <Property name="NumberParticles" value="0"/>
      <Property name="Type" value="spout"/>
    </Properties>
  </Object>
  <Object name="Object41">
    <AbsoluteLocation value="-25.585567 -1.148067"/>
    <Properties>
      <Property name="Angle" value="61.5898"/>
      <Property name="Filename" value="/Objects/pipe_straight_short.hs"/>
    </Properties>
  </Object>
  <Object name="Spout18">
    <AbsoluteLocation value="-25.358513 1.675217"/>
    <Properties>
      <Property name="Angle" value="-1.26616"/>
      <Property name="ConnectedSpout0" value="YSwitch20"/>
      <Property name="ConnectedSpoutProbability0" value="1"/>
      <Property name="Filename" value="/Objects/basic_drain.hs"/>
      <Property name="Type" value="spout"/>
    </Properties>
  </Object>
  <Object name="Object43">
    <AbsoluteLocation value="-26.965136 -12.759815"/>
    <Properties>
      <Property name="Angle" value="59.5942"/>
      <Property name="Filename" value="/Objects/pipe_straight_short.hs"/>
    </Properties>
  </Object>
  <Object name="YSwitch20">
    <AbsoluteLocation value="-24.416618 -7.943388"/>
    <Properties>
      <Property name="Angle" value="26.6073"/>
      <Property name="ConnectedSpout0" value="Spout19"/>
      <Property name="ConnectedSpout1" value="Spout17"/>
      <Property name="ConnectedSpoutProbability0" value="0.5"/>
      <Property name="ConnectedSpoutProbability1" value="0.5"/>
      <Property name="Filename" value="/Objects/pipe_y_switch_toggle.hs"/>
      <Property name="FirstLeftSpout" value="0"/>
      <Property name="FirstRightSpout" value="1"/>
      <Property name="Type" value="yswitch"/>
    </Properties>
  </Object>
  <Object name="Object44">
    <AbsoluteLocation value="0.343750 -5.500000"/>
    <Properties>
      <Property name="Angle" value="-88.7444"/>
      <Property name="Filename" value="/Objects/pipe_straight_short.hs"/>
    </Properties>
  </Object>
  <Object name="Spout2">
    <AbsoluteLocation value="0.296103 -7.946186"/>
    <Properties>
      <Property name="Angle" value="181.104"/>
      <Property name="ConnectedSpout0" value="SWAMPY_SPOUT"/>
      <Property name="ConnectedSpoutProbability0" value="1"/>
      <Property name="Filename" value="/Objects/broken_pipe_cranky.hs"/>
      <Property name="Type" value="spout"/>
    </Properties>
  </Object>
  <Object name="Object45">
    <AbsoluteLocation value="15.235394 2.242077"/>
    <Properties>
      <Property name="Angle" value="97.5676"/>
      <Property name="Filename" value="/Objects/pipe_elbow_1.hs"/>
    </Properties>
  </Object>
  <Object name="Object46">
    <AbsoluteLocation value="24.812500 -0.906250"/>
    <Properties>
      <Property name="Angle" value="-49.4195"/>
      <Property name="Filename" value="/Objects/pipe_straight_short.hs"/>
    </Properties>
  </Object>
  <Object name="Object47">
    <AbsoluteLocation value="22.105949 9.293230"/>
    <Properties>
      <Property name="Angle" value="-64.5269"/>
      <Property name="Filename" value="/Objects/pipe_straight_short.hs"/>
    </Properties>
  </Object>
  <Object name="YSwitch3">
    <AbsoluteLocation value="21.389853 4.241314"/>
    <Properties>
      <Property name="Angle" value="-20.3655"/>
      <Property name="ConnectedSpout0" value="Spout6"/>
      <Property name="ConnectedSpout1" value="Spout7"/>
      <Property name="ConnectedSpoutProbability0" value="0.5"/>
      <Property name="ConnectedSpoutProbability1" value="0.5"/>
      <Property name="Filename" value="/Objects/pipe_y_switch_toggle.hs"/>
      <Property name="FirstLeftSpout" value="0"/>
      <Property name="FirstRightSpout" value="1"/>
      <Property name="Type" value="yswitch"/>
    </Properties>
  </Object>
  <Object name="Spout7">
    <AbsoluteLocation value="26.608604 -3.039936"/>
    <Properties>
      <Property name="Angle" value="-43.1733"/>
      <Property name="Filename" value="/Objects/shower_head.hs"/>
      <Property name="FluidType" value="Water"/>
      <Property name="NumberParticles" value="0"/>
      <Property name="Type" value="spout"/>
    </Properties>
  </Object>
  <Object name="Spout6">
    <AbsoluteLocation value="14.915152 -1.041259"/>
    <Properties>
      <Property name="Angle" value="-89.5919"/>
      <Property name="Filename" value="/Objects/shower_head.hs"/>
      <Property name="FluidType" value="Water"/>
      <Property name="NumberParticles" value="0"/>
      <Property name="Type" value="spout"/>
    </Properties>
  </Object>
  <Object name="Spout5">
    <AbsoluteLocation value="21.643850 12.375944"/>
    <Properties>
      <Property name="Angle" value="-0.0146437"/>
      <Property name="ConnectedSpout0" value="YSwitch3"/>
      <Property name="ConnectedSpoutProbability0" value="1"/>
      <Property name="Filename" value="/Objects/basic_drain.hs"/>
      <Property name="Type" value="spout"/>
    </Properties>
  </Object>
  <Object name="Object48">
    <AbsoluteLocation value="-27.994377 60.442513"/>
    <Properties>
      <Property name="Angle" value="-90.4901"/>
      <Property name="Filename" value="/Objects/pipe_straight_long.hs"/>
    </Properties>
  </Object>
  <Object name="Object49">
    <AbsoluteLocation value="28.127514 60.943108"/>
    <Properties>
      <Property name="Angle" value="90.8703"/>
      <Property name="Filename" value="/Objects/pipe_straight_long.hs"/>
    </Properties>
  </Object>
  <Object name="Object50">
    <AbsoluteLocation value="0.415947 -3.924267"/>
    <Properties>
      <Property name="Angle" value="-270.293"/>
      <Property name="Filename" value="/Objects/pipe_connector_end.hs"/>
    </Properties>
  </Object>
  <Object name="Object56">
    <AbsoluteLocation value="-19.177948 21.687275"/>
    <Properties>
      <Property name="Angle" value="113.375"/>
      <Property name="Filename" value="/Objects/pipe_bend_2.hs"/>
    </Properties>
  </Object>
  <Object name="Object57">
    <AbsoluteLocation value="-17.835567 19.976933"/>
    <Properties>
      <Property name="Angle" value="146.333"/>
      <Property name="Filename" value="/Objects/pipe_straight_short.hs"/>
    </Properties>
  </Object>
  <Object name="Object58">
    <AbsoluteLocation value="-16.704178 16.567265"/>
    <Properties>
      <Property name="Angle" value="-89.7142"/>
      <Property name="Filename" value="/Objects/pipe_elbow_2.hs"/>
    </Properties>
  </Object>
  <Object name="Spout54">
    <AbsoluteLocation value="-17.517319 23.777233"/>
    <Properties>
      <Property name="Angle" value="-46.4349"/>
      <Property name="ConnectedSpout0" value="YSwitch55"/>
      <Property name="ConnectedSpoutProbability0" value="1"/>
      <Property name="Filename" value="/Objects/basic_drain.hs"/>
      <Property name="Type" value="spout"/>
    </Properties>
  </Object>
  <Object name="Object61">
    <AbsoluteLocation value="-25.934164 8.903467"/>
    <Properties>
      <Property name="Angle" value="127.421"/>
      <Property name="Filename" value="/Objects/pipe_bend_2.hs"/>
    </Properties>
  </Object>
  <Object name="Object62">
    <AbsoluteLocation value="-25.232996 10.749250"/>
    <Properties>
      <Property name="Angle" value="62.1263"/>
      <Property name="Filename" value="/Objects/pipe_straight_short.hs"/>
    </Properties>
  </Object>
  <Object name="Spout53">
    <AbsoluteLocation value="-25.499180 5.981876"/>
    <Properties>
      <Property name="Angle" value="-86.9444"/>
      <Property name="Filename" value="/Objects/shower_head.hs"/>
      <Property name="FluidType" value="Water"/>
      <Property name="NumberParticles" value="0"/>
      <Property name="Type" value="spout"/>
    </Properties>
  </Object>
  <Object name="Object65">
    <AbsoluteLocation value="-24.233929 22.578365"/>
    <Properties>
      <Property name="Angle" value="89.1622"/>
      <Property name="Filename" value="/Objects/pipe_straight.hs"/>
    </Properties>
  </Object>
  <Object name="Object66">
    <AbsoluteLocation value="-25.167488 26.418591"/>
    <Properties>
      <Property name="Angle" value="13.485"/>
      <Property name="Filename" value="/Objects/pipe_elbow_2.hs"/>
    </Properties>
  </Object>
  <Object name="Spout52">
    <AbsoluteLocation value="-28.499439 26.003206"/>
    <Properties>
      <Property name="Angle" value="-156.751"/>
      <Property name="Filename" value="/Objects/shower_head.hs"/>
      <Property name="FluidType" value="Water"/>
      <Property name="NumberParticles" value="0"/>
      <Property name="Type" value="spout"/>
    </Properties>
  </Object>
  <Object name="YSwitch55">
    <AbsoluteLocation value="-21.330894 16.046684"/>
    <Properties>
      <Property name="Angle" value="-89.0523"/>
      <Property name="ConnectedSpout0" value="Spout52"/>
      <Property name="ConnectedSpout1" value="Spout53"/>
      <Property name="ConnectedSpoutProbability0" value="0.5"/>
      <Property name="ConnectedSpoutProbability1" value="0.5"/>
      <Property name="Filename" value="/Objects/pipe_y_switch_toggle.hs"/>
      <Property name="FirstLeftSpout" value="0"/>
      <Property name="FirstRightSpout" value="1"/>
      <Property name="Type" value="yswitch"/>
      <Property name="YSwitchPosition" value="0"/>
    </Properties>
  </Object>
  <Object name="Bomb22">
    <AbsoluteLocation value="0.667776 -29.992992"/>
    <Properties>
      <Property name="Angle" value="8.67949"/>
      <Property name="BlastPower" value="5000"/>
      <Property name="BlastRadius" value="16.0"/>
      <Property name="Filename" value="/Objects/bomb.hs"/>
      <Property name="Type" value="bomb"/>
    </Properties>
  </Object>
  <Object name="Object63">
    <AbsoluteLocation value="-27.405712 -16.795341"/>
    <Properties>
      <Property name="Angle" value="109.622"/>
      <Property name="Filename" value="/Objects/pipe_straight_short.hs"/>
    </Properties>
  </Object>
  <Object name="Spout19">
    <AbsoluteLocation value="-26.592272 -19.157967"/>
    <Properties>
      <Property name="Angle" value="-77.0941"/>
      <Property name="Filename" value="/Objects/shower_head.hs"/>
      <Property name="FluidType" value="Water"/>
      <Property name="NumberParticles" value="0"/>
      <Property name="Type" value="spout"/>
    </Properties>
  </Object>
  <Object name="Object64">
    <AbsoluteLocation value="1.404268 38.086037"/>
    <Properties>
      <Property name="Angle" value="0.736882"/>
      <Property name="Filename" value="/Objects/pipe_spout_base.hs"/>
    </Properties>
  </Object>
  <Object name="Object67">
    <AbsoluteLocation value="1.423857 36.570213"/>
    <Properties>
      <Property name="Angle" value="-179.803"/>
      <Property name="Filename" value="/Objects/pipe_spout_base.hs"/>
    </Properties>
  </Object>
  <Object name="Object68">
    <AbsoluteLocation value="4.282269 36.726452"/>
    <Properties>
      <Property name="Angle" value="0.839855"/>
      <Property name="Filename" value="/Objects/pipe_elbow_1.hs"/>
    </Properties>
  </Object>
  <Object name="Object69">
    <AbsoluteLocation value="-1.608356 36.617077"/>
    <Properties>
      <Property name="Angle" value="90.0799"/>
      <Property name="Filename" value="/Objects/pipe_elbow_1.hs"/>
    </Properties>
  </Object>
  <Object name="Spout13">
    <AbsoluteLocation value="-28.000000 55.000000"/>
    <Properties>
      <Property name="Angle" value="-90"/>
      <Property name="Filename" value="/Objects/shower_head.hs"/>
      <Property name="FluidType" value="ContaminatedWater"/>
      <Property name="Timer0" value="0 5"/>
      <Property name="Timer1" value="1 2.0"/>
      <Property name="Timer2" value="0 5"/>
      <Property name="Type" value="spout"/>
    </Properties>
  </Object>
  <Object name="Spout14">
    <AbsoluteLocation value="28.000000 55.000000"/>
    <Properties>
      <Property name="Angle" value="-90"/>
      <Property name="Filename" value="/Objects/shower_head.hs"/>
      <Property name="FluidType" value="Lava"/>
      <Property name="Timer0" value="1 2.0"/>
      <Property name="Timer1" value="0 10.0"/>
      <Property name="Type" value="spout"/>
    </Properties>
  </Object>
  <Object name="Object70">
    <AbsoluteLocation value="28.734760 66.038193"/>
    <Properties>
      <Property name="Angle" value="90.0155"/>
      <Property name="Filename" value="/Objects/pipe_elbow_1.hs"/>
    </Properties>
  </Object>
  <Object name="Object71">
    <AbsoluteLocation value="34.785202 66.648247"/>
    <Properties>
      <Property name="Angle" value="-0.921907"/>
      <Property name="Filename" value="/Objects/pipe_straight_long.hs"/>
    </Properties>
  </Object>
  <Object name="Object72">
    <AbsoluteLocation value="-34.502922 66.921570"/>
    <Properties>
      <Property name="Angle" value="-0.882802"/>
      <Property name="Filename" value="/Objects/pipe_straight_long.hs"/>
    </Properties>
  </Object>
  <Object name="Object73">
    <AbsoluteLocation value="-28.635519 66.168259"/>
    <Properties>
      <Property name="Angle" value="0.184279"/>
      <Property name="Filename" value="/Objects/pipe_elbow_1.hs"/>
    </Properties>
  </Object>
  <Room>
    <AbsoluteLocation value="1.200003 9.999997"/>
  </Room>
</Objects>
