<?xml version="1.0"?>
<Objects>
  <Object name="Object54">
    <AbsoluteLocation value="-8.089928 37.487362"/>
    <Properties>
      <Property name="Angle" value="-269.475"/>
      <Property name="Filename" value="/Objects/pipe_straight_short.hs"/>
    </Properties>
  </Object>
  <Object name="Object53">
    <AbsoluteLocation value="-8.130875 36.281227"/>
    <Properties>
      <Property name="Angle" value="-269.168"/>
      <Property name="Filename" value="/Objects/pipe_straight_short.hs"/>
    </Properties>
  </Object>
  <Object name="Object45">
    <AbsoluteLocation value="0.477856 -0.743330"/>
    <Properties>
      <Property name="Angle" value="-90.5264"/>
      <Property name="Filename" value="/Objects/pipe_straight_long.hs"/>
    </Properties>
  </Object>
  <Object name="Ducky10">
    <AbsoluteLocation value="-4.189630 22.910612"/>
    <Properties>
      <Property name="Angle" value="0"/>
      <Property name="Filename" value="/Objects/star.hs"/>
      <Property name="Type" value="star"/>
    </Properties>
  </Object>
  <Object name="Ducky11">
    <AbsoluteLocation value="25.698132 3.296608"/>
    <Properties>
      <Property name="Angle" value="4.86535"/>
      <Property name="Filename" value="/Objects/star.hs"/>
      <Property name="Type" value="star"/>
    </Properties>
  </Object>
  <Object name="Ducky12">
    <AbsoluteLocation value="-21.167215 -12.014660"/>
    <Properties>
      <Property name="Angle" value="0.314637"/>
      <Property name="Filename" value="/Objects/star.hs"/>
      <Property name="Type" value="star"/>
    </Properties>
  </Object>
  <Object name="Object18">
    <AbsoluteLocation value="31.256742 -5.002612"/>
    <Properties>
      <Property name="Angle" value="-0.471099"/>
      <Property name="Filename" value="/Objects/pipe_elbow_1.hs"/>
    </Properties>
  </Object>
  <Object name="Object19">
    <AbsoluteLocation value="25.306782 -4.302168"/>
    <Properties>
      <Property name="Angle" value="0"/>
      <Property name="Filename" value="/Objects/pipe_straight_long.hs"/>
    </Properties>
  </Object>
  <Object name="Object20">
    <AbsoluteLocation value="15.756516 -4.302168"/>
    <Properties>
      <Property name="Angle" value="0"/>
      <Property name="Filename" value="/Objects/pipe_straight_long.hs"/>
    </Properties>
  </Object>
  <Object name="Object21">
    <AbsoluteLocation value="6.227221 -4.302168"/>
    <Properties>
      <Property name="Angle" value="0"/>
      <Property name="Filename" value="/Objects/pipe_straight_long.hs"/>
    </Properties>
  </Object>
  <Object name="Object23">
    <AbsoluteLocation value="-3.263639 -4.302168"/>
    <Properties>
      <Property name="Angle" value="0"/>
      <Property name="Filename" value="/Objects/pipe_straight_long.hs"/>
    </Properties>
  </Object>
  <Object name="Object28">
    <AbsoluteLocation value="-18.702942 -3.660782"/>
    <Properties>
      <Property name="Angle" value="-180.638"/>
      <Property name="Filename" value="/Objects/pipe_elbow_2.hs"/>
    </Properties>
  </Object>
  <Object name="Object29">
    <AbsoluteLocation value="-11.123392 -4.302168"/>
    <Properties>
      <Property name="Angle" value="0"/>
      <Property name="Filename" value="/Objects/pipe_straight.hs"/>
    </Properties>
  </Object>
  <Object name="Ducky22">
    <AbsoluteLocation value="-21.562500 18.187500"/>
    <Properties>
      <Property name="Angle" value="0"/>
      <Property name="Filename" value="/Objects/star_mega.hs"/>
      <Property name="StarType" value="mega"/>
      <Property name="Type" value="star"/>
    </Properties>
  </Object>
  <Object name="Object26">
    <AbsoluteLocation value="31.968548 -8.790652"/>
    <Properties>
      <Property name="Angle" value="-89.6537"/>
      <Property name="Filename" value="/Objects/pipe_straight.hs"/>
    </Properties>
  </Object>
  <Object name="Object31">
    <AbsoluteLocation value="3.504472 -39.946926"/>
    <Properties>
      <Property name="Angle" value="-161.614"/>
      <Property name="Filename" value="/Objects/pipe_bend_1.hs"/>
    </Properties>
  </Object>
  <Object name="Object27">
    <AbsoluteLocation value="5.501920 -39.650021"/>
    <Properties>
      <Property name="Angle" value="-340.43"/>
      <Property name="Filename" value="/Objects/pipe_straight_short.hs"/>
    </Properties>
  </Object>
  <Object name="Object33">
    <AbsoluteLocation value="6.611037 -39.303406"/>
    <Properties>
      <Property name="Angle" value="17.2698"/>
      <Property name="Filename" value="/Objects/pipe_connector_end.hs"/>
    </Properties>
  </Object>
  <Object name="Object32">
    <AbsoluteLocation value="31.284336 -10.625796"/>
    <Properties>
      <Property name="Angle" value="-90.5088"/>
      <Property name="Filename" value="/Objects/pipe_elbow_1.hs"/>
    </Properties>
  </Object>
  <Object name="Object25">
    <AbsoluteLocation value="-15.493448 -4.302168"/>
    <Properties>
      <Property name="Angle" value="0"/>
      <Property name="Filename" value="/Objects/pipe_straight.hs"/>
    </Properties>
  </Object>
  <Object name="Object30">
    <AbsoluteLocation value="-19.405674 -1.935280"/>
    <Properties>
      <Property name="Angle" value="-89.7853"/>
      <Property name="Filename" value="/Objects/pipe_straight_short.hs"/>
    </Properties>
  </Object>
  <Object name="Spout8">
    <AbsoluteLocation value="-18.840799 1.084312"/>
    <Properties>
      <Property name="Angle" value="-14.9817"/>
      <Property name="ConnectedSpout0" value="Spout13"/>
      <Property name="ConnectedSpoutProbability0" value="1"/>
      <Property name="Filename" value="/Objects/basic_drain.hs"/>
      <Property name="Type" value="spout"/>
    </Properties>
  </Object>
  <Object name="Object34">
    <AbsoluteLocation value="38.762047 -15.307544"/>
    <Properties>
      <Property name="Angle" value="1.36128"/>
      <Property name="Filename" value="/Objects/pipe_straight_long.hs"/>
    </Properties>
  </Object>
  <Object name="Object35">
    <AbsoluteLocation value="29.233873 -15.734230"/>
    <Properties>
      <Property name="Angle" value="3.89838"/>
      <Property name="Filename" value="/Objects/pipe_straight_long.hs"/>
    </Properties>
  </Object>
  <Object name="Object36">
    <AbsoluteLocation value="10.658138 -18.683771"/>
    <Properties>
      <Property name="Angle" value="14.2819"/>
      <Property name="Filename" value="/Objects/pipe_straight_long.hs"/>
    </Properties>
  </Object>
  <Object name="Object37">
    <AbsoluteLocation value="19.804548 -16.811062"/>
    <Properties>
      <Property name="Angle" value="8.96182"/>
      <Property name="Filename" value="/Objects/pipe_straight_long.hs"/>
    </Properties>
  </Object>
  <Object name="Object39">
    <AbsoluteLocation value="4.775787 -19.637197"/>
    <Properties>
      <Property name="Angle" value="-8.13554"/>
      <Property name="Filename" value="/Objects/pipe_straight_short.hs"/>
    </Properties>
  </Object>
  <Object name="Object40">
    <AbsoluteLocation value="-5.536018 -6.598764"/>
    <Properties>
      <Property name="Angle" value="0"/>
      <Property name="Filename" value="/Objects/pipe_straight_long.hs"/>
    </Properties>
  </Object>
  <Object name="Object41">
    <AbsoluteLocation value="-15.086285 -6.598764"/>
    <Properties>
      <Property name="Angle" value="0"/>
      <Property name="Filename" value="/Objects/pipe_straight_long.hs"/>
    </Properties>
  </Object>
  <Object name="Object42">
    <AbsoluteLocation value="-34.106438 -6.598764"/>
    <Properties>
      <Property name="Angle" value="0"/>
      <Property name="Filename" value="/Objects/pipe_straight_long.hs"/>
    </Properties>
  </Object>
  <Object name="Object43">
    <AbsoluteLocation value="-24.615580 -6.598764"/>
    <Properties>
      <Property name="Angle" value="0"/>
      <Property name="Filename" value="/Objects/pipe_straight_long.hs"/>
    </Properties>
  </Object>
  <Object name="Object44">
    <AbsoluteLocation value="-0.594191 -5.374615"/>
    <Properties>
      <Property name="Angle" value="90.9101"/>
      <Property name="Filename" value="/Objects/pipe_connector_90.hs"/>
    </Properties>
  </Object>
  <Object name="Object47">
    <AbsoluteLocation value="7.276310 5.720453"/>
    <Properties>
      <Property name="Angle" value="-160.048"/>
      <Property name="Filename" value="/Objects/pipe_straight_long.hs"/>
    </Properties>
  </Object>
  <Object name="Object46">
    <AbsoluteLocation value="1.514965 2.979637"/>
    <Properties>
      <Property name="Angle" value="-85.7129"/>
      <Property name="Filename" value="/Objects/pipe_connector_90.hs"/>
    </Properties>
  </Object>
  <Object name="Object48">
    <AbsoluteLocation value="-33.827591 40.668678"/>
    <Properties>
      <Property name="Angle" value="-0.309255"/>
      <Property name="Filename" value="/Objects/pipe_straight_long.hs"/>
    </Properties>
  </Object>
  <Object name="Object49">
    <AbsoluteLocation value="-43.318314 40.719906"/>
    <Properties>
      <Property name="Angle" value="-0.309255"/>
      <Property name="Filename" value="/Objects/pipe_straight_long.hs"/>
    </Properties>
  </Object>
  <Object name="Object50">
    <AbsoluteLocation value="-24.298439 40.617245"/>
    <Properties>
      <Property name="Angle" value="-0.309255"/>
      <Property name="Filename" value="/Objects/pipe_straight_long.hs"/>
    </Properties>
  </Object>
  <Object name="Object51">
    <AbsoluteLocation value="-14.748310 40.565697"/>
    <Properties>
      <Property name="Angle" value="-0.309255"/>
      <Property name="Filename" value="/Objects/pipe_straight_long.hs"/>
    </Properties>
  </Object>
  <Object name="Object52">
    <AbsoluteLocation value="-9.450241 39.651695"/>
    <Properties>
      <Property name="Angle" value="-177.115"/>
      <Property name="Filename" value="/Objects/pipe_connector_90.hs"/>
    </Properties>
  </Object>
  <Object name="Spout13">
    <AbsoluteLocation value="28.153572 -11.574890"/>
    <Properties>
      <Property name="Angle" value="-170.39"/>
      <Property name="Filename" value="/Objects/shower_head.hs"/>
      <Property name="FluidType" value="Water"/>
      <Property name="NumberParticles" value="0"/>
      <Property name="ParticleSpeed" value="20"/>
      <Property name="ParticlesPerSecond" value="10"/>
      <Property name="Type" value="spout"/>
    </Properties>
  </Object>
  <Object name="Spout3">
    <AbsoluteLocation value="1.375431 -39.107239"/>
    <Properties>
      <Property name="Angle" value="-655.46"/>
      <Property name="ConnectedSpout0" value="SWAMPY_SPOUT"/>
      <Property name="ConnectedSpoutProbability0" value="1"/>
      <Property name="Filename" value="/Objects/broken_pipe.hs"/>
      <Property name="Type" value="spout"/>
    </Properties>
  </Object>
  <Object name="Spout25">
    <AbsoluteLocation value="1.425957 -19.190004"/>
    <Properties>
      <Property name="Angle" value="-188.939"/>
      <Property name="Blockable" value="1"/>
      <Property name="Filename" value="/Objects/touch_spout_mud.hs"/>
      <Property name="FluidType" value="Mud"/>
      <Property name="ParticleDryness" value="1"/>
      <Property name="Type" value="spout"/>
    </Properties>
  </Object>
  <Object name="Spout24">
    <AbsoluteLocation value="-8.323212 31.080315"/>
    <Properties>
      <Property name="Angle" value="-89.8926"/>
      <Property name="Blockable" value="1"/>
      <Property name="Filename" value="/Objects/touch_spout_mud.hs"/>
      <Property name="FluidType" value="Mud"/>
      <Property name="ParticleDryness" value="1"/>
      <Property name="Type" value="spout"/>
    </Properties>
  </Object>
  <Object name="Spout23">
    <AbsoluteLocation value="13.421875 7.906250"/>
    <Properties>
      <Property name="Angle" value="19.0137"/>
      <Property name="Blockable" value="1"/>
      <Property name="Filename" value="/Objects/touch_spout_mud.hs"/>
      <Property name="FluidType" value="Mud"/>
      <Property name="ParticleDryness" value="1"/>
      <Property name="Type" value="spout"/>
    </Properties>
  </Object>
  <Room>
    <AbsoluteLocation value="18.800001 -31.600006"/>
  </Room>
</Objects>
