<?xml version="1.0"?>
<Objects>
  <Object name="Object125">
    <AbsoluteLocation value="-28.127039 -26.822409"/>
    <Properties>
      <Property name="Angle" value="-180.761"/>
      <Property name="Filename" value="/Objects/pipe_elbow_1.hs"/>
    </Properties>
  </Object>
  <Object name="Object110">
    <AbsoluteLocation value="6.165066 16.109068"/>
    <Properties>
      <Property name="Angle" value="90"/>
      <Property name="Filename" value="/Objects/pipe_straight_long.hs"/>
    </Properties>
  </Object>
  <Object name="Object96">
    <AbsoluteLocation value="-13.848333 -10.887977"/>
    <Properties>
      <Property name="Angle" value="176.411"/>
      <Property name="Filename" value="/Objects/pipe_straight.hs"/>
    </Properties>
  </Object>
  <Object name="Object115">
    <AbsoluteLocation value="10.328627 -7.354778"/>
    <Properties>
      <Property name="Angle" value="0"/>
      <Property name="Filename" value="/Objects/pipe_straight_short.hs"/>
    </Properties>
  </Object>
  <Object name="Object113">
    <AbsoluteLocation value="-14.357885 12.058590"/>
    <Properties>
      <Property name="Angle" value="0"/>
      <Property name="Filename" value="/Objects/pipe_straight_short.hs"/>
    </Properties>
  </Object>
  <Object name="Object104">
    <AbsoluteLocation value="6.165375 22.448870"/>
    <Properties>
      <Property name="Angle" value="90"/>
      <Property name="Filename" value="/Objects/pipe_straight_long.hs"/>
    </Properties>
  </Object>
  <Object name="Object57">
    <AbsoluteLocation value="-41.012257 -22.953308"/>
    <Properties>
      <Property name="Angle" value="-390.945"/>
      <Property name="Filename" value="/Objects/pipe_bend_1.hs"/>
    </Properties>
  </Object>
  <Object name="Object49">
    <AbsoluteLocation value="-18.942944 7.204758"/>
    <Properties>
      <Property name="Angle" value="-720.98"/>
      <Property name="Filename" value="/Objects/pipe_elbow_2.hs"/>
    </Properties>
  </Object>
  <Object name="Object27">
    <AbsoluteLocation value="-13.693718 35.399559"/>
    <Properties>
      <Property name="Angle" value="-270"/>
      <Property name="Filename" value="/Objects/pipe_elbow_2.hs"/>
    </Properties>
  </Object>
  <Object name="Ducky13">
    <AbsoluteLocation value="-13.200000 -0.799999"/>
    <Properties>
      <Property name="Angle" value="0"/>
      <Property name="Filename" value="/Objects/star.hs"/>
      <Property name="Type" value="star"/>
    </Properties>
  </Object>
  <Object name="Ducky14">
    <AbsoluteLocation value="25.600000 34.400002"/>
    <Properties>
      <Property name="Angle" value="0"/>
      <Property name="Filename" value="/Objects/star.hs"/>
      <Property name="Type" value="star"/>
    </Properties>
  </Object>
  <Object name="Ducky15">
    <AbsoluteLocation value="11.634113 15.194649"/>
    <Properties>
      <Property name="Angle" value="0"/>
      <Property name="Filename" value="/Objects/star.hs"/>
      <Property name="Type" value="star"/>
    </Properties>
  </Object>
  <Object name="Spout24">
    <AbsoluteLocation value="-26.158651 -25.917303"/>
    <Properties>
      <Property name="Angle" value="-35"/>
      <Property name="ConnectedSpout0" value="Spout23"/>
      <Property name="ConnectedSpoutProbability0" value="1"/>
      <Property name="Filename" value="/Objects/basic_drain.hs"/>
      <Property name="Type" value="spout"/>
    </Properties>
  </Object>
  <Object name="Spout10">
    <AbsoluteLocation value="-10.370676 36.505257"/>
    <Properties>
      <Property name="Angle" value="25.9235"/>
      <Property name="Filename" value="/Objects/shower_head.hs"/>
      <Property name="FluidType" value="Water"/>
      <Property name="NumberParticles" value="0"/>
      <Property name="ParticleSpeed" value="30"/>
      <Property name="ParticlesPerSecond" value="10"/>
      <Property name="Type" value="spout"/>
    </Properties>
  </Object>
  <Object name="Object31">
    <AbsoluteLocation value="29.249161 13.911106"/>
    <Properties>
      <Property name="Angle" value="-359.776"/>
      <Property name="Filename" value="/Objects/pipe_elbow_2.hs"/>
    </Properties>
  </Object>
  <Object name="Object35">
    <AbsoluteLocation value="29.218927 -20.314293"/>
    <Properties>
      <Property name="Angle" value="-450.167"/>
      <Property name="Filename" value="/Objects/pipe_elbow_2.hs"/>
    </Properties>
  </Object>
  <Object name="Spout9">
    <AbsoluteLocation value="27.114258 16.306429"/>
    <Properties>
      <Property name="Angle" value="36.0499"/>
      <Property name="ConnectedSpout0" value="Spout11"/>
      <Property name="ConnectedSpoutProbability0" value="1"/>
      <Property name="Filename" value="/Objects/basic_drain.hs"/>
      <Property name="Type" value="spout"/>
    </Properties>
  </Object>
  <Object name="Object34">
    <AbsoluteLocation value="29.892128 -14.335112"/>
    <Properties>
      <Property name="Angle" value="90"/>
      <Property name="Filename" value="/Objects/pipe_straight_long.hs"/>
    </Properties>
  </Object>
  <Object name="Object33">
    <AbsoluteLocation value="29.892128 -4.919611"/>
    <Properties>
      <Property name="Angle" value="90"/>
      <Property name="Filename" value="/Objects/pipe_straight_long.hs"/>
    </Properties>
  </Object>
  <Object name="Object32">
    <AbsoluteLocation value="29.918377 8.320927"/>
    <Properties>
      <Property name="Angle" value="90"/>
      <Property name="Filename" value="/Objects/pipe_straight_long.hs"/>
    </Properties>
  </Object>
  <Object name="Object41">
    <AbsoluteLocation value="15.605709 9.487780"/>
    <Properties>
      <Property name="Angle" value="0.343472"/>
      <Property name="Filename" value="/Objects/pipe_straight.hs"/>
    </Properties>
  </Object>
  <Object name="Object43">
    <AbsoluteLocation value="-2.494782 -7.522964"/>
    <Properties>
      <Property name="Angle" value="16.4874"/>
      <Property name="Filename" value="/Objects/pipe_straight_short.hs"/>
    </Properties>
  </Object>
  <Object name="Spout17">
    <AbsoluteLocation value="-0.439253 -5.851261"/>
    <Properties>
      <Property name="Angle" value="-44.2092"/>
      <Property name="ConnectedSpout0" value="Spout19"/>
      <Property name="ConnectedSpoutProbability0" value="1"/>
      <Property name="Filename" value="/Objects/basic_drain.hs"/>
      <Property name="Type" value="spout"/>
    </Properties>
  </Object>
  <Object name="Object44">
    <AbsoluteLocation value="-15.544510 -12.461272"/>
    <Properties>
      <Property name="Angle" value="-810.006"/>
      <Property name="Filename" value="/Objects/pipe_elbow_2.hs"/>
    </Properties>
  </Object>
  <Object name="Object45">
    <AbsoluteLocation value="-14.185316 -8.591793"/>
    <Properties>
      <Property name="Angle" value="-269.882"/>
      <Property name="Filename" value="/Objects/pipe_elbow_1.hs"/>
    </Properties>
  </Object>
  <Object name="Object46">
    <AbsoluteLocation value="-18.904148 -13.105568"/>
    <Properties>
      <Property name="Angle" value="-0.0489823"/>
      <Property name="Filename" value="/Objects/pipe_straight.hs"/>
    </Properties>
  </Object>
  <Object name="Object48">
    <AbsoluteLocation value="-20.131220 7.753704"/>
    <Properties>
      <Property name="Angle" value="-311.234"/>
      <Property name="Filename" value="/Objects/pipe_bend_1.hs"/>
    </Properties>
  </Object>
  <Object name="Spout18">
    <AbsoluteLocation value="-21.789976 6.367188"/>
    <Properties>
      <Property name="Angle" value="-225"/>
      <Property name="ConnectedSpout0" value="Spout21"/>
      <Property name="ConnectedSpoutProbability0" value="1"/>
      <Property name="Filename" value="/Objects/basic_drain.hs"/>
      <Property name="Type" value="spout"/>
    </Properties>
  </Object>
  <Object name="Object50">
    <AbsoluteLocation value="-18.302422 2.146834"/>
    <Properties>
      <Property name="Angle" value="90"/>
      <Property name="Filename" value="/Objects/pipe_straight_long.hs"/>
    </Properties>
  </Object>
  <Object name="Object51">
    <AbsoluteLocation value="-18.290028 -5.687887"/>
    <Properties>
      <Property name="Angle" value="-269.344"/>
      <Property name="Filename" value="/Objects/pipe_straight.hs"/>
    </Properties>
  </Object>
  <Object name="Object52">
    <AbsoluteLocation value="-17.543919 -10.132816"/>
    <Properties>
      <Property name="Angle" value="-179.024"/>
      <Property name="Filename" value="/Objects/pipe_elbow_1.hs"/>
    </Properties>
  </Object>
  <Object name="Spout21">
    <AbsoluteLocation value="-9.503565 -11.778360"/>
    <Properties>
      <Property name="Angle" value="340.517"/>
      <Property name="Filename" value="/Objects/shower_head.hs"/>
      <Property name="FluidType" value="Water"/>
      <Property name="NumberParticles" value="0"/>
      <Property name="ParticleSpeed" value="30"/>
      <Property name="ParticlesPerSecond" value="10"/>
      <Property name="Type" value="spout"/>
    </Properties>
  </Object>
  <Object name="Object53">
    <AbsoluteLocation value="-13.269903 -15.879976"/>
    <Properties>
      <Property name="Angle" value="-720.98"/>
      <Property name="Filename" value="/Objects/pipe_elbow_2.hs"/>
    </Properties>
  </Object>
  <Object name="Spout22">
    <AbsoluteLocation value="-15.797726 -15.996788"/>
    <Properties>
      <Property name="Angle" value="207.044"/>
      <Property name="Filename" value="/Objects/shower_head.hs"/>
      <Property name="FluidType" value="Water"/>
      <Property name="NumberParticles" value="0"/>
      <Property name="ParticleSpeed" value="20"/>
      <Property name="ParticlesPerSecond" value="10"/>
      <Property name="Type" value="spout"/>
    </Properties>
  </Object>
  <Object name="Object55">
    <AbsoluteLocation value="-11.872551 -23.932970"/>
    <Properties>
      <Property name="Angle" value="-175.18"/>
      <Property name="Filename" value="/Objects/pipe_elbow_1.hs"/>
    </Properties>
  </Object>
  <Object name="Spout20">
    <AbsoluteLocation value="-9.260742 -22.998268"/>
    <Properties>
      <Property name="Angle" value="-44.9931"/>
      <Property name="ConnectedSpout0" value="Spout22"/>
      <Property name="ConnectedSpoutProbability0" value="1"/>
      <Property name="Filename" value="/Objects/basic_drain.hs"/>
      <Property name="Type" value="spout"/>
    </Properties>
  </Object>
  <Object name="Object56">
    <AbsoluteLocation value="-40.457268 -24.310600"/>
    <Properties>
      <Property name="Angle" value="-540.654"/>
      <Property name="Filename" value="/Objects/pipe_elbow_2.hs"/>
    </Properties>
  </Object>
  <Object name="Object58">
    <AbsoluteLocation value="-43.047016 -25.108419"/>
    <Properties>
      <Property name="Angle" value="-360.855"/>
      <Property name="Filename" value="/Objects/pipe_straight_short.hs"/>
    </Properties>
  </Object>
  <Object name="Object59">
    <AbsoluteLocation value="-38.473434 -31.094316"/>
    <Properties>
      <Property name="Angle" value="179.43"/>
      <Property name="Filename" value="/Objects/pipe_into_wall_2.hs"/>
    </Properties>
  </Object>
  <Object name="Object61">
    <AbsoluteLocation value="-28.822422 -22.060390"/>
    <Properties>
      <Property name="Angle" value="90"/>
      <Property name="Filename" value="/Objects/pipe_straight_long.hs"/>
    </Properties>
  </Object>
  <Object name="Object62">
    <AbsoluteLocation value="-28.822422 -12.903654"/>
    <Properties>
      <Property name="Angle" value="90"/>
      <Property name="Filename" value="/Objects/pipe_straight_long.hs"/>
    </Properties>
  </Object>
  <Object name="Object63">
    <AbsoluteLocation value="-28.822418 -7.257536"/>
    <Properties>
      <Property name="Angle" value="-270"/>
      <Property name="Filename" value="/Objects/pipe_straight_short.hs"/>
    </Properties>
  </Object>
  <Object name="Object64">
    <AbsoluteLocation value="-28.822422 -2.080931"/>
    <Properties>
      <Property name="Angle" value="90"/>
      <Property name="Filename" value="/Objects/pipe_straight_long.hs"/>
    </Properties>
  </Object>
  <Object name="Object65">
    <AbsoluteLocation value="-38.178562 -27.519314"/>
    <Properties>
      <Property name="Angle" value="269.686"/>
      <Property name="Filename" value="/Objects/pipe_into_wall_2.hs"/>
    </Properties>
  </Object>
  <Object name="Object66">
    <AbsoluteLocation value="-28.823051 6.009859"/>
    <Properties>
      <Property name="Angle" value="90"/>
      <Property name="Filename" value="/Objects/pipe_straight_long.hs"/>
    </Properties>
  </Object>
  <Object name="Spout23">
    <AbsoluteLocation value="-27.362078 13.795320"/>
    <Properties>
      <Property name="Angle" value="424.828"/>
      <Property name="Filename" value="/Objects/touch_spout_generic.hs"/>
      <Property name="FluidType" value="Water"/>
      <Property name="NumberParticles" value="0"/>
      <Property name="ParticleSpeed" value="55"/>
      <Property name="ParticlesPerSecond" value="10"/>
      <Property name="Type" value="spout"/>
    </Properties>
  </Object>
  <Object name="Object71">
    <AbsoluteLocation value="9.993321 6.710405"/>
    <Properties>
      <Property name="Angle" value="-450.745"/>
      <Property name="Filename" value="/Objects/pipe_elbow_2.hs"/>
    </Properties>
  </Object>
  <Object name="Object88">
    <AbsoluteLocation value="-14.343349 31.009357"/>
    <Properties>
      <Property name="Angle" value="-90"/>
      <Property name="Filename" value="/Objects/pipe_straight.hs"/>
    </Properties>
  </Object>
  <Object name="Object89">
    <AbsoluteLocation value="-14.342449 27.148529"/>
    <Properties>
      <Property name="Angle" value="-90"/>
      <Property name="Filename" value="/Objects/pipe_straight.hs"/>
    </Properties>
  </Object>
  <Object name="Object91">
    <AbsoluteLocation value="-14.999749 24.077341"/>
    <Properties>
      <Property name="Angle" value="-90.2013"/>
      <Property name="Filename" value="/Objects/pipe_elbow_1.hs"/>
    </Properties>
  </Object>
  <Object name="Object92">
    <AbsoluteLocation value="-16.290604 24.076445"/>
    <Properties>
      <Property name="Angle" value="-179.857"/>
      <Property name="Filename" value="/Objects/pipe_elbow_1.hs"/>
    </Properties>
  </Object>
  <Object name="Object93">
    <AbsoluteLocation value="11.291451 8.803813"/>
    <Properties>
      <Property name="Angle" value="-269.996"/>
      <Property name="Filename" value="/Objects/pipe_elbow_1.hs"/>
    </Properties>
  </Object>
  <Object name="Spout16">
    <AbsoluteLocation value="7.942488 5.395205"/>
    <Properties>
      <Property name="Angle" value="-124.595"/>
      <Property name="Filename" value="/Objects/shower_head.hs"/>
      <Property name="FluidType" value="Water"/>
      <Property name="NumberParticles" value="0"/>
      <Property name="ParticleSpeed" value="30"/>
      <Property name="ParticlesPerSecond" value="10"/>
      <Property name="Type" value="spout"/>
    </Properties>
  </Object>
  <Object name="Object94">
    <AbsoluteLocation value="27.241455 -20.306896"/>
    <Properties>
      <Property name="Angle" value="-539.884"/>
      <Property name="Filename" value="/Objects/pipe_elbow_2.hs"/>
    </Properties>
  </Object>
  <Object name="Spout11">
    <AbsoluteLocation value="26.000000 -17.200001"/>
    <Properties>
      <Property name="Angle" value="-260"/>
      <Property name="Filename" value="/Objects/touch_spout_generic.hs"/>
      <Property name="FluidType" value="Water"/>
      <Property name="NumberParticles" value="0"/>
      <Property name="ParticleSpeed" value="50"/>
      <Property name="ParticlesPerSecond" value="10"/>
      <Property name="Type" value="spout"/>
    </Properties>
  </Object>
  <Object name="Object95">
    <AbsoluteLocation value="-14.850964 -10.266188"/>
    <Properties>
      <Property name="Angle" value="-270.071"/>
      <Property name="Filename" value="/Objects/pipe_straight_short.hs"/>
    </Properties>
  </Object>
  <Object name="Object97">
    <AbsoluteLocation value="1.500834 -40.323204"/>
    <Properties>
      <Property name="Angle" value="-16.3826"/>
      <Property name="Filename" value="/Objects/pipe_straight_short.hs"/>
    </Properties>
  </Object>
  <Object name="Object98">
    <AbsoluteLocation value="5.600000 -42.799999"/>
    <Properties>
      <Property name="Angle" value="-530"/>
      <Property name="Filename" value="/Objects/pipe_elbow_2.hs"/>
    </Properties>
  </Object>
  <Object name="Object101">
    <AbsoluteLocation value="4.128848 -41.245064"/>
    <Properties>
      <Property name="Angle" value="3.99981"/>
      <Property name="Filename" value="/Objects/pipe_elbow_1.hs"/>
    </Properties>
  </Object>
  <Object name="Spout164">
    <AbsoluteLocation value="0.000000 -39.200001"/>
    <Properties>
      <Property name="Angle" value="50"/>
      <Property name="ConnectedSpout0" value="SWAMPY_SPOUT"/>
      <Property name="ConnectedSpoutProbability0" value="1"/>
      <Property name="Filename" value="/Objects/broken_pipe.hs"/>
      <Property name="Type" value="spout"/>
    </Properties>
  </Object>
  <Object name="Spout88">
    <AbsoluteLocation value="8.529988 25.011982"/>
    <Properties>
      <Property name="Angle" value="312.597"/>
      <Property name="Filename" value="/Objects/touch_spout_generic.hs"/>
      <Property name="FluidType" value="Water"/>
      <Property name="Type" value="spout"/>
    </Properties>
  </Object>
  <Object name="Spout8">
    <AbsoluteLocation value="-17.538780 26.770039"/>
    <Properties>
      <Property name="Angle" value="18.2894"/>
      <Property name="ConnectedSpout0" value="Spout10"/>
      <Property name="ConnectedSpoutProbability0" value="1"/>
      <Property name="Filename" value="/Objects/basic_drain.hs"/>
      <Property name="Type" value="spout"/>
    </Properties>
  </Object>
  <Object name="Object102">
    <AbsoluteLocation value="11.492086 -6.727083"/>
    <Properties>
      <Property name="Angle" value="-450.167"/>
      <Property name="Filename" value="/Objects/pipe_elbow_2.hs"/>
    </Properties>
  </Object>
  <Object name="Object103">
    <AbsoluteLocation value="12.197428 -1.913418"/>
    <Properties>
      <Property name="Angle" value="90"/>
      <Property name="Filename" value="/Objects/pipe_straight_long.hs"/>
    </Properties>
  </Object>
  <Object name="Object107">
    <AbsoluteLocation value="12.217314 5.440031"/>
    <Properties>
      <Property name="Angle" value="90"/>
      <Property name="Filename" value="/Objects/pipe_straight_long.hs"/>
    </Properties>
  </Object>
  <Object name="Object108">
    <AbsoluteLocation value="11.580912 10.361576"/>
    <Properties>
      <Property name="Angle" value="-359.776"/>
      <Property name="Filename" value="/Objects/pipe_elbow_2.hs"/>
    </Properties>
  </Object>
  <Object name="Object109">
    <AbsoluteLocation value="6.856951 11.710094"/>
    <Properties>
      <Property name="Angle" value="-179.31"/>
      <Property name="Filename" value="/Objects/pipe_elbow_1.hs"/>
    </Properties>
  </Object>
  <Object name="Spout94">
    <AbsoluteLocation value="-16.856741 13.640099"/>
    <Properties>
      <Property name="Angle" value="-315.156"/>
      <Property name="ConnectedSpout0" value="Spout93"/>
      <Property name="ConnectedSpoutProbability0" value="1"/>
      <Property name="Filename" value="/Objects/basic_drain.hs"/>
      <Property name="Type" value="spout"/>
    </Properties>
  </Object>
  <Object name="Object99">
    <AbsoluteLocation value="-12.127304 26.195827"/>
    <Properties>
      <Property name="Angle" value="90"/>
      <Property name="Filename" value="/Objects/pipe_straight_long.hs"/>
    </Properties>
  </Object>
  <Object name="Object100">
    <AbsoluteLocation value="-12.127613 18.148155"/>
    <Properties>
      <Property name="Angle" value="90"/>
      <Property name="Filename" value="/Objects/pipe_straight_long.hs"/>
    </Properties>
  </Object>
  <Object name="Object105">
    <AbsoluteLocation value="-11.487480 31.248116"/>
    <Properties>
      <Property name="Angle" value="-268.161"/>
      <Property name="Filename" value="/Objects/pipe_elbow_1.hs"/>
    </Properties>
  </Object>
  <Object name="Object112">
    <AbsoluteLocation value="-12.799047 12.682945"/>
    <Properties>
      <Property name="Angle" value="-90.5692"/>
      <Property name="Filename" value="/Objects/pipe_elbow_2.hs"/>
    </Properties>
  </Object>
  <Object name="Object114">
    <AbsoluteLocation value="29.907835 -1.086963"/>
    <Properties>
      <Property name="Angle" value="90"/>
      <Property name="Filename" value="/Objects/pipe_straight_long.hs"/>
    </Properties>
  </Object>
  <Object name="Object69">
    <AbsoluteLocation value="7.971432 -42.445034"/>
    <Properties>
      <Property name="Angle" value="22.9349"/>
      <Property name="Filename" value="/Objects/pipe_connector_end.hs"/>
    </Properties>
  </Object>
  <Object name="Spout87">
    <AbsoluteLocation value="7.905141 -5.891711"/>
    <Properties>
      <Property name="Angle" value="-308.324"/>
      <Property name="ConnectedSpout0" value="Spout88"/>
      <Property name="ConnectedSpoutProbability0" value="1"/>
      <Property name="Filename" value="/Objects/basic_drain.hs"/>
      <Property name="Type" value="spout"/>
    </Properties>
  </Object>
  <Object name="Object116">
    <AbsoluteLocation value="8.927325 11.048519"/>
    <Properties>
      <Property name="Angle" value="179.926"/>
      <Property name="Filename" value="/Objects/pipe_straight_short.hs"/>
    </Properties>
  </Object>
  <Object name="Object117">
    <AbsoluteLocation value="-22.060211 -12.479224"/>
    <Properties>
      <Property name="Angle" value="-899.375"/>
      <Property name="Filename" value="/Objects/pipe_elbow_2.hs"/>
    </Properties>
  </Object>
  <Object name="Spout19">
    <AbsoluteLocation value="-22.565765 -7.601753"/>
    <Properties>
      <Property name="Angle" value="89.0602"/>
      <Property name="Filename" value="/Objects/touch_spout_generic.hs"/>
      <Property name="FluidType" value="Water"/>
      <Property name="NumberParticles" value="0"/>
      <Property name="ParticlesPerSecond" value="10"/>
      <Property name="Type" value="spout"/>
    </Properties>
  </Object>
  <Object name="Object118">
    <AbsoluteLocation value="20.109800 8.875398"/>
    <Properties>
      <Property name="Angle" value="-357.061"/>
      <Property name="Filename" value="/Objects/pipe_elbow_1.hs"/>
    </Properties>
  </Object>
  <Object name="Spout12">
    <AbsoluteLocation value="20.525221 6.024012"/>
    <Properties>
      <Property name="Angle" value="168.621"/>
      <Property name="ConnectedSpout0" value="Spout16"/>
      <Property name="ConnectedSpoutProbability0" value="1"/>
      <Property name="Filename" value="/Objects/basic_drain.hs"/>
      <Property name="Type" value="spout"/>
    </Properties>
  </Object>
  <Object name="Object106">
    <AbsoluteLocation value="-13.611271 -42.730694"/>
    <Properties>
      <Property name="Angle" value="-90"/>
      <Property name="Filename" value="/Objects/pipe_straight.hs"/>
    </Properties>
  </Object>
  <Object name="Object111">
    <AbsoluteLocation value="-14.268570 -45.801880"/>
    <Properties>
      <Property name="Angle" value="-90.2013"/>
      <Property name="Filename" value="/Objects/pipe_elbow_1.hs"/>
    </Properties>
  </Object>
  <Object name="Object119">
    <AbsoluteLocation value="-15.559425 -45.802780"/>
    <Properties>
      <Property name="Angle" value="-179.857"/>
      <Property name="Filename" value="/Objects/pipe_elbow_1.hs"/>
    </Properties>
  </Object>
  <Object name="Spout120">
    <AbsoluteLocation value="-17.229973 -42.686810"/>
    <Properties>
      <Property name="Angle" value="32.1446"/>
      <Property name="ConnectedSpout0" value="Spout121"/>
      <Property name="ConnectedSpoutProbability0" value="1"/>
      <Property name="Filename" value="/Objects/basic_drain.hs"/>
      <Property name="Type" value="spout"/>
    </Properties>
  </Object>
  <Object name="Object122">
    <AbsoluteLocation value="-12.962540 -34.479664"/>
    <Properties>
      <Property name="Angle" value="-270"/>
      <Property name="Filename" value="/Objects/pipe_elbow_2.hs"/>
    </Properties>
  </Object>
  <Object name="Object123">
    <AbsoluteLocation value="-13.612171 -38.869865"/>
    <Properties>
      <Property name="Angle" value="-90"/>
      <Property name="Filename" value="/Objects/pipe_straight.hs"/>
    </Properties>
  </Object>
  <Object name="Spout121">
    <AbsoluteLocation value="-9.639500 -33.373966"/>
    <Properties>
      <Property name="Angle" value="25.9235"/>
      <Property name="Filename" value="/Objects/shower_head.hs"/>
      <Property name="FluidType" value="Water"/>
      <Property name="NumberParticles" value="0"/>
      <Property name="ParticleSpeed" value="10"/>
      <Property name="Type" value="spout"/>
    </Properties>
  </Object>
  <Object name="Object90">
    <AbsoluteLocation value="-8.555342 -7.911912"/>
    <Properties>
      <Property name="Angle" value="0"/>
      <Property name="Filename" value="/Objects/pipe_straight_long.hs"/>
    </Properties>
  </Object>
  <Object name="Object120">
    <AbsoluteLocation value="-12.658091 -18.857269"/>
    <Properties>
      <Property name="Angle" value="-270.071"/>
      <Property name="Filename" value="/Objects/pipe_straight_short.hs"/>
    </Properties>
  </Object>
  <Object name="Object121">
    <AbsoluteLocation value="-12.663076 -21.147823"/>
    <Properties>
      <Property name="Angle" value="-270.071"/>
      <Property name="Filename" value="/Objects/pipe_straight_short.hs"/>
    </Properties>
  </Object>
  <Object name="Object124">
    <AbsoluteLocation value="-7.673607 32.015114"/>
    <Properties>
      <Property name="Angle" value="1.25174"/>
      <Property name="Filename" value="/Objects/pipe_straight.hs"/>
    </Properties>
  </Object>
  <Object name="Spout93">
    <AbsoluteLocation value="-4.592377 29.165735"/>
    <Properties>
      <Property name="Angle" value="267.238"/>
      <Property name="Filename" value="/Objects/touch_spout_generic.hs"/>
      <Property name="FluidType" value="Water"/>
      <Property name="Type" value="spout"/>
    </Properties>
  </Object>
  <Room>
    <AbsoluteLocation value="18.800001 -34.800003"/>
  </Room>
</Objects>
