<?xml version="1.0"?>
<Objects>
  <Object name="Object33">
    <AbsoluteLocation value="-2.224486 -40.243530"/>
    <Properties>
      <Property name="Angle" value="32.4778"/>
      <Property name="Filename" value="/Objects/pipe_straight_short.hs"/>
    </Properties>
  </Object>
  <Object name="Object32">
    <AbsoluteLocation value="-4.465409 -40.894524"/>
    <Properties>
      <Property name="Angle" value="-147.202"/>
      <Property name="Filename" value="/Objects/pipe_elbow_2.hs"/>
    </Properties>
  </Object>
  <Object name="Object29">
    <AbsoluteLocation value="0.626380 22.365559"/>
    <Properties>
      <Property name="Angle" value="90"/>
      <Property name="Filename" value="/Objects/pipe_straight_short.hs"/>
    </Properties>
  </Object>
  <Object name="Object22">
    <AbsoluteLocation value="-4.905091 -46.313240"/>
    <Properties>
      <Property name="Angle" value="32.8027"/>
      <Property name="Filename" value="/Objects/pipe_straight_long.hs"/>
    </Properties>
  </Object>
  <Object name="Object25">
    <AbsoluteLocation value="-31.812500 -6.531250"/>
    <Properties>
      <Property name="Angle" value="2.5842"/>
      <Property name="Filename" value="/Objects/pipe_straight_long.hs"/>
    </Properties>
  </Object>
  <Object name="Object26">
    <AbsoluteLocation value="0.796840 30.633009"/>
    <Properties>
      <Property name="Angle" value="90"/>
      <Property name="Filename" value="/Objects/pipe_straight_short.hs"/>
    </Properties>
  </Object>
  <Object name="Object23">
    <AbsoluteLocation value="-13.683535 21.886080"/>
    <Properties>
      <Property name="Angle" value="89.9074"/>
      <Property name="Filename" value="/Objects/pipe_straight_short.hs"/>
    </Properties>
  </Object>
  <Object name="0">
    <AbsoluteLocation value="25.339996 -42.777424"/>
    <Properties>
      <Property name="Angle" value="0"/>
      <Property name="Filename" value="/Objects/star.hs"/>
      <Property name="Type" value="star"/>
    </Properties>
  </Object>
  <Object name="1">
    <AbsoluteLocation value="26.125000 12.075001"/>
    <Properties>
      <Property name="Angle" value="0"/>
      <Property name="Filename" value="/Objects/star.hs"/>
      <Property name="Type" value="star"/>
    </Properties>
  </Object>
  <Object name="2">
    <AbsoluteLocation value="-20.069857 5.569632"/>
    <Properties>
      <Property name="Angle" value="0"/>
      <Property name="Filename" value="/Objects/star.hs"/>
      <Property name="Type" value="star"/>
    </Properties>
  </Object>
  <Object name="Spout6">
    <AbsoluteLocation value="0.714891 -38.849335"/>
    <Properties>
      <Property name="Angle" value="-72.1054"/>
      <Property name="ConnectedSpout0" value="SWAMPY_SPOUT"/>
      <Property name="ConnectedSpoutProbability0" value="1"/>
      <Property name="Filename" value="/Objects/broken_pipe.hs"/>
      <Property name="Type" value="spout"/>
    </Properties>
  </Object>
  <Object name="6">
    <AbsoluteLocation value="-6.385375 -39.966789"/>
    <Properties>
      <Property name="Angle" value="-226.561"/>
      <Property name="Filename" value="/Objects/pipe_connector_end.hs"/>
    </Properties>
  </Object>
  <Object name="Spout15">
    <AbsoluteLocation value="0.573345 16.782673"/>
    <Properties>
      <Property name="Angle" value="-89.7545"/>
      <Property name="Blockable" value="1"/>
      <Property name="Filename" value="/Objects/touch_spout_generic.hs"/>
      <Property name="FluidType" value="Mud"/>
      <Property name="OffsetVariation" value="0.35"/>
      <Property name="Parent" value="Object18"/>
      <Property name="ParticleDryness" value="0"/>
      <Property name="ParticleSpeed" value="28"/>
      <Property name="ParticlesPerSecond" value="30"/>
      <Property name="Type" value="spout"/>
    </Properties>
  </Object>
  <Object name="Spout16">
    <AbsoluteLocation value="-23.465569 -4.441607"/>
    <Properties>
      <Property name="Angle" value="35.3904"/>
      <Property name="Filename" value="/Objects/touch_spout.hs"/>
      <Property name="FluidType" value="Water"/>
      <Property name="Parent" value="Object18"/>
      <Property name="ParticleSpeed" value="26"/>
      <Property name="Type" value="spout"/>
    </Properties>
  </Object>
  <Object name="Spout14">
    <AbsoluteLocation value="-13.729026 15.516918"/>
    <Properties>
      <Property name="Blockable" value="1"/>
      <Property name="Angle" value="-89.8471"/>
      <Property name="Filename" value="/Objects/touch_spout_mud.hs"/>
      <Property name="FluidType" value="Mud"/>
      <Property name="Parent" value="Object18"/>
      <Property name="ParticleDryness" value="1"/>
      <Property name="ParticleSpeed" value="8"/>
      <Property name="SprinklerSteps" value="3"/>
      <Property name="SprinklerWidth" value="1"/>
      <Property name="Type" value="spout"/>
    </Properties>
  </Object>
  <Object name="Spout17">
    <AbsoluteLocation value="2.606865 -42.342510"/>
    <Properties>
      <Property name="Angle" value="19.7194"/>
      <Property name="Blockable" value="1"/>
      <Property name="Filename" value="/Objects/touch_spout_mud.hs"/>
      <Property name="FluidType" value="Mud"/>
      <Property name="ParticleDryness" value="1"/>
      <Property name="ParticleSpeed" value="38"/>
      <Property name="Type" value="spout"/>
    </Properties>
  </Object>
  <Object name="Object24">
    <AbsoluteLocation value="0.812679 32.833847"/>
    <Properties>
      <Property name="Angle" value="90"/>
      <Property name="Filename" value="/Objects/pipe_into_wall_1.hs"/>
    </Properties>
  </Object>
  <Object name="Object30">
    <AbsoluteLocation value="0.704236 30.119455"/>
    <Properties>
      <Property name="Angle" value="0"/>
      <Property name="Filename" value="/Objects/pipe_spout_base.hs"/>
    </Properties>
  </Object>
  <Object name="Object31">
    <AbsoluteLocation value="0.703010 23.393978"/>
    <Properties>
      <Property name="Angle" value="-180"/>
      <Property name="Filename" value="/Objects/pipe_spout_base.hs"/>
    </Properties>
  </Object>
  <Object name="FluidConverter24">
    <AbsoluteLocation value="0.814089 26.766472"/>
    <Properties>
      <Property name="Angle" value="0"/>
      <Property name="Filename" value="/Objects/converter_static_mud.hs"/>
      <Property name="FluidType" value="wetmud"/>
      <Property name="Type" value="fluidconverter"/>
    </Properties>
  </Object>
  <Object name="Ducky26">
    <AbsoluteLocation value="0.046875 -1.500000"/>
    <Properties>
      <Property name="Angle" value="0"/>
      <Property name="Filename" value="/Objects/star_teleport.hs"/>
      <Property name="StarType" value="teleport"/>
      <Property name="Type" value="star"/>
    </Properties>
  </Object>
  <Object name="Ducky27">
    <AbsoluteLocation value="0.390625 10.625000"/>
    <Properties>
      <Property name="Angle" value="0"/>
      <Property name="Filename" value="/Objects/star_teleport.hs"/>
      <Property name="StarType" value="teleport"/>
      <Property name="Type" value="star"/>
    </Properties>
  </Object>
  <Object name="Ducky28">
    <AbsoluteLocation value="25.859375 -18.031250"/>
    <Properties>
      <Property name="Angle" value="0"/>
      <Property name="Filename" value="/Objects/star_teleport.hs"/>
      <Property name="StarType" value="teleport"/>
      <Property name="Type" value="star"/>
    </Properties>
  </Object>
  <Object name="Ducky29">
    <AbsoluteLocation value="17.718750 -34.031250"/>
    <Properties>
      <Property name="Angle" value="0"/>
      <Property name="Filename" value="/Objects/star_teleport.hs"/>
      <Property name="StarType" value="teleport"/>
      <Property name="Type" value="star"/>
    </Properties>
  </Object>
  <Object name="Ducky30">
    <AbsoluteLocation value="-6.734375 16.343750"/>
    <Properties>
      <Property name="Angle" value="0"/>
      <Property name="Filename" value="/Objects/star_teleport.hs"/>
      <Property name="StarType" value="teleport"/>
      <Property name="Type" value="star"/>
    </Properties>
  </Object>
  <Object name="Ducky31">
    <AbsoluteLocation value="8.234375 16.796875"/>
    <Properties>
      <Property name="Angle" value="0"/>
      <Property name="Filename" value="/Objects/star_teleport.hs"/>
      <Property name="StarType" value="teleport"/>
      <Property name="Type" value="star"/>
    </Properties>
  </Object>
  <Object name="Ducky32">
    <AbsoluteLocation value="6.000000 -36.515625"/>
    <Properties>
      <Property name="Angle" value="0"/>
      <Property name="Filename" value="/Objects/star_teleport.hs"/>
      <Property name="StarType" value="teleport"/>
      <Property name="Type" value="star"/>
    </Properties>
  </Object>
  <Object name="Ducky33">
    <AbsoluteLocation value="25.984375 -36.296875"/>
    <Properties>
      <Property name="Angle" value="0"/>
      <Property name="Filename" value="/Objects/star_teleport.hs"/>
      <Property name="StarType" value="teleport"/>
      <Property name="Type" value="star"/>
    </Properties>
  </Object>
  <Object name="Object44">
    <AbsoluteLocation value="10.152500 23.520727"/>
    <Properties>
      <Property name="Angle" value="179.997"/>
      <Property name="Filename" value="/Objects/pipe_elbow_1.hs"/>
    </Properties>
  </Object>
  <Object name="Object45">
    <AbsoluteLocation value="12.679138 22.464130"/>
    <Properties>
      <Property name="Angle" value="0"/>
      <Property name="Filename" value="/Objects/pipe_bend_1.hs"/>
    </Properties>
  </Object>
  <Object name="Object47">
    <AbsoluteLocation value="14.378891 20.856266"/>
    <Properties>
      <Property name="Angle" value="133.906"/>
      <Property name="Filename" value="/Objects/pipe_straight_short.hs"/>
    </Properties>
  </Object>
  <Object name="Object48">
    <AbsoluteLocation value="16.078625 18.697134"/>
    <Properties>
      <Property name="Angle" value="-41.2365"/>
      <Property name="Filename" value="/Objects/pipe_bend_1.hs"/>
    </Properties>
  </Object>
  <Object name="Spout24">
    <AbsoluteLocation value="15.973038 15.516918"/>
    <Properties>
      <Property name="Angle" value="-89.7545"/>
      <Property name="Blockable" value="1"/>
      <Property name="Filename" value="/Objects/touch_spout_mud.hs"/>
      <Property name="FluidType" value="Mud"/>
      <Property name="Parent" value="Object18"/>
      <Property name="ParticleDryness" value="1"/>
      <Property name="ParticleSpeed" value="8"/>
      <Property name="SprinklerSteps" value="3"/>
      <Property name="SprinklerWidth" value="1"/>
      <Property name="Type" value="spout"/>
    </Properties>
  </Object>
  <Object name="Object49">
    <AbsoluteLocation value="-13.322279 24.531384"/>
    <Properties>
      <Property name="Angle" value="90.2824"/>
      <Property name="Filename" value="/Objects/pipe_bend_2.hs"/>
    </Properties>
  </Object>
  <Object name="Object50">
    <AbsoluteLocation value="-10.290318 26.828329"/>
    <Properties>
      <Property name="Angle" value="33.6867"/>
      <Property name="Filename" value="/Objects/pipe_straight.hs"/>
    </Properties>
  </Object>
  <Object name="Object27">
    <AbsoluteLocation value="9.507908 26.354433"/>
    <Properties>
      <Property name="Angle" value="90"/>
      <Property name="Filename" value="/Objects/pipe_into_wall_1.hs"/>
    </Properties>
  </Object>
  <Object name="Object20">
    <AbsoluteLocation value="-6.451729 29.386404"/>
    <Properties>
      <Property name="Angle" value="35.1212"/>
      <Property name="Filename" value="/Objects/pipe_into_wall_1.hs"/>
    </Properties>
  </Object>
  <Room>
    <AbsoluteLocation value="-16.399998 -30.800003"/>
  </Room>
</Objects>
