<?xml version="1.0"?>
<Objects>
  <Object name="Object16">
    <AbsoluteLocation value="-29.431984 0.330678"/>
    <Properties>
      <Property name="Angle" value="45.8153"/>
      <Property name="Filename" value="/Objects/pipe_straight_short.hs"/>
    </Properties>
  </Object>
  <Object name="Object14">
    <AbsoluteLocation value="-27.429192 1.376431"/>
    <Properties>
      <Property name="Angle" value="43.4373"/>
      <Property name="Filename" value="/Objects/pipe_elbow_1.hs"/>
    </Properties>
  </Object>
  <Object name="Object9">
    <AbsoluteLocation value="19.625872 10.601991"/>
    <Properties>
      <Property name="Angle" value="67.1512"/>
      <Property name="Filename" value="/Objects/pipe_elbow_1.hs"/>
    </Properties>
  </Object>
  <Object name="Ducky2">
    <AbsoluteLocation value="-0.150001 -38.174999"/>
    <Properties>
      <Property name="Angle" value="0"/>
      <Property name="Filename" value="/Objects/star.hs"/>
      <Property name="Type" value="star"/>
    </Properties>
  </Object>
  <Object name="Ducky4">
    <AbsoluteLocation value="-2.535812 4.112442"/>
    <Properties>
      <Property name="Angle" value="0"/>
      <Property name="Filename" value="/Objects/star.hs"/>
      <Property name="Type" value="star"/>
    </Properties>
  </Object>
  <Object name="Spout6">
    <AbsoluteLocation value="18.080944 8.833586"/>
    <Properties>
      <Property name="Angle" value="155"/>
      <Property name="ConnectedSpout0" value="SWAMPY_SPOUT"/>
      <Property name="ConnectedSpoutProbability0" value="1"/>
      <Property name="Filename" value="/Objects/broken_pipe.hs"/>
      <Property name="Type" value="spout"/>
    </Properties>
  </Object>
  <Object name="Object5">
    <AbsoluteLocation value="-28.818584 17.054173"/>
    <Properties>
      <Property name="Angle" value="-90"/>
      <Property name="Filename" value="/Objects/dirtywall_large.hs"/>
      <Property name="Health" value="1"/>
      <Property name="Type" value="dirtywall"/>
    </Properties>
  </Object>
  <Object name="Spout7">
    <AbsoluteLocation value="-23.514931 -1.683231"/>
    <Properties>
      <Property name="Angle" value="-44.9079"/>
      <Property name="Filename" value="/Objects/touch_spout.hs"/>
      <Property name="FluidType" value="Water"/>
      <Property name="ParticleSpeed" value="60"/>
      <Property name="ParticlesPerSecond" value="15"/>
      <Property name="Type" value="spout"/>
    </Properties>
  </Object>
  <Object name="Object10">
    <AbsoluteLocation value="22.274092 9.891491"/>
    <Properties>
      <Property name="Angle" value="-35.0559"/>
      <Property name="Filename" value="/Objects/pipe_straight_short.hs"/>
    </Properties>
  </Object>
  <Object name="Object11">
    <AbsoluteLocation value="24.567060 8.631976"/>
    <Properties>
      <Property name="Angle" value="-140.1"/>
      <Property name="Filename" value="/Objects/pipe_elbow_2.hs"/>
    </Properties>
  </Object>
  <Object name="Object12">
    <AbsoluteLocation value="26.048019 9.670053"/>
    <Properties>
      <Property name="Angle" value="-55.0487"/>
      <Property name="Filename" value="/Objects/pipe_elbow_2.hs"/>
    </Properties>
  </Object>
  <Object name="Object13">
    <AbsoluteLocation value="25.272934 12.221386"/>
    <Properties>
      <Property name="Angle" value="120.221"/>
      <Property name="Filename" value="/Objects/pipe_straight_short.hs"/>
    </Properties>
  </Object>
  <Object name="Object8">
    <AbsoluteLocation value="23.953451 14.412850"/>
    <Properties>
      <Property name="Angle" value="121.023"/>
      <Property name="Filename" value="/Objects/pipe_connector_end.hs"/>
    </Properties>
  </Object>
  <Object name="Object15">
    <AbsoluteLocation value="-31.241077 -0.559324"/>
    <Properties>
      <Property name="Angle" value="-133.525"/>
      <Property name="Filename" value="/Objects/pipe_elbow_2.hs"/>
    </Properties>
  </Object>
  <Object name="Object17">
    <AbsoluteLocation value="-33.558270 0.662457"/>
    <Properties>
      <Property name="Angle" value="-42.0375"/>
      <Property name="Filename" value="/Objects/pipe_straight_short.hs"/>
    </Properties>
  </Object>
  <Object name="Object18">
    <AbsoluteLocation value="-35.602612 2.505322"/>
    <Properties>
      <Property name="Angle" value="-42.0375"/>
      <Property name="Filename" value="/Objects/pipe_straight_short.hs"/>
    </Properties>
  </Object>
  <Object name="Ducky19">
    <AbsoluteLocation value="-23.710587 -22.689377"/>
    <Properties>
      <Property name="Angle" value="0"/>
      <Property name="Filename" value="/Objects/star.hs"/>
      <Property name="Type" value="star"/>
    </Properties>
  </Object>
  <Object name="Collectible22">
    <AbsoluteLocation value="-10.500000 13.031250"/>
    <Properties>
      <Property name="Angle" value="0"/>
      <Property name="Filename" value="/Objects/z_collectible_57.hs"/>
      <Property name="PlatinumType" value="normal"/>
      <Property name="Type" value="collectible"/>
    </Properties>
  </Object>
  <Object name="Ducky20">
    <AbsoluteLocation value="-20.773743 -38.818779"/>
    <Properties>
      <Property name="Angle" value="0"/>
      <Property name="Filename" value="/Objects/star_mega.hs"/>
      <Property name="StarType" value="mega"/>
      <Property name="Type" value="star"/>
    </Properties>
  </Object>
  <Room>
    <AbsoluteLocation value="17.200003 26.799999"/>
  </Room>
</Objects>
