<?xml version="1.0"?>
<Objects>
  <Object name="Object16">
    <AbsoluteLocation value="3.657143 -23.224422"/>
    <Properties>
      <Property name="Angle" value="-2.2893"/>
      <Property name="Filename" value="/Objects/pipe_straight.hs"/>
    </Properties>
  </Object>
  <Object name="Object12">
    <AbsoluteLocation value="0.485409 -42.007175"/>
    <Properties>
      <Property name="Angle" value="-84.7818"/>
      <Property name="Filename" value="/Objects/pipe_elbow_2.hs"/>
    </Properties>
  </Object>
  <Object name="Spout12">
    <AbsoluteLocation value="-2.068298 -42.277737"/>
    <Properties>
      <Property name="Angle" value="434.808"/>
      <Property name="ConnectedSpout0" value="SWAMPY_SPOUT"/>
      <Property name="ConnectedSpoutProbability0" value="1"/>
      <Property name="Filename" value="/Objects/broken_pipe.hs"/>
      <Property name="Type" value="spout"/>
    </Properties>
  </Object>
  <Object name="Ducky4">
    <AbsoluteLocation value="20.317535 -14.421818"/>
    <Properties>
      <Property name="Angle" value="0"/>
      <Property name="Filename" value="/Objects/star.hs"/>
      <Property name="Type" value="star"/>
    </Properties>
  </Object>
  <Object name="Ducky5">
    <AbsoluteLocation value="-23.418995 20.060627"/>
    <Properties>
      <Property name="Angle" value="0"/>
      <Property name="Filename" value="/Objects/star.hs"/>
      <Property name="Type" value="star"/>
    </Properties>
  </Object>
  <Object name="Ducky6">
    <AbsoluteLocation value="-8.034164 -8.599701"/>
    <Properties>
      <Property name="Angle" value="0"/>
      <Property name="Filename" value="/Objects/star.hs"/>
      <Property name="Type" value="star"/>
    </Properties>
  </Object>
  <Object name="Object8">
    <AbsoluteLocation value="-4.251717 40.603012"/>
    <Properties>
      <Property name="Angle" value="0"/>
      <Property name="Filename" value="/Objects/icicle_large.hs"/>
      <Property name="Type" value="icyhot"/>
    </Properties>
  </Object>
  <Object name="Object11">
    <AbsoluteLocation value="6.000000 -23.625000"/>
    <Properties>
      <Property name="Angle" value="-22.0816"/>
      <Property name="Filename" value="/Objects/pipe_connector_end.hs"/>
    </Properties>
  </Object>
  <Object name="Object13">
    <AbsoluteLocation value="0.404194 -36.004795"/>
    <Properties>
      <Property name="Angle" value="97.3935"/>
      <Property name="Filename" value="/Objects/pipe_straight_long.hs"/>
    </Properties>
  </Object>
  <Object name="Object14">
    <AbsoluteLocation value="-0.442596 -28.599731"/>
    <Properties>
      <Property name="Angle" value="95.7384"/>
      <Property name="Filename" value="/Objects/pipe_straight.hs"/>
    </Properties>
  </Object>
  <Object name="Object15">
    <AbsoluteLocation value="0.396912 -24.473000"/>
    <Properties>
      <Property name="Angle" value="-84.0123"/>
      <Property name="Filename" value="/Objects/pipe_connector_90.hs"/>
    </Properties>
  </Object>
  <Object name="Collectible14">
    <AbsoluteLocation value="-25.078125 -22.031250"/>
    <Properties>
      <Property name="Angle" value="0"/>
      <Property name="Filename" value="/Objects/z_collectible_58.hs"/>
      <Property name="PlatinumType" value="normal"/>
      <Property name="Type" value="collectible"/>
    </Properties>
  </Object>
  <Object name="Ducky15">
    <AbsoluteLocation value="20.437500 -14.531250"/>
    <Properties>
      <Property name="Angle" value="0"/>
      <Property name="Filename" value="/Objects/star_teleport.hs"/>
      <Property name="StarType" value="teleport"/>
      <Property name="Type" value="star"/>
    </Properties>
  </Object>
  <Object name="Ducky16">
    <AbsoluteLocation value="-19.531250 -13.796875"/>
    <Properties>
      <Property name="Angle" value="0"/>
      <Property name="CutsRock" value="1"/>
      <Property name="Filename" value="/Objects/star_teleport.hs"/>
      <Property name="StarType" value="teleport"/>
      <Property name="TeleportMoveEase" value="both"/>
      <Property name="TeleportMoveTime" value="2.0"/>
      <Property name="TeleportWaitTime" value="1"/>
      <Property name="Type" value="star"/>
    </Properties>
  </Object>
  <Object name="Ducky17">
    <AbsoluteLocation value="-19.671875 10.468750"/>
    <Properties>
      <Property name="Angle" value="0"/>
      <Property name="CutsRock" value="1"/>
      <Property name="Filename" value="/Objects/star_teleport.hs"/>
      <Property name="StarType" value="teleport"/>
      <Property name="TeleportMoveEase" value="both"/>
      <Property name="TeleportMoveTime" value="2.0"/>
      <Property name="TeleportWaitTime" value="1"/>
      <Property name="Type" value="star"/>
    </Properties>
  </Object>
  <Object name="Ducky18">
    <AbsoluteLocation value="5.390625 10.468750"/>
    <Properties>
      <Property name="Angle" value="0"/>
      <Property name="CutsRock" value="1"/>
      <Property name="Filename" value="/Objects/star_teleport.hs"/>
      <Property name="StarType" value="teleport"/>
      <Property name="TeleportMoveEase" value="both"/>
      <Property name="TeleportMoveTime" value="2.0"/>
      <Property name="TeleportWaitTime" value="1"/>
      <Property name="Type" value="star"/>
    </Properties>
  </Object>
  <Object name="Ducky19">
    <AbsoluteLocation value="5.390625 26.468750"/>
    <Properties>
      <Property name="Angle" value="0"/>
      <Property name="CutsRock" value="1"/>
      <Property name="Filename" value="/Objects/star_teleport.hs"/>
      <Property name="StarType" value="teleport"/>
      <Property name="TeleportMoveEase" value="both"/>
      <Property name="TeleportMoveTime" value="2.0"/>
      <Property name="TeleportWaitTime" value="999"/>
      <Property name="Type" value="star"/>
    </Properties>
  </Object>
  <Room>
    <AbsoluteLocation value="15.600002 -34.000000"/>
  </Room>
</Objects>
