<?xml version="1.0"?>
<Objects>
  <Object name="Object64">
    <AbsoluteLocation value="12.802414 -2.238918"/>
    <Properties>
      <Property name="Angle" value="-179.167"/>
      <Property name="Filename" value="/Objects/pipe_elbow_2.hs"/>
    </Properties>
  </Object>
  <Object name="Object66">
    <AbsoluteLocation value="12.015350 0.524622"/>
    <Properties>
      <Property name="Angle" value="-84.915"/>
      <Property name="Filename" value="/Objects/pipe_straight_short.hs"/>
    </Properties>
  </Object>
  <Object name="Object13">
    <AbsoluteLocation value="29.062500 20.250000"/>
    <Properties>
      <Property name="Angle" value="0"/>
      <Property name="Filename" value="/Objects/pipe_elbow_1.hs"/>
    </Properties>
  </Object>
  <Object name="Object14">
    <AbsoluteLocation value="29.718750 14.437500"/>
    <Properties>
      <Property name="Angle" value="-90"/>
      <Property name="Filename" value="/Objects/pipe_straight_long.hs"/>
    </Properties>
  </Object>
  <Object name="Object15">
    <AbsoluteLocation value="29.704361 5.017679"/>
    <Properties>
      <Property name="Angle" value="-90.6238"/>
      <Property name="Filename" value="/Objects/pipe_straight_long.hs"/>
    </Properties>
  </Object>
  <Object name="Object16">
    <AbsoluteLocation value="16.420092 -8.661749"/>
    <Properties>
      <Property name="Angle" value="-171.557"/>
      <Property name="Filename" value="/Objects/pipe_straight_long.hs"/>
    </Properties>
  </Object>
  <Object name="Object21">
    <AbsoluteLocation value="31.251453 -2.546745"/>
    <Properties>
      <Property name="Angle" value="-183.504"/>
      <Property name="Filename" value="/Objects/pipe_straight_long.hs"/>
    </Properties>
  </Object>
  <Object name="Object23">
    <AbsoluteLocation value="28.724396 9.624258"/>
    <Properties>
      <Property name="Angle" value="-189.178"/>
      <Property name="Filename" value="/Objects/pipe_straight_long.hs"/>
    </Properties>
  </Object>
  <Object name="Object24">
    <AbsoluteLocation value="37.667290 8.183607"/>
    <Properties>
      <Property name="Angle" value="-189.178"/>
      <Property name="Filename" value="/Objects/pipe_straight_long.hs"/>
    </Properties>
  </Object>
  <Object name="Spout10">
    <AbsoluteLocation value="26.156250 21.656250"/>
    <Properties>
      <Property name="Angle" value="70.0238"/>
      <Property name="ConnectedSpout0" value="Spout8"/>
      <Property name="ConnectedSpoutProbability0" value="1"/>
      <Property name="Filename" value="/Objects/basic_drain.hs"/>
      <Property name="Type" value="spout"/>
    </Properties>
  </Object>
  <Object name="Spout6">
    <AbsoluteLocation value="21.000000 12.187500"/>
    <Properties>
      <Property name="Angle" value="147.347"/>
      <Property name="Filename" value="/Objects/touch_spout_sludge.hs"/>
      <Property name="FluidType" value="Lava"/>
      <Property name="ParticleSpeed" value="50"/>
      <Property name="ParticlesPerSecond" value="20"/>
      <Property name="Type" value="spout"/>
    </Properties>
  </Object>
  <Object name="Object25">
    <AbsoluteLocation value="24.002932 -11.857200"/>
    <Properties>
      <Property name="Angle" value="-196.319"/>
      <Property name="Filename" value="/Objects/pipe_straight_long.hs"/>
    </Properties>
  </Object>
  <Object name="Object26">
    <AbsoluteLocation value="32.697369 -14.398372"/>
    <Properties>
      <Property name="Angle" value="-196.319"/>
      <Property name="Filename" value="/Objects/pipe_straight_long.hs"/>
    </Properties>
  </Object>
  <Object name="Object31">
    <AbsoluteLocation value="-9.461731 0.524214"/>
    <Properties>
      <Property name="Angle" value="-232.947"/>
      <Property name="Filename" value="/Objects/pipe_straight_short.hs"/>
    </Properties>
  </Object>
  <Object name="Object29">
    <AbsoluteLocation value="-7.622185 -1.489391"/>
    <Properties>
      <Property name="Angle" value="-41.6349"/>
      <Property name="Filename" value="/Objects/pipe_into_wall_2.hs"/>
    </Properties>
  </Object>
  <Object name="Spout7">
    <AbsoluteLocation value="-10.812500 4.718750"/>
    <Properties>
      <Property name="Angle" value="103.855"/>
      <Property name="Filename" value="/Objects/touch_spout_sludge.hs"/>
      <Property name="FluidType" value="Lava"/>
      <Property name="ParticleSpeed" value="50"/>
      <Property name="ParticlesPerSecond" value="7"/>
      <Property name="Type" value="spout"/>
    </Properties>
  </Object>
  <Object name="Ducky42">
    <AbsoluteLocation value="-18.850124 -38.366051"/>
    <Properties>
      <Property name="Angle" value="0"/>
      <Property name="Filename" value="/Objects/star_poison.hs"/>
      <Property name="Type" value="star"/>
    </Properties>
  </Object>
  <Object name="Ducky43">
    <AbsoluteLocation value="-12.713863 15.068689"/>
    <Properties>
      <Property name="Angle" value="0"/>
      <Property name="Filename" value="/Objects/star_poison.hs"/>
      <Property name="Type" value="star"/>
    </Properties>
  </Object>
  <Object name="Ducky44">
    <AbsoluteLocation value="-20.634789 7.759277"/>
    <Properties>
      <Property name="Angle" value="0"/>
      <Property name="Filename" value="/Objects/star_poison.hs"/>
      <Property name="Type" value="star"/>
    </Properties>
  </Object>
  <Object name="Object51">
    <AbsoluteLocation value="4.027420 15.722492"/>
    <Properties>
      <Property name="Angle" value="-246.99"/>
      <Property name="Filename" value="/Objects/pipe_straight_short.hs"/>
    </Properties>
  </Object>
  <Object name="Spout50">
    <AbsoluteLocation value="3.107996 18.070482"/>
    <Properties>
      <Property name="Angle" value="17.6446"/>
      <Property name="ConnectedSpout0" value="Spout49"/>
      <Property name="ConnectedSpoutProbability0" value="1"/>
      <Property name="Filename" value="/Objects/basic_drain.hs"/>
      <Property name="Type" value="spout"/>
    </Properties>
  </Object>
  <Object name="Spout53">
    <AbsoluteLocation value="16.116703 -2.365561"/>
    <Properties>
      <Property name="Angle" value="-74.5772"/>
      <Property name="ConnectedSpout0" value="Spout49"/>
      <Property name="ConnectedSpoutProbability0" value="1"/>
      <Property name="Filename" value="/Objects/basic_drain.hs"/>
      <Property name="Type" value="spout"/>
    </Properties>
  </Object>
  <Object name="Object60">
    <AbsoluteLocation value="11.392984 8.180527"/>
    <Properties>
      <Property name="Angle" value="-85.3764"/>
      <Property name="Filename" value="/Objects/pipe_straight_long.hs"/>
    </Properties>
  </Object>
  <Object name="Object62">
    <AbsoluteLocation value="-0.501091 14.433344"/>
    <Properties>
      <Property name="Angle" value="-8.21488"/>
      <Property name="Filename" value="/Objects/pipe_straight_long.hs"/>
    </Properties>
  </Object>
  <Object name="Object65">
    <AbsoluteLocation value="11.870766 2.414043"/>
    <Properties>
      <Property name="Angle" value="-84.915"/>
      <Property name="Filename" value="/Objects/pipe_straight_short.hs"/>
    </Properties>
  </Object>
  <Object name="Object67">
    <AbsoluteLocation value="29.437504 -2.812500"/>
    <Properties>
      <Property name="Angle" value="-94.2223"/>
      <Property name="Filename" value="/Objects/pipe_straight.hs"/>
    </Properties>
  </Object>
  <Object name="Object68">
    <AbsoluteLocation value="4.500000 14.437500"/>
    <Properties>
      <Property name="Angle" value="0"/>
      <Property name="Filename" value="/Objects/pipe_spout_base.hs"/>
    </Properties>
  </Object>
  <Object name="Object69">
    <AbsoluteLocation value="4.475000 13.287499"/>
    <Properties>
      <Property name="Angle" value="180"/>
      <Property name="Filename" value="/Objects/pipe_spout_base.hs"/>
    </Properties>
  </Object>
  <Object name="Spout49">
    <AbsoluteLocation value="-6.972229 15.590939"/>
    <Properties>
      <Property name="Angle" value="183.053"/>
      <Property name="Filename" value="/Objects/shower_head.hs"/>
      <Property name="FluidType" value="Water"/>
      <Property name="NumberParticles" value="0"/>
      <Property name="ParticleSpeed" value="70"/>
      <Property name="ParticlesPerSecond" value="7"/>
      <Property name="Type" value="spout"/>
    </Properties>
  </Object>
  <Object name="Object74">
    <AbsoluteLocation value="7.504509 13.292231"/>
    <Properties>
      <Property name="Angle" value="-9.14974"/>
      <Property name="Filename" value="/Objects/pipe_straight_short.hs"/>
    </Properties>
  </Object>
  <Object name="Object75">
    <AbsoluteLocation value="10.289200 12.194622"/>
    <Properties>
      <Property name="Angle" value="179.83"/>
      <Property name="Filename" value="/Objects/pipe_connector_90.hs"/>
    </Properties>
  </Object>
  <Object name="Object46">
    <AbsoluteLocation value="-13.788404 -43.587067"/>
    <Properties>
      <Property name="Angle" value="178"/>
      <Property name="Filename" value="/Objects/wall_16x8_sliding_right.hs"/>
      <Property name="PathPos0" value="0 0"/>
      <Property name="PathPos1" value="12 0"/>
    </Properties>
  </Object>
  <Object name="Object45">
    <AbsoluteLocation value="16.854431 -45.242245"/>
    <Properties>
      <Property name="Angle" value="-105.676"/>
      <Property name="Filename" value="/Objects/pipe_elbow_2.hs"/>
    </Properties>
  </Object>
  <Object name="Object73">
    <AbsoluteLocation value="18.369865 -43.144905"/>
    <Properties>
      <Property name="Angle" value="72.9735"/>
      <Property name="Filename" value="/Objects/pipe_connector_end.hs"/>
    </Properties>
  </Object>
  <Object name="Spout3">
    <AbsoluteLocation value="14.007435 -44.778481"/>
    <Properties>
      <Property name="Angle" value="69.3293"/>
      <Property name="ConnectedSpout0" value="SWAMPY_SPOUT"/>
      <Property name="ConnectedSpoutProbability0" value="1"/>
      <Property name="Filename" value="/Objects/broken_pipe_cranky.hs"/>
      <Property name="Type" value="spout"/>
    </Properties>
  </Object>
  <Object name="Spout2">
    <AbsoluteLocation value="24.281250 0.656250"/>
    <Properties>
      <Property name="Angle" value="123.736"/>
      <Property name="Filename" value="/Objects/touch_spout.hs"/>
      <Property name="FluidType" value="Water"/>
      <Property name="ParticleSpeed" value="50"/>
      <Property name="ParticlesPerSecond" value="20"/>
      <Property name="SprinklerSteps" value="3"/>
      <Property name="SprinklerWidth" value="1"/>
      <Property name="Type" value="spout"/>
    </Properties>
  </Object>
  <Object name="Object43">
    <AbsoluteLocation value="-12.200001 -43.600002"/>
    <Properties>
      <Property name="Angle" value="0"/>
      <Property name="Filename" value="/Objects/path_locking_end.hs"/>
    </Properties>
  </Object>
  <Object name="Object44">
    <AbsoluteLocation value="-3.133335 -43.599998"/>
    <Properties>
      <Property name="Angle" value="0"/>
      <Property name="Filename" value="/Objects/path_locking_mid.hs"/>
    </Properties>
  </Object>
  <Object name="Object47">
    <AbsoluteLocation value="0.866668 -43.600002"/>
    <Properties>
      <Property name="Angle" value="0"/>
      <Property name="Filename" value="/Objects/path_locking_end_right.hs"/>
    </Properties>
  </Object>
  <Object name="Object48">
    <AbsoluteLocation value="-7.933334 -43.600002"/>
    <Properties>
      <Property name="Angle" value="0"/>
      <Property name="Filename" value="/Objects/path_locking_mid.hs"/>
    </Properties>
  </Object>
  <Object name="Object49">
    <AbsoluteLocation value="10.242266 -8.863052"/>
    <Properties>
      <Property name="Angle" value="-172.345"/>
      <Property name="Filename" value="/Objects/pipe_elbow_1.hs"/>
    </Properties>
  </Object>
  <Object name="Object50">
    <AbsoluteLocation value="22.583664 -7.827871"/>
    <Properties>
      <Property name="Angle" value="-174.743"/>
      <Property name="Filename" value="/Objects/pipe_straight_short.hs"/>
    </Properties>
  </Object>
  <Object name="Spout4">
    <AbsoluteLocation value="17.625000 -10.875000"/>
    <Properties>
      <Property name="Angle" value="-170.282"/>
      <Property name="Filename" value="/Objects/touch_spout_murky.hs"/>
      <Property name="FluidType" value="ContaminatedWater"/>
      <Property name="ParticleSpeed" value="70"/>
      <Property name="ParticlesPerSecond" value="7"/>
      <Property name="Type" value="spout"/>
    </Properties>
  </Object>
  <Object name="Spout8">
    <AbsoluteLocation value="8.937500 -6.593750"/>
    <Properties>
      <Property name="Angle" value="104.983"/>
      <Property name="Filename" value="/Objects/shower_head.hs"/>
      <Property name="FluidType" value="Lava"/>
      <Property name="NumberParticles" value="0"/>
      <Property name="ParticleSpeed" value="40"/>
      <Property name="ParticlesPerSecond" value="20"/>
      <Property name="Type" value="spout"/>
    </Properties>
  </Object>
  <Object name="Object53">
    <AbsoluteLocation value="25.396622 -7.554514"/>
    <Properties>
      <Property name="Angle" value="-174.07"/>
      <Property name="Filename" value="/Objects/pipe_straight_short.hs"/>
    </Properties>
  </Object>
  <Object name="Object52">
    <AbsoluteLocation value="27.979782 -6.603859"/>
    <Properties>
      <Property name="Angle" value="84.7586"/>
      <Property name="Filename" value="/Objects/pipe_connector_90.hs"/>
    </Properties>
  </Object>
  <Room>
    <AbsoluteLocation value="18.800001 -29.200005"/>
  </Room>
  <Properties>
    <Property name="ShowTopEdge" value="1"/>
  </Properties>
</Objects>
