<?xml version="1.0"?>
<Objects>
  <Object name="Object36">
    <AbsoluteLocation value="-0.015049 -43.824429"/>
    <Properties>
      <Property name="Angle" value="11.183"/>
      <Property name="Filename" value="/Objects/pipe_straight_short.hs"/>
    </Properties>
  </Object>
  <Object name="Object35">
    <AbsoluteLocation value="1.921875 -43.171875"/>
    <Properties>
      <Property name="Angle" value="-111.397"/>
      <Property name="Filename" value="/Objects/pipe_bend_1.hs"/>
    </Properties>
  </Object>
  <Object name="Object26">
    <AbsoluteLocation value="-18.342617 41.437706"/>
    <Properties>
      <Property name="Angle" value="119.301"/>
      <Property name="Filename" value="/Objects/pipe_straight_long.hs"/>
    </Properties>
  </Object>
  <Object name="Object25">
    <AbsoluteLocation value="2.253345 40.920086"/>
    <Properties>
      <Property name="Angle" value="89.6568"/>
      <Property name="Filename" value="/Objects/pipe_straight_long.hs"/>
    </Properties>
  </Object>
  <Object name="Object16">
    <AbsoluteLocation value="-2.983799 -44.418179"/>
    <Properties>
      <Property name="Angle" value="11.183"/>
      <Property name="Filename" value="/Objects/pipe_straight_short.hs"/>
    </Properties>
  </Object>
  <Object name="0">
    <AbsoluteLocation value="26.775002 9.887501"/>
    <Properties>
      <Property name="Angle" value="0"/>
      <Property name="Filename" value="/Objects/star.hs"/>
      <Property name="Type" value="star"/>
    </Properties>
  </Object>
  <Object name="1">
    <AbsoluteLocation value="20.687500 25.950001"/>
    <Properties>
      <Property name="Angle" value="0"/>
      <Property name="Filename" value="/Objects/star.hs"/>
      <Property name="Type" value="star"/>
    </Properties>
  </Object>
  <Object name="2">
    <AbsoluteLocation value="-8.799999 -8.400001"/>
    <Properties>
      <Property name="Angle" value="0"/>
      <Property name="Filename" value="/Objects/star.hs"/>
      <Property name="Type" value="star"/>
    </Properties>
  </Object>
  <Object name="Spout6">
    <AbsoluteLocation value="2.824266 -40.536835"/>
    <Properties>
      <Property name="Angle" value="0.406318"/>
      <Property name="ConnectedSpout0" value="SWAMPY_SPOUT"/>
      <Property name="ConnectedSpoutProbability0" value="1"/>
      <Property name="Filename" value="/Objects/broken_pipe.hs"/>
      <Property name="Type" value="spout"/>
    </Properties>
  </Object>
  <Object name="Object17">
    <AbsoluteLocation value="-5.679941 -44.518265"/>
    <Properties>
      <Property name="Angle" value="-171.726"/>
      <Property name="Filename" value="/Objects/pipe_bend_1.hs"/>
    </Properties>
  </Object>
  <Object name="6">
    <AbsoluteLocation value="-7.383648 -43.393181"/>
    <Properties>
      <Property name="Angle" value="-223.899"/>
      <Property name="Filename" value="/Objects/pipe_connector_end.hs"/>
    </Properties>
  </Object>
  <Object name="Spout23">
    <AbsoluteLocation value="-14.148748 34.067497"/>
    <Properties>
      <Property name="Angle" value="-60.2355"/>
      <Property name="Filename" value="/Objects/touch_spout.hs"/>
      <Property name="FluidType" value="Water"/>
      <Property name="Type" value="spout"/>
    </Properties>
  </Object>
  <Object name="Spout24">
    <AbsoluteLocation value="2.343750 32.443752"/>
    <Properties>
      <Property name="Angle" value="-89.7545"/>
      <Property name="Filename" value="/Objects/touch_spout_generic.hs"/>
      <Property name="FluidType" value="Mud"/>
      <Property name="OffsetVariation" value="0.35"/>
      <Property name="ParticleDryness" value="0.8"/>
      <Property name="ParticleSpeed" value="14"/>
      <Property name="ParticlesPerSecond" value="10"/>
      <Property name="Type" value="spout"/>
    </Properties>
  </Object>
  <Object name="Object28">
    <AbsoluteLocation value="2.292683 50.292450"/>
    <Properties>
      <Property name="Angle" value="89.6568"/>
      <Property name="Filename" value="/Objects/pipe_straight_long.hs"/>
    </Properties>
  </Object>
  <Object name="Object29">
    <AbsoluteLocation value="-22.941423 49.631092"/>
    <Properties>
      <Property name="Angle" value="119.301"/>
      <Property name="Filename" value="/Objects/pipe_straight_long.hs"/>
    </Properties>
  </Object>
  <Object name="Object15">
    <AbsoluteLocation value="17.494091 55.996162"/>
    <Properties>
      <Property name="Angle" value="-0.3432"/>
      <Property name="Filename" value="/Objects/pipe_straight_long.hs"/>
    </Properties>
  </Object>
  <Object name="Object18">
    <AbsoluteLocation value="8.121731 56.035500"/>
    <Properties>
      <Property name="Angle" value="-0.3432"/>
      <Property name="Filename" value="/Objects/pipe_straight_long.hs"/>
    </Properties>
  </Object>
  <Object name="Object19">
    <AbsoluteLocation value="35.535728 55.921318"/>
    <Properties>
      <Property name="Angle" value="-0.3432"/>
      <Property name="Filename" value="/Objects/pipe_straight_long.hs"/>
    </Properties>
  </Object>
  <Object name="Object20">
    <AbsoluteLocation value="26.163368 55.960655"/>
    <Properties>
      <Property name="Angle" value="-0.3432"/>
      <Property name="Filename" value="/Objects/pipe_straight_long.hs"/>
    </Properties>
  </Object>
  <Object name="Object21">
    <AbsoluteLocation value="-32.204018 66.077591"/>
    <Properties>
      <Property name="Angle" value="119.301"/>
      <Property name="Filename" value="/Objects/pipe_straight_long.hs"/>
    </Properties>
  </Object>
  <Object name="Object22">
    <AbsoluteLocation value="-27.605213 57.884209"/>
    <Properties>
      <Property name="Angle" value="119.301"/>
      <Property name="Filename" value="/Objects/pipe_straight_long.hs"/>
    </Properties>
  </Object>
  <Object name="Object23">
    <AbsoluteLocation value="-36.784233 74.195961"/>
    <Properties>
      <Property name="Angle" value="119.301"/>
      <Property name="Filename" value="/Objects/pipe_straight_long.hs"/>
    </Properties>
  </Object>
  <Object name="Object24">
    <AbsoluteLocation value="-41.383038 82.389343"/>
    <Properties>
      <Property name="Angle" value="119.301"/>
      <Property name="Filename" value="/Objects/pipe_straight_long.hs"/>
    </Properties>
  </Object>
  <Object name="Object27">
    <AbsoluteLocation value="3.457673 55.227367"/>
    <Properties>
      <Property name="Angle" value="-92.2615"/>
      <Property name="Filename" value="/Objects/pipe_connector_90.hs"/>
    </Properties>
  </Object>
  <Object name="Switch24">
    <AbsoluteLocation value="25.031250 19.218750"/>
    <Properties>
      <Property name="Angle" value="111.234"/>
      <Property name="ConnectedObject0" value="Object30"/>
      <Property name="Filename" value="/Objects/switch.hs"/>
      <Property name="Type" value="switch"/>
    </Properties>
  </Object>
  <Object name="Object30">
    <AbsoluteLocation value="3.069138 -30.379982"/>
    <Properties>
      <Property name="Angle" value="0"/>
      <Property name="Filename" value="/Objects/wall_8x8.hs"/>
      <Property name="PathPos0" value="0 0"/>
      <Property name="PathPos1" value="8 0"/>
    </Properties>
  </Object>
  <Object name="Object31">
    <AbsoluteLocation value="2.250000 46.781250"/>
    <Properties>
      <Property name="Angle" value="0"/>
      <Property name="Filename" value="/Objects/pipe_spout_base.hs"/>
    </Properties>
  </Object>
  <Object name="Object32">
    <AbsoluteLocation value="2.000000 40.400002"/>
    <Properties>
      <Property name="Angle" value="180"/>
      <Property name="Filename" value="/Objects/pipe_spout_base.hs"/>
    </Properties>
  </Object>
  <Object name="FluidConverter26">
    <AbsoluteLocation value="2.400000 43.600002"/>
    <Properties>
      <Property name="Angle" value="0"/>
      <Property name="Filename" value="/Objects/converter_static_mud.hs"/>
      <Property name="FluidType" value="wetmud"/>
      <Property name="Type" value="fluidconverter"/>
    </Properties>
  </Object>
  <Object name="Object33">
    <AbsoluteLocation value="1.512799 -30.399998"/>
    <Properties>
      <Property name="Angle" value="0"/>
      <Property name="Filename" value="/Objects/path_locking_end.hs"/>
    </Properties>
  </Object>
  <Object name="Object34">
    <AbsoluteLocation value="11.287200 -30.399998"/>
    <Properties>
      <Property name="Angle" value="0"/>
      <Property name="Filename" value="/Objects/path_locking_end_right.hs"/>
    </Properties>
  </Object>
  <Object name="Object37">
    <AbsoluteLocation value="6.400000 -30.399998"/>
    <Properties>
      <Property name="Angle" value="0"/>
      <Property name="Filename" value="/Objects/path_locking_mid.hs"/>
    </Properties>
  </Object>
  <Object name="Ducky35">
    <AbsoluteLocation value="-21.281250 34.078125"/>
    <Properties>
      <Property name="Angle" value="0"/>
      <Property name="Filename" value="/Objects/star_teleport.hs"/>
      <Property name="StarType" value="teleport"/>
      <Property name="Type" value="star"/>
    </Properties>
  </Object>
  <Object name="Ducky36">
    <AbsoluteLocation value="-5.281250 -18.109375"/>
    <Properties>
      <Property name="Angle" value="0"/>
      <Property name="CutsRock" value="1"/>
      <Property name="Filename" value="/Objects/star_teleport.hs"/>
      <Property name="StarType" value="teleport"/>
      <Property name="TeleportMoveTime" value="2"/>
      <Property name="TeleportWaitTime" value="2"/>
      <Property name="Type" value="star"/>
    </Properties>
  </Object>
  <Object name="Ducky37">
    <AbsoluteLocation value="19.906250 -18.781250"/>
    <Properties>
      <Property name="Angle" value="0"/>
      <Property name="CutsRock" value="1"/>
      <Property name="Filename" value="/Objects/star_teleport.hs"/>
      <Property name="StarType" value="teleport"/>
      <Property name="TeleportMoveTime" value="2"/>
      <Property name="TeleportWaitTime" value="2"/>
      <Property name="Type" value="star"/>
    </Properties>
  </Object>
  <Object name="Ducky38">
    <AbsoluteLocation value="20.531250 -29.906250"/>
    <Properties>
      <Property name="Angle" value="0"/>
      <Property name="CutsRock" value="1"/>
      <Property name="Filename" value="/Objects/star_teleport.hs"/>
      <Property name="StarType" value="teleport"/>
      <Property name="TeleportMoveTime" value="2"/>
      <Property name="TeleportWaitTime" value="999"/>
      <Property name="Type" value="star"/>
    </Properties>
  </Object>
  <Room>
    <AbsoluteLocation value="-17.199997 -34.000000"/>
  </Room>
</Objects>
