<?xml version="1.0"?>
<Objects>
  <Object name="Collectible49">
    <AbsoluteLocation value="-7.781250 -15.750000"/>
    <Properties>
      <Property name="Angle" value="0"/>
      <Property name="Filename" value="/Objects/z_collectible_cranky_26.hs"/>
      <Property name="Type" value="collectible"/>
    </Properties>
  </Object>
  <Object name="Object53">
    <AbsoluteLocation value="29.708822 89.642784"/>
    <Properties>
      <Property name="Angle" value="91.8177"/>
      <Property name="Filename" value="/Objects/pipe_straight.hs"/>
    </Properties>
  </Object>
  <Object name="Object47">
    <AbsoluteLocation value="28.704628 95.498077"/>
    <Properties>
      <Property name="Angle" value="106.276"/>
      <Property name="Filename" value="/Objects/pipe_straight.hs"/>
    </Properties>
  </Object>
  <Object name="Object45">
    <AbsoluteLocation value="-10.983894 67.407242"/>
    <Properties>
      <Property name="Angle" value="-175.397"/>
      <Property name="Filename" value="/Objects/pipe_elbow_1.hs"/>
    </Properties>
  </Object>
  <Object name="Object48">
    <AbsoluteLocation value="-11.991236 70.223343"/>
    <Properties>
      <Property name="Angle" value="97.776"/>
      <Property name="Filename" value="/Objects/pipe_straight_short.hs"/>
    </Properties>
  </Object>
  <Object name="Object42">
    <AbsoluteLocation value="28.657532 54.385410"/>
    <Properties>
      <Property name="Angle" value="80.3818"/>
      <Property name="Filename" value="/Objects/pipe_straight.hs"/>
    </Properties>
  </Object>
  <Object name="Object40">
    <AbsoluteLocation value="17.786873 53.654274"/>
    <Properties>
      <Property name="Angle" value="75.5612"/>
      <Property name="Filename" value="/Objects/pipe_straight_long.hs"/>
    </Properties>
  </Object>
  <Object name="Object41">
    <AbsoluteLocation value="16.613159 47.668076"/>
    <Properties>
      <Property name="Angle" value="87.4478"/>
      <Property name="Filename" value="/Objects/pipe_straight_short.hs"/>
    </Properties>
  </Object>
  <Object name="Object39">
    <AbsoluteLocation value="7.663261 60.197929"/>
    <Properties>
      <Property name="Angle" value="100.543"/>
      <Property name="Filename" value="/Objects/pipe_straight_long.hs"/>
    </Properties>
  </Object>
  <Object name="Object37">
    <AbsoluteLocation value="-9.259725 -93.861183"/>
    <Properties>
      <Property name="Angle" value="-60.398"/>
      <Property name="Filename" value="/Objects/pipe_straight_short.hs"/>
    </Properties>
  </Object>
  <Object name="Object31">
    <AbsoluteLocation value="8.516405 52.604755"/>
    <Properties>
      <Property name="Angle" value="89.8549"/>
      <Property name="Filename" value="/Objects/pipe_straight.hs"/>
    </Properties>
  </Object>
  <Object name="Obj18">
    <AbsoluteLocation value="-7.200000 -99.200005"/>
    <Properties>
      <Property name="Angle" value="-175"/>
      <Property name="Filename" value="/Objects/pipe_elbow_2.hs"/>
    </Properties>
  </Object>
  <Object name="Obj15">
    <AbsoluteLocation value="27.147026 48.558937"/>
    <Properties>
      <Property name="Angle" value="70.8867"/>
      <Property name="Filename" value="/Objects/pipe_straight.hs"/>
    </Properties>
  </Object>
  <Object name="Spout5">
    <AbsoluteLocation value="28.700586 59.046528"/>
    <Properties>
      <Property name="Angle" value="14.3509"/>
      <Property name="ConnectedSpout0" value="Spout9"/>
      <Property name="ConnectedSpoutProbability0" value="1"/>
      <Property name="Filename" value="/Objects/basic_drain.hs"/>
      <Property name="Type" value="spout"/>
    </Properties>
  </Object>
  <Object name="Spout6">
    <AbsoluteLocation value="19.769531 59.538361"/>
    <Properties>
      <Property name="Angle" value="-21.7642"/>
      <Property name="ConnectedSpout0" value="Spout10"/>
      <Property name="ConnectedSpoutProbability0" value="1"/>
      <Property name="Filename" value="/Objects/basic_drain.hs"/>
      <Property name="Type" value="spout"/>
    </Properties>
  </Object>
  <Object name="Spout9">
    <AbsoluteLocation value="25.773659 44.269562"/>
    <Properties>
      <Property name="Angle" value="-97.4948"/>
      <Property name="Filename" value="/Objects/shower_head.hs"/>
      <Property name="FluidType" value="Water"/>
      <Property name="NumberParticles" value="0"/>
      <Property name="ParticleSpeed" value="10"/>
      <Property name="ParticlesPerSecond" value="20"/>
      <Property name="Type" value="spout"/>
    </Properties>
  </Object>
  <Object name="Spout10">
    <AbsoluteLocation value="16.235737 44.254238"/>
    <Properties>
      <Property name="Angle" value="-100"/>
      <Property name="Filename" value="/Objects/shower_head.hs"/>
      <Property name="FluidType" value="Water"/>
      <Property name="NumberParticles" value="0"/>
      <Property name="ParticleSpeed" value="10"/>
      <Property name="ParticlesPerSecond" value="20"/>
      <Property name="Type" value="spout"/>
    </Properties>
  </Object>
  <Object name="Spout17">
    <AbsoluteLocation value="-4.400000 -99.200005"/>
    <Properties>
      <Property name="Angle" value="-65"/>
      <Property name="ConnectedSpout0" value="SWAMPY_SPOUT"/>
      <Property name="ConnectedSpoutProbability0" value="1"/>
      <Property name="Filename" value="/Objects/broken_pipe_cranky.hs"/>
      <Property name="Type" value="spout"/>
    </Properties>
  </Object>
  <Object name="Switch20">
    <AbsoluteLocation value="-24.090370 -60.271751"/>
    <Properties>
      <Property name="Angle" value="-0.704221"/>
      <Property name="ConnectedObject0" value="Obj22"/>
      <Property name="Filename" value="/Objects/switch.hs"/>
      <Property name="Type" value="switch"/>
    </Properties>
  </Object>
  <Object name="Obj22">
    <AbsoluteLocation value="25.906523 -46.066017"/>
    <Properties>
      <Property name="Angle" value="90"/>
      <Property name="Filename" value="/Objects/wall_8x8.hs"/>
      <Property name="MotorMoveSpeed" value="5"/>
      <Property name="PathPos0" value="0 0"/>
      <Property name="PathPos1" value="-19 0"/>
    </Properties>
  </Object>
  <Object name="Star21">
    <AbsoluteLocation value="23.600002 -67.599998"/>
    <Properties>
      <Property name="Angle" value="0"/>
      <Property name="Filename" value="/Objects/star_poison.hs"/>
      <Property name="Type" value="star"/>
    </Properties>
  </Object>
  <Object name="Star22">
    <AbsoluteLocation value="11.600001 27.600000"/>
    <Properties>
      <Property name="Angle" value="0"/>
      <Property name="Filename" value="/Objects/star_poison.hs"/>
      <Property name="Type" value="star"/>
    </Properties>
  </Object>
  <Object name="Star23">
    <AbsoluteLocation value="-11.200000 -47.200001"/>
    <Properties>
      <Property name="Angle" value="0"/>
      <Property name="Filename" value="/Objects/star_poison.hs"/>
      <Property name="Type" value="star"/>
    </Properties>
  </Object>
  <Object name="Spout4">
    <AbsoluteLocation value="6.800000 66.800003"/>
    <Properties>
      <Property name="Angle" value="1.07539"/>
      <Property name="ConnectedSpout0" value="Spout8"/>
      <Property name="ConnectedSpoutProbability0" value="1"/>
      <Property name="Filename" value="/Objects/basic_drain.hs"/>
      <Property name="Type" value="spout"/>
    </Properties>
  </Object>
  <Object name="Spout8">
    <AbsoluteLocation value="8.905957 48.505955"/>
    <Properties>
      <Property name="Angle" value="-80"/>
      <Property name="ExpulsionAngleVariation" value="2"/>
      <Property name="Filename" value="/Objects/shower_head.hs"/>
      <Property name="FluidType" value="Water"/>
      <Property name="NumberParticles" value="0"/>
      <Property name="ParticleSpeed" value="10"/>
      <Property name="ParticlesPerSecond" value="20"/>
      <Property name="Type" value="spout"/>
    </Properties>
  </Object>
  <Object name="WaterBalloon9">
    <AbsoluteLocation value="8.455671 43.783016"/>
    <Properties>
      <Property name="Angle" value="-11.5484"/>
      <Property name="ConnectedSpout" value="Spout8"/>
      <Property name="Filename" value="/Objects/balloon.hs"/>
      <Property name="InitialParticles" value="water 1 steam 0"/>
      <Property name="Type" value="waterballoon"/>
    </Properties>
  </Object>
  <Object name="WaterBalloon13">
    <AbsoluteLocation value="15.600000 40.000000"/>
    <Properties>
      <Property name="Angle" value="0"/>
      <Property name="ConnectedSpout" value="Spout10"/>
      <Property name="Filename" value="/Objects/balloon.hs"/>
      <Property name="InitialParticles" value="water 1 steam 0"/>
      <Property name="Type" value="waterballoon"/>
    </Properties>
  </Object>
  <Object name="WaterBalloon12">
    <AbsoluteLocation value="25.426617 39.966644"/>
    <Properties>
      <Property name="Angle" value="0"/>
      <Property name="ConnectedSpout" value="Spout9"/>
      <Property name="Filename" value="/Objects/balloon.hs"/>
      <Property name="InitialParticles" value="water 1 steam 0"/>
      <Property name="Type" value="waterballoon"/>
    </Properties>
  </Object>
  <Object name="Object29">
    <AbsoluteLocation value="-8.273332 -96.481049"/>
    <Properties>
      <Property name="Angle" value="-79.1157"/>
      <Property name="Filename" value="/Objects/pipe_straight_short.hs"/>
    </Properties>
  </Object>
  <Object name="Obj23">
    <AbsoluteLocation value="-10.400001 -92.800003"/>
    <Properties>
      <Property name="Angle" value="134.398"/>
      <Property name="Filename" value="/Objects/pipe_connector_end.hs"/>
    </Properties>
  </Object>
  <Object name="Object30">
    <AbsoluteLocation value="9.526899 -46.312500"/>
    <Properties>
      <Property name="Angle" value="0"/>
      <Property name="Filename" value="/Objects/path_locking_end.hs"/>
    </Properties>
  </Object>
  <Object name="Object32">
    <AbsoluteLocation value="24.050430 -46.312500"/>
    <Properties>
      <Property name="Angle" value="0"/>
      <Property name="Filename" value="/Objects/path_locking_end_right.hs"/>
    </Properties>
  </Object>
  <Object name="Object33">
    <AbsoluteLocation value="14.428633 -46.312500"/>
    <Properties>
      <Property name="Angle" value="0"/>
      <Property name="Filename" value="/Objects/path_locking_mid.hs"/>
    </Properties>
  </Object>
  <Object name="Object34">
    <AbsoluteLocation value="19.294031 -46.312500"/>
    <Properties>
      <Property name="Angle" value="0"/>
      <Property name="Filename" value="/Objects/path_locking_mid.hs"/>
    </Properties>
  </Object>
  <Object name="Object35">
    <AbsoluteLocation value="-1.973253 53.105064"/>
    <Properties>
      <Property name="Angle" value="89.8549"/>
      <Property name="Filename" value="/Objects/pipe_straight.hs"/>
    </Properties>
  </Object>
  <Object name="Spout36">
    <AbsoluteLocation value="-12.000000 73.200005"/>
    <Properties>
      <Property name="Angle" value="0"/>
      <Property name="ConnectedSpout0" value="Spout37"/>
      <Property name="ConnectedSpoutProbability0" value="1"/>
      <Property name="Filename" value="/Objects/basic_drain.hs"/>
      <Property name="Type" value="spout"/>
    </Properties>
  </Object>
  <Object name="Spout37">
    <AbsoluteLocation value="-1.814177 49.219364"/>
    <Properties>
      <Property name="Angle" value="-85.0096"/>
      <Property name="Filename" value="/Objects/shower_head.hs"/>
      <Property name="FluidType" value="Water"/>
      <Property name="NumberParticles" value="0"/>
      <Property name="Type" value="spout"/>
    </Properties>
  </Object>
  <Object name="WaterBalloon38">
    <AbsoluteLocation value="-1.645035 44.359726"/>
    <Properties>
      <Property name="Angle" value="0"/>
      <Property name="ConnectedSpout" value="Spout37"/>
      <Property name="Filename" value="/Objects/balloon.hs"/>
      <Property name="Type" value="waterballoon"/>
    </Properties>
  </Object>
  <Object name="Object43">
    <AbsoluteLocation value="-2.806463 60.776955"/>
    <Properties>
      <Property name="Angle" value="100.543"/>
      <Property name="Filename" value="/Objects/pipe_straight_long.hs"/>
    </Properties>
  </Object>
  <Object name="Object46">
    <AbsoluteLocation value="-7.637897 67.053070"/>
    <Properties>
      <Property name="Angle" value="185.877"/>
      <Property name="Filename" value="/Objects/pipe_straight.hs"/>
    </Properties>
  </Object>
  <Object name="Object49">
    <AbsoluteLocation value="29.323906 83.596336"/>
    <Properties>
      <Property name="Angle" value="81.9375"/>
      <Property name="Filename" value="/Objects/pipe_straight.hs"/>
    </Properties>
  </Object>
  <Object name="Spout52">
    <AbsoluteLocation value="26.977449 98.483490"/>
    <Properties>
      <Property name="Angle" value="136.167"/>
      <Property name="Filename" value="/Objects/shower_head.hs"/>
      <Property name="FluidType" value="Water"/>
      <Property name="NumberParticles" value="0"/>
      <Property name="ParticleSpeed" value="15"/>
      <Property name="Type" value="spout"/>
    </Properties>
  </Object>
  <Object name="Object54">
    <AbsoluteLocation value="28.117130 80.172943"/>
    <Properties>
      <Property name="Angle" value="-98.2931"/>
      <Property name="Filename" value="/Objects/pipe_elbow_2.hs"/>
    </Properties>
  </Object>
  <Object name="Object55">
    <AbsoluteLocation value="25.947584 80.549759"/>
    <Properties>
      <Property name="Angle" value="-189.3"/>
      <Property name="Filename" value="/Objects/pipe_elbow_2.hs"/>
    </Properties>
  </Object>
  <Object name="Spout50">
    <AbsoluteLocation value="24.567570 83.258766"/>
    <Properties>
      <Property name="Angle" value="25.4018"/>
      <Property name="ConnectedSpout0" value="Spout52"/>
      <Property name="ConnectedSpoutProbability0" value="1"/>
      <Property name="Filename" value="/Objects/basic_drain.hs"/>
      <Property name="Type" value="spout"/>
    </Properties>
  </Object>
  <Object name="Object50">
    <AbsoluteLocation value="-5.305439 66.333633"/>
    <Properties>
      <Property name="Angle" value="189.806"/>
      <Property name="Filename" value="/Objects/pipe_connector_90.hs"/>
    </Properties>
  </Object>
  <Room>
    <AbsoluteLocation value="-19.599998 -82.000008"/>
  </Room>
</Objects>
