<?xml version="1.0"?>
<Objects>
  <Object name="Object86">
    <AbsoluteLocation value="19.336533 1.824145"/>
    <Properties>
      <Property name="Angle" value="97.1706"/>
      <Property name="Filename" value="/Objects/pipe_straight.hs"/>
    </Properties>
  </Object>
  <Object name="Object84">
    <AbsoluteLocation value="-7.128826 9.194584"/>
    <Properties>
      <Property name="Angle" value="87.2066"/>
      <Property name="Filename" value="/Objects/pipe_straight_short.hs"/>
    </Properties>
  </Object>
  <Object name="Object81">
    <AbsoluteLocation value="-6.490166 24.314484"/>
    <Properties>
      <Property name="Angle" value="90.935"/>
      <Property name="Filename" value="/Objects/pipe_elbow_1.hs"/>
    </Properties>
  </Object>
  <Object name="Object31">
    <AbsoluteLocation value="10.620316 -24.416216"/>
    <Properties>
      <Property name="Angle" value="32.7638"/>
      <Property name="Filename" value="/Objects/pipe_straight_short.hs"/>
    </Properties>
  </Object>
  <Object name="Object56">
    <AbsoluteLocation value="29.237455 7.392457"/>
    <Properties>
      <Property name="Angle" value="140.874"/>
      <Property name="Filename" value="/Objects/pipe_straight.hs"/>
    </Properties>
  </Object>
  <Object name="Ducky3">
    <AbsoluteLocation value="8.754187 17.709925"/>
    <Properties>
      <Property name="Angle" value="0"/>
      <Property name="Filename" value="/Objects/star_poison.hs"/>
      <Property name="Type" value="star"/>
    </Properties>
  </Object>
  <Object name="Ducky4">
    <AbsoluteLocation value="-19.921543 36.880733"/>
    <Properties>
      <Property name="Angle" value="0"/>
      <Property name="Filename" value="/Objects/star_poison.hs"/>
      <Property name="Type" value="star"/>
    </Properties>
  </Object>
  <Object name="Ducky5">
    <AbsoluteLocation value="11.050282 -33.594433"/>
    <Properties>
      <Property name="Angle" value="0"/>
      <Property name="Filename" value="/Objects/star_poison.hs"/>
      <Property name="Type" value="star"/>
    </Properties>
  </Object>
  <Object name="Object15">
    <AbsoluteLocation value="-19.676279 12.736203"/>
    <Properties>
      <Property name="Angle" value="90"/>
      <Property name="Filename" value="/Objects/pipe_straight_short.hs"/>
    </Properties>
  </Object>
  <Object name="Object16">
    <AbsoluteLocation value="-29.132917 -0.122406"/>
    <Properties>
      <Property name="Angle" value="180"/>
      <Property name="Filename" value="/Objects/pipe_elbow_1.hs"/>
    </Properties>
  </Object>
  <Object name="Object17">
    <AbsoluteLocation value="-29.151701 2.324621"/>
    <Properties>
      <Property name="Angle" value="90"/>
      <Property name="Filename" value="/Objects/pipe_elbow_1.hs"/>
    </Properties>
  </Object>
  <Object name="Object18">
    <AbsoluteLocation value="-24.125994 3.217999"/>
    <Properties>
      <Property name="Angle" value="239.166"/>
      <Property name="Filename" value="/Objects/pipe_bend_1.hs"/>
    </Properties>
  </Object>
  <Object name="Object19">
    <AbsoluteLocation value="-26.292671 2.996660"/>
    <Properties>
      <Property name="Angle" value="0"/>
      <Property name="Filename" value="/Objects/pipe_straight_short.hs"/>
    </Properties>
  </Object>
  <Object name="Object20">
    <AbsoluteLocation value="-14.456877 3.668068"/>
    <Properties>
      <Property name="Angle" value="189.018"/>
      <Property name="Filename" value="/Objects/pipe_bend_1.hs"/>
    </Properties>
  </Object>
  <Object name="Object21">
    <AbsoluteLocation value="-11.768177 3.768522"/>
    <Properties>
      <Property name="Angle" value="8.44964"/>
      <Property name="Filename" value="/Objects/pipe_straight_short.hs"/>
    </Properties>
  </Object>
  <Object name="Object28">
    <AbsoluteLocation value="8.205245 -25.548214"/>
    <Properties>
      <Property name="Angle" value="211.167"/>
      <Property name="Filename" value="/Objects/pipe_bend_1.hs"/>
    </Properties>
  </Object>
  <Object name="Object32">
    <AbsoluteLocation value="10.711933 -17.261108"/>
    <Properties>
      <Property name="Angle" value="117.965"/>
      <Property name="Filename" value="/Objects/pipe_straight_short.hs"/>
    </Properties>
  </Object>
  <Object name="Object33">
    <AbsoluteLocation value="9.041605 -13.187569"/>
    <Properties>
      <Property name="Angle" value="107.526"/>
      <Property name="Filename" value="/Objects/pipe_bend_2.hs"/>
    </Properties>
  </Object>
  <Object name="Object34">
    <AbsoluteLocation value="9.789818 -15.609528"/>
    <Properties>
      <Property name="Angle" value="117.316"/>
      <Property name="Filename" value="/Objects/pipe_straight_short.hs"/>
    </Properties>
  </Object>
  <Object name="Object35">
    <AbsoluteLocation value="17.259693 -7.170945"/>
    <Properties>
      <Property name="Angle" value="23.7742"/>
      <Property name="Filename" value="/Objects/pipe_elbow_1.hs"/>
    </Properties>
  </Object>
  <Object name="Object36">
    <AbsoluteLocation value="10.302383 -11.556295"/>
    <Properties>
      <Property name="Angle" value="45.7956"/>
      <Property name="Filename" value="/Objects/pipe_straight_short.hs"/>
    </Properties>
  </Object>
  <Object name="Object37">
    <AbsoluteLocation value="12.210451 -9.726114"/>
    <Properties>
      <Property name="Angle" value="41.8793"/>
      <Property name="Filename" value="/Objects/pipe_straight_short.hs"/>
    </Properties>
  </Object>
  <Object name="Object38">
    <AbsoluteLocation value="14.548268 -7.917362"/>
    <Properties>
      <Property name="Angle" value="33.0501"/>
      <Property name="Filename" value="/Objects/pipe_straight_short.hs"/>
    </Properties>
  </Object>
  <Object name="Object42">
    <AbsoluteLocation value="13.234329 -47.294090"/>
    <Properties>
      <Property name="Angle" value="0.173031"/>
      <Property name="Filename" value="/Objects/pipe_straight.hs"/>
    </Properties>
  </Object>
  <Object name="Spout7">
    <AbsoluteLocation value="-19.680801 15.869133"/>
    <Properties>
      <Property name="Angle" value="0"/>
      <Property name="ConnectedSpout0" value="YSwitch11"/>
      <Property name="ConnectedSpoutProbability0" value="1"/>
      <Property name="Filename" value="/Objects/basic_drain.hs"/>
      <Property name="Type" value="spout"/>
    </Properties>
  </Object>
  <Object name="YSwitch11">
    <AbsoluteLocation value="-19.304272 7.098366"/>
    <Properties>
      <Property name="Angle" value="2.53972"/>
      <Property name="ConnectedSpout0" value="Spout9"/>
      <Property name="ConnectedSpout1" value="Spout10"/>
      <Property name="ConnectedSpoutProbability0" value="0.5"/>
      <Property name="ConnectedSpoutProbability1" value="0.5"/>
      <Property name="Filename" value="/Objects/pipe_y_switch_toggle.hs"/>
      <Property name="FirstLeftSpout" value="0"/>
      <Property name="FirstRightSpout" value="1"/>
      <Property name="Type" value="yswitch"/>
      <Property name="YSwitchPosition" value="0"/>
    </Properties>
  </Object>
  <Object name="Object22">
    <AbsoluteLocation value="-10.649880 4.360197"/>
    <Properties>
      <Property name="Angle" value="90.1721"/>
      <Property name="Filename" value="/Objects/pipe_spout_base.hs"/>
    </Properties>
  </Object>
  <Object name="Object23">
    <AbsoluteLocation value="-7.315969 8.175594"/>
    <Properties>
      <Property name="Angle" value="-0.0592715"/>
      <Property name="Filename" value="/Objects/pipe_spout_base.hs"/>
    </Properties>
  </Object>
  <Object name="FluidConverter14">
    <AbsoluteLocation value="-7.155416 4.684058"/>
    <Properties>
      <Property name="Angle" value="0"/>
      <Property name="Filename" value="/Objects/converter_static_murky.hs"/>
      <Property name="FluidType" value="contaminatedwater"/>
      <Property name="Type" value="fluidconverter"/>
    </Properties>
  </Object>
  <Object name="Spout10">
    <AbsoluteLocation value="-3.899704 24.398441"/>
    <Properties>
      <Property name="Angle" value="-19.0209"/>
      <Property name="ConnectedConverter" value="FluidConverter14"/>
      <Property name="Filename" value="/Objects/shower_head.hs"/>
      <Property name="FluidType" value="Water"/>
      <Property name="NumberParticles" value="0"/>
      <Property name="ParticleQueueThreshold" value="4"/>
      <Property name="ParticleSpeed" value="40"/>
      <Property name="ParticlesPerSecond" value="8"/>
      <Property name="Type" value="spout"/>
    </Properties>
  </Object>
  <Object name="Object30">
    <AbsoluteLocation value="12.425856 -21.151487"/>
    <Properties>
      <Property name="Angle" value="134.644"/>
      <Property name="Filename" value="/Objects/pipe_connector_90.hs"/>
    </Properties>
  </Object>
  <Object name="Spout13">
    <AbsoluteLocation value="18.633274 -9.995824"/>
    <Properties>
      <Property name="Angle" value="-79.2607"/>
      <Property name="Filename" value="/Objects/shower_head.hs"/>
      <Property name="FluidType" value="Water"/>
      <Property name="NumberParticles" value="0"/>
      <Property name="Type" value="spout"/>
    </Properties>
  </Object>
  <Object name="Object51">
    <AbsoluteLocation value="30.550144 0.171249"/>
    <Properties>
      <Property name="Angle" value="594.766"/>
      <Property name="Filename" value="/Objects/pipe_straight_short.hs"/>
    </Properties>
  </Object>
  <Object name="Object53">
    <AbsoluteLocation value="26.083166 9.934935"/>
    <Properties>
      <Property name="Angle" value="141.049"/>
      <Property name="Filename" value="/Objects/pipe_straight_short.hs"/>
    </Properties>
  </Object>
  <Object name="Object54">
    <AbsoluteLocation value="25.069052 11.170685"/>
    <Properties>
      <Property name="Angle" value="137.702"/>
      <Property name="Filename" value="/Objects/pipe_bend_2.hs"/>
    </Properties>
  </Object>
  <Object name="Object55">
    <AbsoluteLocation value="25.064669 13.404001"/>
    <Properties>
      <Property name="Angle" value="88.6157"/>
      <Property name="Filename" value="/Objects/pipe_straight_short.hs"/>
    </Properties>
  </Object>
  <Object name="Bomb57">
    <AbsoluteLocation value="5.633776 -42.262589"/>
    <Properties>
      <Property name="Angle" value="23.142"/>
      <Property name="Filename" value="/Objects/bomb.hs"/>
      <Property name="Type" value="bomb"/>
    </Properties>
  </Object>
  <Object name="Object60">
    <AbsoluteLocation value="25.214569 18.072899"/>
    <Properties>
      <Property name="Angle" value="88.6202"/>
      <Property name="Filename" value="/Objects/pipe_straight.hs"/>
    </Properties>
  </Object>
  <Object name="Object61">
    <AbsoluteLocation value="26.014019 22.290688"/>
    <Properties>
      <Property name="Angle" value="86.7207"/>
      <Property name="Filename" value="/Objects/pipe_elbow_1.hs"/>
    </Properties>
  </Object>
  <Object name="Object64">
    <AbsoluteLocation value="31.238400 29.482054"/>
    <Properties>
      <Property name="Angle" value="88.6202"/>
      <Property name="Filename" value="/Objects/pipe_straight.hs"/>
    </Properties>
  </Object>
  <Object name="Object66">
    <AbsoluteLocation value="25.462204 35.379135"/>
    <Properties>
      <Property name="Angle" value="164.066"/>
      <Property name="Filename" value="/Objects/pipe_straight.hs"/>
    </Properties>
  </Object>
  <Object name="Spout48">
    <AbsoluteLocation value="21.027538 36.554565"/>
    <Properties>
      <Property name="Angle" value="-186.029"/>
      <Property name="Filename" value="/Objects/shower_head.hs"/>
      <Property name="FluidType" value="Water"/>
      <Property name="NumberParticles" value="0"/>
      <Property name="ParticleQueueThreshold" value="4"/>
      <Property name="ParticleSpeed" value="40"/>
      <Property name="ParticlesPerSecond" value="8"/>
      <Property name="Type" value="spout"/>
    </Properties>
  </Object>
  <Object name="Object65">
    <AbsoluteLocation value="30.173630 32.774048"/>
    <Properties>
      <Property name="Angle" value="173.004"/>
      <Property name="Filename" value="/Objects/pipe_connector_90.hs"/>
    </Properties>
  </Object>
  <Object name="Object63">
    <AbsoluteLocation value="29.580444 24.130701"/>
    <Properties>
      <Property name="Angle" value="87.9059"/>
      <Property name="Filename" value="/Objects/pipe_connector_90.hs"/>
    </Properties>
  </Object>
  <Object name="Spout46">
    <AbsoluteLocation value="18.951763 6.844063"/>
    <Properties>
      <Property name="Angle" value="1.2896"/>
      <Property name="ConnectedSpout0" value="Spout48"/>
      <Property name="ConnectedSpoutProbability0" value="1"/>
      <Property name="Filename" value="/Objects/basic_drain.hs"/>
      <Property name="Type" value="spout"/>
    </Properties>
  </Object>
  <Object name="Object69">
    <AbsoluteLocation value="1.423111 -20.348265"/>
    <Properties>
      <Property name="Angle" value="129.972"/>
      <Property name="Filename" value="/Objects/pipe_straight_short.hs"/>
    </Properties>
  </Object>
  <Object name="Object70">
    <AbsoluteLocation value="0.043360 -18.620737"/>
    <Properties>
      <Property name="Angle" value="140.889"/>
      <Property name="Filename" value="/Objects/pipe_bend_2.hs"/>
    </Properties>
  </Object>
  <Object name="Spout8">
    <AbsoluteLocation value="-0.391037 -16.042648"/>
    <Properties>
      <Property name="Angle" value="1.40972"/>
      <Property name="ConnectedSpout0" value="YSwitch12"/>
      <Property name="ConnectedSpoutProbability0" value="1"/>
      <Property name="Filename" value="/Objects/basic_drain.hs"/>
      <Property name="Type" value="spout"/>
    </Properties>
  </Object>
  <Object name="Bomb59">
    <AbsoluteLocation value="2.240274 -33.104443"/>
    <Properties>
      <Property name="Angle" value="28.8588"/>
      <Property name="Filename" value="/Objects/bomb.hs"/>
      <Property name="Type" value="bomb"/>
    </Properties>
  </Object>
  <Object name="Bomb58">
    <AbsoluteLocation value="6.005390 -17.391022"/>
    <Properties>
      <Property name="Angle" value="42.083"/>
      <Property name="Filename" value="/Objects/bomb.hs"/>
      <Property name="Type" value="bomb"/>
    </Properties>
  </Object>
  <Object name="Bomb69">
    <AbsoluteLocation value="28.123030 -44.649117"/>
    <Properties>
      <Property name="Angle" value="23.142"/>
      <Property name="Filename" value="/Objects/bomb.hs"/>
      <Property name="Type" value="bomb"/>
    </Properties>
  </Object>
  <Object name="Object72">
    <AbsoluteLocation value="7.153988 -47.329414"/>
    <Properties>
      <Property name="Angle" value="0.0655311"/>
      <Property name="Filename" value="/Objects/pipe_straight.hs"/>
    </Properties>
  </Object>
  <Object name="Spout9">
    <AbsoluteLocation value="-25.621078 -0.652016"/>
    <Properties>
      <Property name="Angle" value="6.25808"/>
      <Property name="Filename" value="/Objects/touch_spout_generic.hs"/>
      <Property name="FluidType" value="Water"/>
      <Property name="ParticleSpeed" value="40"/>
      <Property name="ParticlesPerSecond" value="8"/>
      <Property name="Type" value="spout"/>
    </Properties>
  </Object>
  <Object name="Object74">
    <AbsoluteLocation value="1.913658 -47.350342"/>
    <Properties>
      <Property name="Angle" value="0.0655311"/>
      <Property name="Filename" value="/Objects/pipe_straight.hs"/>
    </Properties>
  </Object>
  <Object name="Object50">
    <AbsoluteLocation value="31.601046 3.697493"/>
    <Properties>
      <Property name="Angle" value="143.168"/>
      <Property name="Filename" value="/Objects/pipe_connector_90.hs"/>
    </Properties>
  </Object>
  <Object name="Object75">
    <AbsoluteLocation value="-2.678384 -37.230179"/>
    <Properties>
      <Property name="Angle" value="-91.0445"/>
      <Property name="Filename" value="/Objects/pipe_straight.hs"/>
    </Properties>
  </Object>
  <Object name="Object77">
    <AbsoluteLocation value="-2.758975 -42.469933"/>
    <Properties>
      <Property name="Angle" value="-91.0445"/>
      <Property name="Filename" value="/Objects/pipe_straight.hs"/>
    </Properties>
  </Object>
  <Object name="Object78">
    <AbsoluteLocation value="-3.364853 -31.120506"/>
    <Properties>
      <Property name="Angle" value="0.174236"/>
      <Property name="Filename" value="/Objects/pipe_elbow_1.hs"/>
    </Properties>
  </Object>
  <Object name="Object39">
    <AbsoluteLocation value="-5.457962 -30.387932"/>
    <Properties>
      <Property name="Angle" value="175.661"/>
      <Property name="Filename" value="/Objects/pipe_connector_end.hs"/>
    </Properties>
  </Object>
  <Object name="Object80">
    <AbsoluteLocation value="17.488274 -46.635899"/>
    <Properties>
      <Property name="Angle" value="-90.191"/>
      <Property name="Filename" value="/Objects/pipe_elbow_2.hs"/>
    </Properties>
  </Object>
  <Object name="Spout2">
    <AbsoluteLocation value="18.000000 -44.400002"/>
    <Properties>
      <Property name="Angle" value="0"/>
      <Property name="ConnectedSpout0" value="SWAMPY_SPOUT"/>
      <Property name="ConnectedSpoutProbability0" value="1"/>
      <Property name="Filename" value="/Objects/broken_pipe_cranky.hs"/>
      <Property name="Type" value="spout"/>
    </Properties>
  </Object>
  <Object name="Bomb81">
    <AbsoluteLocation value="28.983389 -17.028023"/>
    <Properties>
      <Property name="Angle" value="42.083"/>
      <Property name="Filename" value="/Objects/bomb.hs"/>
      <Property name="Type" value="bomb"/>
    </Properties>
  </Object>
  <Object name="Object82">
    <AbsoluteLocation value="-7.048676 19.855740"/>
    <Properties>
      <Property name="Angle" value="91.8052"/>
      <Property name="Filename" value="/Objects/pipe_straight.hs"/>
    </Properties>
  </Object>
  <Object name="Object83">
    <AbsoluteLocation value="-7.024387 13.687172"/>
    <Properties>
      <Property name="Angle" value="89.6004"/>
      <Property name="Filename" value="/Objects/pipe_straight.hs"/>
    </Properties>
  </Object>
  <Object name="Object43">
    <AbsoluteLocation value="-1.523685 -45.876198"/>
    <Properties>
      <Property name="Angle" value="2.04221"/>
      <Property name="Filename" value="/Objects/pipe_connector_90.hs"/>
    </Properties>
  </Object>
  <Object name="YSwitch12">
    <AbsoluteLocation value="2.249582 -23.576571"/>
    <Properties>
      <Property name="Angle" value="20.1129"/>
      <Property name="ConnectedSpout0" value="Spout13"/>
      <Property name="ConnectedSpoutProbability0" value="1"/>
      <Property name="Filename" value="/Objects/pipe_y_switch_blocked_l.hs"/>
      <Property name="FirstLeftSpout" value="0"/>
      <Property name="FirstRightSpout" value="0"/>
      <Property name="Type" value="yswitch"/>
      <Property name="YSwitchPosition" value="0"/>
    </Properties>
  </Object>
  <Object name="Object85">
    <AbsoluteLocation value="-2.673241 -33.870647"/>
    <Properties>
      <Property name="Angle" value="-89.1866"/>
      <Property name="Filename" value="/Objects/pipe_straight_short.hs"/>
    </Properties>
  </Object>
  <Object name="Object87">
    <AbsoluteLocation value="20.532879 -2.026043"/>
    <Properties>
      <Property name="Angle" value="188.543"/>
      <Property name="Filename" value="/Objects/pipe_elbow_1.hs"/>
    </Properties>
  </Object>
  <Object name="Object88">
    <AbsoluteLocation value="25.118702 -2.104566"/>
    <Properties>
      <Property name="Angle" value="-172.977"/>
      <Property name="Filename" value="/Objects/pipe_straight.hs"/>
    </Properties>
  </Object>
  <Object name="Object89">
    <AbsoluteLocation value="29.018806 -1.515070"/>
    <Properties>
      <Property name="Angle" value="235.518"/>
      <Property name="Filename" value="/Objects/pipe_bend_2.hs"/>
    </Properties>
  </Object>
  <Room>
    <AbsoluteLocation value="-18.799997 -29.200005"/>
  </Room>
  <Properties>
    <Property name="ShowTopEdge" value="1"/>
  </Properties>
</Objects>
