<?xml version="1.0"?>
<Objects>
  <Object name="Object51">
    <AbsoluteLocation value="6.850358 42.653660"/>
    <Properties>
      <Property name="Angle" value="-1.91879"/>
      <Property name="Filename" value="/Objects/pipe_elbow_1.hs"/>
    </Properties>
  </Object>
  <Object name="Object50">
    <AbsoluteLocation value="4.315785 42.671520"/>
    <Properties>
      <Property name="Angle" value="91.1142"/>
      <Property name="Filename" value="/Objects/pipe_elbow_1.hs"/>
    </Properties>
  </Object>
  <Object name="Object54">
    <AbsoluteLocation value="-0.889168 40.289440"/>
    <Properties>
      <Property name="Angle" value="1.92657"/>
      <Property name="Filename" value="/Objects/pipe_straight.hs"/>
    </Properties>
  </Object>
  <Object name="Object30">
    <AbsoluteLocation value="19.384136 7.500572"/>
    <Properties>
      <Property name="Angle" value="44.0289"/>
      <Property name="Filename" value="/Objects/pipe_straight_long.hs"/>
    </Properties>
  </Object>
  <Object name="Object29">
    <AbsoluteLocation value="30.710115 3.084394"/>
    <Properties>
      <Property name="Angle" value="-87.8898"/>
      <Property name="Filename" value="/Objects/pipe_elbow_2.hs"/>
    </Properties>
  </Object>
  <Object name="Object27">
    <AbsoluteLocation value="-36.342945 -39.611595"/>
    <Properties>
      <Property name="Angle" value="378.275"/>
      <Property name="Filename" value="/Objects/pipe_straight_long.hs"/>
    </Properties>
  </Object>
  <Object name="Object37">
    <AbsoluteLocation value="32.306522 30.861065"/>
    <Properties>
      <Property name="Angle" value="1.69729"/>
      <Property name="Filename" value="/Objects/pipe_elbow_2.hs"/>
    </Properties>
  </Object>
  <Object name="Spout29">
    <AbsoluteLocation value="27.685055 1.477591"/>
    <Properties>
      <Property name="Angle" value="472.981"/>
      <Property name="ConnectedSpout0" value="Spout30"/>
      <Property name="ConnectedSpoutProbability0" value="1"/>
      <Property name="Filename" value="/Objects/basic_drain.hs"/>
      <Property name="Type" value="spout"/>
    </Properties>
  </Object>
  <Object name="Object36">
    <AbsoluteLocation value="-3.013720 16.337543"/>
    <Properties>
      <Property name="Angle" value="-43.874"/>
      <Property name="Filename" value="/Objects/pipe_straight_short.hs"/>
    </Properties>
  </Object>
  <Object name="Ducky13">
    <AbsoluteLocation value="22.568739 27.342083"/>
    <Properties>
      <Property name="Angle" value="0"/>
      <Property name="Filename" value="/Objects/star_poison.hs"/>
      <Property name="Type" value="star"/>
    </Properties>
  </Object>
  <Object name="Ducky14">
    <AbsoluteLocation value="28.973183 -24.115520"/>
    <Properties>
      <Property name="Angle" value="0"/>
      <Property name="Filename" value="/Objects/star_poison.hs"/>
      <Property name="Type" value="star"/>
    </Properties>
  </Object>
  <Object name="Ducky15">
    <AbsoluteLocation value="3.843174 36.244972"/>
    <Properties>
      <Property name="Angle" value="0"/>
      <Property name="Filename" value="/Objects/star_poison.hs"/>
      <Property name="Type" value="star"/>
    </Properties>
  </Object>
  <Object name="Object7">
    <AbsoluteLocation value="-4.331252 17.631992"/>
    <Properties>
      <Property name="Angle" value="-224.563"/>
      <Property name="Filename" value="/Objects/pipe_connector_end.hs"/>
    </Properties>
  </Object>
  <Object name="Object33">
    <AbsoluteLocation value="95.549225 55.674747"/>
    <Properties>
      <Property name="Angle" value="91.5464"/>
      <Property name="Filename" value="/Objects/pipe_elbow_1.hs"/>
    </Properties>
  </Object>
  <Object name="Spout30">
    <AbsoluteLocation value="29.378515 31.020817"/>
    <Properties>
      <Property name="Angle" value="199.004"/>
      <Property name="Filename" value="/Objects/shower_head.hs"/>
      <Property name="FluidType" value="Water"/>
      <Property name="NumberParticles" value="0"/>
      <Property name="ParticleSpeed" value="35"/>
      <Property name="ParticlesPerSecond" value="16"/>
      <Property name="Type" value="spout"/>
    </Properties>
  </Object>
  <Object name="Object60">
    <AbsoluteLocation value="-0.938152 15.172934"/>
    <Properties>
      <Property name="Angle" value="-136.283"/>
      <Property name="Filename" value="/Objects/pipe_elbow_2.hs"/>
    </Properties>
  </Object>
  <Object name="Spout3">
    <AbsoluteLocation value="1.872375 16.473488"/>
    <Properties>
      <Property name="Angle" value="-49.7396"/>
      <Property name="ConnectedSpout0" value="SWAMPY_SPOUT"/>
      <Property name="ConnectedSpoutProbability0" value="1"/>
      <Property name="Filename" value="/Objects/broken_pipe_cranky.hs"/>
      <Property name="Type" value="spout"/>
    </Properties>
  </Object>
  <Object name="Object63">
    <AbsoluteLocation value="33.094772 25.026070"/>
    <Properties>
      <Property name="Angle" value="91.187"/>
      <Property name="Filename" value="/Objects/pipe_straight_long.hs"/>
    </Properties>
  </Object>
  <Object name="Object78">
    <AbsoluteLocation value="-33.339695 -26.562239"/>
    <Properties>
      <Property name="Angle" value="348.816"/>
      <Property name="Filename" value="/Objects/pipe_straight_long.hs"/>
    </Properties>
  </Object>
  <Object name="Spout81">
    <AbsoluteLocation value="14.219440 1.026447"/>
    <Properties>
      <Property name="Angle" value="-116.675"/>
      <Property name="Filename" value="/Objects/touch_spout_sludge.hs"/>
      <Property name="FluidType" value="Lava"/>
      <Property name="OffsetVariation" value="0.5"/>
      <Property name="ParticleSpeed" value="5"/>
      <Property name="ParticlesPerSecond" value="6"/>
      <Property name="Type" value="spout"/>
    </Properties>
  </Object>
  <Object name="Spout82">
    <AbsoluteLocation value="-25.209818 -28.469009"/>
    <Properties>
      <Property name="Angle" value="-15.0036"/>
      <Property name="Filename" value="/Objects/touch_spout_murky.hs"/>
      <Property name="FluidType" value="ContaminatedWater"/>
      <Property name="ParticleSpeed" value="50"/>
      <Property name="ParticlesPerSecond" value="16"/>
      <Property name="Type" value="spout"/>
    </Properties>
  </Object>
  <Object name="Spout27">
    <AbsoluteLocation value="-30.146843 -37.626701"/>
    <Properties>
      <Property name="Angle" value="18.7525"/>
      <Property name="Blockable" value="1"/>
      <Property name="Filename" value="/Objects/shower_head.hs"/>
      <Property name="FluidType" value="Water"/>
      <Property name="OffsetVariation" value="1"/>
      <Property name="ParticleSpeed" value="35"/>
      <Property name="ParticlesPerSecond" value="28"/>
      <Property name="Type" value="spout"/>
    </Properties>
  </Object>
  <Object name="Object25">
    <AbsoluteLocation value="-34.035221 -47.303162"/>
    <Properties>
      <Property name="Angle" value="394.873"/>
      <Property name="Filename" value="/Objects/pipe_straight_long.hs"/>
    </Properties>
  </Object>
  <Object name="Spout26">
    <AbsoluteLocation value="-28.664282 -43.631035"/>
    <Properties>
      <Property name="Angle" value="35.3504"/>
      <Property name="Blockable" value="1"/>
      <Property name="Filename" value="/Objects/shower_head.hs"/>
      <Property name="FluidType" value="Water"/>
      <Property name="OffsetVariation" value="1"/>
      <Property name="ParticleSpeed" value="35"/>
      <Property name="ParticlesPerSecond" value="28"/>
      <Property name="Type" value="spout"/>
    </Properties>
  </Object>
  <Object name="Object32">
    <AbsoluteLocation value="29.945524 11.996416"/>
    <Properties>
      <Property name="Angle" value="0.823779"/>
      <Property name="Filename" value="/Objects/pipe_straight_long.hs"/>
    </Properties>
  </Object>
  <Object name="Object34">
    <AbsoluteLocation value="-28.050863 12.375062"/>
    <Properties>
      <Property name="Angle" value="0"/>
      <Property name="Filename" value="/Objects/pipe_straight_long.hs"/>
    </Properties>
  </Object>
  <Object name="Object35">
    <AbsoluteLocation value="-9.299753 12.475804"/>
    <Properties>
      <Property name="Angle" value="1.20084"/>
      <Property name="Filename" value="/Objects/pipe_straight_long.hs"/>
    </Properties>
  </Object>
  <Object name="Object38">
    <AbsoluteLocation value="-18.748203 12.394988"/>
    <Properties>
      <Property name="Angle" value="0"/>
      <Property name="Filename" value="/Objects/pipe_straight_long.hs"/>
    </Properties>
  </Object>
  <Object name="Object39">
    <AbsoluteLocation value="-3.200000 11.908374"/>
    <Properties>
      <Property name="Angle" value="0.400973"/>
      <Property name="Filename" value="/Objects/pipe_elbow_1.hs"/>
    </Properties>
  </Object>
  <Object name="Object40">
    <AbsoluteLocation value="-37.317928 12.390094"/>
    <Properties>
      <Property name="Angle" value="0"/>
      <Property name="Filename" value="/Objects/pipe_straight_long.hs"/>
    </Properties>
  </Object>
  <Object name="Spout38">
    <AbsoluteLocation value="-1.377531 7.025543"/>
    <Properties>
      <Property name="Angle" value="-72.5383"/>
      <Property name="Filename" value="/Objects/touch_spout.hs"/>
      <Property name="FluidType" value="Water"/>
      <Property name="OffsetVariation" value="0.5"/>
      <Property name="Type" value="spout"/>
    </Properties>
  </Object>
  <Object name="Object42">
    <AbsoluteLocation value="31.578976 5.463067"/>
    <Properties>
      <Property name="Angle" value="80.9041"/>
      <Property name="Filename" value="/Objects/pipe_straight_short.hs"/>
    </Properties>
  </Object>
  <Object name="Spout35">
    <AbsoluteLocation value="7.746119 38.024788"/>
    <Properties>
      <Property name="Angle" value="-87.8681"/>
      <Property name="Filename" value="/Objects/touch_spout_sludge.hs"/>
      <Property name="FluidType" value="Lava"/>
      <Property name="ParticleSpeed" value="5"/>
      <Property name="Type" value="spout"/>
    </Properties>
  </Object>
  <Object name="Object41">
    <AbsoluteLocation value="33.257530 18.853016"/>
    <Properties>
      <Property name="Angle" value="-88.8583"/>
      <Property name="Filename" value="/Objects/pipe_into_wall_2.hs"/>
    </Properties>
  </Object>
  <Object name="Object43">
    <AbsoluteLocation value="32.168835 8.213993"/>
    <Properties>
      <Property name="Angle" value="78.6321"/>
      <Property name="Filename" value="/Objects/pipe_into_wall_1.hs"/>
    </Properties>
  </Object>
  <Object name="Object44">
    <AbsoluteLocation value="-24.800865 43.812561"/>
    <Properties>
      <Property name="Angle" value="0"/>
      <Property name="Filename" value="/Objects/pipe_straight_long.hs"/>
    </Properties>
  </Object>
  <Object name="Object45">
    <AbsoluteLocation value="-15.498203 43.832489"/>
    <Properties>
      <Property name="Angle" value="0"/>
      <Property name="Filename" value="/Objects/pipe_straight_long.hs"/>
    </Properties>
  </Object>
  <Object name="Object47">
    <AbsoluteLocation value="-5.221581 43.150631"/>
    <Properties>
      <Property name="Angle" value="0.400973"/>
      <Property name="Filename" value="/Objects/pipe_elbow_1.hs"/>
    </Properties>
  </Object>
  <Object name="Object48">
    <AbsoluteLocation value="-34.067928 43.827595"/>
    <Properties>
      <Property name="Angle" value="0"/>
      <Property name="Filename" value="/Objects/pipe_straight_long.hs"/>
    </Properties>
  </Object>
  <Object name="Object49">
    <AbsoluteLocation value="-3.895363 40.908382"/>
    <Properties>
      <Property name="Angle" value="-180"/>
      <Property name="Filename" value="/Objects/pipe_elbow_2.hs"/>
    </Properties>
  </Object>
  <Object name="Object52">
    <AbsoluteLocation value="3.006220 41.063808"/>
    <Properties>
      <Property name="Angle" value="-87.8593"/>
      <Property name="Filename" value="/Objects/pipe_elbow_2.hs"/>
    </Properties>
  </Object>
  <Object name="Object53">
    <AbsoluteLocation value="-8.619638 43.844421"/>
    <Properties>
      <Property name="Angle" value="0"/>
      <Property name="Filename" value="/Objects/pipe_straight.hs"/>
    </Properties>
  </Object>
  <Object name="Object46">
    <AbsoluteLocation value="24.054094 11.332776"/>
    <Properties>
      <Property name="Angle" value="25.323"/>
      <Property name="Filename" value="/Objects/pipe_straight_short.hs"/>
    </Properties>
  </Object>
  <Object name="Object55">
    <AbsoluteLocation value="39.401451 12.164991"/>
    <Properties>
      <Property name="Angle" value="0.823779"/>
      <Property name="Filename" value="/Objects/pipe_straight_long.hs"/>
    </Properties>
  </Object>
  <Room>
    <AbsoluteLocation value="-14.799998 26.799999"/>
  </Room>
  <Properties>
    <Property name="ShowTopEdge" value="1"/>
  </Properties>
</Objects>
