<?xml version="1.0"?>
<Objects>
  <Object name="Object28">
    <AbsoluteLocation value="-26.909618 -32.087509"/>
    <Properties>
      <Property name="Angle" value="-15.6423"/>
      <Property name="Filename" value="/Objects/pipe_elbow_1.hs"/>
    </Properties>
  </Object>
  <Object name="Object27">
    <AbsoluteLocation value="9.445473 -21.632988"/>
    <Properties>
      <Property name="Angle" value="107.947"/>
      <Property name="Filename" value="/Objects/pipe_straight_short.hs"/>
    </Properties>
  </Object>
  <Object name="Object24">
    <AbsoluteLocation value="21.652271 -16.855064"/>
    <Properties>
      <Property name="Angle" value="-89.5618"/>
      <Property name="Filename" value="/Objects/pipe_elbow_2.hs"/>
    </Properties>
  </Object>
  <Object name="Object21">
    <AbsoluteLocation value="-25.541885 -44.341782"/>
    <Properties>
      <Property name="Angle" value="-157.265"/>
      <Property name="Filename" value="/Objects/pipe_elbow_2.hs"/>
    </Properties>
  </Object>
  <Object name="Spout12">
    <AbsoluteLocation value="22.441708 -14.382780"/>
    <Properties>
      <Property name="Angle" value="360.896"/>
      <Property name="ConnectedSpout0" value="SWAMPY_SPOUT"/>
      <Property name="ConnectedSpoutProbability0" value="1"/>
      <Property name="Filename" value="/Objects/broken_pipe.hs"/>
      <Property name="Type" value="spout"/>
    </Properties>
  </Object>
  <Object name="Ducky4">
    <AbsoluteLocation value="-19.514496 32.799999"/>
    <Properties>
      <Property name="Angle" value="0"/>
      <Property name="Filename" value="/Objects/star.hs"/>
      <Property name="Type" value="star"/>
    </Properties>
  </Object>
  <Object name="Ducky5">
    <AbsoluteLocation value="-8.676895 -33.539406"/>
    <Properties>
      <Property name="Angle" value="0"/>
      <Property name="Filename" value="/Objects/star.hs"/>
      <Property name="Type" value="star"/>
    </Properties>
  </Object>
  <Object name="Ducky6">
    <AbsoluteLocation value="21.909599 -1.225475"/>
    <Properties>
      <Property name="Angle" value="0"/>
      <Property name="Filename" value="/Objects/star.hs"/>
      <Property name="Type" value="star"/>
    </Properties>
  </Object>
  <Object name="Object7">
    <AbsoluteLocation value="22.189419 25.593460"/>
    <Properties>
      <Property name="Angle" value="0"/>
      <Property name="Filename" value="/Objects/icicle_large.hs"/>
      <Property name="Type" value="icyhot"/>
    </Properties>
  </Object>
  <Object name="Object9">
    <AbsoluteLocation value="-15.914497 37.200001"/>
    <Properties>
      <Property name="Angle" value="0"/>
      <Property name="Filename" value="/Objects/icicle_corner.hs"/>
      <Property name="Type" value="icyhot"/>
    </Properties>
  </Object>
  <Object name="Switch10">
    <AbsoluteLocation value="-2.262545 43.512791"/>
    <Properties>
      <Property name="Angle" value="180"/>
      <Property name="ConnectedObject0" value="Spout8"/>
      <Property name="Filename" value="/Objects/switch.hs"/>
      <Property name="Type" value="switch"/>
    </Properties>
  </Object>
  <Object name="Object12">
    <AbsoluteLocation value="-26.542854 -42.232479"/>
    <Properties>
      <Property name="Angle" value="17.1844"/>
      <Property name="Filename" value="/Objects/fan_vacuum_tube.hs"/>
    </Properties>
  </Object>
  <Object name="Object13">
    <AbsoluteLocation value="-27.153763 -34.249802"/>
    <Properties>
      <Property name="Angle" value="-182.682"/>
      <Property name="Filename" value="/Objects/fan_vacuum_tube.hs"/>
    </Properties>
  </Object>
  <Object name="Fan11">
    <AbsoluteLocation value="-27.407509 -38.660194"/>
    <Properties>
      <Property name="Angle" value="2.06552"/>
      <Property name="ConnectedSpout" value="Spout8"/>
      <Property name="Filename" value="/Objects/fan_vacuum.hs"/>
      <Property name="Type" value="fan"/>
    </Properties>
  </Object>
  <Object name="Spout8">
    <AbsoluteLocation value="-22.552780 -43.605618"/>
    <Properties>
      <Property name="Angle" value="-63.1471"/>
      <Property name="ConnectedSpout0" value="Spout14"/>
      <Property name="ConnectedSpoutProbability0" value="1"/>
      <Property name="Filename" value="/Objects/vacuum_drain.hs"/>
      <Property name="Type" value="spout"/>
      <Property name="VacuumForce" value="120"/>
      <Property name="VacuumFriction" value="0.035"/>
      <Property name="VacuumMaxD" value="40"/>
      <Property name="VacuumMaxForce" value="120"/>
    </Properties>
  </Object>
  <Object name="Object23">
    <AbsoluteLocation value="10.372364 -23.597092"/>
    <Properties>
      <Property name="Angle" value="-66.7941"/>
      <Property name="Filename" value="/Objects/pipe_connector_end.hs"/>
    </Properties>
  </Object>
  <Object name="Object25">
    <AbsoluteLocation value="15.704556 -17.114498"/>
    <Properties>
      <Property name="Angle" value="-4.79592"/>
      <Property name="Filename" value="/Objects/pipe_straight_long.hs"/>
    </Properties>
  </Object>
  <Object name="Object26">
    <AbsoluteLocation value="10.113041 -18.540581"/>
    <Properties>
      <Property name="Angle" value="-74.9685"/>
      <Property name="Filename" value="/Objects/pipe_connector_90.hs"/>
    </Properties>
  </Object>
  <Object name="WaterBalloon18">
    <AbsoluteLocation value="-24.189499 -3.375000"/>
    <Properties>
      <Property name="Angle" value="0"/>
      <Property name="Filename" value="/Objects/balloon.hs"/>
      <Property name="MaxParticles" value="12"/>
      <Property name="Type" value="waterballoon"/>
    </Properties>
  </Object>
  <Object name="Spout10">
    <AbsoluteLocation value="-7.197786 -55.108601"/>
    <Properties>
      <Property name="Angle" value="90"/>
      <Property name="Filename" value="/Objects/shower_head.hs"/>
      <Property name="FluidType" value="Steam"/>
      <Property name="OffsetVariation" value="8"/>
      <Property name="ParticlesPerSecond" value="6"/>
      <Property name="Type" value="spout"/>
    </Properties>
  </Object>
  <Object name="Object30">
    <AbsoluteLocation value="-29.114590 -30.167767"/>
    <Properties>
      <Property name="Angle" value="167.675"/>
      <Property name="Filename" value="/Objects/pipe_elbow_2.hs"/>
    </Properties>
  </Object>
  <Object name="Object34">
    <AbsoluteLocation value="-29.488605 -25.753777"/>
    <Properties>
      <Property name="Angle" value="-89.9166"/>
      <Property name="Filename" value="/Objects/pipe_straight.hs"/>
    </Properties>
  </Object>
  <Object name="Object29">
    <AbsoluteLocation value="-29.397169 -18.039177"/>
    <Properties>
      <Property name="Angle" value="-90.9706"/>
      <Property name="Filename" value="/Objects/pipe_straight_long.hs"/>
    </Properties>
  </Object>
  <Object name="Object31">
    <AbsoluteLocation value="-29.319145 -10.289284"/>
    <Properties>
      <Property name="Angle" value="-89.9166"/>
      <Property name="Filename" value="/Objects/pipe_straight.hs"/>
    </Properties>
  </Object>
  <Object name="Spout14">
    <AbsoluteLocation value="-29.453867 -5.469122"/>
    <Properties>
      <Property name="Angle" value="96.6214"/>
      <Property name="Filename" value="/Objects/shower_head.hs"/>
      <Property name="FluidType" value="Water"/>
      <Property name="NumberParticles" value="0"/>
      <Property name="ParticleSpeed" value="40"/>
      <Property name="Type" value="spout"/>
    </Properties>
  </Object>
  <Object name="Ducky27">
    <AbsoluteLocation value="-22.669058 27.318626"/>
    <Properties>
      <Property name="Angle" value="0"/>
      <Property name="Filename" value="/Objects/star_teleport.hs"/>
      <Property name="StarType" value="teleport"/>
      <Property name="Type" value="star"/>
    </Properties>
  </Object>
  <Object name="Ducky28">
    <AbsoluteLocation value="22.230112 11.433479"/>
    <Properties>
      <Property name="Angle" value="0"/>
      <Property name="CutsRock" value="1"/>
      <Property name="Filename" value="/Objects/star_teleport.hs"/>
      <Property name="StarType" value="teleport"/>
      <Property name="TeleportMoveEase" value="both"/>
      <Property name="TeleportMoveTime" value="2.0"/>
      <Property name="Type" value="star"/>
    </Properties>
  </Object>
  <Object name="Ducky29">
    <AbsoluteLocation value="22.667288 34.219620"/>
    <Properties>
      <Property name="Angle" value="0"/>
      <Property name="CutsRock" value="1"/>
      <Property name="Filename" value="/Objects/star_teleport.hs"/>
      <Property name="StarType" value="teleport"/>
      <Property name="TeleportMoveEase" value="both"/>
      <Property name="TeleportMoveTime" value="2.0"/>
      <Property name="Type" value="star"/>
    </Properties>
  </Object>
  <Object name="Ducky30">
    <AbsoluteLocation value="-8.213381 11.077103"/>
    <Properties>
      <Property name="Angle" value="0"/>
      <Property name="CutsRock" value="1"/>
      <Property name="Filename" value="/Objects/star_teleport.hs"/>
      <Property name="StarType" value="teleport"/>
      <Property name="TeleportMoveEase" value="both"/>
      <Property name="TeleportMoveTime" value="2.0"/>
      <Property name="TeleportWaitTime" value="999"/>
      <Property name="Type" value="star"/>
    </Properties>
  </Object>
  <Room>
    <AbsoluteLocation value="18.000002 -34.800003"/>
  </Room>
</Objects>
