<?xml version="1.0"?>
<Objects>
  <Object name="Object72">
    <AbsoluteLocation value="22.035769 3.413179"/>
    <Properties>
      <Property name="Angle" value="-90.0704"/>
      <Property name="Filename" value="/Objects/pipe_straight_long.hs"/>
    </Properties>
  </Object>
  <Object name="Object46">
    <AbsoluteLocation value="-21.821629 3.316357"/>
    <Properties>
      <Property name="Angle" value="89.8354"/>
      <Property name="Filename" value="/Objects/pipe_straight_long.hs"/>
    </Properties>
  </Object>
  <Object name="Object45">
    <AbsoluteLocation value="-10.853569 3.292683"/>
    <Properties>
      <Property name="Angle" value="89.8354"/>
      <Property name="Filename" value="/Objects/pipe_straight_long.hs"/>
    </Properties>
  </Object>
  <Object name="Object44">
    <AbsoluteLocation value="-0.475647 3.269009"/>
    <Properties>
      <Property name="Angle" value="89.8354"/>
      <Property name="Filename" value="/Objects/pipe_straight_long.hs"/>
    </Properties>
  </Object>
  <Object name="Object40">
    <AbsoluteLocation value="10.994927 3.125344"/>
    <Properties>
      <Property name="Angle" value="89.8354"/>
      <Property name="Filename" value="/Objects/pipe_straight_long.hs"/>
    </Properties>
  </Object>
  <Object name="Object67">
    <AbsoluteLocation value="28.755135 -40.641556"/>
    <Properties>
      <Property name="Angle" value="0"/>
      <Property name="Filename" value="/Objects/pipe_straight_short.hs"/>
    </Properties>
  </Object>
  <Object name="Object68">
    <AbsoluteLocation value="31.080280 10.465227"/>
    <Properties>
      <Property name="Angle" value="-41.6718"/>
      <Property name="Filename" value="/Objects/pipe_bend_1.hs"/>
    </Properties>
  </Object>
  <Object name="Object62">
    <AbsoluteLocation value="-27.553637 9.100449"/>
    <Properties>
      <Property name="Angle" value="62.6623"/>
      <Property name="Filename" value="/Objects/pipe_straight_short.hs"/>
    </Properties>
  </Object>
  <Object name="0">
    <AbsoluteLocation value="-0.800001 20.599998"/>
    <Properties>
      <Property name="Angle" value="0"/>
      <Property name="Filename" value="/Objects/star.hs"/>
      <Property name="Type" value="star"/>
    </Properties>
  </Object>
  <Object name="1">
    <AbsoluteLocation value="26.745461 -20.796680"/>
    <Properties>
      <Property name="Angle" value="0"/>
      <Property name="Filename" value="/Objects/star.hs"/>
      <Property name="Type" value="star"/>
    </Properties>
  </Object>
  <Object name="2">
    <AbsoluteLocation value="-14.103714 -39.079937"/>
    <Properties>
      <Property name="Angle" value="0"/>
      <Property name="Filename" value="/Objects/star.hs"/>
      <Property name="Type" value="star"/>
    </Properties>
  </Object>
  <Object name="WaterBalloon43">
    <AbsoluteLocation value="-21.880482 -7.343071"/>
    <Properties>
      <Property name="Angle" value="0.00494559"/>
      <Property name="ConnectedSpout" value="Spout33"/>
      <Property name="Filename" value="/Objects/balloon.hs"/>
      <Property name="InitialParticles" value="mud 40 water 0"/>
      <Property name="ParticleDryness" value="1.0"/>
      <Property name="Type" value="waterballoon"/>
    </Properties>
  </Object>
  <Object name="WaterBalloon44">
    <AbsoluteLocation value="-10.734505 -7.800903"/>
    <Properties>
      <Property name="Angle" value="-0.00329706"/>
      <Property name="ConnectedSpout" value="Spout34"/>
      <Property name="Filename" value="/Objects/balloon.hs"/>
      <Property name="InitialParticles" value="mud 40 water 0"/>
      <Property name="ParticleDryness" value="1.0"/>
      <Property name="Type" value="waterballoon"/>
    </Properties>
  </Object>
  <Object name="WaterBalloon45">
    <AbsoluteLocation value="-0.400799 -7.644207"/>
    <Properties>
      <Property name="Angle" value="0.00329706"/>
      <Property name="ConnectedSpout" value="Spout35"/>
      <Property name="Filename" value="/Objects/balloon.hs"/>
      <Property name="InitialParticles" value="mud 40 water 0"/>
      <Property name="ParticleDryness" value="1.0"/>
      <Property name="Type" value="waterballoon"/>
    </Properties>
  </Object>
  <Object name="WaterBalloon46">
    <AbsoluteLocation value="10.975246 -7.721676"/>
    <Properties>
      <Property name="Angle" value="0.00329706"/>
      <Property name="ConnectedSpout" value="Spout36"/>
      <Property name="Filename" value="/Objects/balloon.hs"/>
      <Property name="InitialParticles" value="mud 40 water 0"/>
      <Property name="ParticleDryness" value="1.0"/>
      <Property name="Type" value="waterballoon"/>
    </Properties>
  </Object>
  <Object name="WaterBalloon47">
    <AbsoluteLocation value="21.869001 -8.408031"/>
    <Properties>
      <Property name="Angle" value="0.00494559"/>
      <Property name="ConnectedSpout" value="Spout31"/>
      <Property name="Filename" value="/Objects/balloon.hs"/>
      <Property name="InitialParticles" value="mud 40 water 0"/>
      <Property name="ParticleDryness" value="1.0"/>
      <Property name="Type" value="waterballoon"/>
    </Properties>
  </Object>
  <Object name="Spout30">
    <AbsoluteLocation value="-25.569080 11.776522"/>
    <Properties>
      <Property name="Angle" value="-41.3093"/>
      <Property name="ConnectedSpout0" value="Spout32"/>
      <Property name="ConnectedSpoutProbability0" value="1"/>
      <Property name="Filename" value="/Objects/basic_drain.hs"/>
      <Property name="Type" value="spout"/>
    </Properties>
  </Object>
  <Object name="Object50">
    <AbsoluteLocation value="31.200001 4.989668"/>
    <Properties>
      <Property name="Angle" value="90"/>
      <Property name="Filename" value="/Objects/pipe_straight_long.hs"/>
    </Properties>
  </Object>
  <Object name="Object51">
    <AbsoluteLocation value="31.200001 0.019667"/>
    <Properties>
      <Property name="Angle" value="90"/>
      <Property name="Filename" value="/Objects/pipe_straight_long.hs"/>
    </Properties>
  </Object>
  <Object name="Object52">
    <AbsoluteLocation value="31.200001 -9.380335"/>
    <Properties>
      <Property name="Angle" value="90"/>
      <Property name="Filename" value="/Objects/pipe_straight_long.hs"/>
    </Properties>
  </Object>
  <Object name="Object53">
    <AbsoluteLocation value="31.200001 -18.580334"/>
    <Properties>
      <Property name="Angle" value="90"/>
      <Property name="Filename" value="/Objects/pipe_straight_long.hs"/>
    </Properties>
  </Object>
  <Object name="Object54">
    <AbsoluteLocation value="31.200001 -28.000000"/>
    <Properties>
      <Property name="Angle" value="90"/>
      <Property name="Filename" value="/Objects/pipe_straight_long.hs"/>
    </Properties>
  </Object>
  <Object name="Object55">
    <AbsoluteLocation value="31.200001 -34.799999"/>
    <Properties>
      <Property name="Angle" value="90"/>
      <Property name="Filename" value="/Objects/pipe_straight_long.hs"/>
    </Properties>
  </Object>
  <Object name="Object58">
    <AbsoluteLocation value="-28.043509 2.754402"/>
    <Properties>
      <Property name="Angle" value="90"/>
      <Property name="Filename" value="/Objects/pipe_straight_long.hs"/>
    </Properties>
  </Object>
  <Object name="Object59">
    <AbsoluteLocation value="-28.043509 -6.445601"/>
    <Properties>
      <Property name="Angle" value="90"/>
      <Property name="Filename" value="/Objects/pipe_straight_long.hs"/>
    </Properties>
  </Object>
  <Object name="Object64">
    <AbsoluteLocation value="-28.042448 -12.695743"/>
    <Properties>
      <Property name="Angle" value="90.0343"/>
      <Property name="Filename" value="/Objects/pipe_straight_short.hs"/>
    </Properties>
  </Object>
  <Object name="Object63">
    <AbsoluteLocation value="-27.896700 -13.708048"/>
    <Properties>
      <Property name="Angle" value="139.892"/>
      <Property name="Filename" value="/Objects/pipe_bend_2.hs"/>
    </Properties>
  </Object>
  <Object name="Object65">
    <AbsoluteLocation value="30.515709 -39.972233"/>
    <Properties>
      <Property name="Angle" value="-90"/>
      <Property name="Filename" value="/Objects/pipe_elbow_2.hs"/>
    </Properties>
  </Object>
  <Object name="Object66">
    <AbsoluteLocation value="27.160894 -39.984974"/>
    <Properties>
      <Property name="Angle" value="-180"/>
      <Property name="Filename" value="/Objects/pipe_elbow_2.hs"/>
    </Properties>
  </Object>
  <Object name="Spout6">
    <AbsoluteLocation value="27.369976 -37.478096"/>
    <Properties>
      <Property name="Angle" value="-32.8983"/>
      <Property name="ConnectedSpout0" value="SWAMPY_SPOUT"/>
      <Property name="ConnectedSpoutProbability0" value="1"/>
      <Property name="Filename" value="/Objects/broken_pipe.hs"/>
      <Property name="Type" value="spout"/>
    </Properties>
  </Object>
  <Object name="Object69">
    <AbsoluteLocation value="28.250938 13.490657"/>
    <Properties>
      <Property name="Angle" value="137.611"/>
      <Property name="Filename" value="/Objects/pipe_straight.hs"/>
    </Properties>
  </Object>
  <Object name="6">
    <AbsoluteLocation value="25.562775 15.982738"/>
    <Properties>
      <Property name="Angle" value="-227.977"/>
      <Property name="Filename" value="/Objects/pipe_connector_end.hs"/>
    </Properties>
  </Object>
  <Object name="Spout31">
    <AbsoluteLocation value="21.931980 -2.305302"/>
    <Properties>
      <Property name="Angle" value="-88.1374"/>
      <Property name="Filename" value="/Objects/shower_head.hs"/>
      <Property name="FluidType" value="Water"/>
      <Property name="NumberParticles" value="0"/>
      <Property name="Type" value="spout"/>
    </Properties>
  </Object>
  <Object name="Spout33">
    <AbsoluteLocation value="-21.917578 -2.092449"/>
    <Properties>
      <Property name="Angle" value="-88.1374"/>
      <Property name="Filename" value="/Objects/shower_head.hs"/>
      <Property name="FluidType" value="Water"/>
      <Property name="NumberParticles" value="0"/>
      <Property name="Type" value="spout"/>
    </Properties>
  </Object>
  <Object name="Spout34">
    <AbsoluteLocation value="-10.792156 -2.139668"/>
    <Properties>
      <Property name="Angle" value="-88.1374"/>
      <Property name="Filename" value="/Objects/shower_head.hs"/>
      <Property name="FluidType" value="Water"/>
      <Property name="NumberParticles" value="0"/>
      <Property name="Type" value="spout"/>
    </Properties>
  </Object>
  <Object name="Spout35">
    <AbsoluteLocation value="-0.394874 -2.134876"/>
    <Properties>
      <Property name="Angle" value="-88.1374"/>
      <Property name="Filename" value="/Objects/shower_head.hs"/>
      <Property name="FluidType" value="Water"/>
      <Property name="NumberParticles" value="0"/>
      <Property name="Type" value="spout"/>
    </Properties>
  </Object>
  <Object name="Spout36">
    <AbsoluteLocation value="10.990585 -2.182072"/>
    <Properties>
      <Property name="Angle" value="-88.1374"/>
      <Property name="Filename" value="/Objects/shower_head.hs"/>
      <Property name="FluidType" value="Water"/>
      <Property name="NumberParticles" value="0"/>
      <Property name="Type" value="spout"/>
    </Properties>
  </Object>
  <Object name="Object36">
    <AbsoluteLocation value="-33.694592 7.408886"/>
    <Properties>
      <Property name="Angle" value="0.132222"/>
      <Property name="Filename" value="/Objects/pipe_straight_long.hs"/>
    </Properties>
  </Object>
  <Object name="Object37">
    <AbsoluteLocation value="-10.124655 7.463280"/>
    <Properties>
      <Property name="Angle" value="0.132222"/>
      <Property name="Filename" value="/Objects/pipe_straight_long.hs"/>
    </Properties>
  </Object>
  <Object name="Object38">
    <AbsoluteLocation value="-15.094645 7.451809"/>
    <Properties>
      <Property name="Angle" value="0.132222"/>
      <Property name="Filename" value="/Objects/pipe_straight_long.hs"/>
    </Properties>
  </Object>
  <Object name="Object39">
    <AbsoluteLocation value="-24.494619 7.430119"/>
    <Properties>
      <Property name="Angle" value="0.132222"/>
      <Property name="Filename" value="/Objects/pipe_straight_long.hs"/>
    </Properties>
  </Object>
  <Object name="Object41">
    <AbsoluteLocation value="17.934998 7.513090"/>
    <Properties>
      <Property name="Angle" value="0.132222"/>
      <Property name="Filename" value="/Objects/pipe_straight_long.hs"/>
    </Properties>
  </Object>
  <Object name="Object42">
    <AbsoluteLocation value="8.535024 7.491399"/>
    <Properties>
      <Property name="Angle" value="0.132222"/>
      <Property name="Filename" value="/Objects/pipe_straight_long.hs"/>
    </Properties>
  </Object>
  <Object name="Object43">
    <AbsoluteLocation value="-0.664950 7.470167"/>
    <Properties>
      <Property name="Angle" value="0.132222"/>
      <Property name="Filename" value="/Objects/pipe_straight_long.hs"/>
    </Properties>
  </Object>
  <Object name="Object47">
    <AbsoluteLocation value="-21.600000 8.400001"/>
    <Properties>
      <Property name="Angle" value="0"/>
      <Property name="Filename" value="/Objects/pipe_spout_base.hs"/>
    </Properties>
  </Object>
  <Object name="Object48">
    <AbsoluteLocation value="-21.600000 7.200000"/>
    <Properties>
      <Property name="Angle" value="180"/>
      <Property name="Filename" value="/Objects/pipe_spout_base.hs"/>
    </Properties>
  </Object>
  <Object name="Object49">
    <AbsoluteLocation value="-10.800000 8.200001"/>
    <Properties>
      <Property name="Angle" value="0"/>
      <Property name="Filename" value="/Objects/pipe_spout_base.hs"/>
    </Properties>
  </Object>
  <Object name="Object56">
    <AbsoluteLocation value="-10.800000 7.000000"/>
    <Properties>
      <Property name="Angle" value="180"/>
      <Property name="Filename" value="/Objects/pipe_spout_base.hs"/>
    </Properties>
  </Object>
  <Object name="Object57">
    <AbsoluteLocation value="-0.400000 6.800000"/>
    <Properties>
      <Property name="Angle" value="180"/>
      <Property name="Filename" value="/Objects/pipe_spout_base.hs"/>
    </Properties>
  </Object>
  <Object name="Object60">
    <AbsoluteLocation value="-0.400000 8.200001"/>
    <Properties>
      <Property name="Angle" value="0"/>
      <Property name="Filename" value="/Objects/pipe_spout_base.hs"/>
    </Properties>
  </Object>
  <Object name="Object70">
    <AbsoluteLocation value="11.200000 8.300001"/>
    <Properties>
      <Property name="Angle" value="0"/>
      <Property name="Filename" value="/Objects/pipe_spout_base.hs"/>
    </Properties>
  </Object>
  <Object name="Object71">
    <AbsoluteLocation value="11.200000 6.899999"/>
    <Properties>
      <Property name="Angle" value="180"/>
      <Property name="Filename" value="/Objects/pipe_spout_base.hs"/>
    </Properties>
  </Object>
  <Object name="Object73">
    <AbsoluteLocation value="21.350115 6.820305"/>
    <Properties>
      <Property name="Angle" value="0"/>
      <Property name="Filename" value="/Objects/pipe_elbow_1.hs"/>
    </Properties>
  </Object>
  <Object name="Object61">
    <AbsoluteLocation value="-26.294903 -15.414295"/>
    <Properties>
      <Property name="Angle" value="-218.502"/>
      <Property name="Filename" value="/Objects/pipe_straight_short.hs"/>
    </Properties>
  </Object>
  <Object name="Spout32">
    <AbsoluteLocation value="-23.834345 -17.749609"/>
    <Properties>
      <Property name="Angle" value="-44.5941"/>
      <Property name="Filename" value="/Objects/touch_spout_generic.hs"/>
      <Property name="FluidType" value="Water"/>
      <Property name="Type" value="spout"/>
    </Properties>
  </Object>
  <Object name="Ducky57">
    <AbsoluteLocation value="8.578125 -35.859375"/>
    <Properties>
      <Property name="Angle" value="0"/>
      <Property name="Filename" value="/Objects/star_mega.hs"/>
      <Property name="StarType" value="mega"/>
      <Property name="Type" value="star"/>
    </Properties>
  </Object>
  <Room>
    <AbsoluteLocation value="18.000002 22.799999"/>
  </Room>
  <Properties>
    <Property name="ShowTopEdge" value="1"/>
  </Properties>
</Objects>
