<?xml version="1.0"?>
<Objects>
  <Object name="Object132">
    <AbsoluteLocation value="0.061485 -29.959066"/>
    <Properties>
      <Property name="Angle" value="-182.523"/>
      <Property name="Filename" value="/Objects/pipe_elbow_2.hs"/>
    </Properties>
  </Object>
  <Object name="Object123">
    <AbsoluteLocation value="25.096325 39.000988"/>
    <Properties>
      <Property name="Angle" value="9.39076"/>
      <Property name="Filename" value="/Objects/pipe_elbow_1.hs"/>
    </Properties>
  </Object>
  <Object name="Object121">
    <AbsoluteLocation value="19.374062 28.926653"/>
    <Properties>
      <Property name="Angle" value="-88.3944"/>
      <Property name="Filename" value="/Objects/pipe_elbow_2.hs"/>
    </Properties>
  </Object>
  <Object name="Object119">
    <AbsoluteLocation value="32.618587 6.598251"/>
    <Properties>
      <Property name="Angle" value="266.197"/>
      <Property name="Filename" value="/Objects/pipe_straight_short.hs"/>
    </Properties>
  </Object>
  <Object name="Object118">
    <AbsoluteLocation value="32.042969 3.712606"/>
    <Properties>
      <Property name="Angle" value="252.145"/>
      <Property name="Filename" value="/Objects/pipe_straight_short.hs"/>
    </Properties>
  </Object>
  <Object name="Object116">
    <AbsoluteLocation value="29.692957 -0.805333"/>
    <Properties>
      <Property name="Angle" value="230.428"/>
      <Property name="Filename" value="/Objects/pipe_straight_short.hs"/>
    </Properties>
  </Object>
  <Object name="Object117">
    <AbsoluteLocation value="27.539200 -2.810233"/>
    <Properties>
      <Property name="Angle" value="216.377"/>
      <Property name="Filename" value="/Objects/pipe_straight_short.hs"/>
    </Properties>
  </Object>
  <Object name="Object114">
    <AbsoluteLocation value="23.012108 -5.423071"/>
    <Properties>
      <Property name="Angle" value="203.803"/>
      <Property name="Filename" value="/Objects/pipe_straight_short.hs"/>
    </Properties>
  </Object>
  <Object name="Object115">
    <AbsoluteLocation value="20.188234 -6.250138"/>
    <Properties>
      <Property name="Angle" value="189.751"/>
      <Property name="Filename" value="/Objects/pipe_straight_short.hs"/>
    </Properties>
  </Object>
  <Object name="Object113">
    <AbsoluteLocation value="14.349854 -6.306956"/>
    <Properties>
      <Property name="Angle" value="166.876"/>
      <Property name="Filename" value="/Objects/pipe_straight_short.hs"/>
    </Properties>
  </Object>
  <Object name="Object112">
    <AbsoluteLocation value="11.595542 -5.271536"/>
    <Properties>
      <Property name="Angle" value="152.824"/>
      <Property name="Filename" value="/Objects/pipe_straight_short.hs"/>
    </Properties>
  </Object>
  <Object name="Object81">
    <AbsoluteLocation value="27.844994 21.132275"/>
    <Properties>
      <Property name="Angle" value="-41.9048"/>
      <Property name="Filename" value="/Objects/pipe_straight_short.hs"/>
    </Properties>
  </Object>
  <Object name="Object83">
    <AbsoluteLocation value="31.952755 14.509260"/>
    <Properties>
      <Property name="Angle" value="-70.8584"/>
      <Property name="Filename" value="/Objects/pipe_straight_short.hs"/>
    </Properties>
  </Object>
  <Object name="Object62">
    <AbsoluteLocation value="2.292862 12.470901"/>
    <Properties>
      <Property name="Angle" value="81.4318"/>
      <Property name="Filename" value="/Objects/pipe_straight_short.hs"/>
    </Properties>
  </Object>
  <Object name="Object110">
    <AbsoluteLocation value="7.660154 -2.722802"/>
    <Properties>
      <Property name="Angle" value="144.457"/>
      <Property name="Filename" value="/Objects/pipe_straight_short.hs"/>
    </Properties>
  </Object>
  <Object name="Object111">
    <AbsoluteLocation value="5.508894 -0.715214"/>
    <Properties>
      <Property name="Angle" value="130.405"/>
      <Property name="Filename" value="/Objects/pipe_straight_short.hs"/>
    </Properties>
  </Object>
  <Object name="Object109">
    <AbsoluteLocation value="2.584045 3.875872"/>
    <Properties>
      <Property name="Angle" value="107.97"/>
      <Property name="Filename" value="/Objects/pipe_straight_short.hs"/>
    </Properties>
  </Object>
  <Object name="Object108">
    <AbsoluteLocation value="2.048260 6.769185"/>
    <Properties>
      <Property name="Angle" value="93.9178"/>
      <Property name="Filename" value="/Objects/pipe_straight_short.hs"/>
    </Properties>
  </Object>
  <Object name="Object107">
    <AbsoluteLocation value="-28.515884 -1.982872"/>
    <Properties>
      <Property name="Angle" value="101.543"/>
      <Property name="Filename" value="/Objects/pipe_straight.hs"/>
    </Properties>
  </Object>
  <Object name="Object105">
    <AbsoluteLocation value="15.173119 28.327648"/>
    <Properties>
      <Property name="Angle" value="-1.83452"/>
      <Property name="Filename" value="/Objects/pipe_straight.hs"/>
    </Properties>
  </Object>
  <Object name="Object104">
    <AbsoluteLocation value="19.906212 33.300358"/>
    <Properties>
      <Property name="Angle" value="91.6614"/>
      <Property name="Filename" value="/Objects/pipe_straight.hs"/>
    </Properties>
  </Object>
  <Object name="Object97">
    <AbsoluteLocation value="-5.634434 -22.341995"/>
    <Properties>
      <Property name="Angle" value="-29.396"/>
      <Property name="Filename" value="/Objects/pipe_straight.hs"/>
    </Properties>
  </Object>
  <Object name="Object93">
    <AbsoluteLocation value="-22.801949 -9.699265"/>
    <Properties>
      <Property name="Angle" value="0"/>
      <Property name="Filename" value="/Objects/pipe_straight.hs"/>
    </Properties>
  </Object>
  <Object name="Object84">
    <AbsoluteLocation value="32.547607 11.627508"/>
    <Properties>
      <Property name="Angle" value="-84.9102"/>
      <Property name="Filename" value="/Objects/pipe_straight_short.hs"/>
    </Properties>
  </Object>
  <Object name="Object80">
    <AbsoluteLocation value="29.760551 18.898674"/>
    <Properties>
      <Property name="Angle" value="-55.9567"/>
      <Property name="Filename" value="/Objects/pipe_straight_short.hs"/>
    </Properties>
  </Object>
  <Object name="Object79">
    <AbsoluteLocation value="26.789219 24.719164"/>
    <Properties>
      <Property name="Angle" value="64.8157"/>
      <Property name="Filename" value="/Objects/pipe_straight_short.hs"/>
    </Properties>
  </Object>
  <Object name="Object61">
    <AbsoluteLocation value="3.106228 15.298756"/>
    <Properties>
      <Property name="Angle" value="67.38"/>
      <Property name="Filename" value="/Objects/pipe_straight_short.hs"/>
    </Properties>
  </Object>
  <Object name="Object60">
    <AbsoluteLocation value="5.672478 19.146181"/>
    <Properties>
      <Property name="Angle" value="49.6983"/>
      <Property name="Filename" value="/Objects/pipe_straight_short.hs"/>
    </Properties>
  </Object>
  <Object name="Object59">
    <AbsoluteLocation value="7.851612 21.123476"/>
    <Properties>
      <Property name="Angle" value="35.6465"/>
      <Property name="Filename" value="/Objects/pipe_straight_short.hs"/>
    </Properties>
  </Object>
  <Object name="Object19">
    <AbsoluteLocation value="10.000008 21.607563"/>
    <Properties>
      <Property name="Angle" value="-59.4118"/>
      <Property name="Filename" value="/Objects/pipe_straight_short.hs"/>
    </Properties>
  </Object>
  <Object name="Object20">
    <AbsoluteLocation value="4.955956 16.488052"/>
    <Properties>
      <Property name="Angle" value="-35.4794"/>
      <Property name="Filename" value="/Objects/pipe_straight_short.hs"/>
    </Properties>
  </Object>
  <Object name="Object21">
    <AbsoluteLocation value="2.662704 9.204556"/>
    <Properties>
      <Property name="Angle" value="-0.346979"/>
      <Property name="Filename" value="/Objects/pipe_straight_short.hs"/>
    </Properties>
  </Object>
  <Object name="Object22">
    <AbsoluteLocation value="4.833778 1.756607"/>
    <Properties>
      <Property name="Angle" value="34.1414"/>
      <Property name="Filename" value="/Objects/pipe_straight_short.hs"/>
    </Properties>
  </Object>
  <Object name="Object23">
    <AbsoluteLocation value="10.053925 -3.469650"/>
    <Properties>
      <Property name="Angle" value="54.5697"/>
      <Property name="Filename" value="/Objects/pipe_straight_short.hs"/>
    </Properties>
  </Object>
  <Object name="Object24">
    <AbsoluteLocation value="17.431900 -5.233158"/>
    <Properties>
      <Property name="Angle" value="90.8882"/>
      <Property name="Filename" value="/Objects/pipe_straight_short.hs"/>
    </Properties>
  </Object>
  <Object name="Object25">
    <AbsoluteLocation value="24.511597 -3.168224"/>
    <Properties>
      <Property name="Angle" value="-57.8487"/>
      <Property name="Filename" value="/Objects/pipe_straight_short.hs"/>
    </Properties>
  </Object>
  <Object name="Object26">
    <AbsoluteLocation value="29.521820 1.964176"/>
    <Properties>
      <Property name="Angle" value="-30.9922"/>
      <Property name="Filename" value="/Objects/pipe_straight_short.hs"/>
    </Properties>
  </Object>
  <Object name="Object27">
    <AbsoluteLocation value="31.775108 9.071583"/>
    <Properties>
      <Property name="Angle" value="-0.842698"/>
      <Property name="Filename" value="/Objects/pipe_straight_short.hs"/>
    </Properties>
  </Object>
  <Object name="Object28">
    <AbsoluteLocation value="29.640205 16.014532"/>
    <Properties>
      <Property name="Angle" value="31.739"/>
      <Property name="Filename" value="/Objects/pipe_straight_short.hs"/>
    </Properties>
  </Object>
  <Object name="Object29">
    <AbsoluteLocation value="24.806076 21.426811"/>
    <Properties>
      <Property name="Angle" value="60.379"/>
      <Property name="Filename" value="/Objects/pipe_straight_short.hs"/>
    </Properties>
  </Object>
  <Object name="Object36">
    <AbsoluteLocation value="9.077866 22.738783"/>
    <Properties>
      <Property name="Angle" value="30.0745"/>
      <Property name="Filename" value="/Objects/pipe_spout_base.hs"/>
    </Properties>
  </Object>
  <Object name="Object37">
    <AbsoluteLocation value="9.736076 21.571104"/>
    <Properties>
      <Property name="Angle" value="-149.925"/>
      <Property name="Filename" value="/Objects/pipe_spout_base.hs"/>
    </Properties>
  </Object>
  <Object name="Object38">
    <AbsoluteLocation value="3.502596 17.676548"/>
    <Properties>
      <Property name="Angle" value="55.9197"/>
      <Property name="Filename" value="/Objects/pipe_spout_base.hs"/>
    </Properties>
  </Object>
  <Object name="Object39">
    <AbsoluteLocation value="4.604006 16.912609"/>
    <Properties>
      <Property name="Angle" value="-124.08"/>
      <Property name="Filename" value="/Objects/pipe_spout_base.hs"/>
    </Properties>
  </Object>
  <Object name="Object40">
    <AbsoluteLocation value="2.635169 9.443151"/>
    <Properties>
      <Property name="Angle" value="-90.4912"/>
      <Property name="Filename" value="/Objects/pipe_spout_base.hs"/>
    </Properties>
  </Object>
  <Object name="Object41">
    <AbsoluteLocation value="1.295031 9.470201"/>
    <Properties>
      <Property name="Angle" value="89.5088"/>
      <Property name="Filename" value="/Objects/pipe_spout_base.hs"/>
    </Properties>
  </Object>
  <Object name="Object42">
    <AbsoluteLocation value="3.318329 0.953420"/>
    <Properties>
      <Property name="Angle" value="124.447"/>
      <Property name="Filename" value="/Objects/pipe_spout_base.hs"/>
    </Properties>
  </Object>
  <Object name="Object43">
    <AbsoluteLocation value="4.432415 1.698740"/>
    <Properties>
      <Property name="Angle" value="-55.5529"/>
      <Property name="Filename" value="/Objects/pipe_spout_base.hs"/>
    </Properties>
  </Object>
  <Object name="Object44">
    <AbsoluteLocation value="10.044991 -3.675042"/>
    <Properties>
      <Property name="Angle" value="-30.8014"/>
      <Property name="Filename" value="/Objects/pipe_spout_base.hs"/>
    </Properties>
  </Object>
  <Object name="Object45">
    <AbsoluteLocation value="9.345305 -4.818339"/>
    <Properties>
      <Property name="Angle" value="149.199"/>
      <Property name="Filename" value="/Objects/pipe_spout_base.hs"/>
    </Properties>
  </Object>
  <Object name="Object46">
    <AbsoluteLocation value="17.247648 -5.950460"/>
    <Properties>
      <Property name="Angle" value="0.670043"/>
      <Property name="Filename" value="/Objects/pipe_spout_base.hs"/>
    </Properties>
  </Object>
  <Object name="Object47">
    <AbsoluteLocation value="17.247772 -7.290867"/>
    <Properties>
      <Property name="Angle" value="180.67"/>
      <Property name="Filename" value="/Objects/pipe_spout_base.hs"/>
    </Properties>
  </Object>
  <Object name="Object48">
    <AbsoluteLocation value="25.025526 -3.631179"/>
    <Properties>
      <Property name="Angle" value="31.9743"/>
      <Property name="Filename" value="/Objects/pipe_spout_base.hs"/>
    </Properties>
  </Object>
  <Object name="Object49">
    <AbsoluteLocation value="25.722084 -4.776383"/>
    <Properties>
      <Property name="Angle" value="211.975"/>
      <Property name="Filename" value="/Objects/pipe_spout_base.hs"/>
    </Properties>
  </Object>
  <Object name="Object50">
    <AbsoluteLocation value="31.693750 0.933861"/>
    <Properties>
      <Property name="Angle" value="243.762"/>
      <Property name="Filename" value="/Objects/pipe_spout_base.hs"/>
    </Properties>
  </Object>
  <Object name="Object51">
    <AbsoluteLocation value="30.498409 1.540369"/>
    <Properties>
      <Property name="Angle" value="63.7618"/>
      <Property name="Filename" value="/Objects/pipe_spout_base.hs"/>
    </Properties>
  </Object>
  <Object name="Bomb52">
    <AbsoluteLocation value="17.205763 23.166447"/>
    <Properties>
      <Property name="Angle" value="6.56954"/>
      <Property name="Filename" value="/Objects/bomb.hs"/>
      <Property name="Type" value="bomb"/>
    </Properties>
  </Object>
  <Object name="Object53">
    <AbsoluteLocation value="32.235226 9.189915"/>
    <Properties>
      <Property name="Angle" value="90.528"/>
      <Property name="Filename" value="/Objects/pipe_spout_base.hs"/>
    </Properties>
  </Object>
  <Object name="Object54">
    <AbsoluteLocation value="33.575626 9.186716"/>
    <Properties>
      <Property name="Angle" value="-89.472"/>
      <Property name="Filename" value="/Objects/pipe_spout_base.hs"/>
    </Properties>
  </Object>
  <Object name="Object55">
    <AbsoluteLocation value="31.670856 17.104692"/>
    <Properties>
      <Property name="Angle" value="-60.2232"/>
      <Property name="Filename" value="/Objects/pipe_spout_base.hs"/>
    </Properties>
  </Object>
  <Object name="Object56">
    <AbsoluteLocation value="30.499784 16.452559"/>
    <Properties>
      <Property name="Angle" value="119.777"/>
      <Property name="Filename" value="/Objects/pipe_spout_base.hs"/>
    </Properties>
  </Object>
  <Object name="Object57">
    <AbsoluteLocation value="26.020367 23.342461"/>
    <Properties>
      <Property name="Angle" value="-31.2199"/>
      <Property name="Filename" value="/Objects/pipe_spout_base.hs"/>
    </Properties>
  </Object>
  <Object name="Object58">
    <AbsoluteLocation value="25.312355 22.204304"/>
    <Properties>
      <Property name="Angle" value="148.78"/>
      <Property name="Filename" value="/Objects/pipe_spout_base.hs"/>
    </Properties>
  </Object>
  <Object name="Object32">
    <AbsoluteLocation value="15.976372 12.165577"/>
    <Properties>
      <Property name="Angle" value="118.364"/>
      <Property name="Filename" value="/Objects/pipe_straight_short.hs"/>
      <Property name="Parent" value="BombTimer"/>
    </Properties>
  </Object>
  <Object name="Object33">
    <AbsoluteLocation value="16.080303 11.741760"/>
    <Properties>
      <Property name="Angle" value="28.3636"/>
      <Property name="Filename" value="/Objects/pipe_spout_base.hs"/>
      <Property name="Parent" value="BombTimer"/>
    </Properties>
  </Object>
  <Object name="Bomb61">
    <AbsoluteLocation value="17.691338 -33.936447"/>
    <Properties>
      <Property name="Angle" value="12.5308"/>
      <Property name="Filename" value="/Objects/bomb.hs"/>
      <Property name="Type" value="bomb"/>
    </Properties>
  </Object>
  <Object name="Switch66">
    <AbsoluteLocation value="-18.747856 -15.128448"/>
    <Properties>
      <Property name="Angle" value="-84.0599"/>
      <Property name="ConnectedObject0" value="Object65"/>
      <Property name="Filename" value="/Objects/switch_fan2.hs"/>
      <Property name="Type" value="switch"/>
    </Properties>
  </Object>
  <Object name="Spout70">
    <AbsoluteLocation value="26.667168 35.760567"/>
    <Properties>
      <Property name="Angle" value="-163.603"/>
      <Property name="ConnectedSpout0" value="Spout75"/>
      <Property name="ConnectedSpoutProbability0" value="1"/>
      <Property name="Filename" value="/Objects/basic_drain.hs"/>
      <Property name="Type" value="spout"/>
    </Properties>
  </Object>
  <Object name="Ducky73">
    <AbsoluteLocation value="-28.297363 23.449953"/>
    <Properties>
      <Property name="Angle" value="0"/>
      <Property name="Filename" value="/Objects/star_poison.hs"/>
      <Property name="Type" value="star"/>
    </Properties>
  </Object>
  <Object name="Ducky74">
    <AbsoluteLocation value="-3.130814 0.025963"/>
    <Properties>
      <Property name="Angle" value="0"/>
      <Property name="Filename" value="/Objects/star_poison.hs"/>
      <Property name="Type" value="star"/>
    </Properties>
  </Object>
  <Object name="Ducky75">
    <AbsoluteLocation value="26.723381 -25.196625"/>
    <Properties>
      <Property name="Angle" value="0"/>
      <Property name="Filename" value="/Objects/star_poison.hs"/>
      <Property name="Type" value="star"/>
    </Properties>
  </Object>
  <Object name="Bomb75">
    <AbsoluteLocation value="8.906876 -23.838226"/>
    <Properties>
      <Property name="Angle" value="16.613"/>
      <Property name="Filename" value="/Objects/bomb.hs"/>
      <Property name="Type" value="bomb"/>
    </Properties>
  </Object>
  <Object name="Bomb76">
    <AbsoluteLocation value="-1.635612 19.118534"/>
    <Properties>
      <Property name="Angle" value="-0.0598965"/>
      <Property name="Filename" value="/Objects/bomb.hs"/>
      <Property name="Type" value="bomb"/>
    </Properties>
  </Object>
  <Object name="Bomb86">
    <AbsoluteLocation value="-6.417496 -16.333069"/>
    <Properties>
      <Property name="Angle" value="-12.017"/>
      <Property name="Filename" value="/Objects/bomb.hs"/>
      <Property name="Type" value="bomb"/>
    </Properties>
  </Object>
  <Object name="Spout88">
    <AbsoluteLocation value="-29.095957 2.917480"/>
    <Properties>
      <Property name="Angle" value="-0.0232453"/>
      <Property name="ConnectedSpout0" value="YSwitch84"/>
      <Property name="ConnectedSpoutProbability0" value="1"/>
      <Property name="Filename" value="/Objects/basic_drain.hs"/>
      <Property name="Type" value="spout"/>
    </Properties>
  </Object>
  <Object name="Bomb87">
    <AbsoluteLocation value="-9.404779 7.735909"/>
    <Properties>
      <Property name="Angle" value="33.4617"/>
      <Property name="Filename" value="/Objects/bomb.hs"/>
      <Property name="Type" value="bomb"/>
    </Properties>
  </Object>
  <Object name="Bomb88">
    <AbsoluteLocation value="-30.649487 -21.457935"/>
    <Properties>
      <Property name="Angle" value="-16.476"/>
      <Property name="Filename" value="/Objects/bomb.hs"/>
      <Property name="Type" value="bomb"/>
    </Properties>
  </Object>
  <Object name="Bomb89">
    <AbsoluteLocation value="29.635017 -7.501877"/>
    <Properties>
      <Property name="Angle" value="-7.06153"/>
      <Property name="Filename" value="/Objects/bomb.hs"/>
      <Property name="Type" value="bomb"/>
    </Properties>
  </Object>
  <Object name="Bomb90">
    <AbsoluteLocation value="-10.903702 32.477612"/>
    <Properties>
      <Property name="Angle" value="-0.0598965"/>
      <Property name="Filename" value="/Objects/bomb.hs"/>
      <Property name="Type" value="bomb"/>
    </Properties>
  </Object>
  <Object name="Spout85">
    <AbsoluteLocation value="-17.846985 -9.026348"/>
    <Properties>
      <Property name="Angle" value="37.0049"/>
      <Property name="Filename" value="/Objects/shower_head.hs"/>
      <Property name="FluidType" value="Water"/>
      <Property name="NumberParticles" value="0"/>
      <Property name="ParticleSpeed" value="20"/>
      <Property name="Type" value="spout"/>
    </Properties>
  </Object>
  <Object name="Object65">
    <AbsoluteLocation value="5.532238 -39.971291"/>
    <Properties>
      <Property name="Angle" value="0"/>
      <Property name="Filename" value="/Objects/wall_8x8_green.hs"/>
      <Property name="MotorMoveSpeed" value="2"/>
      <Property name="PathPos0" value="0 0"/>
      <Property name="PathPos1" value="0 -6"/>
    </Properties>
  </Object>
  <Object name="Object92">
    <AbsoluteLocation value="-19.929920 -20.055962"/>
    <Properties>
      <Property name="Angle" value="2.93729"/>
      <Property name="Filename" value="/Objects/pipe_straight.hs"/>
    </Properties>
  </Object>
  <Object name="Object95">
    <AbsoluteLocation value="-26.744623 -17.763742"/>
    <Properties>
      <Property name="Angle" value="-42.5655"/>
      <Property name="Filename" value="/Objects/pipe_straight.hs"/>
    </Properties>
  </Object>
  <Object name="Object96">
    <AbsoluteLocation value="-13.672604 -20.097630"/>
    <Properties>
      <Property name="Angle" value="-4.15222"/>
      <Property name="Filename" value="/Objects/pipe_straight.hs"/>
    </Properties>
  </Object>
  <Object name="Object100">
    <AbsoluteLocation value="12.960789 -28.373224"/>
    <Properties>
      <Property name="Angle" value="-6.59439"/>
      <Property name="Filename" value="/Objects/pipe_straight.hs"/>
    </Properties>
  </Object>
  <Object name="Object101">
    <AbsoluteLocation value="19.154285 -29.100243"/>
    <Properties>
      <Property name="Angle" value="-7.11394"/>
      <Property name="Filename" value="/Objects/pipe_straight.hs"/>
    </Properties>
  </Object>
  <Object name="Object102">
    <AbsoluteLocation value="24.549038 -29.460842"/>
    <Properties>
      <Property name="Angle" value="-1.73983"/>
      <Property name="Filename" value="/Objects/pipe_straight.hs"/>
    </Properties>
  </Object>
  <Object name="Object122">
    <AbsoluteLocation value="10.400063 28.471882"/>
    <Properties>
      <Property name="Angle" value="-1.52962"/>
      <Property name="Filename" value="/Objects/pipe_straight_short.hs"/>
    </Properties>
  </Object>
  <Object name="Object124">
    <AbsoluteLocation value="-29.604317 -14.185477"/>
    <Properties>
      <Property name="Angle" value="-224.233"/>
      <Property name="Filename" value="/Objects/pipe_elbow_2.hs"/>
    </Properties>
  </Object>
  <Object name="Object126">
    <AbsoluteLocation value="-24.225176 -19.981678"/>
    <Properties>
      <Property name="Angle" value="184.083"/>
      <Property name="Filename" value="/Objects/pipe_bend_1.hs"/>
    </Properties>
  </Object>
  <Object name="Object127">
    <AbsoluteLocation value="-9.584723 -20.638660"/>
    <Properties>
      <Property name="Angle" value="348.727"/>
      <Property name="Filename" value="/Objects/pipe_straight_short.hs"/>
    </Properties>
  </Object>
  <Object name="Object128">
    <AbsoluteLocation value="28.824963 -30.337244"/>
    <Properties>
      <Property name="Angle" value="-4.19135"/>
      <Property name="Filename" value="/Objects/pipe_elbow_1.hs"/>
    </Properties>
  </Object>
  <Object name="ElevenOClock">
    <AbsoluteLocation value="12.000000 18.526300"/>
    <Properties>
      <Property name="Angle" value="210"/>
      <Property name="ConnectedSpout0" value="ClockExitSpout"/>
      <Property name="ConnectedSpoutProbability0" value="1"/>
      <Property name="Filename" value="/Objects/basic_drain.hs"/>
      <Property name="Type" value="spout"/>
    </Properties>
  </Object>
  <Object name="TenOClock">
    <AbsoluteLocation value="7.973700 14.500000"/>
    <Properties>
      <Property name="Angle" value="240"/>
      <Property name="ConnectedSpout0" value="ClockExitSpout"/>
      <Property name="ConnectedSpoutProbability0" value="1"/>
      <Property name="Filename" value="/Objects/basic_drain.hs"/>
      <Property name="Type" value="spout"/>
    </Properties>
  </Object>
  <Object name="NineOClock">
    <AbsoluteLocation value="6.500000 9.000000"/>
    <Properties>
      <Property name="Angle" value="270"/>
      <Property name="ConnectedSpout0" value="ClockExitSpout"/>
      <Property name="ConnectedSpoutProbability0" value="1"/>
      <Property name="Filename" value="/Objects/basic_drain.hs"/>
      <Property name="Type" value="spout"/>
    </Properties>
  </Object>
  <Object name="EightOClock">
    <AbsoluteLocation value="7.973700 3.500000"/>
    <Properties>
      <Property name="Angle" value="300"/>
      <Property name="ConnectedSpout0" value="ClockExitSpout"/>
      <Property name="ConnectedSpoutProbability0" value="1"/>
      <Property name="Filename" value="/Objects/basic_drain.hs"/>
      <Property name="Type" value="spout"/>
    </Properties>
  </Object>
  <Object name="SevenOClock">
    <AbsoluteLocation value="12.000000 -0.526300"/>
    <Properties>
      <Property name="Angle" value="330"/>
      <Property name="ConnectedSpout0" value="ClockExitSpout"/>
      <Property name="ConnectedSpoutProbability0" value="1"/>
      <Property name="Filename" value="/Objects/basic_drain.hs"/>
      <Property name="Type" value="spout"/>
    </Properties>
  </Object>
  <Object name="SixOClock">
    <AbsoluteLocation value="17.500000 -2.000000"/>
    <Properties>
      <Property name="Angle" value="0"/>
      <Property name="ConnectedSpout0" value="ClockExitSpout"/>
      <Property name="ConnectedSpoutProbability0" value="1"/>
      <Property name="Filename" value="/Objects/basic_drain.hs"/>
      <Property name="Type" value="spout"/>
    </Properties>
  </Object>
  <Object name="FiveOClock">
    <AbsoluteLocation value="23.000000 -0.526300"/>
    <Properties>
      <Property name="Angle" value="30"/>
      <Property name="ConnectedSpout0" value="ClockExitSpout"/>
      <Property name="ConnectedSpoutProbability0" value="1"/>
      <Property name="Filename" value="/Objects/basic_drain.hs"/>
      <Property name="Type" value="spout"/>
    </Properties>
  </Object>
  <Object name="FourOClock">
    <AbsoluteLocation value="27.026300 3.500000"/>
    <Properties>
      <Property name="Angle" value="60"/>
      <Property name="ConnectedSpout0" value="ClockExitSpout"/>
      <Property name="ConnectedSpoutProbability0" value="1"/>
      <Property name="Filename" value="/Objects/basic_drain.hs"/>
      <Property name="Type" value="spout"/>
    </Properties>
  </Object>
  <Object name="ThreeOClock">
    <AbsoluteLocation value="28.500000 9.000000"/>
    <Properties>
      <Property name="Angle" value="90"/>
      <Property name="ConnectedSpout0" value="ClockExitSpout"/>
      <Property name="ConnectedSpoutProbability0" value="1"/>
      <Property name="Filename" value="/Objects/basic_drain.hs"/>
      <Property name="Type" value="spout"/>
    </Properties>
  </Object>
  <Object name="TwoOClock">
    <AbsoluteLocation value="27.026300 14.500000"/>
    <Properties>
      <Property name="Angle" value="120"/>
      <Property name="ConnectedSpout0" value="ClockExitSpout"/>
      <Property name="ConnectedSpoutProbability0" value="1"/>
      <Property name="Filename" value="/Objects/basic_drain.hs"/>
      <Property name="Type" value="spout"/>
    </Properties>
  </Object>
  <Object name="OneOClock">
    <AbsoluteLocation value="23.000000 18.526300"/>
    <Properties>
      <Property name="Angle" value="150"/>
      <Property name="ConnectedSpout0" value="ClockExitSpout"/>
      <Property name="ConnectedSpoutProbability0" value="1"/>
      <Property name="Filename" value="/Objects/basic_drain.hs"/>
      <Property name="Type" value="spout"/>
    </Properties>
  </Object>
  <Object name="YSwitch84">
    <AbsoluteLocation value="-26.317696 -8.138367"/>
    <Properties>
      <Property name="Angle" value="21.0974"/>
      <Property name="ConnectedSpout0" value="LowBombSpout"/>
      <Property name="ConnectedSpout1" value="Spout85"/>
      <Property name="ConnectedSpoutProbability0" value="0.5"/>
      <Property name="ConnectedSpoutProbability1" value="0.5"/>
      <Property name="Filename" value="/Objects/pipe_y_switch_toggle.hs"/>
      <Property name="FirstLeftSpout" value="0"/>
      <Property name="FirstRightSpout" value="1"/>
      <Property name="Type" value="yswitch"/>
    </Properties>
  </Object>
  <Object name="Object125">
    <AbsoluteLocation value="21.004036 38.012733"/>
    <Properties>
      <Property name="Angle" value="-84.6491"/>
      <Property name="Filename" value="/Objects/pipe_connector_90.hs"/>
    </Properties>
  </Object>
  <Object name="Object131">
    <AbsoluteLocation value="-1.016186 -25.728764"/>
    <Properties>
      <Property name="Angle" value="-194.989"/>
      <Property name="Filename" value="/Objects/pipe_connector_90.hs"/>
    </Properties>
  </Object>
  <Object name="Object133">
    <AbsoluteLocation value="4.530998 -30.879826"/>
    <Properties>
      <Property name="Angle" value="-3.7422"/>
      <Property name="Filename" value="/Objects/pipe_straight.hs"/>
    </Properties>
  </Object>
  <Object name="BombTimer">
    <AbsoluteLocation value="17.500000 9.000000"/>
    <Properties>
      <Property name="Angle" value="27"/>
      <Property name="Filename" value="/Objects/wall_8x8.hs"/>
      <Property name="MotorOn" value="1"/>
      <Property name="MotorTurnSpeed" value="300"/>
      <Property name="MotorWaitTime" value="3.4"/>
      <Property name="PathPos0" value="0 0"/>
      <Property name="PathPos1" value="0 0.1"/>
      <Property name="PathPos10" value="0 0"/>
      <Property name="PathPos11" value="0 0.1"/>
      <Property name="PathPos2" value="0 0"/>
      <Property name="PathPos3" value="0 0.1"/>
      <Property name="PathPos4" value="0 0"/>
      <Property name="PathPos5" value="0 0.1"/>
      <Property name="PathPos6" value="0 0"/>
      <Property name="PathPos7" value="0 0.1"/>
      <Property name="PathPos8" value="0 0"/>
      <Property name="PathPos9" value="0 0.1"/>
    </Properties>
  </Object>
  <Object name="TimerSpout">
    <AbsoluteLocation value="14.689861 14.775590"/>
    <Properties>
      <Property name="Angle" value="120"/>
      <Property name="Filename" value="/Objects/shower_head.hs"/>
      <Property name="FluidType" value="ContaminatedWater"/>
      <Property name="Parent" value="BombTimer"/>
      <Property name="ParticleSpeed" value="20"/>
      <Property name="Timer0" value="0 0.5"/>
      <Property name="Timer1" value="1 2.0"/>
      <Property name="Timer10" value="0 1.5"/>
      <Property name="Timer11" value="1 2.0"/>
      <Property name="Timer12" value="0 1.5"/>
      <Property name="Timer13" value="1 2.0"/>
      <Property name="Timer14" value="0 1.5"/>
      <Property name="Timer15" value="1 2.0"/>
      <Property name="Timer16" value="0 1.5"/>
      <Property name="Timer17" value="1 2.0"/>
      <Property name="Timer18" value="0 1.5"/>
      <Property name="Timer19" value="1 2.0"/>
      <Property name="Timer2" value="0 1.5"/>
      <Property name="Timer20" value="0 1.5"/>
      <Property name="Timer21" value="1 2.0"/>
      <Property name="Timer22" value="0 1.5"/>
      <Property name="Timer23" value="1 2.0"/>
      <Property name="Timer24" value="0 99999"/>
      <Property name="Timer3" value="1 2.0"/>
      <Property name="Timer4" value="0 1.5"/>
      <Property name="Timer5" value="1 2.0"/>
      <Property name="Timer6" value="0 1.5"/>
      <Property name="Timer7" value="1 2.0"/>
      <Property name="Timer8" value="0 1.5"/>
      <Property name="Timer9" value="1 2.0"/>
      <Property name="Type" value="spout"/>
    </Properties>
  </Object>
  <Object name="ClockExitSpout">
    <AbsoluteLocation value="27.556557 27.961002"/>
    <Properties>
      <Property name="Angle" value="93.2254"/>
      <Property name="Filename" value="/Objects/shower_head.hs"/>
      <Property name="FluidType" value="ContaminatedWater"/>
      <Property name="NumberParticles" value="0"/>
      <Property name="ParticleSpeed" value="20"/>
      <Property name="Timer0" value="1 41.0"/>
      <Property name="Timer1" value="0 99999"/>
      <Property name="Type" value="spout"/>
    </Properties>
  </Object>
  <Object name="Object120">
    <AbsoluteLocation value="9.825373 -28.748880"/>
    <Properties>
      <Property name="Angle" value="86.0992"/>
      <Property name="Filename" value="/Objects/pipe_elbow_1.hs"/>
    </Properties>
  </Object>
  <Object name="Object134">
    <AbsoluteLocation value="8.305933 -30.500757"/>
    <Properties>
      <Property name="Angle" value="-94.3323"/>
      <Property name="Filename" value="/Objects/pipe_elbow_2.hs"/>
    </Properties>
  </Object>
  <Object name="Object135">
    <AbsoluteLocation value="-3.504175 -41.161049"/>
    <Properties>
      <Property name="Angle" value="101.75"/>
      <Property name="Filename" value="/Objects/pipe_elbow_1.hs"/>
    </Properties>
  </Object>
  <Object name="Object136">
    <AbsoluteLocation value="-4.328592 -44.082878"/>
    <Properties>
      <Property name="Angle" value="-79.3976"/>
      <Property name="Filename" value="/Objects/pipe_elbow_2.hs"/>
    </Properties>
  </Object>
  <Object name="Object137">
    <AbsoluteLocation value="-6.887863 -45.089054"/>
    <Properties>
      <Property name="Angle" value="365.46"/>
      <Property name="Filename" value="/Objects/pipe_straight_short.hs"/>
    </Properties>
  </Object>
  <Object name="Object130">
    <AbsoluteLocation value="-8.607182 -44.732563"/>
    <Properties>
      <Property name="Angle" value="163.116"/>
      <Property name="Filename" value="/Objects/pipe_connector_end.hs"/>
    </Properties>
  </Object>
  <Object name="Spout10">
    <AbsoluteLocation value="-1.095741 -40.010162"/>
    <Properties>
      <Property name="Angle" value="-79.558"/>
      <Property name="ConnectedSpout0" value="SWAMPY_SPOUT"/>
      <Property name="ConnectedSpoutProbability0" value="1"/>
      <Property name="Filename" value="/Objects/broken_pipe_cranky.hs"/>
      <Property name="Type" value="spout"/>
    </Properties>
  </Object>
  <Object name="Spout75">
    <AbsoluteLocation value="7.028015 28.629902"/>
    <Properties>
      <Property name="Angle" value="180.75"/>
      <Property name="Filename" value="/Objects/shower_head.hs"/>
      <Property name="FluidType" value="Water"/>
      <Property name="NumberParticles" value="0"/>
      <Property name="ParticleSpeed" value="11"/>
      <Property name="Type" value="spout"/>
    </Properties>
  </Object>
  <Object name="LowBombSpout">
    <AbsoluteLocation value="29.207367 -33.342804"/>
    <Properties>
      <Property name="Angle" value="-91.722"/>
      <Property name="Filename" value="/Objects/shower_head.hs"/>
      <Property name="FluidType" value="Water"/>
      <Property name="NumberParticles" value="0"/>
      <Property name="ParticleSpeed" value="11"/>
      <Property name="Type" value="spout"/>
    </Properties>
  </Object>
  <Object name="Object129">
    <AbsoluteLocation value="5.600000 -41.200001"/>
    <Properties>
      <Property name="Angle" value="0"/>
      <Property name="Filename" value="/Objects/path_vertical_locking_end_top.hs"/>
    </Properties>
  </Object>
  <Object name="Object138">
    <AbsoluteLocation value="5.600000 -46.000004"/>
    <Properties>
      <Property name="Angle" value="0"/>
      <Property name="Filename" value="/Objects/path_vertical_locking_mid.hs"/>
    </Properties>
  </Object>
  <Room>
    <AbsoluteLocation value="-17.999998 -34.800003"/>
  </Room>
</Objects>
