<?xml version="1.0"?>
<Objects>
  <Object name="Object21">
    <AbsoluteLocation value="-8.461033 9.687294"/>
    <Properties>
      <Property name="Angle" value="-0.489538"/>
      <Property name="Filename" value="/Objects/path_vertical_locking_end_top.hs"/>
    </Properties>
  </Object>
  <Object name="Object23">
    <AbsoluteLocation value="-8.430164 4.967121"/>
    <Properties>
      <Property name="Angle" value="90.3749"/>
      <Property name="Filename" value="/Objects/path_locking_mid.hs"/>
    </Properties>
  </Object>
  <Object name="Object22">
    <AbsoluteLocation value="-8.398212 0.079969"/>
    <Properties>
      <Property name="Angle" value="90.3749"/>
      <Property name="Filename" value="/Objects/path_locking_mid.hs"/>
    </Properties>
  </Object>
  <Object name="Object14">
    <AbsoluteLocation value="-8.370265 -4.720528"/>
    <Properties>
      <Property name="Angle" value="90.3749"/>
      <Property name="Filename" value="/Objects/path_locking_mid.hs"/>
    </Properties>
  </Object>
  <Object name="Object13">
    <AbsoluteLocation value="-8.338284 -9.607611"/>
    <Properties>
      <Property name="Angle" value="90.3749"/>
      <Property name="Filename" value="/Objects/path_locking_mid.hs"/>
    </Properties>
  </Object>
  <Object name="Object12">
    <AbsoluteLocation value="-8.306321 -14.494707"/>
    <Properties>
      <Property name="Angle" value="90.3749"/>
      <Property name="Filename" value="/Objects/path_locking_mid.hs"/>
    </Properties>
  </Object>
  <Object name="Object11">
    <AbsoluteLocation value="-8.274418 -19.381792"/>
    <Properties>
      <Property name="Angle" value="90.3749"/>
      <Property name="Filename" value="/Objects/path_locking_mid.hs"/>
    </Properties>
  </Object>
  <Object name="Object10">
    <AbsoluteLocation value="-8.242434 -24.268908"/>
    <Properties>
      <Property name="Angle" value="90.3749"/>
      <Property name="Filename" value="/Objects/path_locking_mid.hs"/>
    </Properties>
  </Object>
  <Object name="Object32">
    <AbsoluteLocation value="-8.244616 -28.713310"/>
    <Properties>
      <Property name="Angle" value="90.3749"/>
      <Property name="Filename" value="/Objects/path_locking_mid.hs"/>
    </Properties>
  </Object>
  <Object name="Object33">
    <AbsoluteLocation value="-8.212672 -33.600456"/>
    <Properties>
      <Property name="Angle" value="90.3749"/>
      <Property name="Filename" value="/Objects/path_locking_mid.hs"/>
    </Properties>
  </Object>
  <Object name="Object29">
    <AbsoluteLocation value="-3.073864 -39.710903"/>
    <Properties>
      <Property name="Angle" value="103.123"/>
      <Property name="Filename" value="/Objects/pipe_straight_short.hs"/>
      <Property name="Parent" value="FanGrab"/>
    </Properties>
  </Object>
  <Object name="Object30">
    <AbsoluteLocation value="-12.784242 -40.376797"/>
    <Properties>
      <Property name="Angle" value="80.9135"/>
      <Property name="Filename" value="/Objects/pipe_straight_short.hs"/>
      <Property name="Parent" value="FanGrab"/>
    </Properties>
  </Object>
  <Object name="Fan2">
    <AbsoluteLocation value="-8.062500 -36.468750"/>
    <Properties>
      <Property name="Angle" value="0.125755"/>
      <Property name="Filename" value="/Objects/fan_16x8.hs"/>
      <Property name="Parent" value="FanGrab"/>
      <Property name="Type" value="fan"/>
      <Property name="VacuumMaxD" value="30"/>
      <Property name="VacuumOn" value="1"/>
    </Properties>
  </Object>
  <Object name="Ducky48">
    <AbsoluteLocation value="30.265392 23.049082"/>
    <Properties>
      <Property name="Angle" value="0"/>
      <Property name="CutsRock" value="1"/>
      <Property name="Filename" value="/Objects/star_teleport.hs"/>
      <Property name="StarType" value="teleport"/>
      <Property name="Type" value="star"/>
    </Properties>
  </Object>
  <Object name="Object46">
    <AbsoluteLocation value="-26.000000 -10.400001"/>
    <Properties>
      <Property name="Angle" value="-90"/>
      <Property name="Filename" value="/Objects/path_vertical_locking_end_bottom.hs"/>
    </Properties>
  </Object>
  <Object name="Object45">
    <AbsoluteLocation value="-21.600000 -10.400001"/>
    <Properties>
      <Property name="Angle" value="-90"/>
      <Property name="Filename" value="/Objects/path_vertical_locking_end_top.hs"/>
    </Properties>
  </Object>
  <Object name="Object28">
    <AbsoluteLocation value="-8.400001 -43.200001"/>
    <Properties>
      <Property name="Angle" value="-0.338246"/>
      <Property name="Filename" value="/Objects/path_vertical_locking_end_bottom.hs"/>
    </Properties>
  </Object>
  <Object name="Object44">
    <AbsoluteLocation value="8.119955 43.337940"/>
    <Properties>
      <Property name="Angle" value="34.8676"/>
      <Property name="Filename" value="/Objects/pipe_elbow_1.hs"/>
    </Properties>
  </Object>
  <Object name="Object41">
    <AbsoluteLocation value="-6.352238 43.521214"/>
    <Properties>
      <Property name="Angle" value="79.9825"/>
      <Property name="Filename" value="/Objects/pipe_elbow_1.hs"/>
    </Properties>
  </Object>
  <Object name="Object40">
    <AbsoluteLocation value="28.577114 -21.409191"/>
    <Properties>
      <Property name="Angle" value="245.761"/>
      <Property name="Filename" value="/Objects/pipe_straight.hs"/>
    </Properties>
  </Object>
  <Object name="Object39">
    <AbsoluteLocation value="21.942188 -11.117371"/>
    <Properties>
      <Property name="Angle" value="79.4295"/>
      <Property name="Filename" value="/Objects/pipe_straight_short.hs"/>
    </Properties>
  </Object>
  <Object name="Ducky6">
    <AbsoluteLocation value="-4.968750 -8.250000"/>
    <Properties>
      <Property name="Angle" value="0"/>
      <Property name="Filename" value="/Objects/star.hs"/>
      <Property name="Type" value="star"/>
    </Properties>
  </Object>
  <Object name="Ducky7">
    <AbsoluteLocation value="22.468750 8.093750"/>
    <Properties>
      <Property name="Angle" value="0"/>
      <Property name="Filename" value="/Objects/star.hs"/>
      <Property name="Type" value="star"/>
    </Properties>
  </Object>
  <Object name="Ducky8">
    <AbsoluteLocation value="-8.187500 22.625000"/>
    <Properties>
      <Property name="Angle" value="-0.0791294"/>
      <Property name="Filename" value="/Objects/star.hs"/>
      <Property name="Type" value="star"/>
    </Properties>
  </Object>
  <Object name="Spout4">
    <AbsoluteLocation value="22.229292 -8.257732"/>
    <Properties>
      <Property name="Angle" value="359.656"/>
      <Property name="ConnectedSpout0" value="SWAMPY_SPOUT"/>
      <Property name="ConnectedSpoutProbability0" value="1"/>
      <Property name="Filename" value="/Objects/broken_pipe.hs"/>
      <Property name="Type" value="spout"/>
    </Properties>
  </Object>
  <Object name="Object26">
    <AbsoluteLocation value="-3.135942 -42.170948"/>
    <Properties>
      <Property name="Angle" value="-73.8337"/>
      <Property name="Filename" value="/Objects/pipe_elbow_2.hs"/>
      <Property name="Parent" value="FanGrab"/>
    </Properties>
  </Object>
  <Object name="Object27">
    <AbsoluteLocation value="-12.559508 -42.841953"/>
    <Properties>
      <Property name="Angle" value="168.083"/>
      <Property name="Filename" value="/Objects/pipe_elbow_1.hs"/>
      <Property name="Parent" value="FanGrab"/>
    </Properties>
  </Object>
  <Object name="Object24">
    <AbsoluteLocation value="-4.644077 -43.395477"/>
    <Properties>
      <Property name="Angle" value="269.817"/>
      <Property name="Filename" value="/Objects/pipe_spout_base.hs"/>
      <Property name="Parent" value="FanGrab"/>
    </Properties>
  </Object>
  <Object name="Object25">
    <AbsoluteLocation value="-11.281250 -43.468750"/>
    <Properties>
      <Property name="Angle" value="450.258"/>
      <Property name="Filename" value="/Objects/pipe_spout_base.hs"/>
      <Property name="Parent" value="FanGrab"/>
    </Properties>
  </Object>
  <Object name="Spout24">
    <AbsoluteLocation value="-7.546880 40.101730"/>
    <Properties>
      <Property name="Angle" value="171.516"/>
      <Property name="ConnectedSpout0" value="Spout25"/>
      <Property name="ConnectedSpoutProbability0" value="1"/>
      <Property name="Filename" value="/Objects/basic_drain.hs"/>
      <Property name="Type" value="spout"/>
    </Properties>
  </Object>
  <Object name="Spout25">
    <AbsoluteLocation value="10.687500 40.875000"/>
    <Properties>
      <Property name="Angle" value="-50.5444"/>
      <Property name="Filename" value="/Objects/shower_head.hs"/>
      <Property name="FluidType" value="Water"/>
      <Property name="NumberParticles" value="0"/>
      <Property name="Type" value="spout"/>
    </Properties>
  </Object>
  <Object name="Object34">
    <AbsoluteLocation value="-8.181350 -38.393761"/>
    <Properties>
      <Property name="Angle" value="90.3749"/>
      <Property name="Filename" value="/Objects/path_locking_mid.hs"/>
    </Properties>
  </Object>
  <Object name="Object35">
    <AbsoluteLocation value="27.128023 -24.083485"/>
    <Properties>
      <Property name="Angle" value="-120.504"/>
      <Property name="Filename" value="/Objects/pipe_connector_end.hs"/>
    </Properties>
  </Object>
  <Object name="Object36">
    <AbsoluteLocation value="25.371796 -16.049324"/>
    <Properties>
      <Property name="Angle" value="-21.1008"/>
      <Property name="Filename" value="/Objects/pipe_straight_long.hs"/>
    </Properties>
  </Object>
  <Object name="Object37">
    <AbsoluteLocation value="22.718063 -14.239803"/>
    <Properties>
      <Property name="Angle" value="-5.44318"/>
      <Property name="Filename" value="/Objects/pipe_connector_90.hs"/>
    </Properties>
  </Object>
  <Object name="Object38">
    <AbsoluteLocation value="29.135580 -18.224560"/>
    <Properties>
      <Property name="Angle" value="339.162"/>
      <Property name="Filename" value="/Objects/pipe_elbow_1.hs"/>
    </Properties>
  </Object>
  <Object name="Object42">
    <AbsoluteLocation value="-0.670830 42.582317"/>
    <Properties>
      <Property name="Angle" value="-17.5989"/>
      <Property name="Filename" value="/Objects/pipe_straight_long.hs"/>
    </Properties>
  </Object>
  <Object name="Object43">
    <AbsoluteLocation value="4.311813 41.666447"/>
    <Properties>
      <Property name="Angle" value="62.2338"/>
      <Property name="Filename" value="/Objects/pipe_connector_90.hs"/>
    </Properties>
  </Object>
  <Object name="FanGrab">
    <AbsoluteLocation value="-7.984182 -43.728062"/>
    <Properties>
      <Property name="Angle" value="0"/>
      <Property name="Filename" value="/Objects/wall_8x8_locking.hs"/>
      <Property name="MaxDragVelocity" value="45"/>
      <Property name="PathPos0" value="0 0"/>
      <Property name="PathPos1" value="0 65"/>
    </Properties>
  </Object>
  <Object name="Object31">
    <AbsoluteLocation value="-26.895746 -10.656497"/>
    <Properties>
      <Property name="Angle" value="90"/>
      <Property name="Filename" value="/Objects/wall_8x8_locking.hs"/>
      <Property name="MaxDragVelocity" value="10"/>
      <Property name="PathPos0" value="0 0"/>
      <Property name="PathPos1" value="12 0"/>
    </Properties>
  </Object>
  <Object name="Ducky44">
    <AbsoluteLocation value="-6.571888 -7.889370"/>
    <Properties>
      <Property name="Angle" value="0"/>
      <Property name="CutsRock" value="1"/>
      <Property name="Filename" value="/Objects/star_teleport.hs"/>
      <Property name="StarType" value="teleport"/>
      <Property name="TeleportMoveEase" value="in"/>
      <Property name="TeleportMoveTime" value="6.0"/>
      <Property name="TeleportWaitTime" value="99999"/>
      <Property name="Type" value="star"/>
    </Properties>
  </Object>
  <Room>
    <AbsoluteLocation value="18.000002 -34.800003"/>
  </Room>
</Objects>
