<?xml version="1.0"?>
<Objects>
  <Object name="Object50">
    <AbsoluteLocation value="-21.883938 -43.603996"/>
    <Properties>
      <Property name="Angle" value="221.038"/>
      <Property name="Filename" value="/Objects/pipe_elbow_1.hs"/>
    </Properties>
  </Object>
  <Object name="Object40">
    <AbsoluteLocation value="-19.323956 -21.967525"/>
    <Properties>
      <Property name="Angle" value="-16.4251"/>
      <Property name="Filename" value="/Objects/pipe_elbow_2.hs"/>
    </Properties>
  </Object>
  <Object name="Object43">
    <AbsoluteLocation value="-20.874533 -21.440910"/>
    <Properties>
      <Property name="Angle" value="71.5731"/>
      <Property name="Filename" value="/Objects/pipe_elbow_2.hs"/>
    </Properties>
  </Object>
  <Object name="Object41">
    <AbsoluteLocation value="-20.914055 -38.381199"/>
    <Properties>
      <Property name="Angle" value="266.876"/>
      <Property name="Filename" value="/Objects/pipe_bend_1.hs"/>
    </Properties>
  </Object>
  <Object name="Object18">
    <AbsoluteLocation value="-4.688433 -5.353966"/>
    <Properties>
      <Property name="Angle" value="163.889"/>
      <Property name="Filename" value="/Objects/pipe_elbow_1.hs"/>
    </Properties>
  </Object>
  <Object name="Object38">
    <AbsoluteLocation value="-7.538324 11.065638"/>
    <Properties>
      <Property name="Angle" value="36.2798"/>
      <Property name="Filename" value="/Objects/pipe_straight.hs"/>
    </Properties>
  </Object>
  <Object name="Object20">
    <AbsoluteLocation value="-43.379810 -20.934898"/>
    <Properties>
      <Property name="Angle" value="91.9063"/>
      <Property name="Filename" value="/Objects/pipe_straight.hs"/>
    </Properties>
  </Object>
  <Object name="Object19">
    <AbsoluteLocation value="-3.776331 -7.010481"/>
    <Properties>
      <Property name="Angle" value="-14.745"/>
      <Property name="Filename" value="/Objects/pipe_elbow_2.hs"/>
    </Properties>
  </Object>
  <Object name="Spout2">
    <AbsoluteLocation value="-10.098267 8.448229"/>
    <Properties>
      <Property name="Angle" value="-208.752"/>
      <Property name="ConnectedSpout0" value="SWAMPY_SPOUT"/>
      <Property name="ConnectedSpoutProbability0" value="1"/>
      <Property name="Filename" value="/Objects/broken_pipe_allie.hs"/>
      <Property name="Type" value="spout"/>
    </Properties>
  </Object>
  <Object name="Ducky5">
    <AbsoluteLocation value="16.000000 24.000000"/>
    <Properties>
      <Property name="Angle" value="0"/>
      <Property name="Filename" value="/Objects/star_steam_allie.hs"/>
      <Property name="StarType" value="allie"/>
      <Property name="Type" value="star"/>
    </Properties>
  </Object>
  <Object name="Ducky7">
    <AbsoluteLocation value="22.400002 -27.200001"/>
    <Properties>
      <Property name="Angle" value="0"/>
      <Property name="Filename" value="/Objects/star_steam_allie.hs"/>
      <Property name="StarType" value="allie"/>
      <Property name="Type" value="star"/>
    </Properties>
  </Object>
  <Object name="Spout8">
    <AbsoluteLocation value="-3.904184 -1.965020"/>
    <Properties>
      <Property name="Angle" value="-25.771"/>
      <Property name="ConnectedSpout0" value="Spout9"/>
      <Property name="ConnectedSpoutProbability0" value="1"/>
      <Property name="Filename" value="/Objects/basic_drain.hs"/>
      <Property name="Type" value="spout"/>
    </Properties>
  </Object>
  <Object name="Object23">
    <AbsoluteLocation value="-41.768787 -26.458071"/>
    <Properties>
      <Property name="Angle" value="89.2366"/>
      <Property name="Filename" value="/Objects/pipe_straight.hs"/>
    </Properties>
  </Object>
  <Object name="Object29">
    <AbsoluteLocation value="-3.814117 -10.485741"/>
    <Properties>
      <Property name="Angle" value="78.2455"/>
      <Property name="Filename" value="/Objects/pipe_straight.hs"/>
    </Properties>
  </Object>
  <Object name="Object36">
    <AbsoluteLocation value="-19.985594 -28.326689"/>
    <Properties>
      <Property name="Angle" value="81.2062"/>
      <Property name="Filename" value="/Objects/pipe_straight.hs"/>
    </Properties>
  </Object>
  <Object name="Object37">
    <AbsoluteLocation value="-20.466015 -34.269188"/>
    <Properties>
      <Property name="Angle" value="89.4051"/>
      <Property name="Filename" value="/Objects/pipe_straight.hs"/>
    </Properties>
  </Object>
  <Object name="Object31">
    <AbsoluteLocation value="23.235928 32.822067"/>
    <Properties>
      <Property name="Angle" value="0"/>
      <Property name="Filename" value="/Objects/icicle_large.hs"/>
      <Property name="Type" value="icyhot"/>
    </Properties>
  </Object>
  <Object name="Ducky36">
    <AbsoluteLocation value="-26.000000 -8.000000"/>
    <Properties>
      <Property name="Angle" value="0"/>
      <Property name="Filename" value="/Objects/star_steam_allie.hs"/>
      <Property name="StarType" value="allie"/>
      <Property name="Type" value="star"/>
    </Properties>
  </Object>
  <Object name="Object39">
    <AbsoluteLocation value="-5.230541 13.493515"/>
    <Properties>
      <Property name="Angle" value="-56.2517"/>
      <Property name="Filename" value="/Objects/pipe_elbow_2.hs"/>
    </Properties>
  </Object>
  <Object name="Object42">
    <AbsoluteLocation value="-5.501028 15.469324"/>
    <Properties>
      <Property name="Angle" value="123.908"/>
      <Property name="Filename" value="/Objects/pipe_connector_end.hs"/>
    </Properties>
  </Object>
  <Object name="Object44">
    <AbsoluteLocation value="-6.531559 -15.466919"/>
    <Properties>
      <Property name="Angle" value="89.8125"/>
      <Property name="Filename" value="/Objects/pipe_elbow_1.hs"/>
    </Properties>
  </Object>
  <Object name="Object45">
    <AbsoluteLocation value="-5.072572 -14.214670"/>
    <Properties>
      <Property name="Angle" value="-93.3582"/>
      <Property name="Filename" value="/Objects/pipe_elbow_2.hs"/>
    </Properties>
  </Object>
  <Object name="Spout9">
    <AbsoluteLocation value="-23.195316 -23.916090"/>
    <Properties>
      <Property name="Angle" value="-130.735"/>
      <Property name="Filename" value="/Objects/shower_head.hs"/>
      <Property name="FluidType" value="Water"/>
      <Property name="NumberParticles" value="0"/>
      <Property name="ParticleSpeed" value="20"/>
      <Property name="Type" value="spout"/>
    </Properties>
  </Object>
  <Object name="Object48">
    <AbsoluteLocation value="-21.835611 -39.391155"/>
    <Properties>
      <Property name="Angle" value="42.9204"/>
      <Property name="Filename" value="/Objects/pipe_straight_short.hs"/>
    </Properties>
  </Object>
  <Object name="Object49">
    <AbsoluteLocation value="-19.154152 -23.966898"/>
    <Properties>
      <Property name="Angle" value="75.6125"/>
      <Property name="Filename" value="/Objects/pipe_straight_short.hs"/>
    </Properties>
  </Object>
  <Object name="Object51">
    <AbsoluteLocation value="-23.469782 -41.588497"/>
    <Properties>
      <Property name="Angle" value="125.6"/>
      <Property name="Filename" value="/Objects/pipe_elbow_1.hs"/>
    </Properties>
  </Object>
  <Object name="Object52">
    <AbsoluteLocation value="-19.871414 -42.687080"/>
    <Properties>
      <Property name="Angle" value="39.6953"/>
      <Property name="Filename" value="/Objects/pipe_into_wall_2.hs"/>
    </Properties>
  </Object>
  <Object name="Object30">
    <AbsoluteLocation value="-7.329801 -27.509449"/>
    <Properties>
      <Property name="Angle" value="-84.659"/>
      <Property name="Filename" value="/Objects/pipe_bend_1.hs"/>
    </Properties>
  </Object>
  <Object name="Object13">
    <AbsoluteLocation value="-8.314118 -28.815458"/>
    <Properties>
      <Property name="Angle" value="-131.101"/>
      <Property name="Filename" value="/Objects/pipe_into_wall_2.hs"/>
    </Properties>
  </Object>
  <Object name="Object32">
    <AbsoluteLocation value="-43.414379 -25.613262"/>
    <Properties>
      <Property name="Angle" value="91.7038"/>
      <Property name="Filename" value="/Objects/pipe_straight_short.hs"/>
    </Properties>
  </Object>
  <Object name="Object33">
    <AbsoluteLocation value="-45.169197 -27.529694"/>
    <Properties>
      <Property name="Angle" value="81.2062"/>
      <Property name="Filename" value="/Objects/pipe_straight.hs"/>
    </Properties>
  </Object>
  <Object name="Object34">
    <AbsoluteLocation value="-7.146125 -21.663099"/>
    <Properties>
      <Property name="Angle" value="90.7937"/>
      <Property name="Filename" value="/Objects/pipe_straight_long.hs"/>
    </Properties>
  </Object>
  <Room>
    <AbsoluteLocation value="-12.399998 27.599998"/>
  </Room>
</Objects>
