<?xml version="1.0"?>
<Objects>
  <Object name="Object80">
    <AbsoluteLocation value="-6.810921 12.094079"/>
    <Properties>
      <Property name="Angle" value="-1.65601"/>
      <Property name="Filename" value="/Objects/pipe_elbow_1.hs"/>
    </Properties>
  </Object>
  <Object name="Object56">
    <AbsoluteLocation value="-7.079977 -12.395233"/>
    <Properties>
      <Property name="Angle" value="-184.829"/>
      <Property name="Filename" value="/Objects/pipe_straight_short.hs"/>
    </Properties>
  </Object>
  <Object name="Object74">
    <AbsoluteLocation value="-8.156250 32.437500"/>
    <Properties>
      <Property name="Angle" value="67.4003"/>
      <Property name="Filename" value="/Objects/pipe_bend_2.hs"/>
    </Properties>
  </Object>
  <Object name="Object69">
    <AbsoluteLocation value="19.838951 -15.661753"/>
    <Properties>
      <Property name="Angle" value="-267.225"/>
      <Property name="Filename" value="/Objects/pipe_straight_short.hs"/>
    </Properties>
  </Object>
  <Object name="Object43">
    <AbsoluteLocation value="-9.173988 1.741003"/>
    <Properties>
      <Property name="Angle" value="-270.709"/>
      <Property name="Filename" value="/Objects/pipe_straight.hs"/>
    </Properties>
  </Object>
  <Object name="Object66">
    <AbsoluteLocation value="-29.802166 5.600639"/>
    <Properties>
      <Property name="Angle" value="-279.459"/>
      <Property name="Filename" value="/Objects/pipe_straight_long.hs"/>
    </Properties>
  </Object>
  <Object name="Object64">
    <AbsoluteLocation value="-29.375000 -11.125000"/>
    <Properties>
      <Property name="Angle" value="-255.027"/>
      <Property name="Filename" value="/Objects/pipe_straight.hs"/>
    </Properties>
  </Object>
  <Object name="Object62">
    <AbsoluteLocation value="29.156250 12.843750"/>
    <Properties>
      <Property name="Angle" value="-259.232"/>
      <Property name="Filename" value="/Objects/pipe_straight.hs"/>
    </Properties>
  </Object>
  <Object name="Object55">
    <AbsoluteLocation value="-5.208264 -13.284746"/>
    <Properties>
      <Property name="Angle" value="-5.80122"/>
      <Property name="Filename" value="/Objects/pipe_elbow_2.hs"/>
    </Properties>
  </Object>
  <Object name="Object50">
    <AbsoluteLocation value="-16.875000 -11.812500"/>
    <Properties>
      <Property name="Angle" value="90.3646"/>
      <Property name="Filename" value="/Objects/pipe_elbow_1.hs"/>
    </Properties>
  </Object>
  <Object name="Object29">
    <AbsoluteLocation value="14.514997 0.736891"/>
    <Properties>
      <Property name="Angle" value="-266.747"/>
      <Property name="Filename" value="/Objects/pipe_straight_short.hs"/>
    </Properties>
  </Object>
  <Object name="Object28">
    <AbsoluteLocation value="11.778662 12.164921"/>
    <Properties>
      <Property name="Angle" value="58.1573"/>
      <Property name="Filename" value="/Objects/pipe_elbow_2.hs"/>
    </Properties>
  </Object>
  <Object name="Object22">
    <AbsoluteLocation value="-6.984375 -46.828125"/>
    <Properties>
      <Property name="Angle" value="-272.438"/>
      <Property name="Filename" value="/Objects/pipe_straight_long.hs"/>
    </Properties>
  </Object>
  <Object name="Spout2">
    <AbsoluteLocation value="-27.600000 -15.600000"/>
    <Properties>
      <Property name="Angle" value="-150"/>
      <Property name="ConnectedSpout0" value="Spout13"/>
      <Property name="ConnectedSpoutProbability0" value="1"/>
      <Property name="Filename" value="/Objects/basic_drain.hs"/>
      <Property name="Type" value="spout"/>
    </Properties>
  </Object>
  <Object name="Spout3">
    <AbsoluteLocation value="-17.280300 -14.876907"/>
    <Properties>
      <Property name="Angle" value="-167.405"/>
      <Property name="ConnectedSpout0" value="Spout15"/>
      <Property name="ConnectedSpoutProbability0" value="1"/>
      <Property name="Filename" value="/Objects/basic_drain.hs"/>
      <Property name="Type" value="spout"/>
    </Properties>
  </Object>
  <Object name="Spout5">
    <AbsoluteLocation value="-5.200000 -16.000000"/>
    <Properties>
      <Property name="Angle" value="-190"/>
      <Property name="ConnectedSpout0" value="Spout14"/>
      <Property name="ConnectedSpoutProbability0" value="1"/>
      <Property name="Filename" value="/Objects/basic_drain.hs"/>
      <Property name="Type" value="spout"/>
    </Properties>
  </Object>
  <Object name="Spout6">
    <AbsoluteLocation value="9.515625 10.218750"/>
    <Properties>
      <Property name="Angle" value="-216.773"/>
      <Property name="ConnectedSpout0" value="SWAMPY_SPOUT"/>
      <Property name="ConnectedSpoutProbability0" value="1"/>
      <Property name="Filename" value="/Objects/broken_pipe_allie.hs"/>
      <Property name="Type" value="spout"/>
    </Properties>
  </Object>
  <Object name="Object8">
    <AbsoluteLocation value="8.156250 40.406250"/>
    <Properties>
      <Property name="Angle" value="0"/>
      <Property name="Filename" value="/Objects/icicle_medium.hs"/>
      <Property name="Type" value="icyhot"/>
    </Properties>
  </Object>
  <Object name="Object9">
    <AbsoluteLocation value="19.750000 40.437500"/>
    <Properties>
      <Property name="Angle" value="0"/>
      <Property name="Filename" value="/Objects/icicle_medium.hs"/>
      <Property name="Type" value="icyhot"/>
    </Properties>
  </Object>
  <Object name="Object10">
    <AbsoluteLocation value="-15.625000 40.468750"/>
    <Properties>
      <Property name="Angle" value="0"/>
      <Property name="Filename" value="/Objects/icicle_medium.hs"/>
      <Property name="Type" value="icyhot"/>
    </Properties>
  </Object>
  <Object name="Spout12">
    <AbsoluteLocation value="-6.750000 -41.437500"/>
    <Properties>
      <Property name="Angle" value="84.6643"/>
      <Property name="Filename" value="/Objects/shower_head.hs"/>
      <Property name="FluidType" value="Steam"/>
      <Property name="ParticlesPerSecond" value="2"/>
      <Property name="Type" value="spout"/>
    </Properties>
  </Object>
  <Object name="Spout13">
    <AbsoluteLocation value="-28.555611 10.712114"/>
    <Properties>
      <Property name="Angle" value="68.5964"/>
      <Property name="Filename" value="/Objects/shower_head.hs"/>
      <Property name="FluidType" value="Water"/>
      <Property name="NumberParticles" value="0"/>
      <Property name="Type" value="spout"/>
    </Properties>
  </Object>
  <Object name="Spout14">
    <AbsoluteLocation value="-6.202858 8.762127"/>
    <Properties>
      <Property name="Angle" value="-84.5753"/>
      <Property name="Filename" value="/Objects/shower_head.hs"/>
      <Property name="FluidType" value="Water"/>
      <Property name="NumberParticles" value="0"/>
      <Property name="ParticleSpeed" value="36"/>
      <Property name="ParticlesPerSecond" value="10"/>
      <Property name="Type" value="spout"/>
    </Properties>
  </Object>
  <Object name="Spout15">
    <AbsoluteLocation value="-6.093750 33.937500"/>
    <Properties>
      <Property name="Angle" value="38.5032"/>
      <Property name="Filename" value="/Objects/shower_head.hs"/>
      <Property name="FluidType" value="Water"/>
      <Property name="NumberParticles" value="0"/>
      <Property name="Type" value="spout"/>
    </Properties>
  </Object>
  <Object name="Spout16">
    <AbsoluteLocation value="27.718750 17.000000"/>
    <Properties>
      <Property name="Angle" value="126.291"/>
      <Property name="Filename" value="/Objects/shower_head.hs"/>
      <Property name="FluidType" value="Water"/>
      <Property name="NumberParticles" value="0"/>
      <Property name="Type" value="spout"/>
    </Properties>
  </Object>
  <Object name="Ducky17">
    <AbsoluteLocation value="-26.400000 -2.800000"/>
    <Properties>
      <Property name="Angle" value="0"/>
      <Property name="Filename" value="/Objects/star_steam_allie.hs"/>
      <Property name="StarType" value="allie"/>
      <Property name="Type" value="star"/>
    </Properties>
  </Object>
  <Object name="Ducky18">
    <AbsoluteLocation value="-4.437500 23.468750"/>
    <Properties>
      <Property name="Angle" value="0"/>
      <Property name="Filename" value="/Objects/star_steam_allie.hs"/>
      <Property name="StarType" value="allie"/>
      <Property name="Type" value="star"/>
    </Properties>
  </Object>
  <Object name="Ducky19">
    <AbsoluteLocation value="25.600000 6.400000"/>
    <Properties>
      <Property name="Angle" value="0"/>
      <Property name="Filename" value="/Objects/star_steam_allie.hs"/>
      <Property name="StarType" value="allie"/>
      <Property name="Type" value="star"/>
    </Properties>
  </Object>
  <Object name="Object24">
    <AbsoluteLocation value="-10.937500 19.375000"/>
    <Properties>
      <Property name="Angle" value="-271.844"/>
      <Property name="Filename" value="/Objects/pipe_straight_long.hs"/>
    </Properties>
  </Object>
  <Object name="Object25">
    <AbsoluteLocation value="-11.156250 9.562500"/>
    <Properties>
      <Property name="Angle" value="-270.445"/>
      <Property name="Filename" value="/Objects/pipe_straight_long.hs"/>
    </Properties>
  </Object>
  <Object name="Object26">
    <AbsoluteLocation value="-11.281250 0.312500"/>
    <Properties>
      <Property name="Angle" value="-270.893"/>
      <Property name="Filename" value="/Objects/pipe_straight_long.hs"/>
    </Properties>
  </Object>
  <Object name="Object30">
    <AbsoluteLocation value="14.712732 -4.667317"/>
    <Properties>
      <Property name="Angle" value="-267.997"/>
      <Property name="Filename" value="/Objects/pipe_straight_long.hs"/>
    </Properties>
  </Object>
  <Object name="Object46">
    <AbsoluteLocation value="-9.156250 -6.031250"/>
    <Properties>
      <Property name="Angle" value="-629.487"/>
      <Property name="Filename" value="/Objects/pipe_straight_long.hs"/>
    </Properties>
  </Object>
  <Object name="Object51">
    <AbsoluteLocation value="-11.250000 -7.500000"/>
    <Properties>
      <Property name="Angle" value="-268.194"/>
      <Property name="Filename" value="/Objects/pipe_straight.hs"/>
    </Properties>
  </Object>
  <Object name="Object53">
    <AbsoluteLocation value="-8.468614 -11.682739"/>
    <Properties>
      <Property name="Angle" value="178.301"/>
      <Property name="Filename" value="/Objects/pipe_elbow_1.hs"/>
    </Properties>
  </Object>
  <Object name="Object58">
    <AbsoluteLocation value="25.375000 -11.687500"/>
    <Properties>
      <Property name="Angle" value="-351.134"/>
      <Property name="Filename" value="/Objects/pipe_straight_long.hs"/>
    </Properties>
  </Object>
  <Object name="Object59">
    <AbsoluteLocation value="29.937500 -10.250000"/>
    <Properties>
      <Property name="Angle" value="-80.5078"/>
      <Property name="Filename" value="/Objects/pipe_elbow_2.hs"/>
    </Properties>
  </Object>
  <Object name="Object60">
    <AbsoluteLocation value="30.031250 -4.062500"/>
    <Properties>
      <Property name="Angle" value="-626.23"/>
      <Property name="Filename" value="/Objects/pipe_straight_long.hs"/>
    </Properties>
  </Object>
  <Object name="Object61">
    <AbsoluteLocation value="29.718750 5.250000"/>
    <Properties>
      <Property name="Angle" value="-629.9"/>
      <Property name="Filename" value="/Objects/pipe_straight_long.hs"/>
    </Properties>
  </Object>
  <Object name="Object65">
    <AbsoluteLocation value="-30.343750 -3.500000"/>
    <Properties>
      <Property name="Angle" value="-267.949"/>
      <Property name="Filename" value="/Objects/pipe_straight_long.hs"/>
    </Properties>
  </Object>
  <Object name="Object57">
    <AbsoluteLocation value="19.193760 -12.624035"/>
    <Properties>
      <Property name="Angle" value="-351.744"/>
      <Property name="Filename" value="/Objects/pipe_straight_long.hs"/>
    </Properties>
  </Object>
  <Object name="Object36">
    <AbsoluteLocation value="17.526827 -12.000671"/>
    <Properties>
      <Property name="Angle" value="-218.45"/>
      <Property name="Filename" value="/Objects/pipe_straight.hs"/>
    </Properties>
  </Object>
  <Object name="Object68">
    <AbsoluteLocation value="13.816960 11.301680"/>
    <Properties>
      <Property name="Angle" value="-31.0016"/>
      <Property name="Filename" value="/Objects/pipe_bend_1.hs"/>
    </Properties>
  </Object>
  <Object name="Object63">
    <AbsoluteLocation value="19.687500 -17.062500"/>
    <Properties>
      <Property name="Angle" value="-92.7479"/>
      <Property name="Filename" value="/Objects/pipe_connector_end.hs"/>
    </Properties>
  </Object>
  <Object name="Object34">
    <AbsoluteLocation value="19.680689 -14.176098"/>
    <Properties>
      <Property name="Angle" value="-39.4156"/>
      <Property name="Filename" value="/Objects/pipe_bend_1.hs"/>
    </Properties>
  </Object>
  <Object name="Object32">
    <AbsoluteLocation value="15.040302 -9.674324"/>
    <Properties>
      <Property name="Angle" value="145.224"/>
      <Property name="Filename" value="/Objects/pipe_bend_2.hs"/>
    </Properties>
  </Object>
  <Object name="Object70">
    <AbsoluteLocation value="14.447812 -13.341158"/>
    <Properties>
      <Property name="Angle" value="49.1332"/>
      <Property name="Filename" value="/Objects/pipe_bend_2.hs"/>
    </Properties>
  </Object>
  <Object name="Spout4">
    <AbsoluteLocation value="11.600000 -15.200000"/>
    <Properties>
      <Property name="Angle" value="-240"/>
      <Property name="ConnectedSpout0" value="Spout16"/>
      <Property name="ConnectedSpoutProbability0" value="1"/>
      <Property name="Filename" value="/Objects/basic_drain.hs"/>
      <Property name="Type" value="spout"/>
    </Properties>
  </Object>
  <Object name="Object71">
    <AbsoluteLocation value="-11.887500 -10.475000"/>
    <Properties>
      <Property name="Angle" value="-92.1278"/>
      <Property name="Filename" value="/Objects/pipe_elbow_2.hs"/>
    </Properties>
  </Object>
  <Object name="Object72">
    <AbsoluteLocation value="-14.312500 -11.093750"/>
    <Properties>
      <Property name="Angle" value="-360.409"/>
      <Property name="Filename" value="/Objects/pipe_straight_short.hs"/>
    </Properties>
  </Object>
  <Object name="Object75">
    <AbsoluteLocation value="-9.486488 29.053503"/>
    <Properties>
      <Property name="Angle" value="-284.836"/>
      <Property name="Filename" value="/Objects/pipe_straight.hs"/>
    </Properties>
  </Object>
  <Object name="Object76">
    <AbsoluteLocation value="-10.718750 25.250000"/>
    <Properties>
      <Property name="Angle" value="101.751"/>
      <Property name="Filename" value="/Objects/pipe_bend_2.hs"/>
    </Properties>
  </Object>
  <Object name="Object77">
    <AbsoluteLocation value="-11.062500 15.000000"/>
    <Properties>
      <Property name="Angle" value="-272.006"/>
      <Property name="Filename" value="/Objects/pipe_straight_short.hs"/>
    </Properties>
  </Object>
  <Object name="Object78">
    <AbsoluteLocation value="-9.107351 7.631143"/>
    <Properties>
      <Property name="Angle" value="-270.709"/>
      <Property name="Filename" value="/Objects/pipe_straight.hs"/>
    </Properties>
  </Object>
  <Object name="Object79">
    <AbsoluteLocation value="-8.354422 12.124376"/>
    <Properties>
      <Property name="Angle" value="89.9258"/>
      <Property name="Filename" value="/Objects/pipe_elbow_1.hs"/>
    </Properties>
  </Object>
  <Object name="Object81">
    <AbsoluteLocation value="14.265438 5.998377"/>
    <Properties>
      <Property name="Angle" value="-267.539"/>
      <Property name="Filename" value="/Objects/pipe_straight_long.hs"/>
    </Properties>
  </Object>
  <Room>
    <AbsoluteLocation value="19.600002 -30.800003"/>
  </Room>
</Objects>
