<?xml version="1.0"?>
<Objects>
  <Object name="Object86">
    <AbsoluteLocation value="21.704926 5.167677"/>
    <Properties>
      <Property name="Angle" value="-86.1363"/>
      <Property name="Filename" value="/Objects/pipe_elbow_2.hs"/>
    </Properties>
  </Object>
  <Object name="Object84">
    <AbsoluteLocation value="7.785432 26.911329"/>
    <Properties>
      <Property name="Angle" value="58.168"/>
      <Property name="Filename" value="/Objects/pipe_elbow_1.hs"/>
    </Properties>
  </Object>
  <Object name="Object79">
    <AbsoluteLocation value="5.956933 26.586239"/>
    <Properties>
      <Property name="Angle" value="-123.139"/>
      <Property name="Filename" value="/Objects/pipe_elbow_2.hs"/>
    </Properties>
  </Object>
  <Object name="Object77">
    <AbsoluteLocation value="-4.400308 27.392355"/>
    <Properties>
      <Property name="Angle" value="-146.915"/>
      <Property name="Filename" value="/Objects/pipe_elbow_2.hs"/>
    </Properties>
  </Object>
  <Object name="Bomb66">
    <AbsoluteLocation value="19.833603 16.266140"/>
    <Properties>
      <Property name="Angle" value="62.2814"/>
      <Property name="Filename" value="/Objects/bomb.hs"/>
      <Property name="Type" value="bomb"/>
    </Properties>
  </Object>
  <Object name="Object85">
    <AbsoluteLocation value="-1.056238 44.189690"/>
    <Properties>
      <Property name="Angle" value="5.21019"/>
      <Property name="Filename" value="/Objects/pipe_straight_short.hs"/>
    </Properties>
  </Object>
  <Object name="Object78">
    <AbsoluteLocation value="2.078788 38.466644"/>
    <Properties>
      <Property name="Angle" value="-448.53"/>
      <Property name="Filename" value="/Objects/pipe_straight_long.hs"/>
    </Properties>
  </Object>
  <Object name="Object76">
    <AbsoluteLocation value="-1.823788 -36.867428"/>
    <Properties>
      <Property name="Angle" value="0.700176"/>
      <Property name="Filename" value="/Objects/pipe_straight_short.hs"/>
    </Properties>
  </Object>
  <Object name="Object70">
    <AbsoluteLocation value="0.939464 -34.983582"/>
    <Properties>
      <Property name="Angle" value="-46.173"/>
      <Property name="Filename" value="/Objects/pipe_bend_1.hs"/>
    </Properties>
  </Object>
  <Object name="Object37">
    <AbsoluteLocation value="-26.963591 13.714893"/>
    <Properties>
      <Property name="Angle" value="88.3441"/>
      <Property name="Filename" value="/Objects/pipe_straight_long.hs"/>
    </Properties>
  </Object>
  <Object name="Object96">
    <AbsoluteLocation value="20.616310 -26.143257"/>
    <Properties>
      <Property name="Angle" value="-56.9905"/>
      <Property name="Filename" value="/Objects/pipe_straight_short.hs"/>
    </Properties>
  </Object>
  <Object name="Object94">
    <AbsoluteLocation value="22.055576 15.993187"/>
    <Properties>
      <Property name="Angle" value="-103.851"/>
      <Property name="Filename" value="/Objects/pipe_straight.hs"/>
    </Properties>
  </Object>
  <Object name="Object95">
    <AbsoluteLocation value="22.540432 20.495863"/>
    <Properties>
      <Property name="Angle" value="-16.641"/>
      <Property name="Filename" value="/Objects/pipe_elbow_1.hs"/>
    </Properties>
  </Object>
  <Object name="Object93">
    <AbsoluteLocation value="-23.652102 36.120071"/>
    <Properties>
      <Property name="Angle" value="75.6663"/>
      <Property name="Filename" value="/Objects/pipe_elbow_1.hs"/>
    </Properties>
  </Object>
  <Object name="Object89">
    <AbsoluteLocation value="-3.091328 -16.632607"/>
    <Properties>
      <Property name="Angle" value="0"/>
      <Property name="Filename" value="/Objects/pipe_elbow_1.hs"/>
    </Properties>
  </Object>
  <Object name="Object75">
    <AbsoluteLocation value="19.250731 -34.416565"/>
    <Properties>
      <Property name="Angle" value="-177.288"/>
      <Property name="Filename" value="/Objects/pipe_straight_short.hs"/>
    </Properties>
  </Object>
  <Object name="Object73">
    <AbsoluteLocation value="24.822893 -33.483459"/>
    <Properties>
      <Property name="Angle" value="-87.5512"/>
      <Property name="Filename" value="/Objects/pipe_elbow_1.hs"/>
    </Properties>
  </Object>
  <Object name="Object72">
    <AbsoluteLocation value="18.962633 -23.682484"/>
    <Properties>
      <Property name="Angle" value="-55.748"/>
      <Property name="Filename" value="/Objects/pipe_straight_short.hs"/>
    </Properties>
  </Object>
  <Object name="Object71">
    <AbsoluteLocation value="28.941769 -24.725903"/>
    <Properties>
      <Property name="Angle" value="-77.5458"/>
      <Property name="Filename" value="/Objects/pipe_elbow_1.hs"/>
    </Properties>
  </Object>
  <Object name="Object67">
    <AbsoluteLocation value="28.997772 -21.724283"/>
    <Properties>
      <Property name="Angle" value="-78.4481"/>
      <Property name="Filename" value="/Objects/pipe_straight_short.hs"/>
    </Properties>
  </Object>
  <Object name="Object62">
    <AbsoluteLocation value="19.321760 3.693593"/>
    <Properties>
      <Property name="Angle" value="92.7412"/>
      <Property name="Filename" value="/Objects/pipe_elbow_1.hs"/>
    </Properties>
  </Object>
  <Object name="Object60">
    <AbsoluteLocation value="13.814238 9.664898"/>
    <Properties>
      <Property name="Angle" value="20.4598"/>
      <Property name="Filename" value="/Objects/pipe_straight_short.hs"/>
    </Properties>
  </Object>
  <Object name="Object51">
    <AbsoluteLocation value="1.266482 43.647751"/>
    <Properties>
      <Property name="Angle" value="3.42516"/>
      <Property name="Filename" value="/Objects/pipe_elbow_1.hs"/>
    </Properties>
  </Object>
  <Object name="YSwitch2">
    <AbsoluteLocation value="0.816420 28.995174"/>
    <Properties>
      <Property name="Angle" value="111.322"/>
      <Property name="ConnectedSpout0" value="Spout9"/>
      <Property name="ConnectedSpout1" value="Spout10"/>
      <Property name="ConnectedSpoutProbability0" value="0.5"/>
      <Property name="ConnectedSpoutProbability1" value="0.5"/>
      <Property name="Filename" value="/Objects/pipe_y_switch_toggle.hs"/>
      <Property name="FirstLeftSpout" value="0"/>
      <Property name="FirstRightSpout" value="1"/>
      <Property name="Type" value="yswitch"/>
    </Properties>
  </Object>
  <Object name="YSwitch3">
    <AbsoluteLocation value="20.285585 11.059471"/>
    <Properties>
      <Property name="Angle" value="-28.3624"/>
      <Property name="ConnectedSpout0" value="Spout15"/>
      <Property name="ConnectedSpout1" value="Spout17"/>
      <Property name="ConnectedSpoutProbability0" value="0.5"/>
      <Property name="ConnectedSpoutProbability1" value="0.5"/>
      <Property name="Filename" value="/Objects/pipe_y_switch_toggle.hs"/>
      <Property name="FirstLeftSpout" value="0"/>
      <Property name="FirstRightSpout" value="1"/>
      <Property name="Type" value="yswitch"/>
    </Properties>
  </Object>
  <Object name="YSwitch5">
    <AbsoluteLocation value="24.273247 -27.839436"/>
    <Properties>
      <Property name="Angle" value="63.9153"/>
      <Property name="ConnectedSpout0" value="Spout25"/>
      <Property name="ConnectedSpout1" value="Spout24"/>
      <Property name="ConnectedSpoutProbability0" value="0.5"/>
      <Property name="ConnectedSpoutProbability1" value="0.5"/>
      <Property name="Filename" value="/Objects/pipe_y_switch_toggle.hs"/>
      <Property name="FirstLeftSpout" value="0"/>
      <Property name="FirstRightSpout" value="1"/>
      <Property name="Type" value="yswitch"/>
    </Properties>
  </Object>
  <Object name="Spout7">
    <AbsoluteLocation value="-2.411566 -19.590666"/>
    <Properties>
      <Property name="Angle" value="-180"/>
      <Property name="ConnectedSpout0" value="SWAMPY_SPOUT"/>
      <Property name="ConnectedSpoutProbability0" value="1"/>
      <Property name="Filename" value="/Objects/broken_pipe_allie.hs"/>
      <Property name="Type" value="spout"/>
    </Properties>
  </Object>
  <Object name="Spout8">
    <AbsoluteLocation value="-6.978039 29.535744"/>
    <Properties>
      <Property name="Angle" value="41.1915"/>
      <Property name="ConnectedSpout0" value="YSwitch2"/>
      <Property name="ConnectedSpoutProbability0" value="1"/>
      <Property name="Filename" value="/Objects/basic_drain.hs"/>
      <Property name="Type" value="spout"/>
    </Properties>
  </Object>
  <Object name="Spout9">
    <AbsoluteLocation value="10.348633 26.140404"/>
    <Properties>
      <Property name="Angle" value="-23.8904"/>
      <Property name="Filename" value="/Objects/shower_head.hs"/>
      <Property name="FluidType" value="Water"/>
      <Property name="NumberParticles" value="0"/>
      <Property name="ParticleQueueThreshhold" value="3"/>
      <Property name="ParticleSpeed" value="40"/>
      <Property name="Type" value="spout"/>
    </Properties>
  </Object>
  <Object name="Object13">
    <AbsoluteLocation value="-10.755093 -12.200623"/>
    <Properties>
      <Property name="Angle" value="-180.231"/>
      <Property name="Filename" value="/Objects/wall_24x8_pivot.hs"/>
      <Property name="MotorOn" value="0"/>
      <Property name="MotorWaitTime" value="1"/>
      <Property name="MotorWaitTurn" value="-30"/>
      <Property name="PathPos0" value="0 0"/>
      <Property name="PathPos1" value="0 0"/>
    </Properties>
  </Object>
  <Object name="Spout15">
    <AbsoluteLocation value="10.940020 8.521925"/>
    <Properties>
      <Property name="Angle" value="-155.925"/>
      <Property name="Filename" value="/Objects/shower_head.hs"/>
      <Property name="FluidType" value="Water"/>
      <Property name="NumberParticles" value="0"/>
      <Property name="ParticleQueueThreshhold" value="3"/>
      <Property name="ParticleSpeed" value="20"/>
      <Property name="Type" value="spout"/>
    </Properties>
  </Object>
  <Object name="Spout16">
    <AbsoluteLocation value="19.805618 22.706257"/>
    <Properties>
      <Property name="Angle" value="58.4015"/>
      <Property name="ConnectedSpout0" value="YSwitch3"/>
      <Property name="ConnectedSpoutProbability0" value="1"/>
      <Property name="Filename" value="/Objects/basic_drain.hs"/>
      <Property name="Type" value="spout"/>
    </Properties>
  </Object>
  <Object name="Spout17">
    <AbsoluteLocation value="18.322441 1.466290"/>
    <Properties>
      <Property name="Angle" value="-97.065"/>
      <Property name="Filename" value="/Objects/shower_head.hs"/>
      <Property name="FluidType" value="Water"/>
      <Property name="NumberParticles" value="0"/>
      <Property name="ParticleQueueThreshhold" value="3"/>
      <Property name="ParticleSpeed" value="40"/>
      <Property name="Type" value="spout"/>
    </Properties>
  </Object>
  <Object name="Spout20">
    <AbsoluteLocation value="-26.940914 6.951687"/>
    <Properties>
      <Property name="Angle" value="184.626"/>
      <Property name="ConnectedSpout0" value="Spout22"/>
      <Property name="ConnectedSpoutProbability0" value="1"/>
      <Property name="Filename" value="/Objects/basic_drain.hs"/>
      <Property name="Type" value="spout"/>
    </Properties>
  </Object>
  <Object name="Spout25">
    <AbsoluteLocation value="16.307495 -34.656364"/>
    <Properties>
      <Property name="Angle" value="-162.175"/>
      <Property name="Filename" value="/Objects/shower_head.hs"/>
      <Property name="FluidType" value="Water"/>
      <Property name="NumberParticles" value="0"/>
      <Property name="ParticleQueueThreshhold" value="3"/>
      <Property name="ParticleSpeed" value="20"/>
      <Property name="Type" value="spout"/>
    </Properties>
  </Object>
  <Object name="Spout26">
    <AbsoluteLocation value="17.434010 -20.622240"/>
    <Properties>
      <Property name="Angle" value="23.8061"/>
      <Property name="ConnectedSpout0" value="YSwitch5"/>
      <Property name="ConnectedSpoutProbability0" value="1"/>
      <Property name="Filename" value="/Objects/basic_drain.hs"/>
      <Property name="Type" value="spout"/>
    </Properties>
  </Object>
  <Object name="Switch30">
    <AbsoluteLocation value="-1.210648 -44.329269"/>
    <Properties>
      <Property name="Angle" value="-38.1356"/>
      <Property name="ConnectedObject0" value="Object13"/>
      <Property name="ConnectedObject1" value="Object68"/>
      <Property name="ConnectedObject2" value="Object69"/>
      <Property name="Filename" value="/Objects/switch.hs"/>
      <Property name="Type" value="switch"/>
    </Properties>
  </Object>
  <Object name="Object39">
    <AbsoluteLocation value="-26.301422 23.175869"/>
    <Properties>
      <Property name="Angle" value="-276.217"/>
      <Property name="Filename" value="/Objects/pipe_straight_long.hs"/>
    </Properties>
  </Object>
  <Object name="Spout10">
    <AbsoluteLocation value="-3.336473 43.286518"/>
    <Properties>
      <Property name="Angle" value="212.421"/>
      <Property name="Filename" value="/Objects/shower_head.hs"/>
      <Property name="FluidType" value="Water"/>
      <Property name="NumberParticles" value="0"/>
      <Property name="ParticleQueueThreshhold" value="3"/>
      <Property name="ParticleSpeed" value="20"/>
      <Property name="Type" value="spout"/>
    </Properties>
  </Object>
  <Object name="Object69">
    <AbsoluteLocation value="23.034508 -12.150517"/>
    <Properties>
      <Property name="Angle" value="-179.96"/>
      <Property name="Filename" value="/Objects/wall_16x8.hs"/>
      <Property name="MotorMoveSpeed" value="20"/>
      <Property name="PathPos0" value="0 0"/>
      <Property name="PathPos1" value="-13 0"/>
    </Properties>
  </Object>
  <Object name="Object68">
    <AbsoluteLocation value="62.767815 13.132195"/>
    <Properties>
      <Property name="Angle" value="-132.026"/>
      <Property name="Filename" value="/Objects/wall_16x8.hs"/>
      <Property name="MotorMoveSpeed" value="20"/>
      <Property name="PathPos0" value="0 0"/>
      <Property name="PathPos1" value="-10 -12"/>
    </Properties>
  </Object>
  <Object name="Spout24">
    <AbsoluteLocation value="28.800003 -18.800001"/>
    <Properties>
      <Property name="Angle" value="93.5225"/>
      <Property name="Filename" value="/Objects/shower_head.hs"/>
      <Property name="FluidType" value="Water"/>
      <Property name="NumberParticles" value="0"/>
      <Property name="ParticleQueueThreshhold" value="3"/>
      <Property name="ParticleSpeed" value="20"/>
      <Property name="Type" value="spout"/>
    </Properties>
  </Object>
  <Object name="Object74">
    <AbsoluteLocation value="22.076794 -34.295006"/>
    <Properties>
      <Property name="Angle" value="-177.288"/>
      <Property name="Filename" value="/Objects/pipe_straight_short.hs"/>
    </Properties>
  </Object>
  <Object name="Ducky75">
    <AbsoluteLocation value="-26.800001 2.400000"/>
    <Properties>
      <Property name="Angle" value="-0.538856"/>
      <Property name="Filename" value="/Objects/star_steam_allie.hs"/>
      <Property name="StarType" value="allie"/>
      <Property name="Type" value="star"/>
    </Properties>
  </Object>
  <Object name="Ducky76">
    <AbsoluteLocation value="28.000000 -7.200001"/>
    <Properties>
      <Property name="Angle" value="0"/>
      <Property name="Filename" value="/Objects/star_steam_allie.hs"/>
      <Property name="StarType" value="allie"/>
      <Property name="Type" value="star"/>
    </Properties>
  </Object>
  <Object name="Ducky77">
    <AbsoluteLocation value="16.000000 39.200001"/>
    <Properties>
      <Property name="Angle" value="0"/>
      <Property name="Filename" value="/Objects/star_steam_allie.hs"/>
      <Property name="StarType" value="allie"/>
      <Property name="Type" value="star"/>
    </Properties>
  </Object>
  <Object name="Object80">
    <AbsoluteLocation value="6.323961 -12.345091"/>
    <Properties>
      <Property name="Angle" value="-88.885"/>
      <Property name="Filename" value="/Objects/path_vertical_locking_end_bottom.hs"/>
    </Properties>
  </Object>
  <Object name="Object81">
    <AbsoluteLocation value="10.946360 -12.282031"/>
    <Properties>
      <Property name="Angle" value="1.88615"/>
      <Property name="Filename" value="/Objects/path_locking_mid.hs"/>
    </Properties>
  </Object>
  <Object name="Object82">
    <AbsoluteLocation value="15.880877 -12.131874"/>
    <Properties>
      <Property name="Angle" value="1.88615"/>
      <Property name="Filename" value="/Objects/path_locking_mid.hs"/>
    </Properties>
  </Object>
  <Object name="Object83">
    <AbsoluteLocation value="20.702085 -11.979508"/>
    <Properties>
      <Property name="Angle" value="0.89335"/>
      <Property name="Filename" value="/Objects/path_locking_end_right.hs"/>
    </Properties>
  </Object>
  <Object name="Object90">
    <AbsoluteLocation value="-5.155238 -16.631668"/>
    <Properties>
      <Property name="Angle" value="90"/>
      <Property name="Filename" value="/Objects/pipe_elbow_1.hs"/>
    </Properties>
  </Object>
  <Object name="Object91">
    <AbsoluteLocation value="-5.692485 -19.185152"/>
    <Properties>
      <Property name="Angle" value="96.2004"/>
      <Property name="Filename" value="/Objects/pipe_straight_short.hs"/>
    </Properties>
  </Object>
  <Object name="Object92">
    <AbsoluteLocation value="-1.828486 -30.739044"/>
    <Properties>
      <Property name="Angle" value="118.625"/>
      <Property name="Filename" value="/Objects/pipe_straight_short.hs"/>
    </Properties>
  </Object>
  <Object name="Object88">
    <AbsoluteLocation value="-3.698877 -36.936966"/>
    <Properties>
      <Property name="Angle" value="-181.305"/>
      <Property name="Filename" value="/Objects/pipe_connector_end.hs"/>
    </Properties>
  </Object>
  <Object name="Object97">
    <AbsoluteLocation value="-25.814699 27.567387"/>
    <Properties>
      <Property name="Angle" value="-276.378"/>
      <Property name="Filename" value="/Objects/pipe_straight_long.hs"/>
    </Properties>
  </Object>
  <Object name="Object98">
    <AbsoluteLocation value="-24.957058 33.665417"/>
    <Properties>
      <Property name="Angle" value="76.8666"/>
      <Property name="Filename" value="/Objects/pipe_straight_short.hs"/>
    </Properties>
  </Object>
  <Object name="Spout22">
    <AbsoluteLocation value="-21.561192 35.746681"/>
    <Properties>
      <Property name="Angle" value="-23.3744"/>
      <Property name="Filename" value="/Objects/shower_head.hs"/>
      <Property name="FluidType" value="Water"/>
      <Property name="NumberParticles" value="0"/>
      <Property name="ParticleQueueThreshhold" value="3"/>
      <Property name="ParticleSpeed" value="30"/>
      <Property name="Type" value="spout"/>
    </Properties>
  </Object>
  <Object name="Object63">
    <AbsoluteLocation value="-4.038232 -25.037613"/>
    <Properties>
      <Property name="Angle" value="108.961"/>
      <Property name="Filename" value="/Objects/pipe_straight_long.hs"/>
    </Properties>
  </Object>
  <Object name="Object66">
    <AbsoluteLocation value="-0.271309 -33.038723"/>
    <Properties>
      <Property name="Angle" value="129.649"/>
      <Property name="Filename" value="/Objects/pipe_straight_short.hs"/>
    </Properties>
  </Object>
  <Object name="Object65">
    <AbsoluteLocation value="0.367892 -36.241459"/>
    <Properties>
      <Property name="Angle" value="-451.728"/>
      <Property name="Filename" value="/Objects/pipe_elbow_2.hs"/>
    </Properties>
  </Object>
  <Object name="Bomb60">
    <AbsoluteLocation value="-7.008335 6.435841"/>
    <Properties>
      <Property name="Angle" value="-16.8027"/>
      <Property name="Filename" value="/Objects/bomb.hs"/>
      <Property name="Type" value="bomb"/>
    </Properties>
  </Object>
  <Object name="Bomb61">
    <AbsoluteLocation value="7.740425 -28.545864"/>
    <Properties>
      <Property name="Angle" value="-4.37754"/>
      <Property name="Filename" value="/Objects/bomb.hs"/>
      <Property name="Type" value="bomb"/>
    </Properties>
  </Object>
  <Object name="Bomb62">
    <AbsoluteLocation value="10.442589 -3.680630"/>
    <Properties>
      <Property name="Angle" value="-4.37754"/>
      <Property name="Filename" value="/Objects/bomb.hs"/>
      <Property name="Type" value="bomb"/>
    </Properties>
  </Object>
  <Object name="Bomb63">
    <AbsoluteLocation value="3.820280 20.139690"/>
    <Properties>
      <Property name="Angle" value="-4.37754"/>
      <Property name="Filename" value="/Objects/bomb.hs"/>
      <Property name="Type" value="bomb"/>
    </Properties>
  </Object>
  <Object name="Bomb64">
    <AbsoluteLocation value="23.168053 -20.073322"/>
    <Properties>
      <Property name="Angle" value="21.5462"/>
      <Property name="Filename" value="/Objects/bomb.hs"/>
      <Property name="Type" value="bomb"/>
    </Properties>
  </Object>
  <Object name="Bomb65">
    <AbsoluteLocation value="27.800335 36.119743"/>
    <Properties>
      <Property name="Angle" value="16.7673"/>
      <Property name="Filename" value="/Objects/bomb.hs"/>
      <Property name="Type" value="bomb"/>
    </Properties>
  </Object>
  <Object name="Bomb67">
    <AbsoluteLocation value="-20.426003 8.093098"/>
    <Properties>
      <Property name="Angle" value="-27.6752"/>
      <Property name="Filename" value="/Objects/bomb.hs"/>
      <Property name="Type" value="bomb"/>
    </Properties>
  </Object>
  <Room>
    <AbsoluteLocation value="-17.999998 -34.800003"/>
  </Room>
</Objects>
