<?xml version="1.0"?>
<Objects>
  <Object name="Object71">
    <AbsoluteLocation value="-22.296299 -12.520691"/>
    <Properties>
      <Property name="Angle" value="-12.836"/>
      <Property name="Filename" value="/Objects/pipe_straight_long.hs"/>
    </Properties>
  </Object>
  <Object name="Object69">
    <AbsoluteLocation value="18.483025 25.337656"/>
    <Properties>
      <Property name="Angle" value="42.1158"/>
      <Property name="Filename" value="/Objects/pipe_elbow_1.hs"/>
    </Properties>
  </Object>
  <Object name="Object61">
    <AbsoluteLocation value="-16.205091 11.589168"/>
    <Properties>
      <Property name="Angle" value="-194.883"/>
      <Property name="Filename" value="/Objects/pipe_elbow_2.hs"/>
    </Properties>
  </Object>
  <Object name="Object50">
    <AbsoluteLocation value="20.116869 23.500179"/>
    <Properties>
      <Property name="Angle" value="-49.7636"/>
      <Property name="Filename" value="/Objects/pipe_elbow_1.hs"/>
    </Properties>
  </Object>
  <Object name="Object49">
    <AbsoluteLocation value="-22.518301 -40.308540"/>
    <Properties>
      <Property name="Angle" value="9.48227"/>
      <Property name="Filename" value="/Objects/pipe_straight_short.hs"/>
    </Properties>
  </Object>
  <Object name="Object48">
    <AbsoluteLocation value="-18.454262 -39.259491"/>
    <Properties>
      <Property name="Angle" value="16.3112"/>
      <Property name="Filename" value="/Objects/pipe_straight.hs"/>
    </Properties>
  </Object>
  <Object name="Object47">
    <AbsoluteLocation value="-15.624132 -44.330803"/>
    <Properties>
      <Property name="Angle" value="-0.679286"/>
      <Property name="Filename" value="/Objects/pipe_straight.hs"/>
    </Properties>
  </Object>
  <Object name="Object46">
    <AbsoluteLocation value="-20.229208 -44.486050"/>
    <Properties>
      <Property name="Angle" value="7.62118"/>
      <Property name="Filename" value="/Objects/pipe_straight_short.hs"/>
    </Properties>
  </Object>
  <Object name="Object45">
    <AbsoluteLocation value="-24.339741 -42.845833"/>
    <Properties>
      <Property name="Angle" value="-69.2259"/>
      <Property name="Filename" value="/Objects/pipe_straight_short.hs"/>
    </Properties>
  </Object>
  <Object name="Object44">
    <AbsoluteLocation value="-23.127840 -44.437748"/>
    <Properties>
      <Property name="Angle" value="-163.324"/>
      <Property name="Filename" value="/Objects/pipe_elbow_2.hs"/>
    </Properties>
  </Object>
  <Object name="Object42">
    <AbsoluteLocation value="-22.919371 -34.466309"/>
    <Properties>
      <Property name="Angle" value="-133.425"/>
      <Property name="Filename" value="/Objects/pipe_elbow_2.hs"/>
    </Properties>
  </Object>
  <Object name="Object41">
    <AbsoluteLocation value="-26.324551 -33.247772"/>
    <Properties>
      <Property name="Angle" value="49.3562"/>
      <Property name="Filename" value="/Objects/pipe_elbow_1.hs"/>
    </Properties>
  </Object>
  <Object name="Object40">
    <AbsoluteLocation value="-26.362223 -37.677513"/>
    <Properties>
      <Property name="Angle" value="112.434"/>
      <Property name="Filename" value="/Objects/pipe_straight.hs"/>
    </Properties>
  </Object>
  <Object name="Object38">
    <AbsoluteLocation value="-29.136410 -30.297251"/>
    <Properties>
      <Property name="Angle" value="45.8006"/>
      <Property name="Filename" value="/Objects/pipe_straight_short.hs"/>
    </Properties>
  </Object>
  <Object name="Object39">
    <AbsoluteLocation value="-29.994717 -32.438900"/>
    <Properties>
      <Property name="Angle" value="145.111"/>
      <Property name="Filename" value="/Objects/pipe_elbow_1.hs"/>
    </Properties>
  </Object>
  <Object name="Object37">
    <AbsoluteLocation value="-28.595097 -21.813549"/>
    <Properties>
      <Property name="Angle" value="-50.2479"/>
      <Property name="Filename" value="/Objects/pipe_straight_short.hs"/>
    </Properties>
  </Object>
  <Object name="Object36">
    <AbsoluteLocation value="-26.666723 -23.339100"/>
    <Properties>
      <Property name="Angle" value="-145.871"/>
      <Property name="Filename" value="/Objects/pipe_elbow_2.hs"/>
    </Properties>
  </Object>
  <Object name="Object34">
    <AbsoluteLocation value="-30.944813 -22.166460"/>
    <Properties>
      <Property name="Angle" value="125.914"/>
      <Property name="Filename" value="/Objects/pipe_elbow_1.hs"/>
    </Properties>
  </Object>
  <Object name="Object31">
    <AbsoluteLocation value="-28.604820 -14.190973"/>
    <Properties>
      <Property name="Angle" value="57.1369"/>
      <Property name="Filename" value="/Objects/pipe_straight.hs"/>
    </Properties>
  </Object>
  <Object name="Object32">
    <AbsoluteLocation value="-30.571362 -18.051369"/>
    <Properties>
      <Property name="Angle" value="138.003"/>
      <Property name="Filename" value="/Objects/pipe_elbow_1.hs"/>
    </Properties>
  </Object>
  <Object name="Object30">
    <AbsoluteLocation value="-46.798691 -6.154089"/>
    <Properties>
      <Property name="Angle" value="-7.06095"/>
      <Property name="Filename" value="/Objects/pipe_straight.hs"/>
    </Properties>
  </Object>
  <Object name="Object29">
    <AbsoluteLocation value="-27.105282 -5.673069"/>
    <Properties>
      <Property name="Angle" value="98.4953"/>
      <Property name="Filename" value="/Objects/pipe_straight_long.hs"/>
    </Properties>
  </Object>
  <Object name="Object16">
    <AbsoluteLocation value="-27.012495 8.754156"/>
    <Properties>
      <Property name="Angle" value="76.8308"/>
      <Property name="Filename" value="/Objects/pipe_elbow_1.hs"/>
    </Properties>
  </Object>
  <Object name="Spout2">
    <AbsoluteLocation value="18.656250 21.093750"/>
    <Properties>
      <Property name="Angle" value="133.78"/>
      <Property name="ConnectedSpout0" value="SWAMPY_SPOUT"/>
      <Property name="ConnectedSpoutProbability0" value="1"/>
      <Property name="Filename" value="/Objects/broken_pipe_allie.hs"/>
      <Property name="Type" value="spout"/>
    </Properties>
  </Object>
  <Object name="Spout3">
    <AbsoluteLocation value="-23.718750 8.062500"/>
    <Properties>
      <Property name="Angle" value="-119.051"/>
      <Property name="ConnectedSpout0" value="Spout8"/>
      <Property name="ConnectedSpout1" value="Spout9"/>
      <Property name="ConnectedSpout2" value="Spout10"/>
      <Property name="ConnectedSpout3" value="Spout11"/>
      <Property name="ConnectedSpout4" value="Spout12"/>
      <Property name="ConnectedSpoutProbability0" value="0.2"/>
      <Property name="ConnectedSpoutProbability1" value="0.2"/>
      <Property name="ConnectedSpoutProbability2" value="0.2"/>
      <Property name="ConnectedSpoutProbability3" value="0.2"/>
      <Property name="ConnectedSpoutProbability4" value="0.2"/>
      <Property name="Filename" value="/Objects/basic_drain.hs"/>
      <Property name="Type" value="spout"/>
    </Properties>
  </Object>
  <Object name="Ducky5">
    <AbsoluteLocation value="3.600000 30.400000"/>
    <Properties>
      <Property name="Angle" value="0"/>
      <Property name="Filename" value="/Objects/star_steam_allie.hs"/>
      <Property name="StarType" value="allie"/>
      <Property name="Type" value="star"/>
    </Properties>
  </Object>
  <Object name="Ducky6">
    <AbsoluteLocation value="24.800003 9.600000"/>
    <Properties>
      <Property name="Angle" value="0"/>
      <Property name="Filename" value="/Objects/star_steam_allie.hs"/>
      <Property name="StarType" value="allie"/>
      <Property name="Type" value="star"/>
    </Properties>
  </Object>
  <Object name="Ducky7">
    <AbsoluteLocation value="21.687500 -33.593750"/>
    <Properties>
      <Property name="Angle" value="0"/>
      <Property name="Filename" value="/Objects/star_steam_allie.hs"/>
      <Property name="StarType" value="allie"/>
      <Property name="Type" value="star"/>
    </Properties>
  </Object>
  <Object name="Spout8">
    <AbsoluteLocation value="-17.156250 -14.390625"/>
    <Properties>
      <Property name="Angle" value="-33.6414"/>
      <Property name="Filename" value="/Objects/shower_head.hs"/>
      <Property name="FluidType" value="Water"/>
      <Property name="NumberParticles" value="0"/>
      <Property name="ParticleSpeed" value="60"/>
      <Property name="ParticlesPerSecond" value="20"/>
      <Property name="Type" value="spout"/>
    </Properties>
  </Object>
  <Object name="Spout9">
    <AbsoluteLocation value="-23.656250 -23.125000"/>
    <Properties>
      <Property name="Angle" value="10.9305"/>
      <Property name="Filename" value="/Objects/shower_head.hs"/>
      <Property name="FluidType" value="Water"/>
      <Property name="NumberParticles" value="0"/>
      <Property name="ParticleSpeed" value="60"/>
      <Property name="ParticlesPerSecond" value="20"/>
      <Property name="Type" value="spout"/>
    </Properties>
  </Object>
  <Object name="Spout10">
    <AbsoluteLocation value="-20.125000 -32.421875"/>
    <Properties>
      <Property name="Angle" value="54.1658"/>
      <Property name="Filename" value="/Objects/shower_head.hs"/>
      <Property name="FluidType" value="Water"/>
      <Property name="NumberParticles" value="0"/>
      <Property name="ParticleSpeed" value="60"/>
      <Property name="ParticlesPerSecond" value="20"/>
      <Property name="Type" value="spout"/>
    </Properties>
  </Object>
  <Object name="Spout11">
    <AbsoluteLocation value="-14.625000 -37.875000"/>
    <Properties>
      <Property name="Angle" value="24.7525"/>
      <Property name="Filename" value="/Objects/shower_head.hs"/>
      <Property name="FluidType" value="Water"/>
      <Property name="NumberParticles" value="0"/>
      <Property name="ParticleSpeed" value="60"/>
      <Property name="ParticlesPerSecond" value="20"/>
      <Property name="Type" value="spout"/>
    </Properties>
  </Object>
  <Object name="Spout12">
    <AbsoluteLocation value="-10.343750 -44.500000"/>
    <Properties>
      <Property name="Angle" value="-0.69399"/>
      <Property name="Filename" value="/Objects/shower_head.hs"/>
      <Property name="FluidType" value="Water"/>
      <Property name="NumberParticles" value="0"/>
      <Property name="ParticleSpeed" value="60"/>
      <Property name="ParticlesPerSecond" value="20"/>
      <Property name="Type" value="spout"/>
    </Properties>
  </Object>
  <Object name="Object13">
    <AbsoluteLocation value="24.873980 -0.434464"/>
    <Properties>
      <Property name="Angle" value="0.653724"/>
      <Property name="Filename" value="/Objects/path_locking_end_right.hs"/>
    </Properties>
  </Object>
  <Object name="Object14">
    <AbsoluteLocation value="-9.271572 -0.806021"/>
    <Properties>
      <Property name="Angle" value="0.653724"/>
      <Property name="Filename" value="/Objects/path_locking_end.hs"/>
    </Properties>
  </Object>
  <Object name="Object17">
    <AbsoluteLocation value="-27.839481 3.094410"/>
    <Properties>
      <Property name="Angle" value="91.4317"/>
      <Property name="Filename" value="/Objects/pipe_straight_long.hs"/>
    </Properties>
  </Object>
  <Object name="Object19">
    <AbsoluteLocation value="-27.161406 -11.886778"/>
    <Properties>
      <Property name="Angle" value="-204.581"/>
      <Property name="Filename" value="/Objects/pipe_spout_base.hs"/>
    </Properties>
  </Object>
  <Object name="Object20">
    <AbsoluteLocation value="-26.534779 -10.565397"/>
    <Properties>
      <Property name="Angle" value="-24.2783"/>
      <Property name="Filename" value="/Objects/pipe_spout_base.hs"/>
    </Properties>
  </Object>
  <Object name="Object21">
    <AbsoluteLocation value="-29.294195 -20.904789"/>
    <Properties>
      <Property name="Angle" value="-145.62"/>
      <Property name="Filename" value="/Objects/pipe_spout_base.hs"/>
    </Properties>
  </Object>
  <Object name="Object22">
    <AbsoluteLocation value="-30.103275 -19.686552"/>
    <Properties>
      <Property name="Angle" value="34.6827"/>
      <Property name="Filename" value="/Objects/pipe_spout_base.hs"/>
    </Properties>
  </Object>
  <Object name="Object23">
    <AbsoluteLocation value="-27.659828 -33.899075"/>
    <Properties>
      <Property name="Angle" value="-37.5681"/>
      <Property name="Filename" value="/Objects/pipe_spout_base.hs"/>
    </Properties>
  </Object>
  <Object name="Object24">
    <AbsoluteLocation value="-28.573431 -35.041023"/>
    <Properties>
      <Property name="Angle" value="-217.871"/>
      <Property name="Filename" value="/Objects/pipe_spout_base.hs"/>
    </Properties>
  </Object>
  <Object name="Object25">
    <AbsoluteLocation value="-25.263058 -40.179874"/>
    <Properties>
      <Property name="Angle" value="20.0738"/>
      <Property name="Filename" value="/Objects/pipe_spout_base.hs"/>
    </Properties>
  </Object>
  <Object name="Object26">
    <AbsoluteLocation value="-24.787399 -41.562794"/>
    <Properties>
      <Property name="Angle" value="-160.229"/>
      <Property name="Filename" value="/Objects/pipe_spout_base.hs"/>
    </Properties>
  </Object>
  <Object name="Object33">
    <AbsoluteLocation value="-29.555569 -25.367004"/>
    <Properties>
      <Property name="Angle" value="124.747"/>
      <Property name="Filename" value="/Objects/pipe_straight.hs"/>
    </Properties>
  </Object>
  <Object name="Object35">
    <AbsoluteLocation value="-28.077177 -28.546356"/>
    <Properties>
      <Property name="Angle" value="-52.3229"/>
      <Property name="Filename" value="/Objects/pipe_elbow_2.hs"/>
    </Properties>
  </Object>
  <Object name="Object43">
    <AbsoluteLocation value="-24.573387 -33.906937"/>
    <Properties>
      <Property name="Angle" value="-42.0817"/>
      <Property name="Filename" value="/Objects/pipe_straight_short.hs"/>
    </Properties>
  </Object>
  <Object name="Object53">
    <AbsoluteLocation value="15.508211 23.452440"/>
    <Properties>
      <Property name="Angle" value="43.7878"/>
      <Property name="Filename" value="/Objects/pipe_straight.hs"/>
    </Properties>
  </Object>
  <Object name="Object54">
    <AbsoluteLocation value="10.354514 18.443598"/>
    <Properties>
      <Property name="Angle" value="44.4366"/>
      <Property name="Filename" value="/Objects/pipe_straight_long.hs"/>
    </Properties>
  </Object>
  <Object name="Object55">
    <AbsoluteLocation value="4.053448 12.498112"/>
    <Properties>
      <Property name="Angle" value="42.5213"/>
      <Property name="Filename" value="/Objects/pipe_straight_long.hs"/>
    </Properties>
  </Object>
  <Object name="Object56">
    <AbsoluteLocation value="-1.645931 7.285938"/>
    <Properties>
      <Property name="Angle" value="42.1167"/>
      <Property name="Filename" value="/Objects/pipe_straight.hs"/>
    </Properties>
  </Object>
  <Object name="Object57">
    <AbsoluteLocation value="-4.878349 5.150278"/>
    <Properties>
      <Property name="Angle" value="-134.684"/>
      <Property name="Filename" value="/Objects/pipe_elbow_2.hs"/>
    </Properties>
  </Object>
  <Object name="Object58">
    <AbsoluteLocation value="-6.720417 5.816993"/>
    <Properties>
      <Property name="Angle" value="-218.596"/>
      <Property name="Filename" value="/Objects/pipe_into_wall_2.hs"/>
    </Properties>
  </Object>
  <Object name="Object59">
    <AbsoluteLocation value="-13.877563 10.280205"/>
    <Properties>
      <Property name="Angle" value="-14.5293"/>
      <Property name="Filename" value="/Objects/pipe_into_wall_1.hs"/>
    </Properties>
  </Object>
  <Object name="Switch60">
    <AbsoluteLocation value="28.734985 24.314598"/>
    <Properties>
      <Property name="Angle" value="11.0097"/>
      <Property name="ConnectedObject0" value="Object70"/>
      <Property name="Filename" value="/Objects/switch.hs"/>
      <Property name="Type" value="switch"/>
    </Properties>
  </Object>
  <Object name="Object62">
    <AbsoluteLocation value="-4.384689 -0.750261"/>
    <Properties>
      <Property name="Angle" value="0.653724"/>
      <Property name="Filename" value="/Objects/path_locking_mid.hs"/>
    </Properties>
  </Object>
  <Object name="Object63">
    <AbsoluteLocation value="0.502193 -0.694502"/>
    <Properties>
      <Property name="Angle" value="0.653724"/>
      <Property name="Filename" value="/Objects/path_locking_mid.hs"/>
    </Properties>
  </Object>
  <Object name="Object64">
    <AbsoluteLocation value="5.389072 -0.638741"/>
    <Properties>
      <Property name="Angle" value="0.653724"/>
      <Property name="Filename" value="/Objects/path_locking_mid.hs"/>
    </Properties>
  </Object>
  <Object name="Object65">
    <AbsoluteLocation value="10.275957 -0.582981"/>
    <Properties>
      <Property name="Angle" value="0.653724"/>
      <Property name="Filename" value="/Objects/path_locking_mid.hs"/>
    </Properties>
  </Object>
  <Object name="Object66">
    <AbsoluteLocation value="15.162840 -0.527222"/>
    <Properties>
      <Property name="Angle" value="0.653724"/>
      <Property name="Filename" value="/Objects/path_locking_mid.hs"/>
    </Properties>
  </Object>
  <Object name="Object67">
    <AbsoluteLocation value="20.049721 -0.471460"/>
    <Properties>
      <Property name="Angle" value="0.653724"/>
      <Property name="Filename" value="/Objects/path_locking_mid.hs"/>
    </Properties>
  </Object>
  <Object name="Object70">
    <AbsoluteLocation value="-4.374434 -0.611490"/>
    <Properties>
      <Property name="Angle" value="180.1"/>
      <Property name="Filename" value="/Objects/wall_24x8_pivot.hs"/>
      <Property name="MotorMoveSpeed" value="1"/>
      <Property name="PathPos0" value="0 0"/>
      <Property name="PathPos1" value="40 0"/>
    </Properties>
  </Object>
  <Object name="Collectible66">
    <AbsoluteLocation value="25.875000 -16.312500"/>
    <Properties>
      <Property name="Angle" value="0"/>
      <Property name="Filename" value="/Objects/z_collectible_allie_05.hs"/>
      <Property name="Type" value="collectible"/>
    </Properties>
  </Object>
  <Object name="Object68">
    <AbsoluteLocation value="-16.639194 13.915548"/>
    <Properties>
      <Property name="Angle" value="85.85"/>
      <Property name="Filename" value="/Objects/pipe_connector_end.hs"/>
    </Properties>
  </Object>
  <Room>
    <AbsoluteLocation value="-17.199997 27.599998"/>
  </Room>
</Objects>
