<?xml version="1.0"?>
<Objects>
  <Object name="Object32">
    <AbsoluteLocation value="0.148848 31.173935"/>
    <Properties>
      <Property name="Angle" value="-59.7082"/>
      <Property name="Filename" value="/Objects/pipe_straight_short.hs"/>
    </Properties>
  </Object>
  <Object name="Object24">
    <AbsoluteLocation value="2.662065 27.303705"/>
    <Properties>
      <Property name="Angle" value="-56.0552"/>
      <Property name="Filename" value="/Objects/pipe_straight.hs"/>
    </Properties>
  </Object>
  <Object name="Object26">
    <AbsoluteLocation value="16.746008 40.346012"/>
    <Properties>
      <Property name="Angle" value="-1.52929"/>
      <Property name="Filename" value="/Objects/icicle_medium.hs"/>
      <Property name="Type" value="icyhot"/>
    </Properties>
  </Object>
  <Object name="Spout2">
    <AbsoluteLocation value="5.395629 23.795425"/>
    <Properties>
      <Property name="Angle" value="225.485"/>
      <Property name="ConnectedSpout0" value="SWAMPY_SPOUT"/>
      <Property name="ConnectedSpoutProbability0" value="1"/>
      <Property name="Filename" value="/Objects/broken_pipe_allie.hs"/>
      <Property name="Type" value="spout"/>
    </Properties>
  </Object>
  <Object name="Switch9">
    <AbsoluteLocation value="29.264679 31.265232"/>
    <Properties>
      <Property name="Angle" value="137.832"/>
      <Property name="ConnectedObject0" value="Fan10"/>
      <Property name="Filename" value="/Objects/switch_blue.hs"/>
      <Property name="Type" value="switch"/>
    </Properties>
  </Object>
  <Object name="Fan10">
    <AbsoluteLocation value="-29.836767 -0.329584"/>
    <Properties>
      <Property name="Angle" value="-77.857"/>
      <Property name="Filename" value="/Objects/fan_8x8_w_cable_gear3.hs"/>
      <Property name="Type" value="fan"/>
      <Property name="VacuumForce" value="300"/>
      <Property name="VacuumMaxD" value="80"/>
    </Properties>
  </Object>
  <Object name="Ducky11">
    <AbsoluteLocation value="16.800001 36.000000"/>
    <Properties>
      <Property name="Angle" value="0"/>
      <Property name="Filename" value="/Objects/star_steam_allie.hs"/>
      <Property name="StarType" value="allie"/>
      <Property name="Type" value="star"/>
    </Properties>
  </Object>
  <Object name="Ducky12">
    <AbsoluteLocation value="19.200001 -1.600000"/>
    <Properties>
      <Property name="Angle" value="0"/>
      <Property name="Filename" value="/Objects/star_steam_allie.hs"/>
      <Property name="StarType" value="allie"/>
      <Property name="Type" value="star"/>
    </Properties>
  </Object>
  <Object name="Ducky13">
    <AbsoluteLocation value="-14.400001 4.800000"/>
    <Properties>
      <Property name="Angle" value="0"/>
      <Property name="Filename" value="/Objects/star_steam_allie.hs"/>
      <Property name="StarType" value="allie"/>
      <Property name="Type" value="star"/>
    </Properties>
  </Object>
  <Object name="Object29">
    <AbsoluteLocation value="-1.638977 32.924496"/>
    <Properties>
      <Property name="Angle" value="29.1217"/>
      <Property name="Filename" value="/Objects/pipe_elbow_1.hs"/>
    </Properties>
  </Object>
  <Object name="Object21">
    <AbsoluteLocation value="-4.218750 32.531250"/>
    <Properties>
      <Property name="Angle" value="-157.952"/>
      <Property name="Filename" value="/Objects/pipe_connector_end.hs"/>
    </Properties>
  </Object>
  <Object name="Object17">
    <AbsoluteLocation value="27.136837 -8.300678"/>
    <Properties>
      <Property name="Angle" value="0"/>
      <Property name="Filename" value="/Objects/icicle_small.hs"/>
      <Property name="Type" value="icyhot"/>
    </Properties>
  </Object>
  <Object name="Collectible14">
    <AbsoluteLocation value="10.312500 -23.437500"/>
    <Properties>
      <Property name="Angle" value="0"/>
      <Property name="Filename" value="/Objects/z_collectible_allie_10.hs"/>
      <Property name="Type" value="collectible"/>
    </Properties>
  </Object>
  <Room>
    <AbsoluteLocation value="-17.199997 27.599998"/>
  </Room>
</Objects>
