<?xml version="1.0"?>
<Objects>
  <Object name="Object42">
    <AbsoluteLocation value="-6.242654 41.623520"/>
    <Properties>
      <Property name="Angle" value="12.2388"/>
      <Property name="Filename" value="/Objects/pipe_straight_short.hs"/>
    </Properties>
  </Object>
  <Object name="Object41">
    <AbsoluteLocation value="30.073809 10.807611"/>
    <Properties>
      <Property name="Angle" value="45.8818"/>
      <Property name="Filename" value="/Objects/pipe_straight_short.hs"/>
    </Properties>
  </Object>
  <Object name="Object40">
    <AbsoluteLocation value="30.614540 11.528468"/>
    <Properties>
      <Property name="Angle" value="-87.9375"/>
      <Property name="Filename" value="/Objects/pipe_bend_1.hs"/>
    </Properties>
  </Object>
  <Object name="Object39">
    <AbsoluteLocation value="30.604353 28.820927"/>
    <Properties>
      <Property name="Angle" value="-39.2274"/>
      <Property name="Filename" value="/Objects/pipe_bend_1.hs"/>
    </Properties>
  </Object>
  <Object name="Object35">
    <AbsoluteLocation value="15.856103 41.179039"/>
    <Properties>
      <Property name="Angle" value="-82.5597"/>
      <Property name="Filename" value="/Objects/pipe_straight_short.hs"/>
    </Properties>
  </Object>
  <Object name="Object34">
    <AbsoluteLocation value="30.813099 24.106983"/>
    <Properties>
      <Property name="Angle" value="90.7992"/>
      <Property name="Filename" value="/Objects/pipe_straight_long.hs"/>
    </Properties>
  </Object>
  <Object name="Object33">
    <AbsoluteLocation value="30.902607 17.089949"/>
    <Properties>
      <Property name="Angle" value="90.502"/>
      <Property name="Filename" value="/Objects/pipe_straight_long.hs"/>
    </Properties>
  </Object>
  <Object name="Object27">
    <AbsoluteLocation value="-7.593750 41.156250"/>
    <Properties>
      <Property name="Angle" value="62.3596"/>
      <Property name="Filename" value="/Objects/pipe_bend_2.hs"/>
    </Properties>
  </Object>
  <Object name="Object24">
    <AbsoluteLocation value="34.625599 27.528355"/>
    <Properties>
      <Property name="Angle" value="24.3729"/>
      <Property name="Filename" value="/Objects/pipe_straight_long.hs"/>
    </Properties>
  </Object>
  <Object name="Object22">
    <AbsoluteLocation value="15.073496 42.631798"/>
    <Properties>
      <Property name="Angle" value="3.44982"/>
      <Property name="Filename" value="/Objects/pipe_elbow_1.hs"/>
    </Properties>
  </Object>
  <Object name="Object19">
    <AbsoluteLocation value="7.019833 42.899452"/>
    <Properties>
      <Property name="Angle" value="3.00058"/>
      <Property name="Filename" value="/Objects/pipe_straight_long.hs"/>
    </Properties>
  </Object>
  <Object name="Spout3">
    <AbsoluteLocation value="17.018751 38.512501"/>
    <Properties>
      <Property name="Angle" value="-145"/>
      <Property name="ConnectedSpout0" value="SWAMPY_SPOUT"/>
      <Property name="ConnectedSpoutProbability0" value="1"/>
      <Property name="Filename" value="/Objects/broken_pipe_allie.hs"/>
      <Property name="Type" value="spout"/>
    </Properties>
  </Object>
  <Object name="Bomb4">
    <AbsoluteLocation value="-19.329626 -4.219494"/>
    <Properties>
      <Property name="Angle" value="1.67622"/>
      <Property name="Filename" value="/Objects/bomb.hs"/>
      <Property name="Type" value="bomb"/>
    </Properties>
  </Object>
  <Object name="Bomb8">
    <AbsoluteLocation value="4.222053 5.493179"/>
    <Properties>
      <Property name="Angle" value="0"/>
      <Property name="Filename" value="/Objects/bomb.hs"/>
      <Property name="Type" value="bomb"/>
    </Properties>
  </Object>
  <Object name="Bomb9">
    <AbsoluteLocation value="5.316719 -31.145102"/>
    <Properties>
      <Property name="Angle" value="16.9536"/>
      <Property name="BlastRadius" value="10"/>
      <Property name="Filename" value="/Objects/bomb.hs"/>
      <Property name="Type" value="bomb"/>
    </Properties>
  </Object>
  <Object name="Bomb11">
    <AbsoluteLocation value="1.740231 -1.190239"/>
    <Properties>
      <Property name="Angle" value="0"/>
      <Property name="Filename" value="/Objects/bomb.hs"/>
      <Property name="Type" value="bomb"/>
    </Properties>
  </Object>
  <Object name="Bomb12">
    <AbsoluteLocation value="-1.635380 -7.141924"/>
    <Properties>
      <Property name="Angle" value="0"/>
      <Property name="Filename" value="/Objects/bomb.hs"/>
      <Property name="Type" value="bomb"/>
    </Properties>
  </Object>
  <Object name="Ducky15">
    <AbsoluteLocation value="24.800001 -12.800000"/>
    <Properties>
      <Property name="Angle" value="0"/>
      <Property name="Filename" value="/Objects/star_steam_allie.hs"/>
      <Property name="StarType" value="allie"/>
      <Property name="Type" value="star"/>
    </Properties>
  </Object>
  <Object name="Ducky16">
    <AbsoluteLocation value="16.830334 22.402145"/>
    <Properties>
      <Property name="Angle" value="0"/>
      <Property name="Filename" value="/Objects/star_steam_allie.hs"/>
      <Property name="StarType" value="allie"/>
      <Property name="Type" value="star"/>
    </Properties>
  </Object>
  <Object name="Ducky17">
    <AbsoluteLocation value="-26.400000 -10.800000"/>
    <Properties>
      <Property name="Angle" value="0"/>
      <Property name="Filename" value="/Objects/star_steam_allie.hs"/>
      <Property name="StarType" value="allie"/>
      <Property name="Type" value="star"/>
    </Properties>
  </Object>
  <Object name="Object21">
    <AbsoluteLocation value="10.929512 43.109737"/>
    <Properties>
      <Property name="Angle" value="3.1151"/>
      <Property name="Filename" value="/Objects/pipe_straight.hs"/>
    </Properties>
  </Object>
  <Object name="Object23">
    <AbsoluteLocation value="-9.146389 39.138344"/>
    <Properties>
      <Property name="Angle" value="-120.306"/>
      <Property name="Filename" value="/Objects/pipe_connector_end.hs"/>
    </Properties>
  </Object>
  <Object name="Spout22">
    <AbsoluteLocation value="29.168564 24.946739"/>
    <Properties>
      <Property name="Angle" value="-138.062"/>
      <Property name="Filename" value="/Objects/shower_head.hs"/>
      <Property name="FluidType" value="Water"/>
      <Property name="ParticleSpeed" value="20"/>
      <Property name="Type" value="spout"/>
    </Properties>
  </Object>
  <Object name="Bomb24">
    <AbsoluteLocation value="20.482767 5.144709"/>
    <Properties>
      <Property name="Angle" value="10.3173"/>
      <Property name="Filename" value="/Objects/bomb.hs"/>
      <Property name="Type" value="bomb"/>
    </Properties>
  </Object>
  <Object name="Bomb25">
    <AbsoluteLocation value="-16.546480 4.507046"/>
    <Properties>
      <Property name="Angle" value="14.39"/>
      <Property name="Filename" value="/Objects/bomb.hs"/>
      <Property name="Type" value="bomb"/>
    </Properties>
  </Object>
  <Object name="Bomb26">
    <AbsoluteLocation value="-21.003159 -26.702713"/>
    <Properties>
      <Property name="Angle" value="0"/>
      <Property name="BlastRadius" value="10"/>
      <Property name="Filename" value="/Objects/bomb.hs"/>
      <Property name="Type" value="bomb"/>
    </Properties>
  </Object>
  <Object name="Object25">
    <AbsoluteLocation value="1.955229 42.553051"/>
    <Properties>
      <Property name="Angle" value="-175.849"/>
      <Property name="Filename" value="/Objects/pipe_into_wall_2.hs"/>
    </Properties>
  </Object>
  <Object name="Object26">
    <AbsoluteLocation value="-4.487948 41.877903"/>
    <Properties>
      <Property name="Angle" value="7.61108"/>
      <Property name="Filename" value="/Objects/pipe_into_wall_1.hs"/>
    </Properties>
  </Object>
  <Object name="Bomb27">
    <AbsoluteLocation value="-28.818750 -2.375000"/>
    <Properties>
      <Property name="Angle" value="1.67622"/>
      <Property name="Filename" value="/Objects/bomb.hs"/>
      <Property name="Type" value="bomb"/>
    </Properties>
  </Object>
  <Object name="Bomb35">
    <AbsoluteLocation value="7.525002 23.625000"/>
    <Properties>
      <Property name="Angle" value="0.729577"/>
      <Property name="Filename" value="/Objects/bomb.hs"/>
      <Property name="Type" value="bomb"/>
    </Properties>
  </Object>
  <Object name="Bomb36">
    <AbsoluteLocation value="4.222348 31.756853"/>
    <Properties>
      <Property name="Angle" value="-15.1911"/>
      <Property name="Filename" value="/Objects/bomb.hs"/>
      <Property name="Type" value="bomb"/>
    </Properties>
  </Object>
  <Object name="Bomb28">
    <AbsoluteLocation value="-24.048378 5.843006"/>
    <Properties>
      <Property name="Angle" value="1.67622"/>
      <Property name="Filename" value="/Objects/bomb.hs"/>
      <Property name="Type" value="bomb"/>
    </Properties>
  </Object>
  <Object name="Bomb29">
    <AbsoluteLocation value="16.975000 -6.531250"/>
    <Properties>
      <Property name="Angle" value="0"/>
      <Property name="Filename" value="/Objects/bomb.hs"/>
      <Property name="Type" value="bomb"/>
    </Properties>
  </Object>
  <Object name="Spout31">
    <AbsoluteLocation value="28.968746 8.531351"/>
    <Properties>
      <Property name="Angle" value="-201.797"/>
      <Property name="ConnectedSpout0" value="Spout32"/>
      <Property name="ConnectedSpoutProbability0" value="1"/>
      <Property name="Filename" value="/Objects/basic_drain.hs"/>
      <Property name="Type" value="spout"/>
    </Properties>
  </Object>
  <Object name="Spout32">
    <AbsoluteLocation value="28.574814 30.977989"/>
    <Properties>
      <Property name="Angle" value="-216.75"/>
      <Property name="Filename" value="/Objects/shower_head.hs"/>
      <Property name="FluidType" value="Water"/>
      <Property name="NumberParticles" value="0"/>
      <Property name="ParticleSpeed" value="30"/>
      <Property name="Type" value="spout"/>
    </Properties>
  </Object>
  <Object name="Bomb33">
    <AbsoluteLocation value="30.281250 -20.856251"/>
    <Properties>
      <Property name="Angle" value="0"/>
      <Property name="Filename" value="/Objects/bomb.hs"/>
      <Property name="Type" value="bomb"/>
    </Properties>
  </Object>
  <Object name="Note01">
    <AbsoluteLocation value="6.000000 -22.000000"/>
    <Properties>
      <Property name="Angle" value="0"/>
      <Property name="Filename" value="/Objects/star_note_allie_1.hs"/>
      <Property name="StarType" value="note"/>
      <Property name="Type" value="star"/>
    </Properties>
  </Object>
  <Object name="Note02">
    <AbsoluteLocation value="-12.800000 -19.600000"/>
    <Properties>
      <Property name="Angle" value="0"/>
      <Property name="Filename" value="/Objects/star_note_allie_2.hs"/>
      <Property name="StarType" value="note"/>
      <Property name="Type" value="star"/>
    </Properties>
  </Object>
  <Object name="Note03">
    <AbsoluteLocation value="-24.800001 -11.600000"/>
    <Properties>
      <Property name="Angle" value="0"/>
      <Property name="Filename" value="/Objects/star_note_allie_3.hs"/>
      <Property name="StarType" value="note"/>
      <Property name="Type" value="star"/>
    </Properties>
  </Object>
  <Object name="Note04">
    <AbsoluteLocation value="24.400000 -12.800000"/>
    <Properties>
      <Property name="Angle" value="0"/>
      <Property name="Filename" value="/Objects/star_note_allie_4.hs"/>
      <Property name="StarType" value="note"/>
      <Property name="Type" value="star"/>
    </Properties>
  </Object>
  <Object name="Note05">
    <AbsoluteLocation value="2.000000 16.000000"/>
    <Properties>
      <Property name="Angle" value="0"/>
      <Property name="Filename" value="/Objects/star_note_allie_5.hs"/>
      <Property name="StarType" value="note"/>
      <Property name="Type" value="star"/>
    </Properties>
  </Object>
  <Room>
    <AbsoluteLocation value="-16.399998 27.599998"/>
  </Room>
</Objects>
