<?xml version="1.0"?>
<Objects>
  <Object name="Object61">
    <AbsoluteLocation value="-19.730307 36.043201"/>
    <Properties>
      <Property name="Angle" value="-69.0879"/>
      <Property name="Filename" value="/Objects/pipe_straight.hs"/>
    </Properties>
  </Object>
  <Object name="Object51">
    <AbsoluteLocation value="-16.097912 14.993176"/>
    <Properties>
      <Property name="Angle" value="6.28449"/>
      <Property name="Filename" value="/Objects/pipe_straight.hs"/>
    </Properties>
  </Object>
  <Object name="Object50">
    <AbsoluteLocation value="-13.364003 22.732777"/>
    <Properties>
      <Property name="Angle" value="-61.8162"/>
      <Property name="Filename" value="/Objects/pipe_straight.hs"/>
    </Properties>
  </Object>
  <Object name="Object44">
    <AbsoluteLocation value="-24.954750 39.326569"/>
    <Properties>
      <Property name="Angle" value="80.8061"/>
      <Property name="Filename" value="/Objects/pipe_elbow_1.hs"/>
    </Properties>
  </Object>
  <Object name="Object47">
    <AbsoluteLocation value="-20.883715 0.924128"/>
    <Properties>
      <Property name="Angle" value="90.7549"/>
      <Property name="Filename" value="/Objects/pipe_straight.hs"/>
    </Properties>
  </Object>
  <Object name="Object42">
    <AbsoluteLocation value="21.138563 -47.694107"/>
    <Properties>
      <Property name="Angle" value="-71.8215"/>
      <Property name="Filename" value="/Objects/pipe_straight_long.hs"/>
    </Properties>
  </Object>
  <Object name="Spout2">
    <AbsoluteLocation value="-26.109337 36.901691"/>
    <Properties>
      <Property name="Angle" value="530.026"/>
      <Property name="ConnectedSpout0" value="SWAMPY_SPOUT"/>
      <Property name="ConnectedSpoutProbability0" value="1"/>
      <Property name="Filename" value="/Objects/broken_pipe_allie.hs"/>
      <Property name="Type" value="spout"/>
    </Properties>
  </Object>
  <Object name="Spout17">
    <AbsoluteLocation value="16.839735 -41.542168"/>
    <Properties>
      <Property name="Angle" value="-209.821"/>
      <Property name="Filename" value="/Objects/touch_spout_steam.hs"/>
      <Property name="FluidType" value="Steam"/>
      <Property name="Type" value="spout"/>
    </Properties>
  </Object>
  <Object name="Ducky21">
    <AbsoluteLocation value="-9.684658 34.376026"/>
    <Properties>
      <Property name="Angle" value="0"/>
      <Property name="Filename" value="/Objects/star_steam_allie.hs"/>
      <Property name="StarType" value="allie"/>
      <Property name="Type" value="star"/>
    </Properties>
  </Object>
  <Object name="Ducky22">
    <AbsoluteLocation value="2.400000 22.400000"/>
    <Properties>
      <Property name="Angle" value="0"/>
      <Property name="Filename" value="/Objects/star_steam_allie.hs"/>
      <Property name="StarType" value="allie"/>
      <Property name="Type" value="star"/>
    </Properties>
  </Object>
  <Object name="Ducky23">
    <AbsoluteLocation value="5.495037 43.793613"/>
    <Properties>
      <Property name="Angle" value="0"/>
      <Property name="Filename" value="/Objects/star_steam_allie.hs"/>
      <Property name="StarType" value="allie"/>
      <Property name="Type" value="star"/>
    </Properties>
  </Object>
  <Object name="Object24">
    <AbsoluteLocation value="10.266064 -27.679882"/>
    <Properties>
      <Property name="Angle" value="44.8983"/>
      <Property name="Filename" value="/Objects/wall_24x8_locking.hs"/>
      <Property name="PathPos0" value="0 0"/>
      <Property name="PathPos1" value="5 5"/>
    </Properties>
  </Object>
  <Object name="Object25">
    <AbsoluteLocation value="-2.600445 7.967293"/>
    <Properties>
      <Property name="Angle" value="-180"/>
      <Property name="Filename" value="/Objects/wall_24x8_locking.hs"/>
      <Property name="PathPos0" value="0 0"/>
      <Property name="PathPos1" value="20 0"/>
    </Properties>
  </Object>
  <Object name="Object26">
    <AbsoluteLocation value="21.341949 30.751045"/>
    <Properties>
      <Property name="Angle" value="134.77"/>
      <Property name="Filename" value="/Objects/wall_16x8_sliding.hs"/>
      <Property name="PathPos0" value="0 0"/>
      <Property name="PathPos1" value="10 -10"/>
    </Properties>
  </Object>
  <Object name="Object28">
    <AbsoluteLocation value="-26.385880 6.704307"/>
    <Properties>
      <Property name="Angle" value="450"/>
      <Property name="Filename" value="/Objects/wall_16x8_sliding.hs"/>
      <Property name="PathPos0" value="0 0"/>
      <Property name="PathPos1" value="0 -16"/>
    </Properties>
  </Object>
  <Object name="Object11">
    <AbsoluteLocation value="12.411163 -15.669308"/>
    <Properties>
      <Property name="Angle" value="134.917"/>
      <Property name="Filename" value="/Objects/wall_16x8_sliding.hs"/>
      <Property name="PathPos0" value="0 0"/>
      <Property name="PathPos1" value="-7 7"/>
    </Properties>
  </Object>
  <Object name="Object12">
    <AbsoluteLocation value="-5.678881 7.994011"/>
    <Properties>
      <Property name="Angle" value="0"/>
      <Property name="Filename" value="/Objects/path_locking_end.hs"/>
    </Properties>
  </Object>
  <Object name="Object14">
    <AbsoluteLocation value="-0.801529 8.006956"/>
    <Properties>
      <Property name="Angle" value="0"/>
      <Property name="Filename" value="/Objects/path_locking_mid.hs"/>
    </Properties>
  </Object>
  <Object name="Object15">
    <AbsoluteLocation value="4.090075 7.990383"/>
    <Properties>
      <Property name="Angle" value="0"/>
      <Property name="Filename" value="/Objects/path_locking_mid.hs"/>
    </Properties>
  </Object>
  <Object name="Object16">
    <AbsoluteLocation value="9.025349 7.973804"/>
    <Properties>
      <Property name="Angle" value="0"/>
      <Property name="Filename" value="/Objects/path_locking_mid.hs"/>
    </Properties>
  </Object>
  <Object name="Object17">
    <AbsoluteLocation value="13.866333 7.979542"/>
    <Properties>
      <Property name="Angle" value="0"/>
      <Property name="Filename" value="/Objects/path_locking_mid.hs"/>
    </Properties>
  </Object>
  <Object name="Object18">
    <AbsoluteLocation value="2.449640 -5.937165"/>
    <Properties>
      <Property name="Angle" value="-44.3215"/>
      <Property name="Filename" value="/Objects/path_locking_end.hs"/>
    </Properties>
  </Object>
  <Object name="Object19">
    <AbsoluteLocation value="18.741484 7.986942"/>
    <Properties>
      <Property name="Angle" value="0"/>
      <Property name="Filename" value="/Objects/path_locking_end_right.hs"/>
    </Properties>
  </Object>
  <Object name="Object20">
    <AbsoluteLocation value="5.973667 -9.376175"/>
    <Properties>
      <Property name="Angle" value="-44.3215"/>
      <Property name="Filename" value="/Objects/path_locking_mid.hs"/>
    </Properties>
  </Object>
  <Object name="Object21">
    <AbsoluteLocation value="9.461411 -12.792061"/>
    <Properties>
      <Property name="Angle" value="-44.3215"/>
      <Property name="Filename" value="/Objects/path_locking_mid.hs"/>
    </Properties>
  </Object>
  <Object name="Object22">
    <AbsoluteLocation value="17.068157 34.983192"/>
    <Properties>
      <Property name="Angle" value="-45.5769"/>
      <Property name="Filename" value="/Objects/path_locking_end.hs"/>
    </Properties>
  </Object>
  <Object name="Object23">
    <AbsoluteLocation value="27.330990 24.511585"/>
    <Properties>
      <Property name="Angle" value="-45.5769"/>
      <Property name="Filename" value="/Objects/path_locking_end_right.hs"/>
    </Properties>
  </Object>
  <Object name="Object27">
    <AbsoluteLocation value="23.928074 27.976332"/>
    <Properties>
      <Property name="Angle" value="-45.5769"/>
      <Property name="Filename" value="/Objects/path_locking_mid.hs"/>
    </Properties>
  </Object>
  <Object name="Object29">
    <AbsoluteLocation value="20.516001 31.467804"/>
    <Properties>
      <Property name="Angle" value="-45.5769"/>
      <Property name="Filename" value="/Objects/path_locking_mid.hs"/>
    </Properties>
  </Object>
  <Object name="Object35">
    <AbsoluteLocation value="16.096537 -21.898533"/>
    <Properties>
      <Property name="Angle" value="-44.2274"/>
      <Property name="Filename" value="/Objects/path_vertical_locking_mid.hs"/>
    </Properties>
  </Object>
  <Object name="Object36">
    <AbsoluteLocation value="12.764574 -25.299992"/>
    <Properties>
      <Property name="Angle" value="-44.2274"/>
      <Property name="Filename" value="/Objects/path_vertical_locking_mid.hs"/>
    </Properties>
  </Object>
  <Object name="Object37">
    <AbsoluteLocation value="5.834509 -32.364632"/>
    <Properties>
      <Property name="Angle" value="-44.2274"/>
      <Property name="Filename" value="/Objects/path_vertical_locking_end_bottom.hs"/>
    </Properties>
  </Object>
  <Object name="Object38">
    <AbsoluteLocation value="-26.419695 -1.386284"/>
    <Properties>
      <Property name="Angle" value="179.793"/>
      <Property name="Filename" value="/Objects/path_vertical_locking_mid.hs"/>
    </Properties>
  </Object>
  <Object name="Object39">
    <AbsoluteLocation value="-26.436937 -6.162781"/>
    <Properties>
      <Property name="Angle" value="179.793"/>
      <Property name="Filename" value="/Objects/path_vertical_locking_end_top.hs"/>
    </Properties>
  </Object>
  <Object name="Object40">
    <AbsoluteLocation value="-26.348158 13.128986"/>
    <Properties>
      <Property name="Angle" value="179.793"/>
      <Property name="Filename" value="/Objects/path_vertical_locking_end_bottom.hs"/>
    </Properties>
  </Object>
  <Object name="Object41">
    <AbsoluteLocation value="-26.387459 3.375111"/>
    <Properties>
      <Property name="Angle" value="179.793"/>
      <Property name="Filename" value="/Objects/path_vertical_locking_mid.hs"/>
    </Properties>
  </Object>
  <Object name="Object43">
    <AbsoluteLocation value="-26.379757 8.227386"/>
    <Properties>
      <Property name="Angle" value="179.793"/>
      <Property name="Filename" value="/Objects/path_vertical_locking_mid.hs"/>
    </Properties>
  </Object>
  <Object name="Object45">
    <AbsoluteLocation value="9.285765 -28.844444"/>
    <Properties>
      <Property name="Angle" value="-44.2274"/>
      <Property name="Filename" value="/Objects/path_vertical_locking_mid.hs"/>
    </Properties>
  </Object>
  <Object name="Object46">
    <AbsoluteLocation value="-12.073918 17.591274"/>
    <Properties>
      <Property name="Angle" value="118.398"/>
      <Property name="Filename" value="/Objects/pipe_connector_90.hs"/>
    </Properties>
  </Object>
  <Object name="Object48">
    <AbsoluteLocation value="-19.485876 -13.872904"/>
    <Properties>
      <Property name="Angle" value="100.575"/>
      <Property name="Filename" value="/Objects/pipe_elbow_1.hs"/>
    </Properties>
  </Object>
  <Object name="Object49">
    <AbsoluteLocation value="-19.687500 -15.937500"/>
    <Properties>
      <Property name="Angle" value="-77.5465"/>
      <Property name="Filename" value="/Objects/pipe_connector_end.hs"/>
    </Properties>
  </Object>
  <Object name="Object13">
    <AbsoluteLocation value="10.930746 -14.172758"/>
    <Properties>
      <Property name="Angle" value="-44.3215"/>
      <Property name="Filename" value="/Objects/path_locking_end_right.hs"/>
    </Properties>
  </Object>
  <Object name="Object34">
    <AbsoluteLocation value="17.570316 -20.422152"/>
    <Properties>
      <Property name="Angle" value="-44.2274"/>
      <Property name="Filename" value="/Objects/path_vertical_locking_end_top.hs"/>
    </Properties>
  </Object>
  <Object name="Object52">
    <AbsoluteLocation value="-20.301634 13.918740"/>
    <Properties>
      <Property name="Angle" value="92.7804"/>
      <Property name="Filename" value="/Objects/pipe_elbow_1.hs"/>
    </Properties>
  </Object>
  <Object name="Object53">
    <AbsoluteLocation value="-20.113728 -3.201210"/>
    <Properties>
      <Property name="Angle" value="182.262"/>
      <Property name="Filename" value="/Objects/pipe_elbow_1.hs"/>
    </Properties>
  </Object>
  <Object name="Object54">
    <AbsoluteLocation value="-18.143053 -4.472958"/>
    <Properties>
      <Property name="Angle" value="2.68157"/>
      <Property name="Filename" value="/Objects/pipe_elbow_2.hs"/>
    </Properties>
  </Object>
  <Object name="Object55">
    <AbsoluteLocation value="-17.719147 -12.276100"/>
    <Properties>
      <Property name="Angle" value="-84.133"/>
      <Property name="Filename" value="/Objects/pipe_elbow_2.hs"/>
    </Properties>
  </Object>
  <Object name="Object56">
    <AbsoluteLocation value="-17.281061 -8.581921"/>
    <Properties>
      <Property name="Angle" value="92.9086"/>
      <Property name="Filename" value="/Objects/pipe_straight.hs"/>
    </Properties>
  </Object>
  <Object name="Object57">
    <AbsoluteLocation value="-20.839468 3.507071"/>
    <Properties>
      <Property name="Angle" value="90.0981"/>
      <Property name="Filename" value="/Objects/pipe_into_wall_1.hs"/>
    </Properties>
  </Object>
  <Object name="Object58">
    <AbsoluteLocation value="-20.953003 12.468107"/>
    <Properties>
      <Property name="Angle" value="-89.8151"/>
      <Property name="Filename" value="/Objects/pipe_into_wall_2.hs"/>
    </Properties>
  </Object>
  <Object name="Object59">
    <AbsoluteLocation value="-15.224083 26.147949"/>
    <Properties>
      <Property name="Angle" value="-240.688"/>
      <Property name="Filename" value="/Objects/pipe_into_wall_2.hs"/>
    </Properties>
  </Object>
  <Object name="Object60">
    <AbsoluteLocation value="-18.249018 32.387032"/>
    <Properties>
      <Property name="Angle" value="-65.2683"/>
      <Property name="Filename" value="/Objects/pipe_into_wall_1.hs"/>
    </Properties>
  </Object>
  <Object name="Object62">
    <AbsoluteLocation value="-20.961374 38.800220"/>
    <Properties>
      <Property name="Angle" value="-16.9274"/>
      <Property name="Filename" value="/Objects/pipe_bend_2.hs"/>
    </Properties>
  </Object>
  <Object name="Object63">
    <AbsoluteLocation value="-22.971859 39.630810"/>
    <Properties>
      <Property name="Angle" value="-11.9949"/>
      <Property name="Filename" value="/Objects/pipe_straight_short.hs"/>
    </Properties>
  </Object>
  <Room>
    <AbsoluteLocation value="-17.199997 -29.200005"/>
  </Room>
</Objects>
