<?xml version="1.0"?>
<Objects>
  <Object name="Object56">
    <AbsoluteLocation value="-30.400450 -19.031582"/>
    <Properties>
      <Property name="Angle" value="138.331"/>
      <Property name="Filename" value="/Objects/pipe_bend_2.hs"/>
    </Properties>
  </Object>
  <Object name="Object45">
    <AbsoluteLocation value="-28.079189 -21.505398"/>
    <Properties>
      <Property name="Angle" value="139.593"/>
      <Property name="Filename" value="/Objects/pipe_straight.hs"/>
    </Properties>
  </Object>
  <Object name="Object35">
    <AbsoluteLocation value="-27.977070 38.073837"/>
    <Properties>
      <Property name="Angle" value="2.39142"/>
      <Property name="Filename" value="/Objects/pipe_elbow_1.hs"/>
    </Properties>
  </Object>
  <Object name="Object34">
    <AbsoluteLocation value="-3.703014 38.325146"/>
    <Properties>
      <Property name="Angle" value="85.2978"/>
      <Property name="Filename" value="/Objects/pipe_straight_short.hs"/>
    </Properties>
  </Object>
  <Object name="Object30">
    <AbsoluteLocation value="-7.700443 -18.678946"/>
    <Properties>
      <Property name="Angle" value="-107.468"/>
      <Property name="Filename" value="/Objects/pipe_elbow_2.hs"/>
    </Properties>
  </Object>
  <Object name="Object20">
    <AbsoluteLocation value="20.187500 40.230843"/>
    <Properties>
      <Property name="Angle" value="-1.52947"/>
      <Property name="Filename" value="/Objects/pipe_elbow_1.hs"/>
    </Properties>
  </Object>
  <Object name="Spout4">
    <AbsoluteLocation value="-27.010025 35.866314"/>
    <Properties>
      <Property name="Angle" value="-168.572"/>
      <Property name="ConnectedSpout0" value="SWAMPY_SPOUT"/>
      <Property name="ConnectedSpoutProbability0" value="1"/>
      <Property name="Filename" value="/Objects/broken_pipe_allie.hs"/>
      <Property name="Type" value="spout"/>
    </Properties>
  </Object>
  <Object name="Object6">
    <AbsoluteLocation value="16.850000 -2.706250"/>
    <Properties>
      <Property name="Angle" value="-141.86"/>
      <Property name="Filename" value="/Objects/wall_24x8_pivot.hs"/>
      <Property name="MotorWaitTime" value="1"/>
      <Property name="MotorWaitTurn" value="95"/>
      <Property name="PathPos0" value="0 0"/>
      <Property name="PathPos1" value="0 0"/>
    </Properties>
  </Object>
  <Object name="Object7">
    <AbsoluteLocation value="25.225433 1.416599"/>
    <Properties>
      <Property name="Angle" value="0"/>
      <Property name="Filename" value="/Objects/icicle_large.hs"/>
      <Property name="Type" value="icyhot"/>
    </Properties>
  </Object>
  <Object name="Object10">
    <AbsoluteLocation value="9.599998 28.000000"/>
    <Properties>
      <Property name="Angle" value="-69.8346"/>
      <Property name="Filename" value="/Objects/wall_24x8_pivot_green.hs"/>
      <Property name="MotorWaitTime" value="1"/>
      <Property name="MotorWaitTurn" value="-70"/>
      <Property name="PathPos0" value="0 0"/>
      <Property name="PathPos1" value="0 0"/>
    </Properties>
  </Object>
  <Object name="Object9">
    <AbsoluteLocation value="26.068750 -25.993750"/>
    <Properties>
      <Property name="Angle" value="-180"/>
      <Property name="Filename" value="/Objects/wall_16x8_blue.hs"/>
      <Property name="MotorMoveSpeed" value="40"/>
      <Property name="PathPos0" value="0 0"/>
      <Property name="PathPos1" value="15 0"/>
    </Properties>
  </Object>
  <Object name="Switch10">
    <AbsoluteLocation value="-28.831635 -11.963322"/>
    <Properties>
      <Property name="Angle" value="-50"/>
      <Property name="ConnectedObject0" value="Object6"/>
      <Property name="Filename" value="/Objects/switch.hs"/>
      <Property name="Type" value="switch"/>
    </Properties>
  </Object>
  <Object name="Switch11">
    <AbsoluteLocation value="-0.180080 -13.168228"/>
    <Properties>
      <Property name="Angle" value="-13.764"/>
      <Property name="ConnectedObject0" value="Object10"/>
      <Property name="ConnectedObject1" value="Object17"/>
      <Property name="Filename" value="/Objects/switch_fan2.hs"/>
      <Property name="Type" value="switch"/>
    </Properties>
  </Object>
  <Object name="Spout12">
    <AbsoluteLocation value="21.020855 37.729244"/>
    <Properties>
      <Property name="Angle" value="-180.236"/>
      <Property name="ConnectedSpout0" value="Spout18"/>
      <Property name="ConnectedSpoutProbability0" value="1"/>
      <Property name="Filename" value="/Objects/basic_drain.hs"/>
      <Property name="Type" value="spout"/>
    </Properties>
  </Object>
  <Object name="Ducky14">
    <AbsoluteLocation value="23.600000 28.000000"/>
    <Properties>
      <Property name="Angle" value="0"/>
      <Property name="Filename" value="/Objects/star_steam_allie.hs"/>
      <Property name="StarType" value="allie"/>
      <Property name="Type" value="star"/>
    </Properties>
  </Object>
  <Object name="Ducky15">
    <AbsoluteLocation value="2.044919 2.020116"/>
    <Properties>
      <Property name="Angle" value="0.84857"/>
      <Property name="Filename" value="/Objects/star_steam_allie.hs"/>
      <Property name="StarType" value="allie"/>
      <Property name="Type" value="star"/>
    </Properties>
  </Object>
  <Object name="Ducky16">
    <AbsoluteLocation value="-16.800001 3.200000"/>
    <Properties>
      <Property name="Angle" value="0"/>
      <Property name="Filename" value="/Objects/star_steam_allie.hs"/>
      <Property name="StarType" value="allie"/>
      <Property name="Type" value="star"/>
    </Properties>
  </Object>
  <Object name="Object17">
    <AbsoluteLocation value="26.412498 -38.431252"/>
    <Properties>
      <Property name="Angle" value="-180"/>
      <Property name="Filename" value="/Objects/wall_16x8_green.hs"/>
      <Property name="MotorMoveSpeed" value="10"/>
      <Property name="PathPos0" value="0 0"/>
      <Property name="PathPos1" value="15 0"/>
    </Properties>
  </Object>
  <Object name="Spout18">
    <AbsoluteLocation value="-10.545757 -17.915398"/>
    <Properties>
      <Property name="Angle" value="138.949"/>
      <Property name="Filename" value="/Objects/shower_head.hs"/>
      <Property name="FluidType" value="Water"/>
      <Property name="NumberParticles" value="0"/>
      <Property name="Type" value="spout"/>
    </Properties>
  </Object>
  <Object name="Object21">
    <AbsoluteLocation value="14.475315 40.909458"/>
    <Properties>
      <Property name="Angle" value="0.403089"/>
      <Property name="Filename" value="/Objects/pipe_straight_long.hs"/>
    </Properties>
  </Object>
  <Object name="Object22">
    <AbsoluteLocation value="5.126842 41.297218"/>
    <Properties>
      <Property name="Angle" value="-4.71431"/>
      <Property name="Filename" value="/Objects/pipe_straight_long.hs"/>
    </Properties>
  </Object>
  <Object name="Object24">
    <AbsoluteLocation value="-1.861977 41.068115"/>
    <Properties>
      <Property name="Angle" value="-101.384"/>
      <Property name="Filename" value="/Objects/pipe_connector_90.hs"/>
    </Properties>
  </Object>
  <Object name="Object26">
    <AbsoluteLocation value="-3.908388 12.263626"/>
    <Properties>
      <Property name="Angle" value="90.6962"/>
      <Property name="Filename" value="/Objects/pipe_straight_long.hs"/>
    </Properties>
  </Object>
  <Object name="Object27">
    <AbsoluteLocation value="-3.955213 2.878672"/>
    <Properties>
      <Property name="Angle" value="88.6999"/>
      <Property name="Filename" value="/Objects/pipe_straight_long.hs"/>
    </Properties>
  </Object>
  <Object name="Object28">
    <AbsoluteLocation value="-4.546050 -6.507412"/>
    <Properties>
      <Property name="Angle" value="84.1969"/>
      <Property name="Filename" value="/Objects/pipe_straight_long.hs"/>
    </Properties>
  </Object>
  <Object name="Object29">
    <AbsoluteLocation value="-5.687348 -14.032767"/>
    <Properties>
      <Property name="Angle" value="77.323"/>
      <Property name="Filename" value="/Objects/pipe_straight.hs"/>
    </Properties>
  </Object>
  <Object name="Object31">
    <AbsoluteLocation value="-6.547859 -17.362471"/>
    <Properties>
      <Property name="Angle" value="73.0681"/>
      <Property name="Filename" value="/Objects/pipe_straight_short.hs"/>
    </Properties>
  </Object>
  <Object name="Switch9">
    <AbsoluteLocation value="-8.695412 11.599998"/>
    <Properties>
      <Property name="Angle" value="-330"/>
      <Property name="ConnectedObject0" value="Object9"/>
      <Property name="Filename" value="/Objects/switch_blue.hs"/>
      <Property name="Type" value="switch"/>
    </Properties>
  </Object>
  <Object name="Object32">
    <AbsoluteLocation value="-3.937500 35.906250"/>
    <Properties>
      <Property name="Angle" value="-96.9697"/>
      <Property name="Filename" value="/Objects/pipe_into_wall_2.hs"/>
    </Properties>
  </Object>
  <Object name="Object33">
    <AbsoluteLocation value="-3.927021 17.864578"/>
    <Properties>
      <Property name="Angle" value="89.4287"/>
      <Property name="Filename" value="/Objects/pipe_into_wall_1.hs"/>
    </Properties>
  </Object>
  <Object name="Object37">
    <AbsoluteLocation value="-30.869179 32.509598"/>
    <Properties>
      <Property name="Angle" value="89.3467"/>
      <Property name="Filename" value="/Objects/pipe_straight_long.hs"/>
    </Properties>
  </Object>
  <Object name="Object38">
    <AbsoluteLocation value="-30.928869 22.982456"/>
    <Properties>
      <Property name="Angle" value="90.0275"/>
      <Property name="Filename" value="/Objects/pipe_straight_long.hs"/>
    </Properties>
  </Object>
  <Object name="Object39">
    <AbsoluteLocation value="-30.897469 13.731674"/>
    <Properties>
      <Property name="Angle" value="90.3249"/>
      <Property name="Filename" value="/Objects/pipe_straight_long.hs"/>
    </Properties>
  </Object>
  <Object name="Object40">
    <AbsoluteLocation value="-30.847380 5.122663"/>
    <Properties>
      <Property name="Angle" value="90.3538"/>
      <Property name="Filename" value="/Objects/pipe_straight_long.hs"/>
    </Properties>
  </Object>
  <Object name="Object41">
    <AbsoluteLocation value="-30.791721 -1.918507"/>
    <Properties>
      <Property name="Angle" value="90.5424"/>
      <Property name="Filename" value="/Objects/pipe_straight_long.hs"/>
    </Properties>
  </Object>
  <Object name="Object42">
    <AbsoluteLocation value="-30.799828 -6.937368"/>
    <Properties>
      <Property name="Angle" value="-90.7296"/>
      <Property name="Filename" value="/Objects/pipe_into_wall_2.hs"/>
    </Properties>
  </Object>
  <Object name="Object44">
    <AbsoluteLocation value="-30.518873 -17.448383"/>
    <Properties>
      <Property name="Angle" value="86.2557"/>
      <Property name="Filename" value="/Objects/pipe_into_wall_1.hs"/>
    </Properties>
  </Object>
  <Object name="Object46">
    <AbsoluteLocation value="-26.684689 -22.919704"/>
    <Properties>
      <Property name="Angle" value="-46.8804"/>
      <Property name="Filename" value="/Objects/pipe_connector_end.hs"/>
    </Properties>
  </Object>
  <Object name="Object47">
    <AbsoluteLocation value="5.350662 -6.498444"/>
    <Properties>
      <Property name="Angle" value="56.4489"/>
      <Property name="Filename" value="/Objects/path_stopper.hs"/>
    </Properties>
  </Object>
  <Object name="Object48">
    <AbsoluteLocation value="15.531250 24.218750"/>
    <Properties>
      <Property name="Angle" value="96.4398"/>
      <Property name="Filename" value="/Objects/path_stopper.hs"/>
    </Properties>
  </Object>
  <Object name="Object49">
    <AbsoluteLocation value="25.199997 -25.600002"/>
    <Properties>
      <Property name="Angle" value="0"/>
      <Property name="Filename" value="/Objects/path_locking_end.hs"/>
    </Properties>
  </Object>
  <Object name="Object50">
    <AbsoluteLocation value="30.000000 -25.600000"/>
    <Properties>
      <Property name="Angle" value="0"/>
      <Property name="Filename" value="/Objects/path_locking_mid.hs"/>
    </Properties>
  </Object>
  <Object name="Object51">
    <AbsoluteLocation value="34.799999 -25.600000"/>
    <Properties>
      <Property name="Angle" value="0"/>
      <Property name="Filename" value="/Objects/path_locking_mid.hs"/>
    </Properties>
  </Object>
  <Object name="Object52">
    <AbsoluteLocation value="25.200001 -38.400002"/>
    <Properties>
      <Property name="Angle" value="0"/>
      <Property name="Filename" value="/Objects/path_locking_end.hs"/>
    </Properties>
  </Object>
  <Object name="Object53">
    <AbsoluteLocation value="34.800003 -38.400002"/>
    <Properties>
      <Property name="Angle" value="0"/>
      <Property name="Filename" value="/Objects/path_locking_mid.hs"/>
    </Properties>
  </Object>
  <Object name="Object54">
    <AbsoluteLocation value="30.000004 -38.400002"/>
    <Properties>
      <Property name="Angle" value="0"/>
      <Property name="Filename" value="/Objects/path_locking_mid.hs"/>
    </Properties>
  </Object>
  <Object name="WaterBalloon13">
    <AbsoluteLocation value="22.962500 -32.181252"/>
    <Properties>
      <Property name="Angle" value="0"/>
      <Property name="Filename" value="/Objects/balloon.hs"/>
      <Property name="InitialParticles" value="steam 36"/>
      <Property name="Type" value="waterballoon"/>
    </Properties>
  </Object>
  <Object name="WaterBalloon3">
    <AbsoluteLocation value="22.118750 -44.343758"/>
    <Properties>
      <Property name="Angle" value="0"/>
      <Property name="Filename" value="/Objects/balloon.hs"/>
      <Property name="InitialParticles" value="steam 34"/>
      <Property name="Type" value="waterballoon"/>
    </Properties>
  </Object>
  <Object name="Object55">
    <AbsoluteLocation value="2.250000 32.765625"/>
    <Properties>
      <Property name="Angle" value="0"/>
      <Property name="Filename" value="/Objects/icicle_medium.hs"/>
      <Property name="Type" value="icyhot"/>
    </Properties>
  </Object>
  <Object name="Object58">
    <AbsoluteLocation value="-30.198324 37.969978"/>
    <Properties>
      <Property name="Angle" value="92.0474"/>
      <Property name="Filename" value="/Objects/pipe_elbow_1.hs"/>
    </Properties>
  </Object>
  <Room>
    <AbsoluteLocation value="-17.999998 -34.000000"/>
  </Room>
</Objects>
