<?xml version="1.0"?>
<Objects>
  <Object name="Object53">
    <AbsoluteLocation value="-6.491846 36.703857"/>
    <Properties>
      <Property name="Angle" value="18.8157"/>
      <Property name="Filename" value="/Objects/pipe_straight_short.hs"/>
    </Properties>
  </Object>
  <Object name="Object35">
    <AbsoluteLocation value="5.079513 -7.122725"/>
    <Properties>
      <Property name="Angle" value="6.56462"/>
      <Property name="Filename" value="/Objects/pipe_bend_2.hs"/>
    </Properties>
  </Object>
  <Object name="Object34">
    <AbsoluteLocation value="12.955063 -13.201090"/>
    <Properties>
      <Property name="Angle" value="-31.9954"/>
      <Property name="Filename" value="/Objects/pipe_bend_2.hs"/>
    </Properties>
  </Object>
  <Object name="Object50">
    <AbsoluteLocation value="-4.409302 37.420670"/>
    <Properties>
      <Property name="Angle" value="18.8157"/>
      <Property name="Filename" value="/Objects/pipe_straight_short.hs"/>
    </Properties>
  </Object>
  <Object name="Object14">
    <AbsoluteLocation value="-2.540741 -18.792316"/>
    <Properties>
      <Property name="Angle" value="96.2032"/>
      <Property name="Filename" value="/Objects/pipe_straight.hs"/>
    </Properties>
  </Object>
  <Object name="Object46">
    <AbsoluteLocation value="15.985407 -9.091872"/>
    <Properties>
      <Property name="Angle" value="105.51"/>
      <Property name="Filename" value="/Objects/pipe_elbow_2.hs"/>
    </Properties>
  </Object>
  <Object name="Object36">
    <AbsoluteLocation value="-10.923300 40.850025"/>
    <Properties>
      <Property name="Angle" value="-69.541"/>
      <Property name="Filename" value="/Objects/pipe_straight_long.hs"/>
    </Properties>
  </Object>
  <Object name="Object39">
    <AbsoluteLocation value="27.563795 6.820238"/>
    <Properties>
      <Property name="Angle" value="90.215"/>
      <Property name="Filename" value="/Objects/pipe_straight_long.hs"/>
    </Properties>
  </Object>
  <Object name="Object37">
    <AbsoluteLocation value="27.508211 25.791094"/>
    <Properties>
      <Property name="Angle" value="90.215"/>
      <Property name="Filename" value="/Objects/pipe_straight_long.hs"/>
    </Properties>
  </Object>
  <Object name="Object41">
    <AbsoluteLocation value="24.592731 9.821489"/>
    <Properties>
      <Property name="Angle" value="0"/>
      <Property name="Filename" value="/Objects/pipe_straight_short.hs"/>
      <Property name="Parent" value="Object8"/>
    </Properties>
  </Object>
  <Object name="Object18">
    <AbsoluteLocation value="11.259320 -11.594353"/>
    <Properties>
      <Property name="Angle" value="-36.1561"/>
      <Property name="Filename" value="/Objects/pipe_straight_short.hs"/>
    </Properties>
  </Object>
  <Object name="Object13">
    <AbsoluteLocation value="-2.488219 -14.252453"/>
    <Properties>
      <Property name="Angle" value="101.302"/>
      <Property name="Filename" value="/Objects/pipe_elbow_1.hs"/>
    </Properties>
  </Object>
  <Object name="Object12">
    <AbsoluteLocation value="19.659166 9.840466"/>
    <Properties>
      <Property name="Angle" value="0.738787"/>
      <Property name="Filename" value="/Objects/pipe_straight.hs"/>
      <Property name="Parent" value="Object8"/>
    </Properties>
  </Object>
  <Object name="Spout5">
    <AbsoluteLocation value="26.884445 32.561256"/>
    <Properties>
      <Property name="Angle" value="378.427"/>
      <Property name="ConnectedSpout0" value="Spout3"/>
      <Property name="ConnectedSpoutProbability0" value="1"/>
      <Property name="Filename" value="/Objects/basic_drain.hs"/>
      <Property name="Type" value="spout"/>
    </Properties>
  </Object>
  <Object name="Spout2">
    <AbsoluteLocation value="-2.014466 -23.796091"/>
    <Properties>
      <Property name="Angle" value="180.358"/>
      <Property name="ConnectedSpout0" value="SWAMPY_SPOUT"/>
      <Property name="ConnectedSpoutProbability0" value="1"/>
      <Property name="Filename" value="/Objects/broken_pipe_allie.hs"/>
      <Property name="Type" value="spout"/>
    </Properties>
  </Object>
  <Object name="Spout3">
    <AbsoluteLocation value="14.774914 9.941010"/>
    <Properties>
      <Property name="Angle" value="181.673"/>
      <Property name="Blockable" value="1"/>
      <Property name="Filename" value="/Objects/shower_head.hs"/>
      <Property name="FluidType" value="Water"/>
      <Property name="NumberParticles" value="0"/>
      <Property name="Parent" value="Object8"/>
      <Property name="ParticleQueueThreshold" value="10"/>
      <Property name="ParticleSpeed" value="45"/>
      <Property name="Type" value="spout"/>
    </Properties>
  </Object>
  <Object name="Ducky10">
    <AbsoluteLocation value="-16.429859 4.516811"/>
    <Properties>
      <Property name="Angle" value="0"/>
      <Property name="Filename" value="/Objects/star_steam_allie.hs"/>
      <Property name="StarType" value="allie"/>
      <Property name="Type" value="star"/>
    </Properties>
  </Object>
  <Object name="Ducky11">
    <AbsoluteLocation value="-26.000000 28.000000"/>
    <Properties>
      <Property name="Angle" value="0"/>
      <Property name="Filename" value="/Objects/star_steam_allie.hs"/>
      <Property name="StarType" value="allie"/>
      <Property name="Type" value="star"/>
    </Properties>
  </Object>
  <Object name="Ducky12">
    <AbsoluteLocation value="-16.000000 -35.200001"/>
    <Properties>
      <Property name="Angle" value="0"/>
      <Property name="Filename" value="/Objects/star_steam_allie.hs"/>
      <Property name="StarType" value="allie"/>
      <Property name="Type" value="star"/>
    </Properties>
  </Object>
  <Object name="Object15">
    <AbsoluteLocation value="1.547041 -7.958910"/>
    <Properties>
      <Property name="Angle" value="98.423"/>
      <Property name="Filename" value="/Objects/pipe_elbow_1.hs"/>
    </Properties>
  </Object>
  <Object name="Object16">
    <AbsoluteLocation value="7.730095 -8.944559"/>
    <Properties>
      <Property name="Angle" value="-37.1412"/>
      <Property name="Filename" value="/Objects/pipe_straight.hs"/>
    </Properties>
  </Object>
  <Object name="Object17">
    <AbsoluteLocation value="0.254349 -11.558310"/>
    <Properties>
      <Property name="Angle" value="102.848"/>
      <Property name="Filename" value="/Objects/pipe_connector_90.hs"/>
    </Properties>
  </Object>
  <Object name="Object20">
    <AbsoluteLocation value="13.335880 -14.764999"/>
    <Properties>
      <Property name="Angle" value="-82.1511"/>
      <Property name="Filename" value="/Objects/pipe_straight_short.hs"/>
    </Properties>
  </Object>
  <Object name="Object27">
    <AbsoluteLocation value="21.395432 8.386936"/>
    <Properties>
      <Property name="Angle" value="0"/>
      <Property name="Filename" value="/Objects/path_vertical_locking_end_bottom.hs"/>
    </Properties>
  </Object>
  <Object name="Object28">
    <AbsoluteLocation value="21.404463 13.262392"/>
    <Properties>
      <Property name="Angle" value="0"/>
      <Property name="Filename" value="/Objects/path_vertical_locking_mid.hs"/>
    </Properties>
  </Object>
  <Object name="Object29">
    <AbsoluteLocation value="21.417873 18.142525"/>
    <Properties>
      <Property name="Angle" value="0"/>
      <Property name="Filename" value="/Objects/path_vertical_locking_mid.hs"/>
    </Properties>
  </Object>
  <Object name="Object32">
    <AbsoluteLocation value="21.418736 23.092167"/>
    <Properties>
      <Property name="Angle" value="0"/>
      <Property name="Filename" value="/Objects/path_vertical_locking_end_top.hs"/>
    </Properties>
  </Object>
  <Object name="Spout30">
    <AbsoluteLocation value="0.541305 38.874271"/>
    <Properties>
      <Property name="Angle" value="16.6693"/>
      <Property name="Filename" value="/Objects/touch_spout.hs"/>
      <Property name="FluidType" value="Water"/>
      <Property name="ParticleSpeed" value="16"/>
      <Property name="Type" value="spout"/>
    </Properties>
  </Object>
  <Object name="Spout31">
    <AbsoluteLocation value="19.820969 -5.931084"/>
    <Properties>
      <Property name="Angle" value="38.7386"/>
      <Property name="Filename" value="/Objects/touch_spout_steam.hs"/>
      <Property name="FluidType" value="Steam"/>
      <Property name="Type" value="spout"/>
    </Properties>
  </Object>
  <Object name="Spout36">
    <AbsoluteLocation value="26.738590 1.027422"/>
    <Properties>
      <Property name="Angle" value="516.164"/>
      <Property name="ConnectedSpout0" value="Spout3"/>
      <Property name="ConnectedSpoutProbability0" value="1"/>
      <Property name="Filename" value="/Objects/basic_drain.hs"/>
      <Property name="Type" value="spout"/>
    </Properties>
  </Object>
  <Object name="Object38">
    <AbsoluteLocation value="27.536005 16.305666"/>
    <Properties>
      <Property name="Angle" value="90.215"/>
      <Property name="Filename" value="/Objects/pipe_straight_long.hs"/>
    </Properties>
  </Object>
  <Object name="Object42">
    <AbsoluteLocation value="27.594339 10.585477"/>
    <Properties>
      <Property name="Angle" value="0"/>
      <Property name="Filename" value="/Objects/pipe_spout_base.hs"/>
      <Property name="Parent" value="Object8"/>
    </Properties>
  </Object>
  <Object name="Object43">
    <AbsoluteLocation value="27.598557 9.040638"/>
    <Properties>
      <Property name="Angle" value="180.204"/>
      <Property name="Filename" value="/Objects/pipe_spout_base.hs"/>
      <Property name="Parent" value="Object8"/>
    </Properties>
  </Object>
  <Object name="Object40">
    <AbsoluteLocation value="-13.269200 49.358406"/>
    <Properties>
      <Property name="Angle" value="-78.844"/>
      <Property name="Filename" value="/Objects/pipe_straight_long.hs"/>
    </Properties>
  </Object>
  <Object name="Object47">
    <AbsoluteLocation value="22.966200 -15.776622"/>
    <Properties>
      <Property name="Angle" value="317.073"/>
      <Property name="Filename" value="/Objects/pipe_straight_long.hs"/>
    </Properties>
  </Object>
  <Object name="Object48">
    <AbsoluteLocation value="29.461737 -22.163593"/>
    <Properties>
      <Property name="Angle" value="314.048"/>
      <Property name="Filename" value="/Objects/pipe_straight_long.hs"/>
    </Properties>
  </Object>
  <Object name="Object49">
    <AbsoluteLocation value="35.849377 -28.549372"/>
    <Properties>
      <Property name="Angle" value="315.902"/>
      <Property name="Filename" value="/Objects/pipe_straight_long.hs"/>
    </Properties>
  </Object>
  <Object name="Object44">
    <AbsoluteLocation value="-8.690765 36.658207"/>
    <Properties>
      <Property name="Angle" value="-161.274"/>
      <Property name="Filename" value="/Objects/pipe_elbow_2.hs"/>
    </Properties>
  </Object>
  <Object name="Object51">
    <AbsoluteLocation value="13.631856 -15.981859"/>
    <Properties>
      <Property name="Angle" value="-80.613"/>
      <Property name="Filename" value="/Objects/pipe_connector_end.hs"/>
    </Properties>
  </Object>
  <Object name="Object52">
    <AbsoluteLocation value="3.134120 -7.025877"/>
    <Properties>
      <Property name="Angle" value="7.73218"/>
      <Property name="Filename" value="/Objects/pipe_straight_short.hs"/>
    </Properties>
  </Object>
  <Object name="Object54">
    <AbsoluteLocation value="16.625595 -11.689233"/>
    <Properties>
      <Property name="Angle" value="192.626"/>
      <Property name="Filename" value="/Objects/pipe_elbow_2.hs"/>
    </Properties>
  </Object>
  <Object name="Object55">
    <AbsoluteLocation value="18.912235 -12.242924"/>
    <Properties>
      <Property name="Angle" value="10.7573"/>
      <Property name="Filename" value="/Objects/pipe_bend_2.hs"/>
    </Properties>
  </Object>
  <Object name="Object56">
    <AbsoluteLocation value="18.265818 9.869604"/>
    <Properties>
      <Property name="Angle" value="90.1927"/>
      <Property name="Filename" value="/Objects/pipe_spout_base.hs"/>
      <Property name="Parent" value="Object8"/>
    </Properties>
  </Object>
  <Object name="Object57">
    <AbsoluteLocation value="24.742664 9.944110"/>
    <Properties>
      <Property name="Angle" value="269.516"/>
      <Property name="Filename" value="/Objects/pipe_spout_base.hs"/>
      <Property name="Parent" value="Object8"/>
    </Properties>
  </Object>
  <Object name="Object8">
    <AbsoluteLocation value="21.486549 9.911499"/>
    <Properties>
      <Property name="Angle" value="0"/>
      <Property name="Filename" value="/Objects/wall_8x8_locking.hs"/>
      <Property name="PathPos0" value="0 -5"/>
      <Property name="PathPos1" value="0 17"/>
    </Properties>
  </Object>
  <Object name="Object58">
    <AbsoluteLocation value="-24.820560 12.880754"/>
    <Properties>
      <Property name="Angle" value="0.640644"/>
      <Property name="Filename" value="/Objects/icicle_corner_left.hs"/>
      <Property name="Type" value="icyhot"/>
    </Properties>
  </Object>
  <Room>
    <AbsoluteLocation value="16.400003 -29.200005"/>
  </Room>
</Objects>
