<?xml version="1.0"?>
<Objects>
  <Object name="Object96">
    <AbsoluteLocation value="14.328146 -31.009476"/>
    <Properties>
      <Property name="Angle" value="407.874"/>
      <Property name="Filename" value="/Objects/icicle_small.hs"/>
      <Property name="Type" value="icyhot"/>
    </Properties>
  </Object>
  <Object name="Object65">
    <AbsoluteLocation value="2.812500 -33.281250"/>
    <Properties>
      <Property name="Angle" value="-1.06296"/>
      <Property name="Filename" value="/Objects/icicle_large.hs"/>
      <Property name="Type" value="icyhot"/>
    </Properties>
  </Object>
  <Object name="Object95">
    <AbsoluteLocation value="-8.111050 -29.854017"/>
    <Properties>
      <Property name="Angle" value="273.077"/>
      <Property name="Filename" value="/Objects/icicle_small.hs"/>
      <Property name="Type" value="icyhot"/>
    </Properties>
  </Object>
  <Object name="Object94">
    <AbsoluteLocation value="-8.871584 22.603676"/>
    <Properties>
      <Property name="Angle" value="569.163"/>
      <Property name="Filename" value="/Objects/icicle_small.hs"/>
      <Property name="Type" value="icyhot"/>
    </Properties>
  </Object>
  <Object name="Object93">
    <AbsoluteLocation value="0.012669 10.898060"/>
    <Properties>
      <Property name="Angle" value="510.781"/>
      <Property name="Filename" value="/Objects/icicle_small.hs"/>
      <Property name="Type" value="icyhot"/>
    </Properties>
  </Object>
  <Object name="Object48">
    <AbsoluteLocation value="4.731033 -1.618189"/>
    <Properties>
      <Property name="Angle" value="649.336"/>
      <Property name="Filename" value="/Objects/icicle_large.hs"/>
      <Property name="Type" value="icyhot"/>
    </Properties>
  </Object>
  <Object name="Object90">
    <AbsoluteLocation value="-5.044431 23.490997"/>
    <Properties>
      <Property name="Angle" value="-186.757"/>
      <Property name="Filename" value="/Objects/icicle_medium.hs"/>
      <Property name="Type" value="icyhot"/>
    </Properties>
  </Object>
  <Object name="Object43">
    <AbsoluteLocation value="-11.000065 17.049341"/>
    <Properties>
      <Property name="Angle" value="269.278"/>
      <Property name="Filename" value="/Objects/icicle_large.hs"/>
      <Property name="Type" value="icyhot"/>
    </Properties>
  </Object>
  <Object name="Object88">
    <AbsoluteLocation value="17.049595 37.553902"/>
    <Properties>
      <Property name="Angle" value="356.519"/>
      <Property name="Filename" value="/Objects/icicle_small.hs"/>
      <Property name="Type" value="icyhot"/>
    </Properties>
  </Object>
  <Object name="Object87">
    <AbsoluteLocation value="-24.466919 30.646061"/>
    <Properties>
      <Property name="Angle" value="81.0348"/>
      <Property name="Filename" value="/Objects/icicle_medium.hs"/>
      <Property name="Type" value="icyhot"/>
    </Properties>
  </Object>
  <Object name="Object52">
    <AbsoluteLocation value="-24.478687 25.208551"/>
    <Properties>
      <Property name="Angle" value="92.8122"/>
      <Property name="Filename" value="/Objects/icicle_medium.hs"/>
      <Property name="Type" value="icyhot"/>
    </Properties>
  </Object>
  <Object name="Object86">
    <AbsoluteLocation value="-20.940384 4.666323"/>
    <Properties>
      <Property name="Angle" value="139.948"/>
      <Property name="Filename" value="/Objects/icicle_small.hs"/>
      <Property name="Type" value="icyhot"/>
    </Properties>
  </Object>
  <Object name="Object83">
    <AbsoluteLocation value="-20.159918 -13.371461"/>
    <Properties>
      <Property name="Angle" value="394.072"/>
      <Property name="Filename" value="/Objects/icicle_small.hs"/>
      <Property name="Type" value="icyhot"/>
    </Properties>
  </Object>
  <Object name="Object78">
    <AbsoluteLocation value="8.344534 -42.523277"/>
    <Properties>
      <Property name="Angle" value="-162.652"/>
      <Property name="Filename" value="/Objects/icicle_medium.hs"/>
      <Property name="Type" value="icyhot"/>
    </Properties>
  </Object>
  <Object name="Object79">
    <AbsoluteLocation value="22.636635 -40.438423"/>
    <Properties>
      <Property name="Angle" value="-139.938"/>
      <Property name="Filename" value="/Objects/icicle_medium.hs"/>
      <Property name="Type" value="icyhot"/>
    </Properties>
  </Object>
  <Object name="Object81">
    <AbsoluteLocation value="22.370325 -9.051095"/>
    <Properties>
      <Property name="Angle" value="0.204684"/>
      <Property name="Filename" value="/Objects/icicle_medium.hs"/>
      <Property name="Type" value="icyhot"/>
    </Properties>
  </Object>
  <Object name="Ducky5">
    <AbsoluteLocation value="-19.200001 -27.200001"/>
    <Properties>
      <Property name="Angle" value="0"/>
      <Property name="Filename" value="/Objects/star_steam_allie.hs"/>
      <Property name="StarType" value="allie"/>
      <Property name="Type" value="star"/>
    </Properties>
  </Object>
  <Object name="Ducky7">
    <AbsoluteLocation value="22.400000 -15.600000"/>
    <Properties>
      <Property name="Angle" value="0"/>
      <Property name="Filename" value="/Objects/star_steam_allie.hs"/>
      <Property name="StarType" value="allie"/>
      <Property name="Type" value="star"/>
    </Properties>
  </Object>
  <Object name="Ducky8">
    <AbsoluteLocation value="-16.000000 28.400000"/>
    <Properties>
      <Property name="Angle" value="0"/>
      <Property name="Filename" value="/Objects/star_steam_allie.hs"/>
      <Property name="StarType" value="allie"/>
      <Property name="Type" value="star"/>
    </Properties>
  </Object>
  <Object name="Object29">
    <AbsoluteLocation value="21.657164 33.722824"/>
    <Properties>
      <Property name="Angle" value="-49.8576"/>
      <Property name="Filename" value="/Objects/icicle_large.hs"/>
      <Property name="Type" value="icyhot"/>
    </Properties>
  </Object>
  <Object name="Object30">
    <AbsoluteLocation value="11.346430 35.738682"/>
    <Properties>
      <Property name="Angle" value="17.7787"/>
      <Property name="Filename" value="/Objects/icicle_large.hs"/>
      <Property name="Type" value="icyhot"/>
    </Properties>
  </Object>
  <Object name="Object32">
    <AbsoluteLocation value="1.900780 36.100983"/>
    <Properties>
      <Property name="Angle" value="-21.8233"/>
      <Property name="Filename" value="/Objects/icicle_large.hs"/>
      <Property name="Type" value="icyhot"/>
    </Properties>
  </Object>
  <Object name="Object37">
    <AbsoluteLocation value="-6.767687 37.875912"/>
    <Properties>
      <Property name="Angle" value="-4.66966"/>
      <Property name="Filename" value="/Objects/icicle_large.hs"/>
      <Property name="Type" value="icyhot"/>
    </Properties>
  </Object>
  <Object name="Object38">
    <AbsoluteLocation value="-15.797115 37.532162"/>
    <Properties>
      <Property name="Angle" value="6.36259"/>
      <Property name="Filename" value="/Objects/icicle_large.hs"/>
      <Property name="Type" value="icyhot"/>
    </Properties>
  </Object>
  <Object name="Object39">
    <AbsoluteLocation value="-21.636578 35.529812"/>
    <Properties>
      <Property name="Angle" value="37.9114"/>
      <Property name="Filename" value="/Objects/icicle_large.hs"/>
      <Property name="Type" value="icyhot"/>
    </Properties>
  </Object>
  <Object name="Object40">
    <AbsoluteLocation value="-15.152849 -11.723063"/>
    <Properties>
      <Property name="Angle" value="7.4096"/>
      <Property name="Filename" value="/Objects/icicle_large.hs"/>
      <Property name="Type" value="icyhot"/>
    </Properties>
  </Object>
  <Object name="Object41">
    <AbsoluteLocation value="1.193485 23.217926"/>
    <Properties>
      <Property name="Angle" value="190.212"/>
      <Property name="Filename" value="/Objects/icicle_large.hs"/>
      <Property name="Type" value="icyhot"/>
    </Properties>
  </Object>
  <Object name="Object44">
    <AbsoluteLocation value="-24.396576 17.216787"/>
    <Properties>
      <Property name="Angle" value="446.635"/>
      <Property name="Filename" value="/Objects/icicle_large.hs"/>
      <Property name="Type" value="icyhot"/>
    </Properties>
  </Object>
  <Object name="Object45">
    <AbsoluteLocation value="-23.628929 8.420765"/>
    <Properties>
      <Property name="Angle" value="473.349"/>
      <Property name="Filename" value="/Objects/icicle_large.hs"/>
      <Property name="Type" value="icyhot"/>
    </Properties>
  </Object>
  <Object name="Object47">
    <AbsoluteLocation value="-6.609949 11.640545"/>
    <Properties>
      <Property name="Angle" value="712.955"/>
      <Property name="Filename" value="/Objects/icicle_large.hs"/>
      <Property name="Type" value="icyhot"/>
    </Properties>
  </Object>
  <Object name="Object49">
    <AbsoluteLocation value="2.866920 6.343899"/>
    <Properties>
      <Property name="Angle" value="474.521"/>
      <Property name="Filename" value="/Objects/icicle_large.hs"/>
      <Property name="Type" value="icyhot"/>
    </Properties>
  </Object>
  <Object name="Object50">
    <AbsoluteLocation value="29.210653 -31.095697"/>
    <Properties>
      <Property name="Angle" value="280.734"/>
      <Property name="Filename" value="/Objects/icicle_large.hs"/>
      <Property name="Type" value="icyhot"/>
    </Properties>
  </Object>
  <Object name="Object53">
    <AbsoluteLocation value="27.462524 -10.305235"/>
    <Properties>
      <Property name="Angle" value="-89.5856"/>
      <Property name="Filename" value="/Objects/icicle_corner_left.hs"/>
      <Property name="Type" value="icyhot"/>
    </Properties>
  </Object>
  <Object name="Object55">
    <AbsoluteLocation value="17.447422 -10.508842"/>
    <Properties>
      <Property name="Angle" value="-267.928"/>
      <Property name="Filename" value="/Objects/icicle_corner.hs"/>
      <Property name="Type" value="icyhot"/>
    </Properties>
  </Object>
  <Object name="Object56">
    <AbsoluteLocation value="-17.921547 2.067337"/>
    <Properties>
      <Property name="Angle" value="138.966"/>
      <Property name="Filename" value="/Objects/icicle_small.hs"/>
      <Property name="Type" value="icyhot"/>
    </Properties>
  </Object>
  <Object name="Object57">
    <AbsoluteLocation value="-27.042505 -20.467445"/>
    <Properties>
      <Property name="Angle" value="248.618"/>
      <Property name="Filename" value="/Objects/icicle_small.hs"/>
      <Property name="Type" value="icyhot"/>
    </Properties>
  </Object>
  <Object name="Object58">
    <AbsoluteLocation value="-6.905710 -26.858297"/>
    <Properties>
      <Property name="Angle" value="227.12"/>
      <Property name="Filename" value="/Objects/icicle_small.hs"/>
      <Property name="Type" value="icyhot"/>
    </Properties>
  </Object>
  <Object name="Object59">
    <AbsoluteLocation value="-23.452667 -16.912264"/>
    <Properties>
      <Property name="Angle" value="37.7569"/>
      <Property name="Filename" value="/Objects/icicle_medium.hs"/>
      <Property name="Type" value="icyhot"/>
    </Properties>
  </Object>
  <Object name="Object60">
    <AbsoluteLocation value="-4.150082 -33.095032"/>
    <Properties>
      <Property name="Angle" value="2.61163"/>
      <Property name="Filename" value="/Objects/icicle_medium.hs"/>
      <Property name="Type" value="icyhot"/>
    </Properties>
  </Object>
  <Object name="Object61">
    <AbsoluteLocation value="28.307076 -15.729397"/>
    <Properties>
      <Property name="Angle" value="-87.3082"/>
      <Property name="Filename" value="/Objects/icicle_medium.hs"/>
      <Property name="Type" value="icyhot"/>
    </Properties>
  </Object>
  <Object name="Object62">
    <AbsoluteLocation value="26.609459 28.703537"/>
    <Properties>
      <Property name="Angle" value="-44.6094"/>
      <Property name="Filename" value="/Objects/icicle_medium.hs"/>
      <Property name="Type" value="icyhot"/>
    </Properties>
  </Object>
  <Object name="Object63">
    <AbsoluteLocation value="8.274605 23.128405"/>
    <Properties>
      <Property name="Angle" value="-201.103"/>
      <Property name="Filename" value="/Objects/icicle_large.hs"/>
      <Property name="Type" value="icyhot"/>
    </Properties>
  </Object>
  <Object name="Object64">
    <AbsoluteLocation value="16.251690 -23.833807"/>
    <Properties>
      <Property name="Angle" value="93.2581"/>
      <Property name="Filename" value="/Objects/icicle_large.hs"/>
      <Property name="Type" value="icyhot"/>
    </Properties>
  </Object>
  <Object name="Object66">
    <AbsoluteLocation value="0.981846 -42.161098"/>
    <Properties>
      <Property name="Angle" value="-185.895"/>
      <Property name="Filename" value="/Objects/icicle_large.hs"/>
      <Property name="Type" value="icyhot"/>
    </Properties>
  </Object>
  <Object name="Object67">
    <AbsoluteLocation value="-26.987839 -27.658474"/>
    <Properties>
      <Property name="Angle" value="-277.477"/>
      <Property name="Filename" value="/Objects/icicle_large.hs"/>
      <Property name="Type" value="icyhot"/>
    </Properties>
  </Object>
  <Object name="Object68">
    <AbsoluteLocation value="-25.886375 -40.242027"/>
    <Properties>
      <Property name="Angle" value="-221.857"/>
      <Property name="Filename" value="/Objects/icicle_medium.hs"/>
      <Property name="Type" value="icyhot"/>
    </Properties>
  </Object>
  <Object name="Object69">
    <AbsoluteLocation value="-15.776541 -42.816425"/>
    <Properties>
      <Property name="Angle" value="-176.372"/>
      <Property name="Filename" value="/Objects/icicle_medium.hs"/>
      <Property name="Type" value="icyhot"/>
    </Properties>
  </Object>
  <Object name="Object46">
    <AbsoluteLocation value="26.970350 -36.181095"/>
    <Properties>
      <Property name="Angle" value="-137.582"/>
      <Property name="Filename" value="/Objects/icicle_medium.hs"/>
      <Property name="Type" value="icyhot"/>
    </Properties>
  </Object>
  <Object name="Object51">
    <AbsoluteLocation value="16.179913 -42.276325"/>
    <Properties>
      <Property name="Angle" value="-183.715"/>
      <Property name="Filename" value="/Objects/icicle_large.hs"/>
      <Property name="Type" value="icyhot"/>
    </Properties>
  </Object>
  <Object name="Object54">
    <AbsoluteLocation value="-27.807524 -35.104038"/>
    <Properties>
      <Property name="Angle" value="-264.545"/>
      <Property name="Filename" value="/Objects/icicle_medium.hs"/>
      <Property name="Type" value="icyhot"/>
    </Properties>
  </Object>
  <Object name="Object70">
    <AbsoluteLocation value="5.236526 -9.247604"/>
    <Properties>
      <Property name="Angle" value="271.925"/>
      <Property name="Filename" value="/Objects/icicle_large.hs"/>
      <Property name="Type" value="icyhot"/>
    </Properties>
  </Object>
  <Object name="Object71">
    <AbsoluteLocation value="-10.153114 -1.190636"/>
    <Properties>
      <Property name="Angle" value="106.193"/>
      <Property name="Filename" value="/Objects/icicle_small.hs"/>
      <Property name="Type" value="icyhot"/>
    </Properties>
  </Object>
  <Object name="Object72">
    <AbsoluteLocation value="-1.192809 -24.082554"/>
    <Properties>
      <Property name="Angle" value="224.475"/>
      <Property name="Filename" value="/Objects/icicle_large.hs"/>
      <Property name="Type" value="icyhot"/>
    </Properties>
  </Object>
  <Object name="Object73">
    <AbsoluteLocation value="29.026651 -22.735355"/>
    <Properties>
      <Property name="Angle" value="-97.0886"/>
      <Property name="Filename" value="/Objects/icicle_large.hs"/>
      <Property name="Type" value="icyhot"/>
    </Properties>
  </Object>
  <Object name="Object74">
    <AbsoluteLocation value="4.919441 -18.813829"/>
    <Properties>
      <Property name="Angle" value="62.514"/>
      <Property name="Filename" value="/Objects/icicle_large.hs"/>
      <Property name="Type" value="icyhot"/>
    </Properties>
  </Object>
  <Object name="Object75">
    <AbsoluteLocation value="-9.400440 -7.343739"/>
    <Properties>
      <Property name="Angle" value="-278.693"/>
      <Property name="Filename" value="/Objects/icicle_medium.hs"/>
      <Property name="Type" value="icyhot"/>
    </Properties>
  </Object>
  <Object name="Object76">
    <AbsoluteLocation value="10.739052 -32.647263"/>
    <Properties>
      <Property name="Angle" value="8.57567"/>
      <Property name="Filename" value="/Objects/icicle_medium.hs"/>
      <Property name="Type" value="icyhot"/>
    </Properties>
  </Object>
  <Object name="Object77">
    <AbsoluteLocation value="15.438807 -16.193258"/>
    <Properties>
      <Property name="Angle" value="85.1837"/>
      <Property name="Filename" value="/Objects/icicle_medium.hs"/>
      <Property name="Type" value="icyhot"/>
    </Properties>
  </Object>
  <Object name="Object80">
    <AbsoluteLocation value="-8.706326 -42.865322"/>
    <Properties>
      <Property name="Angle" value="-165.767"/>
      <Property name="Filename" value="/Objects/icicle_large.hs"/>
      <Property name="Type" value="icyhot"/>
    </Properties>
  </Object>
  <Object name="Object82">
    <AbsoluteLocation value="-21.174559 -42.117416"/>
    <Properties>
      <Property name="Angle" value="-192.133"/>
      <Property name="Filename" value="/Objects/icicle_medium.hs"/>
      <Property name="Type" value="icyhot"/>
    </Properties>
  </Object>
  <Object name="Object84">
    <AbsoluteLocation value="-13.011585 0.774342"/>
    <Properties>
      <Property name="Angle" value="-187.929"/>
      <Property name="Filename" value="/Objects/icicle_medium.hs"/>
      <Property name="Type" value="icyhot"/>
    </Properties>
  </Object>
  <Room>
    <AbsoluteLocation value="-1.000000 -1.000000"/>
  </Room>
  <Properties>
    <Property name="BonusLevel" value="1"/>
    <Property name="BonusTimer" value="50"/>
    <Property name="ShowTopEdge" value="1"/>
  </Properties>
</Objects>
