<?xml version="1.0"?>
<Objects>
  <Object name="Object44">
    <AbsoluteLocation value="-28.721346 -17.804171"/>
    <Properties>
      <Property name="Angle" value="89.8812"/>
      <Property name="Filename" value="/Objects/pipe_straight_short.hs"/>
    </Properties>
  </Object>
  <Object name="Object43">
    <AbsoluteLocation value="-4.743177 7.034450"/>
    <Properties>
      <Property name="Angle" value="-25.4116"/>
      <Property name="Filename" value="/Objects/pipe_straight_short.hs"/>
    </Properties>
  </Object>
  <Object name="Object40">
    <AbsoluteLocation value="-28.355186 29.378380"/>
    <Properties>
      <Property name="Angle" value="89.1359"/>
      <Property name="Filename" value="/Objects/pipe_bend_2.hs"/>
    </Properties>
  </Object>
  <Object name="Object38">
    <AbsoluteLocation value="-16.972853 40.149712"/>
    <Properties>
      <Property name="Angle" value="46.5477"/>
      <Property name="Filename" value="/Objects/pipe_bend_2.hs"/>
    </Properties>
  </Object>
  <Object name="Object31">
    <AbsoluteLocation value="-6.858877 7.211845"/>
    <Properties>
      <Property name="Angle" value="68.518"/>
      <Property name="Filename" value="/Objects/pipe_elbow_1.hs"/>
    </Properties>
  </Object>
  <Object name="Object30">
    <AbsoluteLocation value="-28.012695 -25.369196"/>
    <Properties>
      <Property name="Angle" value="180"/>
      <Property name="Filename" value="/Objects/pipe_elbow_1.hs"/>
    </Properties>
  </Object>
  <Object name="Object16">
    <AbsoluteLocation value="-15.605555 39.615044"/>
    <Properties>
      <Property name="Angle" value="0"/>
      <Property name="Filename" value="/Objects/pipe_elbow_1.hs"/>
    </Properties>
  </Object>
  <Object name="Fan3">
    <AbsoluteLocation value="-19.600000 -40.400002"/>
    <Properties>
      <Property name="Angle" value="-45.2605"/>
      <Property name="Filename" value="/Objects/fan_24x8.hs"/>
      <Property name="Type" value="fan"/>
      <Property name="VacuumForce" value="30"/>
      <Property name="VacuumMaxD" value="47"/>
    </Properties>
  </Object>
  <Object name="Switch6">
    <AbsoluteLocation value="-27.218307 -9.905441"/>
    <Properties>
      <Property name="Angle" value="-135"/>
      <Property name="ConnectedObject0" value="Fan3"/>
      <Property name="Filename" value="/Objects/switch_fan1.hs"/>
      <Property name="Type" value="switch"/>
    </Properties>
  </Object>
  <Object name="Switch7">
    <AbsoluteLocation value="29.777817 19.636093"/>
    <Properties>
      <Property name="Angle" value="135.912"/>
      <Property name="ConnectedObject0" value="Fan32"/>
      <Property name="Filename" value="/Objects/switch_blue.hs"/>
      <Property name="Type" value="switch"/>
    </Properties>
  </Object>
  <Object name="Ducky7">
    <AbsoluteLocation value="-13.716492 4.863283"/>
    <Properties>
      <Property name="Angle" value="0"/>
      <Property name="Filename" value="/Objects/star_steam_allie.hs"/>
      <Property name="StarType" value="allie"/>
      <Property name="Type" value="star"/>
    </Properties>
  </Object>
  <Object name="Ducky8">
    <AbsoluteLocation value="3.506250 36.481251"/>
    <Properties>
      <Property name="Angle" value="0"/>
      <Property name="Filename" value="/Objects/star_steam_allie.hs"/>
      <Property name="StarType" value="allie"/>
      <Property name="Type" value="star"/>
    </Properties>
  </Object>
  <Object name="Ducky9">
    <AbsoluteLocation value="24.800001 -12.400001"/>
    <Properties>
      <Property name="Angle" value="0"/>
      <Property name="Filename" value="/Objects/star_steam_allie.hs"/>
      <Property name="StarType" value="allie"/>
      <Property name="Type" value="star"/>
    </Properties>
  </Object>
  <Object name="Spout13">
    <AbsoluteLocation value="-14.925001 36.762497"/>
    <Properties>
      <Property name="Angle" value="-180"/>
      <Property name="ConnectedSpout0" value="Spout14"/>
      <Property name="ConnectedSpoutProbability0" value="1"/>
      <Property name="Filename" value="/Objects/basic_drain.hs"/>
      <Property name="Type" value="spout"/>
    </Properties>
  </Object>
  <Object name="Spout14">
    <AbsoluteLocation value="-25.217896 -25.195457"/>
    <Properties>
      <Property name="Angle" value="32.8273"/>
      <Property name="Filename" value="/Objects/shower_head.hs"/>
      <Property name="FluidType" value="Water"/>
      <Property name="NumberParticles" value="0"/>
      <Property name="ParticleSpeed" value="20"/>
      <Property name="Type" value="spout"/>
    </Properties>
  </Object>
  <Object name="Object17">
    <AbsoluteLocation value="-22.657646 35.091042"/>
    <Properties>
      <Property name="Angle" value="45.1304"/>
      <Property name="Filename" value="/Objects/pipe_straight.hs"/>
    </Properties>
  </Object>
  <Object name="Object21">
    <AbsoluteLocation value="-28.727711 25.861137"/>
    <Properties>
      <Property name="Angle" value="90"/>
      <Property name="Filename" value="/Objects/pipe_straight.hs"/>
    </Properties>
  </Object>
  <Object name="Object22">
    <AbsoluteLocation value="-28.724005 23.075071"/>
    <Properties>
      <Property name="Angle" value="90"/>
      <Property name="Filename" value="/Objects/pipe_straight.hs"/>
    </Properties>
  </Object>
  <Object name="Object23">
    <AbsoluteLocation value="-28.727491 16.714045"/>
    <Properties>
      <Property name="Angle" value="90"/>
      <Property name="Filename" value="/Objects/pipe_straight.hs"/>
    </Properties>
  </Object>
  <Object name="Object24">
    <AbsoluteLocation value="-28.704004 10.747000"/>
    <Properties>
      <Property name="Angle" value="90"/>
      <Property name="Filename" value="/Objects/pipe_straight.hs"/>
    </Properties>
  </Object>
  <Object name="Object26">
    <AbsoluteLocation value="-28.707487 -0.794239"/>
    <Properties>
      <Property name="Angle" value="90"/>
      <Property name="Filename" value="/Objects/pipe_straight.hs"/>
    </Properties>
  </Object>
  <Object name="Object27">
    <AbsoluteLocation value="-28.707491 4.385973"/>
    <Properties>
      <Property name="Angle" value="90"/>
      <Property name="Filename" value="/Objects/pipe_straight.hs"/>
    </Properties>
  </Object>
  <Object name="Object29">
    <AbsoluteLocation value="-28.716631 -20.822227"/>
    <Properties>
      <Property name="Angle" value="90"/>
      <Property name="Filename" value="/Objects/pipe_straight.hs"/>
    </Properties>
  </Object>
  <Object name="Fan32">
    <AbsoluteLocation value="19.932976 29.299057"/>
    <Properties>
      <Property name="Angle" value="-225.94"/>
      <Property name="Filename" value="/Objects/fan_8x8_w_cable_gear3.hs"/>
      <Property name="Type" value="fan"/>
      <Property name="VacuumMaxD" value="30"/>
    </Properties>
  </Object>
  <Object name="Object32">
    <AbsoluteLocation value="-28.778683 -4.778595"/>
    <Properties>
      <Property name="Angle" value="-90.7677"/>
      <Property name="Filename" value="/Objects/pipe_into_wall_2.hs"/>
    </Properties>
  </Object>
  <Object name="Object33">
    <AbsoluteLocation value="-3.269785 5.794784"/>
    <Properties>
      <Property name="Angle" value="-49.8717"/>
      <Property name="Filename" value="/Objects/pipe_connector_end.hs"/>
    </Properties>
  </Object>
  <Object name="Object34">
    <AbsoluteLocation value="-28.670355 -15.429815"/>
    <Properties>
      <Property name="Angle" value="89.4379"/>
      <Property name="Filename" value="/Objects/pipe_into_wall_1.hs"/>
    </Properties>
  </Object>
  <Object name="Object35">
    <AbsoluteLocation value="-8.708229 3.962583"/>
    <Properties>
      <Property name="Angle" value="71.4419"/>
      <Property name="Filename" value="/Objects/pipe_straight.hs"/>
    </Properties>
  </Object>
  <Object name="Object36">
    <AbsoluteLocation value="-9.994128 -0.031442"/>
    <Properties>
      <Property name="Angle" value="72.8149"/>
      <Property name="Filename" value="/Objects/pipe_straight.hs"/>
    </Properties>
  </Object>
  <Object name="Object37">
    <AbsoluteLocation value="-11.101819 -3.653413"/>
    <Properties>
      <Property name="Angle" value="72.8354"/>
      <Property name="Filename" value="/Objects/pipe_straight_short.hs"/>
    </Properties>
  </Object>
  <Object name="Spout2">
    <AbsoluteLocation value="-11.762877 -6.599514"/>
    <Properties>
      <Property name="Angle" value="-195.001"/>
      <Property name="ConnectedSpout0" value="SWAMPY_SPOUT"/>
      <Property name="ConnectedSpoutProbability0" value="1"/>
      <Property name="Filename" value="/Objects/broken_pipe_allie.hs"/>
      <Property name="Type" value="spout"/>
    </Properties>
  </Object>
  <Object name="Object39">
    <AbsoluteLocation value="-26.152628 31.683170"/>
    <Properties>
      <Property name="Angle" value="43.4327"/>
      <Property name="Filename" value="/Objects/pipe_straight.hs"/>
    </Properties>
  </Object>
  <Object name="Object41">
    <AbsoluteLocation value="-19.861547 37.824406"/>
    <Properties>
      <Property name="Angle" value="44.037"/>
      <Property name="Filename" value="/Objects/pipe_straight.hs"/>
    </Properties>
  </Object>
  <Room>
    <AbsoluteLocation value="5.200003 -5.200003"/>
  </Room>
</Objects>
