<?xml version="1.0"?>
<Objects>
  <Object name="Object39">
    <AbsoluteLocation value="1.107241 31.588791"/>
    <Properties>
      <Property name="Angle" value="284.035"/>
      <Property name="Filename" value="/Objects/pipe_elbow_2.hs"/>
    </Properties>
  </Object>
  <Object name="Object38">
    <AbsoluteLocation value="1.968750 33.522026"/>
    <Properties>
      <Property name="Angle" value="-254.455"/>
      <Property name="Filename" value="/Objects/pipe_elbow_1.hs"/>
    </Properties>
  </Object>
  <Object name="Object37">
    <AbsoluteLocation value="13.503636 39.151382"/>
    <Properties>
      <Property name="Angle" value="-270.722"/>
      <Property name="Filename" value="/Objects/pipe_straight_short.hs"/>
    </Properties>
  </Object>
  <Object name="Object36">
    <AbsoluteLocation value="9.701062 43.713886"/>
    <Properties>
      <Property name="Angle" value="-361.541"/>
      <Property name="Filename" value="/Objects/pipe_straight_short.hs"/>
    </Properties>
  </Object>
  <Object name="Object33">
    <AbsoluteLocation value="4.722321 40.080261"/>
    <Properties>
      <Property name="Angle" value="-274.529"/>
      <Property name="Filename" value="/Objects/pipe_straight_short.hs"/>
    </Properties>
  </Object>
  <Object name="Spout2">
    <AbsoluteLocation value="13.426884 35.744343"/>
    <Properties>
      <Property name="Angle" value="-179.219"/>
      <Property name="ConnectedSpout0" value="SWAMPY_SPOUT"/>
      <Property name="ConnectedSpoutProbability0" value="1"/>
      <Property name="Filename" value="/Objects/broken_pipe_allie.hs"/>
      <Property name="Type" value="spout"/>
    </Properties>
  </Object>
  <Object name="Ducky3">
    <AbsoluteLocation value="-14.318428 1.494190"/>
    <Properties>
      <Property name="Angle" value="0"/>
      <Property name="Filename" value="/Objects/star_steam_allie.hs"/>
      <Property name="StarType" value="allie"/>
      <Property name="Type" value="star"/>
    </Properties>
  </Object>
  <Object name="Ducky4">
    <AbsoluteLocation value="23.200001 6.000000"/>
    <Properties>
      <Property name="Angle" value="0"/>
      <Property name="Filename" value="/Objects/star_steam_allie.hs"/>
      <Property name="StarType" value="allie"/>
      <Property name="Type" value="star"/>
    </Properties>
  </Object>
  <Object name="Ducky5">
    <AbsoluteLocation value="-22.264641 -17.699360"/>
    <Properties>
      <Property name="Angle" value="0"/>
      <Property name="Filename" value="/Objects/star_steam_allie.hs"/>
      <Property name="StarType" value="allie"/>
      <Property name="Type" value="star"/>
    </Properties>
  </Object>
  <Object name="Object9">
    <AbsoluteLocation value="4.021324 36.463787"/>
    <Properties>
      <Property name="Angle" value="-252.842"/>
      <Property name="Filename" value="/Objects/pipe_connector_90.hs"/>
    </Properties>
  </Object>
  <Object name="Switch10">
    <AbsoluteLocation value="-2.157784 -9.417934"/>
    <Properties>
      <Property name="Angle" value="-203.96"/>
      <Property name="ConnectedObject0" value="Object14"/>
      <Property name="Filename" value="/Objects/switch.hs"/>
      <Property name="Type" value="switch"/>
    </Properties>
  </Object>
  <Object name="Switch13">
    <AbsoluteLocation value="1.989624 -2.746796"/>
    <Properties>
      <Property name="Angle" value="-21.8213"/>
      <Property name="ConnectedObject0" value="Object12"/>
      <Property name="ConnectedObject1" value="Object13"/>
      <Property name="Filename" value="/Objects/switch_fan3.hs"/>
      <Property name="Type" value="switch"/>
    </Properties>
  </Object>
  <Object name="Object12">
    <AbsoluteLocation value="22.595837 -39.325428"/>
    <Properties>
      <Property name="Angle" value="-179.611"/>
      <Property name="Filename" value="/Objects/wall_16x8_blue.hs"/>
      <Property name="MotorMoveSpeed" value="10"/>
      <Property name="PathPos0" value="0 0"/>
      <Property name="PathPos1" value="14 0"/>
    </Properties>
  </Object>
  <Object name="Object13">
    <AbsoluteLocation value="-24.570669 -39.305981"/>
    <Properties>
      <Property name="Angle" value="0"/>
      <Property name="Filename" value="/Objects/wall_16x8_blue.hs"/>
      <Property name="MotorMoveSpeed" value="10"/>
      <Property name="PathPos0" value="0 0"/>
      <Property name="PathPos1" value="-14 0"/>
    </Properties>
  </Object>
  <Object name="Object14">
    <AbsoluteLocation value="15.425991 30.960629"/>
    <Properties>
      <Property name="Angle" value="0"/>
      <Property name="Filename" value="/Objects/wall_24x8.hs"/>
      <Property name="MotorMoveSpeed" value="10"/>
      <Property name="PathPos0" value="0 0"/>
      <Property name="PathPos1" value="23 0"/>
    </Properties>
  </Object>
  <Object name="Object15">
    <AbsoluteLocation value="-33.656250 -39.468750"/>
    <Properties>
      <Property name="Angle" value="0"/>
      <Property name="Filename" value="/Objects/path_locking_end.hs"/>
    </Properties>
  </Object>
  <Object name="Object16">
    <AbsoluteLocation value="-28.968750 -39.468750"/>
    <Properties>
      <Property name="Angle" value="0"/>
      <Property name="Filename" value="/Objects/path_locking_mid.hs"/>
    </Properties>
  </Object>
  <Object name="Object17">
    <AbsoluteLocation value="-24.093750 -39.468750"/>
    <Properties>
      <Property name="Angle" value="0"/>
      <Property name="Filename" value="/Objects/path_locking_end_right.hs"/>
    </Properties>
  </Object>
  <Object name="Object18">
    <AbsoluteLocation value="24.062500 -39.343750"/>
    <Properties>
      <Property name="Angle" value="0"/>
      <Property name="Filename" value="/Objects/path_locking_end.hs"/>
    </Properties>
  </Object>
  <Object name="Object19">
    <AbsoluteLocation value="28.750000 -39.343750"/>
    <Properties>
      <Property name="Angle" value="0"/>
      <Property name="Filename" value="/Objects/path_locking_mid.hs"/>
    </Properties>
  </Object>
  <Object name="Object20">
    <AbsoluteLocation value="33.625000 -39.343750"/>
    <Properties>
      <Property name="Angle" value="0"/>
      <Property name="Filename" value="/Objects/path_locking_end_right.hs"/>
    </Properties>
  </Object>
  <Object name="Object21">
    <AbsoluteLocation value="23.843750 31.093750"/>
    <Properties>
      <Property name="Angle" value="0"/>
      <Property name="Filename" value="/Objects/path_locking_mid.hs"/>
    </Properties>
  </Object>
  <Object name="Object22">
    <AbsoluteLocation value="33.500000 31.187500"/>
    <Properties>
      <Property name="Angle" value="0"/>
      <Property name="Filename" value="/Objects/path_locking_end_right.hs"/>
    </Properties>
  </Object>
  <Object name="Object23">
    <AbsoluteLocation value="19.156250 31.093750"/>
    <Properties>
      <Property name="Angle" value="0"/>
      <Property name="Filename" value="/Objects/path_locking_end.hs"/>
    </Properties>
  </Object>
  <Object name="Object24">
    <AbsoluteLocation value="28.781250 31.125000"/>
    <Properties>
      <Property name="Angle" value="0"/>
      <Property name="Filename" value="/Objects/path_locking_mid.hs"/>
    </Properties>
  </Object>
  <Object name="Object31">
    <AbsoluteLocation value="-1.383533 30.294044"/>
    <Properties>
      <Property name="Angle" value="-167.497"/>
      <Property name="Filename" value="/Objects/pipe_connector_end.hs"/>
    </Properties>
  </Object>
  <Object name="Object34">
    <AbsoluteLocation value="6.222315 42.794044"/>
    <Properties>
      <Property name="Angle" value="-452.883"/>
      <Property name="Filename" value="/Objects/pipe_connector_90.hs"/>
    </Properties>
  </Object>
  <Object name="Object35">
    <AbsoluteLocation value="12.291896 42.288982"/>
    <Properties>
      <Property name="Angle" value="-543.095"/>
      <Property name="Filename" value="/Objects/pipe_connector_90.hs"/>
    </Properties>
  </Object>
  <Object name="Collectible36">
    <AbsoluteLocation value="27.281250 -17.156250"/>
    <Properties>
      <Property name="Angle" value="0"/>
      <Property name="Filename" value="/Objects/z_collectible_allie_07.hs"/>
      <Property name="Type" value="collectible"/>
    </Properties>
  </Object>
  <Room>
    <AbsoluteLocation value="-15.599998 28.399998"/>
  </Room>
  <Properties>
    <Property name="ShowTopEdge" value="1"/>
  </Properties>
</Objects>
