<?xml version="1.0"?>
<Objects>
  <Object name="Object60">
    <AbsoluteLocation value="0.392844 20.026344"/>
    <Properties>
      <Property name="Angle" value="96.8072"/>
      <Property name="Filename" value="/Objects/pipe_elbow_1.hs"/>
    </Properties>
  </Object>
  <Object name="Object59">
    <AbsoluteLocation value="28.040226 -10.944146"/>
    <Properties>
      <Property name="Angle" value="-129.027"/>
      <Property name="Filename" value="/Objects/pipe_elbow_2.hs"/>
    </Properties>
  </Object>
  <Object name="Object57">
    <AbsoluteLocation value="3.908733 15.119861"/>
    <Properties>
      <Property name="Angle" value="-426.032"/>
      <Property name="Filename" value="/Objects/pipe_straight_short.hs"/>
    </Properties>
  </Object>
  <Object name="Object64">
    <AbsoluteLocation value="2.919169 -21.641233"/>
    <Properties>
      <Property name="Angle" value="-312.65"/>
      <Property name="Filename" value="/Objects/pipe_straight_short.hs"/>
      <Property name="Parent" value="Object86"/>
    </Properties>
  </Object>
  <Object name="Object70">
    <AbsoluteLocation value="18.733562 -17.127201"/>
    <Properties>
      <Property name="Angle" value="-51.2245"/>
      <Property name="Filename" value="/Objects/pipe_elbow_2.hs"/>
    </Properties>
  </Object>
  <Object name="Object69">
    <AbsoluteLocation value="18.176481 -14.212599"/>
    <Properties>
      <Property name="Angle" value="128.287"/>
      <Property name="Filename" value="/Objects/pipe_elbow_1.hs"/>
    </Properties>
  </Object>
  <Object name="Object102">
    <AbsoluteLocation value="-30.437027 -3.803077"/>
    <Properties>
      <Property name="Angle" value="79.7553"/>
      <Property name="Filename" value="/Objects/pipe_straight_long.hs"/>
    </Properties>
  </Object>
  <Object name="Object96">
    <AbsoluteLocation value="0.010473 -17.708055"/>
    <Properties>
      <Property name="Angle" value="90.7096"/>
      <Property name="Filename" value="/Objects/pipe_straight_long.hs"/>
    </Properties>
  </Object>
  <Object name="Object52">
    <AbsoluteLocation value="-23.864813 -15.667369"/>
    <Properties>
      <Property name="Angle" value="-607.751"/>
      <Property name="Filename" value="/Objects/pipe_straight_short.hs"/>
    </Properties>
  </Object>
  <Object name="Object91">
    <AbsoluteLocation value="-4.354233 14.778149"/>
    <Properties>
      <Property name="Angle" value="77.0657"/>
      <Property name="Filename" value="/Objects/pipe_elbow_1.hs"/>
    </Properties>
  </Object>
  <Object name="Object101">
    <AbsoluteLocation value="-0.013957 -9.633678"/>
    <Properties>
      <Property name="Angle" value="89.8585"/>
      <Property name="Filename" value="/Objects/pipe_straight_long.hs"/>
    </Properties>
  </Object>
  <Object name="Object62">
    <AbsoluteLocation value="0.000000 10.400001"/>
    <Properties>
      <Property name="Angle" value="-629.986"/>
      <Property name="Filename" value="/Objects/pipe_straight_short.hs"/>
    </Properties>
  </Object>
  <Object name="Object54">
    <AbsoluteLocation value="20.728390 -4.140405"/>
    <Properties>
      <Property name="Angle" value="-239.337"/>
      <Property name="Filename" value="/Objects/pipe_straight_short.hs"/>
    </Properties>
  </Object>
  <Object name="Object53">
    <AbsoluteLocation value="-22.647329 -6.355022"/>
    <Properties>
      <Property name="Angle" value="-645.731"/>
      <Property name="Filename" value="/Objects/pipe_straight_short.hs"/>
    </Properties>
  </Object>
  <Object name="Object49">
    <AbsoluteLocation value="-30.692667 -8.978912"/>
    <Properties>
      <Property name="Angle" value="169.368"/>
      <Property name="Filename" value="/Objects/pipe_elbow_1.hs"/>
    </Properties>
  </Object>
  <Object name="Object47">
    <AbsoluteLocation value="29.417068 9.649579"/>
    <Properties>
      <Property name="Angle" value="-93.3671"/>
      <Property name="Filename" value="/Objects/pipe_straight_short.hs"/>
    </Properties>
  </Object>
  <Object name="Object46">
    <AbsoluteLocation value="-2.227005 -40.713413"/>
    <Properties>
      <Property name="Angle" value="-275.14"/>
      <Property name="Filename" value="/Objects/pipe_straight_short.hs"/>
      <Property name="Parent" value="MovingSwitchBase"/>
    </Properties>
  </Object>
  <Object name="Object45">
    <AbsoluteLocation value="-5.556771 -32.480297"/>
    <Properties>
      <Property name="Angle" value="-393.256"/>
      <Property name="Filename" value="/Objects/pipe_straight_short.hs"/>
      <Property name="Parent" value="MovingSwitchBase"/>
    </Properties>
  </Object>
  <Object name="Object44">
    <AbsoluteLocation value="3.895029 -33.524487"/>
    <Properties>
      <Property name="Angle" value="-322.955"/>
      <Property name="Filename" value="/Objects/pipe_straight_short.hs"/>
      <Property name="Parent" value="MovingSwitchBase"/>
    </Properties>
  </Object>
  <Object name="Object72">
    <AbsoluteLocation value="28.626741 12.304905"/>
    <Properties>
      <Property name="Angle" value="368.299"/>
      <Property name="Filename" value="/Objects/pipe_elbow_1.hs"/>
    </Properties>
  </Object>
  <Object name="Spout9">
    <AbsoluteLocation value="29.126493 6.908989"/>
    <Properties>
      <Property name="Angle" value="-180"/>
      <Property name="ConnectedSpout0" value="SWAMPY_SPOUT"/>
      <Property name="ConnectedSpoutProbability0" value="1"/>
      <Property name="Filename" value="/Objects/broken_pipe_allie.hs"/>
      <Property name="Type" value="spout"/>
    </Properties>
  </Object>
  <Object name="Spout10">
    <AbsoluteLocation value="-20.968750 -3.643750"/>
    <Properties>
      <Property name="Angle" value="-400"/>
      <Property name="ConnectedSpout0" value="YSwitch20"/>
      <Property name="ConnectedSpoutProbability0" value="1"/>
      <Property name="Filename" value="/Objects/basic_drain.hs"/>
      <Property name="Type" value="spout"/>
    </Properties>
  </Object>
  <Object name="Spout12">
    <AbsoluteLocation value="-22.161629 -18.069620"/>
    <Properties>
      <Property name="Angle" value="-39.1055"/>
      <Property name="Filename" value="/Objects/shower_head.hs"/>
      <Property name="FluidType" value="Water"/>
      <Property name="NumberParticles" value="0"/>
      <Property name="ParticleSpeed" value="60"/>
      <Property name="ParticlesPerSecond" value="40"/>
      <Property name="Type" value="spout"/>
    </Properties>
  </Object>
  <Object name="Spout13">
    <AbsoluteLocation value="19.086397 -1.880701"/>
    <Properties>
      <Property name="Angle" value="133.709"/>
      <Property name="Filename" value="/Objects/shower_head.hs"/>
      <Property name="FluidType" value="Water"/>
      <Property name="NumberParticles" value="0"/>
      <Property name="ParticleSpeed" value="60"/>
      <Property name="ParticlesPerSecond" value="40"/>
      <Property name="Type" value="spout"/>
    </Properties>
  </Object>
  <Object name="Spout16">
    <AbsoluteLocation value="29.128313 -9.013037"/>
    <Properties>
      <Property name="Angle" value="810.722"/>
      <Property name="Filename" value="/Objects/shower_head.hs"/>
      <Property name="FluidType" value="Water"/>
      <Property name="NumberParticles" value="0"/>
      <Property name="ParticleSpeed" value="60"/>
      <Property name="ParticlesPerSecond" value="40"/>
      <Property name="Type" value="spout"/>
    </Properties>
  </Object>
  <Object name="Ducky18">
    <AbsoluteLocation value="-24.000000 -30.400000"/>
    <Properties>
      <Property name="Angle" value="0"/>
      <Property name="Filename" value="/Objects/star_steam_allie.hs"/>
      <Property name="StarType" value="allie"/>
      <Property name="Type" value="star"/>
    </Properties>
  </Object>
  <Object name="Ducky19">
    <AbsoluteLocation value="10.917233 6.968388"/>
    <Properties>
      <Property name="Angle" value="0"/>
      <Property name="Filename" value="/Objects/star_steam_allie.hs"/>
      <Property name="StarType" value="allie"/>
      <Property name="Type" value="star"/>
    </Properties>
  </Object>
  <Object name="Ducky20">
    <AbsoluteLocation value="-20.400000 32.000000"/>
    <Properties>
      <Property name="Angle" value="-2.96571"/>
      <Property name="Filename" value="/Objects/star_steam_allie.hs"/>
      <Property name="StarType" value="allie"/>
      <Property name="Type" value="star"/>
    </Properties>
  </Object>
  <Object name="YSwitch20">
    <AbsoluteLocation value="-25.248301 -9.960505"/>
    <Properties>
      <Property name="Angle" value="-398.658"/>
      <Property name="ConnectedSpout0" value="Spout18"/>
      <Property name="ConnectedSpout1" value="Spout12"/>
      <Property name="ConnectedSpoutProbability0" value="0.5"/>
      <Property name="ConnectedSpoutProbability1" value="0.5"/>
      <Property name="Filename" value="/Objects/pipe_y_switch_toggle.hs"/>
      <Property name="FirstLeftSpout" value="0"/>
      <Property name="FirstRightSpout" value="1"/>
      <Property name="Type" value="yswitch"/>
    </Properties>
  </Object>
  <Object name="YSwitch22">
    <AbsoluteLocation value="21.593416 -9.765570"/>
    <Properties>
      <Property name="Angle" value="-225.923"/>
      <Property name="ConnectedSpout0" value="Spout16"/>
      <Property name="ConnectedSpout1" value="Spout13"/>
      <Property name="ConnectedSpoutProbability0" value="0.5"/>
      <Property name="ConnectedSpoutProbability1" value="0.5"/>
      <Property name="Filename" value="/Objects/pipe_y_switch_toggle.hs"/>
      <Property name="FirstLeftSpout" value="0"/>
      <Property name="FirstRightSpout" value="1"/>
      <Property name="Type" value="yswitch"/>
      <Property name="YSwitchPosition" value="0"/>
    </Properties>
  </Object>
  <Object name="Object73">
    <AbsoluteLocation value="26.939077 13.373384"/>
    <Properties>
      <Property name="Angle" value="-170.055"/>
      <Property name="Filename" value="/Objects/pipe_elbow_2.hs"/>
    </Properties>
  </Object>
  <Object name="Object74">
    <AbsoluteLocation value="25.714163 15.219195"/>
    <Properties>
      <Property name="Angle" value="118.27"/>
      <Property name="Filename" value="/Objects/pipe_connector_end.hs"/>
    </Properties>
  </Object>
  <Object name="YSwitch69">
    <AbsoluteLocation value="-1.737251 -35.069580"/>
    <Properties>
      <Property name="Angle" value="-310"/>
      <Property name="ConnectedSpout0" value="Spout80"/>
      <Property name="ConnectedSpout1" value="Spout81"/>
      <Property name="ConnectedSpoutProbability0" value="0.5"/>
      <Property name="ConnectedSpoutProbability1" value="0.5"/>
      <Property name="Filename" value="/Objects/pipe_y_switch_toggle.hs"/>
      <Property name="FirstLeftSpout" value="0"/>
      <Property name="FirstRightSpout" value="1"/>
      <Property name="Parent" value="MovingSwitchBase"/>
      <Property name="Type" value="yswitch"/>
    </Properties>
  </Object>
  <Object name="Spout79">
    <AbsoluteLocation value="-7.803894 -30.665756"/>
    <Properties>
      <Property name="Angle" value="-310"/>
      <Property name="ConnectedSpout0" value="YSwitch69"/>
      <Property name="ConnectedSpoutProbability0" value="1"/>
      <Property name="Filename" value="/Objects/basic_drain.hs"/>
      <Property name="Parent" value="MovingSwitchBase"/>
      <Property name="Type" value="spout"/>
    </Properties>
  </Object>
  <Object name="Spout80">
    <AbsoluteLocation value="-4.000000 -42.400002"/>
    <Properties>
      <Property name="Angle" value="-185.232"/>
      <Property name="Filename" value="/Objects/shower_head.hs"/>
      <Property name="FluidType" value="Water"/>
      <Property name="NumberParticles" value="0"/>
      <Property name="Parent" value="MovingSwitchBase"/>
      <Property name="ParticleSpeed" value="30"/>
      <Property name="Type" value="spout"/>
    </Properties>
  </Object>
  <Object name="Spout81">
    <AbsoluteLocation value="5.691200 -31.769020"/>
    <Properties>
      <Property name="Angle" value="49.8253"/>
      <Property name="Filename" value="/Objects/shower_head.hs"/>
      <Property name="FluidType" value="Water"/>
      <Property name="NumberParticles" value="0"/>
      <Property name="Parent" value="MovingSwitchBase"/>
      <Property name="ParticleSpeed" value="60"/>
      <Property name="ParticlesPerSecond" value="40"/>
      <Property name="Type" value="spout"/>
    </Properties>
  </Object>
  <Object name="Spout82">
    <AbsoluteLocation value="16.766933 -20.243097"/>
    <Properties>
      <Property name="Angle" value="-221.491"/>
      <Property name="ConnectedSpout0" value="YSwitch22"/>
      <Property name="ConnectedSpoutProbability0" value="1"/>
      <Property name="Filename" value="/Objects/basic_drain.hs"/>
      <Property name="Type" value="spout"/>
    </Properties>
  </Object>
  <Object name="Spout83">
    <AbsoluteLocation value="0.000000 6.800000"/>
    <Properties>
      <Property name="Angle" value="-540.241"/>
      <Property name="ConnectedSpout0" value="Spout17"/>
      <Property name="ConnectedSpoutProbability0" value="1"/>
      <Property name="Filename" value="/Objects/basic_drain.hs"/>
      <Property name="Type" value="spout"/>
    </Properties>
  </Object>
  <Object name="Switch42">
    <AbsoluteLocation value="-1.397887 28.002981"/>
    <Properties>
      <Property name="Angle" value="-281.031"/>
      <Property name="ConnectedObject0" value="Object43"/>
      <Property name="Filename" value="/Objects/switch_fan3.hs"/>
      <Property name="Type" value="switch"/>
    </Properties>
  </Object>
  <Object name="Object43">
    <AbsoluteLocation value="22.322416 -29.909691"/>
    <Properties>
      <Property name="Angle" value="-180"/>
      <Property name="Filename" value="/Objects/wall_16x8_blue.hs"/>
      <Property name="PathPos0" value="0 0"/>
      <Property name="PathPos1" value="20 0"/>
    </Properties>
  </Object>
  <Object name="Spout18">
    <AbsoluteLocation value="-29.325045 2.965160"/>
    <Properties>
      <Property name="Angle" value="90.1866"/>
      <Property name="Filename" value="/Objects/shower_head.hs"/>
      <Property name="FluidType" value="Water"/>
      <Property name="NumberParticles" value="0"/>
      <Property name="ParticleSpeed" value="60"/>
      <Property name="ParticlesPerSecond" value="40"/>
      <Property name="Type" value="spout"/>
    </Properties>
  </Object>
  <Object name="Spout17">
    <AbsoluteLocation value="-6.501802 12.550167"/>
    <Properties>
      <Property name="Angle" value="229.867"/>
      <Property name="Filename" value="/Objects/shower_head.hs"/>
      <Property name="FluidType" value="Water"/>
      <Property name="NumberParticles" value="0"/>
      <Property name="ParticleSpeed" value="60"/>
      <Property name="Type" value="spout"/>
    </Properties>
  </Object>
  <Object name="Object80">
    <AbsoluteLocation value="30.077442 -29.937307"/>
    <Properties>
      <Property name="Angle" value="0"/>
      <Property name="Filename" value="/Objects/path_locking_end_right.hs"/>
    </Properties>
  </Object>
  <Object name="Object82">
    <AbsoluteLocation value="21.077442 -29.937307"/>
    <Properties>
      <Property name="Angle" value="0"/>
      <Property name="Filename" value="/Objects/path_locking_end.hs"/>
    </Properties>
  </Object>
  <Object name="Object83">
    <AbsoluteLocation value="25.677441 -29.937307"/>
    <Properties>
      <Property name="Angle" value="0"/>
      <Property name="Filename" value="/Objects/path_locking_mid.hs"/>
    </Properties>
  </Object>
  <Object name="Object85">
    <AbsoluteLocation value="2.281797 -22.364218"/>
    <Properties>
      <Property name="Angle" value="-400.978"/>
      <Property name="Filename" value="/Objects/pipe_spout_base.hs"/>
      <Property name="Parent" value="Object86"/>
    </Properties>
  </Object>
  <Object name="Spout22">
    <AbsoluteLocation value="5.795698 12.995310"/>
    <Properties>
      <Property name="Angle" value="-494.571"/>
      <Property name="ConnectedSpout0" value="Spout17"/>
      <Property name="ConnectedSpoutProbability0" value="1"/>
      <Property name="Filename" value="/Objects/basic_drain.hs"/>
      <Property name="Type" value="spout"/>
    </Properties>
  </Object>
  <Object name="Object90">
    <AbsoluteLocation value="-1.160654 15.419626"/>
    <Properties>
      <Property name="Angle" value="-269.473"/>
      <Property name="Filename" value="/Objects/pipe_t_joint.hs"/>
    </Properties>
  </Object>
  <Object name="Object86">
    <AbsoluteLocation value="0.264887 -25.073734"/>
    <Properties>
      <Property name="Angle" value="-40.0761"/>
      <Property name="Filename" value="/Objects/wall_8x8.hs"/>
      <Property name="MotorWaitTime" value="1"/>
      <Property name="MotorWaitTurn" value="80"/>
      <Property name="PathPos0" value="0 0"/>
      <Property name="PathPos1" value="0 0"/>
    </Properties>
  </Object>
  <Object name="Switch97">
    <AbsoluteLocation value="-29.429428 -41.824142"/>
    <Properties>
      <Property name="Angle" value="-75.509"/>
      <Property name="ConnectedObject0" value="Object86"/>
      <Property name="Filename" value="/Objects/switch.hs"/>
      <Property name="Type" value="switch"/>
    </Properties>
  </Object>
  <Object name="Spout63">
    <AbsoluteLocation value="4.368928 -19.795351"/>
    <Properties>
      <Property name="Angle" value="-398.594"/>
      <Property name="ConnectedSpout0" value="Spout65"/>
      <Property name="ConnectedSpoutProbability0" value="1"/>
      <Property name="Filename" value="/Objects/basic_drain.hs"/>
      <Property name="Parent" value="Object86"/>
      <Property name="Type" value="spout"/>
    </Properties>
  </Object>
  <Object name="Spout65">
    <AbsoluteLocation value="0.041847 -1.493267"/>
    <Properties>
      <Property name="Angle" value="90.6924"/>
      <Property name="Filename" value="/Objects/touch_spout_generic.hs"/>
      <Property name="FluidType" value="Water"/>
      <Property name="Type" value="spout"/>
    </Properties>
  </Object>
  <Object name="Object58">
    <AbsoluteLocation value="3.011847 17.727175"/>
    <Properties>
      <Property name="Angle" value="-435.317"/>
      <Property name="Filename" value="/Objects/pipe_straight_short.hs"/>
    </Properties>
  </Object>
  <Object name="Object61">
    <AbsoluteLocation value="1.829934 20.226963"/>
    <Properties>
      <Property name="Angle" value="7.99588"/>
      <Property name="Filename" value="/Objects/pipe_elbow_1.hs"/>
    </Properties>
  </Object>
  <Room>
    <AbsoluteLocation value="17.200003 25.999998"/>
  </Room>
</Objects>
