<?xml version="1.0"?>
<Objects>
  <Object name="Object35">
    <AbsoluteLocation value="-28.844296 -6.734019"/>
    <Properties>
      <Property name="Angle" value="90"/>
      <Property name="Filename" value="/Objects/pipe_elbow_1.hs"/>
    </Properties>
  </Object>
  <Object name="Object59">
    <AbsoluteLocation value="-26.421965 -1.664062"/>
    <Properties>
      <Property name="Angle" value="263.927"/>
      <Property name="Filename" value="/Objects/pipe_straight_short.hs"/>
    </Properties>
  </Object>
  <Object name="Object75">
    <AbsoluteLocation value="-4.012938 35.752270"/>
    <Properties>
      <Property name="Angle" value="88.0346"/>
      <Property name="Filename" value="/Objects/pipe_bend_1.hs"/>
    </Properties>
  </Object>
  <Object name="Object68">
    <AbsoluteLocation value="7.204888 15.523596"/>
    <Properties>
      <Property name="Angle" value="-45.2414"/>
      <Property name="Filename" value="/Objects/pipe_bend_2.hs"/>
    </Properties>
  </Object>
  <Object name="Object65">
    <AbsoluteLocation value="0.793437 -45.230766"/>
    <Properties>
      <Property name="Angle" value="-352.338"/>
      <Property name="Filename" value="/Objects/pipe_straight_long.hs"/>
    </Properties>
  </Object>
  <Object name="Object62">
    <AbsoluteLocation value="-27.278685 -6.427042"/>
    <Properties>
      <Property name="Angle" value="-1.71887"/>
      <Property name="Filename" value="/Objects/pipe_bend_2.hs"/>
    </Properties>
  </Object>
  <Object name="Object53">
    <AbsoluteLocation value="-9.617439 -36.405190"/>
    <Properties>
      <Property name="Angle" value="0"/>
      <Property name="Filename" value="/Objects/path_locking_mid.hs"/>
    </Properties>
  </Object>
  <Object name="Object32">
    <AbsoluteLocation value="-3.296644 44.715061"/>
    <Properties>
      <Property name="Angle" value="90.317"/>
      <Property name="Filename" value="/Objects/pipe_elbow_1.hs"/>
    </Properties>
  </Object>
  <Object name="Object23">
    <AbsoluteLocation value="3.369627 19.884361"/>
    <Properties>
      <Property name="Angle" value="-45.3858"/>
      <Property name="Filename" value="/Objects/pipe_straight_long.hs"/>
    </Properties>
  </Object>
  <Object name="Spout2">
    <AbsoluteLocation value="-4.071672 42.211319"/>
    <Properties>
      <Property name="Angle" value="180"/>
      <Property name="ConnectedSpout0" value="SWAMPY_SPOUT"/>
      <Property name="ConnectedSpoutProbability0" value="1"/>
      <Property name="Filename" value="/Objects/broken_pipe_allie.hs"/>
      <Property name="Type" value="spout"/>
    </Properties>
  </Object>
  <Object name="Object3">
    <AbsoluteLocation value="-12.987275 -36.501938"/>
    <Properties>
      <Property name="Angle" value="-180"/>
      <Property name="Filename" value="/Objects/wall_24x8_pivot.hs"/>
      <Property name="MotorMoveSpeed" value="20"/>
      <Property name="PathPos0" value="0 0"/>
      <Property name="PathPos1" value="20 0"/>
    </Properties>
  </Object>
  <Object name="Bomb4">
    <AbsoluteLocation value="-30.680016 23.853752"/>
    <Properties>
      <Property name="Angle" value="0"/>
      <Property name="Filename" value="/Objects/bomb.hs"/>
      <Property name="Type" value="bomb"/>
    </Properties>
  </Object>
  <Object name="Bomb5">
    <AbsoluteLocation value="-0.541119 14.048683"/>
    <Properties>
      <Property name="Angle" value="32.2585"/>
      <Property name="Filename" value="/Objects/bomb.hs"/>
      <Property name="Type" value="bomb"/>
    </Properties>
  </Object>
  <Object name="Bomb7">
    <AbsoluteLocation value="19.358139 8.467384"/>
    <Properties>
      <Property name="Angle" value="-24.4639"/>
      <Property name="Filename" value="/Objects/bomb.hs"/>
      <Property name="Type" value="bomb"/>
    </Properties>
  </Object>
  <Object name="Switch8">
    <AbsoluteLocation value="15.196991 -32.118500"/>
    <Properties>
      <Property name="Angle" value="-48.8806"/>
      <Property name="ConnectedObject0" value="Object15"/>
      <Property name="ConnectedObject1" value="Object3"/>
      <Property name="Filename" value="/Objects/switch.hs"/>
      <Property name="Type" value="switch"/>
    </Properties>
  </Object>
  <Object name="Bomb9">
    <AbsoluteLocation value="5.805843 -18.965149"/>
    <Properties>
      <Property name="Angle" value="0"/>
      <Property name="Filename" value="/Objects/bomb.hs"/>
      <Property name="Type" value="bomb"/>
    </Properties>
  </Object>
  <Object name="Bomb10">
    <AbsoluteLocation value="17.830502 -18.625843"/>
    <Properties>
      <Property name="Angle" value="0"/>
      <Property name="Filename" value="/Objects/bomb.hs"/>
      <Property name="Type" value="bomb"/>
    </Properties>
  </Object>
  <Object name="Bomb11">
    <AbsoluteLocation value="-20.067947 3.347626"/>
    <Properties>
      <Property name="Angle" value="22.4246"/>
      <Property name="Filename" value="/Objects/bomb.hs"/>
      <Property name="Type" value="bomb"/>
    </Properties>
  </Object>
  <Object name="Bomb13">
    <AbsoluteLocation value="-4.680496 -16.477341"/>
    <Properties>
      <Property name="Angle" value="-24.2515"/>
      <Property name="Filename" value="/Objects/bomb.hs"/>
      <Property name="Type" value="bomb"/>
    </Properties>
  </Object>
  <Object name="Object15">
    <AbsoluteLocation value="-4.295551 -26.128822"/>
    <Properties>
      <Property name="Angle" value="-225.837"/>
      <Property name="Filename" value="/Objects/wall_16x8.hs"/>
      <Property name="MotorMoveSpeed" value="20"/>
      <Property name="PathPos0" value="0 0"/>
      <Property name="PathPos1" value="-6 6"/>
    </Properties>
  </Object>
  <Object name="Spout16">
    <AbsoluteLocation value="7.457148 12.727951"/>
    <Properties>
      <Property name="Angle" value="-179.958"/>
      <Property name="ConnectedSpout0" value="Spout17"/>
      <Property name="ConnectedSpoutProbability0" value="1"/>
      <Property name="Filename" value="/Objects/basic_drain.hs"/>
      <Property name="Type" value="spout"/>
    </Properties>
  </Object>
  <Object name="Spout17">
    <AbsoluteLocation value="-0.461960 24.766665"/>
    <Properties>
      <Property name="Angle" value="112.068"/>
      <Property name="Filename" value="/Objects/shower_head.hs"/>
      <Property name="FluidType" value="Water"/>
      <Property name="NumberParticles" value="0"/>
      <Property name="ParticleSpeed" value="30"/>
      <Property name="Type" value="spout"/>
    </Properties>
  </Object>
  <Object name="Ducky18">
    <AbsoluteLocation value="-13.600000 29.600000"/>
    <Properties>
      <Property name="Angle" value="0"/>
      <Property name="Filename" value="/Objects/star_steam_allie.hs"/>
      <Property name="StarType" value="allie"/>
      <Property name="Type" value="star"/>
    </Properties>
  </Object>
  <Object name="Ducky19">
    <AbsoluteLocation value="-23.181955 -28.398561"/>
    <Properties>
      <Property name="Angle" value="-1.24178"/>
      <Property name="Filename" value="/Objects/star_steam_allie.hs"/>
      <Property name="StarType" value="allie"/>
      <Property name="Type" value="star"/>
    </Properties>
  </Object>
  <Object name="Ducky20">
    <AbsoluteLocation value="26.799999 9.600000"/>
    <Properties>
      <Property name="Angle" value="0"/>
      <Property name="Filename" value="/Objects/star_steam_allie.hs"/>
      <Property name="StarType" value="allie"/>
      <Property name="Type" value="star"/>
    </Properties>
  </Object>
  <Object name="Spout21">
    <AbsoluteLocation value="-25.449331 -7.813850"/>
    <Properties>
      <Property name="Angle" value="-138.259"/>
      <Property name="ConnectedSpout0" value="Spout22"/>
      <Property name="ConnectedSpoutProbability0" value="1"/>
      <Property name="Filename" value="/Objects/basic_drain.hs"/>
      <Property name="Type" value="spout"/>
    </Properties>
  </Object>
  <Object name="Object29">
    <AbsoluteLocation value="-23.904789 -4.410567"/>
    <Properties>
      <Property name="Angle" value="-7.027"/>
      <Property name="Filename" value="/Objects/pipe_straight.hs"/>
    </Properties>
  </Object>
  <Object name="Object38">
    <AbsoluteLocation value="-29.588474 -21.029984"/>
    <Properties>
      <Property name="Angle" value="90"/>
      <Property name="Filename" value="/Objects/pipe_straight_long.hs"/>
    </Properties>
  </Object>
  <Object name="Object43">
    <AbsoluteLocation value="-29.594660 -30.539555"/>
    <Properties>
      <Property name="Angle" value="90"/>
      <Property name="Filename" value="/Objects/pipe_straight_long.hs"/>
    </Properties>
  </Object>
  <Object name="Object44">
    <AbsoluteLocation value="-28.929070 -45.981087"/>
    <Properties>
      <Property name="Angle" value="180"/>
      <Property name="Filename" value="/Objects/pipe_elbow_1.hs"/>
    </Properties>
  </Object>
  <Object name="Object40">
    <AbsoluteLocation value="-27.458143 -46.607048"/>
    <Properties>
      <Property name="Angle" value="-360"/>
      <Property name="Filename" value="/Objects/pipe_into_wall_2.hs"/>
    </Properties>
  </Object>
  <Object name="Object49">
    <AbsoluteLocation value="-19.154652 -36.401421"/>
    <Properties>
      <Property name="Angle" value="0"/>
      <Property name="Filename" value="/Objects/path_locking_end.hs"/>
    </Properties>
  </Object>
  <Object name="Object51">
    <AbsoluteLocation value="-14.452606 -36.398354"/>
    <Properties>
      <Property name="Angle" value="0"/>
      <Property name="Filename" value="/Objects/path_locking_mid.hs"/>
    </Properties>
  </Object>
  <Object name="Object54">
    <AbsoluteLocation value="0.002112 -36.434898"/>
    <Properties>
      <Property name="Angle" value="0"/>
      <Property name="Filename" value="/Objects/path_locking_mid.hs"/>
    </Properties>
  </Object>
  <Object name="Object55">
    <AbsoluteLocation value="-4.818045 -36.401440"/>
    <Properties>
      <Property name="Angle" value="0"/>
      <Property name="Filename" value="/Objects/path_locking_mid.hs"/>
    </Properties>
  </Object>
  <Object name="Object56">
    <AbsoluteLocation value="4.838557 -36.394943"/>
    <Properties>
      <Property name="Angle" value="0"/>
      <Property name="Filename" value="/Objects/path_locking_end_right.hs"/>
    </Properties>
  </Object>
  <Object name="Object57">
    <AbsoluteLocation value="-5.166068 -25.736521"/>
    <Properties>
      <Property name="Angle" value="-45.788"/>
      <Property name="Filename" value="/Objects/path_locking_end_right.hs"/>
    </Properties>
  </Object>
  <Object name="Object60">
    <AbsoluteLocation value="-8.614016 -22.190460"/>
    <Properties>
      <Property name="Angle" value="-45.788"/>
      <Property name="Filename" value="/Objects/path_locking_mid.hs"/>
    </Properties>
  </Object>
  <Object name="Object61">
    <AbsoluteLocation value="-11.961124 -18.749987"/>
    <Properties>
      <Property name="Angle" value="-45.788"/>
      <Property name="Filename" value="/Objects/path_locking_end.hs"/>
    </Properties>
  </Object>
  <Object name="Spout61">
    <AbsoluteLocation value="-26.370783 1.043594"/>
    <Properties>
      <Property name="Angle" value="-359.441"/>
      <Property name="ConnectedSpout0" value="Spout62"/>
      <Property name="ConnectedSpoutProbability0" value="1"/>
      <Property name="Filename" value="/Objects/basic_drain.hs"/>
      <Property name="Type" value="spout"/>
    </Properties>
  </Object>
  <Object name="Spout62">
    <AbsoluteLocation value="-19.943974 -4.852325"/>
    <Properties>
      <Property name="Angle" value="1.8756"/>
      <Property name="Filename" value="/Objects/shower_head.hs"/>
      <Property name="FluidType" value="Water"/>
      <Property name="NumberParticles" value="0"/>
      <Property name="ParticleSpeed" value="50"/>
      <Property name="Type" value="spout"/>
    </Properties>
  </Object>
  <Object name="Object63">
    <AbsoluteLocation value="-29.618614 -39.904819"/>
    <Properties>
      <Property name="Angle" value="90"/>
      <Property name="Filename" value="/Objects/pipe_straight_long.hs"/>
    </Properties>
  </Object>
  <Object name="Object64">
    <AbsoluteLocation value="10.183681 -44.052666"/>
    <Properties>
      <Property name="Angle" value="-353.632"/>
      <Property name="Filename" value="/Objects/pipe_straight_long.hs"/>
    </Properties>
  </Object>
  <Object name="Bomb51">
    <AbsoluteLocation value="-11.142529 -43.953423"/>
    <Properties>
      <Property name="Angle" value="0"/>
      <Property name="Filename" value="/Objects/bomb.hs"/>
      <Property name="Type" value="bomb"/>
    </Properties>
  </Object>
  <Object name="Spout22">
    <AbsoluteLocation value="16.243374 -43.099159"/>
    <Properties>
      <Property name="Angle" value="30.8353"/>
      <Property name="Filename" value="/Objects/shower_head.hs"/>
      <Property name="FluidType" value="Water"/>
      <Property name="NumberParticles" value="0"/>
      <Property name="ParticleSpeed" value="30"/>
      <Property name="Type" value="spout"/>
    </Properties>
  </Object>
  <Object name="Object67">
    <AbsoluteLocation value="-4.770594 -46.012634"/>
    <Properties>
      <Property name="Angle" value="-532.835"/>
      <Property name="Filename" value="/Objects/pipe_into_wall_2.hs"/>
    </Properties>
  </Object>
  <Object name="Object74">
    <AbsoluteLocation value="3.955100 41.443642"/>
    <Properties>
      <Property name="Angle" value="-90.6863"/>
      <Property name="Filename" value="/Objects/pipe_bend_2.hs"/>
    </Properties>
  </Object>
  <Object name="Object69">
    <AbsoluteLocation value="-0.101125 38.521259"/>
    <Properties>
      <Property name="Angle" value="-146.246"/>
      <Property name="Filename" value="/Objects/pipe_straight_long.hs"/>
    </Properties>
  </Object>
  <Object name="Object76">
    <AbsoluteLocation value="-4.318783 34.441883"/>
    <Properties>
      <Property name="Angle" value="138.049"/>
      <Property name="Filename" value="/Objects/pipe_bend_1.hs"/>
    </Properties>
  </Object>
  <Object name="Object72">
    <AbsoluteLocation value="-0.426681 31.037756"/>
    <Properties>
      <Property name="Angle" value="-37.1165"/>
      <Property name="Filename" value="/Objects/pipe_straight_long.hs"/>
    </Properties>
  </Object>
  <Object name="Object30">
    <AbsoluteLocation value="3.967075 28.086697"/>
    <Properties>
      <Property name="Angle" value="-20.9683"/>
      <Property name="Filename" value="/Objects/pipe_connector_end.hs"/>
    </Properties>
  </Object>
  <Object name="Object77">
    <AbsoluteLocation value="4.307163 43.571999"/>
    <Properties>
      <Property name="Angle" value="-90.3175"/>
      <Property name="Filename" value="/Objects/pipe_straight_short.hs"/>
    </Properties>
  </Object>
  <Object name="Object33">
    <AbsoluteLocation value="-0.109734 45.396858"/>
    <Properties>
      <Property name="Angle" value="-0.0513718"/>
      <Property name="Filename" value="/Objects/pipe_straight.hs"/>
    </Properties>
  </Object>
  <Object name="Object66">
    <AbsoluteLocation value="-29.560789 -12.074118"/>
    <Properties>
      <Property name="Angle" value="90"/>
      <Property name="Filename" value="/Objects/pipe_straight_long.hs"/>
    </Properties>
  </Object>
  <Object name="Bomb58">
    <AbsoluteLocation value="-14.926365 37.685604"/>
    <Properties>
      <Property name="Angle" value="22.4246"/>
      <Property name="Filename" value="/Objects/bomb.hs"/>
      <Property name="Type" value="bomb"/>
    </Properties>
  </Object>
  <Object name="Object70">
    <AbsoluteLocation value="-25.942902 -3.494972"/>
    <Properties>
      <Property name="Angle" value="173.172"/>
      <Property name="Filename" value="/Objects/pipe_elbow_2.hs"/>
    </Properties>
  </Object>
  <Object name="Object73">
    <AbsoluteLocation value="3.632958 44.706272"/>
    <Properties>
      <Property name="Angle" value="-0.419651"/>
      <Property name="Filename" value="/Objects/pipe_elbow_1.hs"/>
    </Properties>
  </Object>
  <Room>
    <AbsoluteLocation value="18.000002 27.599998"/>
  </Room>
</Objects>
