<?xml version="1.0"?>
<Objects>
  <Object name="Object64">
    <AbsoluteLocation value="-24.993563 -9.781047"/>
    <Properties>
      <Property name="Angle" value="-354.725"/>
      <Property name="Filename" value="/Objects/pipe_straight_short.hs"/>
    </Properties>
  </Object>
  <Object name="Object63">
    <AbsoluteLocation value="-18.035191 30.472992"/>
    <Properties>
      <Property name="Angle" value="-267.26"/>
      <Property name="Filename" value="/Objects/pipe_straight_short.hs"/>
    </Properties>
  </Object>
  <Object name="Object58">
    <AbsoluteLocation value="30.062500 20.656250"/>
    <Properties>
      <Property name="Angle" value="-79.8376"/>
      <Property name="Filename" value="/Objects/pipe_bend_2.hs"/>
    </Properties>
  </Object>
  <Object name="Object52">
    <AbsoluteLocation value="-14.858335 -9.230343"/>
    <Properties>
      <Property name="Angle" value="88.9965"/>
      <Property name="Filename" value="/Objects/pipe_elbow_1.hs"/>
    </Properties>
  </Object>
  <Object name="Object49">
    <AbsoluteLocation value="-14.930862 7.951481"/>
    <Properties>
      <Property name="Angle" value="3.20141"/>
      <Property name="Filename" value="/Objects/pipe_straight_short.hs"/>
    </Properties>
  </Object>
  <Object name="Object51">
    <AbsoluteLocation value="-16.147764 27.311413"/>
    <Properties>
      <Property name="Angle" value="-207.053"/>
      <Property name="Filename" value="/Objects/pipe_straight_short.hs"/>
    </Properties>
  </Object>
  <Object name="Object47">
    <AbsoluteLocation value="9.187500 11.062500"/>
    <Properties>
      <Property name="Angle" value="5.23481"/>
      <Property name="Filename" value="/Objects/pipe_straight_short.hs"/>
    </Properties>
  </Object>
  <Object name="Object45">
    <AbsoluteLocation value="10.236200 10.463100"/>
    <Properties>
      <Property name="Angle" value="4.44932"/>
      <Property name="Filename" value="/Objects/pipe_elbow_1.hs"/>
    </Properties>
  </Object>
  <Object name="Object41">
    <AbsoluteLocation value="-10.308506 8.441494"/>
    <Properties>
      <Property name="Angle" value="8.22812"/>
      <Property name="Filename" value="/Objects/pipe_straight.hs"/>
    </Properties>
  </Object>
  <Object name="Object38">
    <AbsoluteLocation value="-26.724232 9.186487"/>
    <Properties>
      <Property name="Angle" value="-195.551"/>
      <Property name="Filename" value="/Objects/pipe_elbow_2.hs"/>
    </Properties>
  </Object>
  <Object name="Object29">
    <AbsoluteLocation value="-3.793947 0.869350"/>
    <Properties>
      <Property name="Angle" value="29.6711"/>
      <Property name="Filename" value="/Objects/pipe_elbow_1.hs"/>
    </Properties>
  </Object>
  <Object name="Object24">
    <AbsoluteLocation value="-26.341110 -9.258256"/>
    <Properties>
      <Property name="Angle" value="-173.617"/>
      <Property name="Filename" value="/Objects/pipe_elbow_2.hs"/>
    </Properties>
  </Object>
  <Object name="Object22">
    <AbsoluteLocation value="28.781254 23.062494"/>
    <Properties>
      <Property name="Angle" value="-28.615"/>
      <Property name="Filename" value="/Objects/pipe_straight_short.hs"/>
    </Properties>
  </Object>
  <Object name="Spout4">
    <AbsoluteLocation value="29.343750 18.656250"/>
    <Properties>
      <Property name="Angle" value="-206.546"/>
      <Property name="ConnectedSpout0" value="SWAMPY_SPOUT"/>
      <Property name="ConnectedSpoutProbability0" value="1"/>
      <Property name="Filename" value="/Objects/broken_pipe_allie.hs"/>
      <Property name="Type" value="spout"/>
    </Properties>
  </Object>
  <Object name="Ducky3">
    <AbsoluteLocation value="-18.512655 3.563831"/>
    <Properties>
      <Property name="Angle" value="0"/>
      <Property name="Filename" value="/Objects/star_steam_allie.hs"/>
      <Property name="StarType" value="allie"/>
      <Property name="Type" value="star"/>
    </Properties>
  </Object>
  <Object name="Ducky4">
    <AbsoluteLocation value="-18.800001 20.800001"/>
    <Properties>
      <Property name="Angle" value="0"/>
      <Property name="Filename" value="/Objects/star_steam_allie.hs"/>
      <Property name="StarType" value="allie"/>
      <Property name="Type" value="star"/>
    </Properties>
  </Object>
  <Object name="Ducky5">
    <AbsoluteLocation value="-18.000000 38.400002"/>
    <Properties>
      <Property name="Angle" value="0"/>
      <Property name="Filename" value="/Objects/star_steam_allie.hs"/>
      <Property name="StarType" value="allie"/>
      <Property name="Type" value="star"/>
    </Properties>
  </Object>
  <Object name="Object13">
    <AbsoluteLocation value="18.801128 20.219940"/>
    <Properties>
      <Property name="Angle" value="-122.044"/>
      <Property name="Filename" value="/Objects/pipe_elbow_2.hs"/>
    </Properties>
  </Object>
  <Object name="Object14">
    <AbsoluteLocation value="21.329950 21.869354"/>
    <Properties>
      <Property name="Angle" value="61.4226"/>
      <Property name="Filename" value="/Objects/pipe_elbow_1.hs"/>
    </Properties>
  </Object>
  <Object name="Object15">
    <AbsoluteLocation value="26.923700 23.306854"/>
    <Properties>
      <Property name="Angle" value="61.4226"/>
      <Property name="Filename" value="/Objects/pipe_elbow_1.hs"/>
    </Properties>
  </Object>
  <Object name="Object16">
    <AbsoluteLocation value="24.394878 21.657440"/>
    <Properties>
      <Property name="Angle" value="-122.044"/>
      <Property name="Filename" value="/Objects/pipe_elbow_2.hs"/>
    </Properties>
  </Object>
  <Object name="Object20">
    <AbsoluteLocation value="30.000000 22.031250"/>
    <Properties>
      <Property name="Angle" value="-26.9546"/>
      <Property name="Filename" value="/Objects/pipe_bend_2.hs"/>
    </Properties>
  </Object>
  <Object name="Spout16">
    <AbsoluteLocation value="-15.187500 -12.468750"/>
    <Properties>
      <Property name="Angle" value="-166.406"/>
      <Property name="ConnectedSpout0" value="Spout19"/>
      <Property name="ConnectedSpoutProbability0" value="1"/>
      <Property name="Filename" value="/Objects/basic_drain.hs"/>
      <Property name="Type" value="spout"/>
    </Properties>
  </Object>
  <Object name="Spout17">
    <AbsoluteLocation value="-1.906250 -2.125000"/>
    <Properties>
      <Property name="Angle" value="-165.644"/>
      <Property name="ConnectedSpout0" value="Spout21"/>
      <Property name="ConnectedSpoutProbability0" value="1"/>
      <Property name="Filename" value="/Objects/basic_drain.hs"/>
      <Property name="Type" value="spout"/>
    </Properties>
  </Object>
  <Object name="Spout18">
    <AbsoluteLocation value="11.375000 7.656250"/>
    <Properties>
      <Property name="Angle" value="-174.759"/>
      <Property name="ConnectedSpout0" value="Spout20"/>
      <Property name="ConnectedSpoutProbability0" value="1"/>
      <Property name="Filename" value="/Objects/basic_drain.hs"/>
      <Property name="Type" value="spout"/>
    </Properties>
  </Object>
  <Object name="Spout20">
    <AbsoluteLocation value="-26.249960 11.967991"/>
    <Properties>
      <Property name="Angle" value="62.3117"/>
      <Property name="Filename" value="/Objects/shower_head.hs"/>
      <Property name="FluidType" value="Water"/>
      <Property name="NumberParticles" value="0"/>
      <Property name="Type" value="spout"/>
    </Properties>
  </Object>
  <Object name="Object25">
    <AbsoluteLocation value="-15.106159 -6.333183"/>
    <Properties>
      <Property name="Angle" value="26.8095"/>
      <Property name="Filename" value="/Objects/pipe_straight.hs"/>
    </Properties>
  </Object>
  <Object name="Object27">
    <AbsoluteLocation value="-7.842648 -1.061398"/>
    <Properties>
      <Property name="Angle" value="36.5765"/>
      <Property name="Filename" value="/Objects/pipe_straight.hs"/>
    </Properties>
  </Object>
  <Object name="Object31">
    <AbsoluteLocation value="-6.005537 0.736246"/>
    <Properties>
      <Property name="Angle" value="85.5812"/>
      <Property name="Filename" value="/Objects/pipe_straight.hs"/>
    </Properties>
  </Object>
  <Object name="Object32">
    <AbsoluteLocation value="-5.901452 6.712519"/>
    <Properties>
      <Property name="Angle" value="92.0258"/>
      <Property name="Filename" value="/Objects/pipe_straight.hs"/>
    </Properties>
  </Object>
  <Object name="Object33">
    <AbsoluteLocation value="-6.690759 12.371332"/>
    <Properties>
      <Property name="Angle" value="102.496"/>
      <Property name="Filename" value="/Objects/pipe_straight.hs"/>
    </Properties>
  </Object>
  <Object name="Object39">
    <AbsoluteLocation value="-19.556610 7.904045"/>
    <Properties>
      <Property name="Angle" value="-0.416678"/>
      <Property name="Filename" value="/Objects/pipe_straight.hs"/>
    </Properties>
  </Object>
  <Object name="Object42">
    <AbsoluteLocation value="-4.244675 9.128990"/>
    <Properties>
      <Property name="Angle" value="4.94151"/>
      <Property name="Filename" value="/Objects/pipe_straight.hs"/>
    </Properties>
  </Object>
  <Object name="Object43">
    <AbsoluteLocation value="1.819149 9.910244"/>
    <Properties>
      <Property name="Angle" value="9.68399"/>
      <Property name="Filename" value="/Objects/pipe_straight.hs"/>
    </Properties>
  </Object>
  <Object name="Object46">
    <AbsoluteLocation value="6.226734 10.658913"/>
    <Properties>
      <Property name="Angle" value="10.2821"/>
      <Property name="Filename" value="/Objects/pipe_straight_short.hs"/>
    </Properties>
  </Object>
  <Object name="Object48">
    <AbsoluteLocation value="-24.119110 8.060295"/>
    <Properties>
      <Property name="Angle" value="-4.18742"/>
      <Property name="Filename" value="/Objects/pipe_straight_short.hs"/>
    </Properties>
  </Object>
  <Object name="Object44">
    <AbsoluteLocation value="-11.486544 -4.003393"/>
    <Properties>
      <Property name="Angle" value="-317.349"/>
      <Property name="Filename" value="/Objects/pipe_straight_short.hs"/>
    </Properties>
  </Object>
  <Object name="Object53">
    <AbsoluteLocation value="-12.795499 -8.551311"/>
    <Properties>
      <Property name="Angle" value="-137.586"/>
      <Property name="Filename" value="/Objects/pipe_bend_1.hs"/>
    </Properties>
  </Object>
  <Object name="Object54">
    <AbsoluteLocation value="-9.542354 -5.987625"/>
    <Properties>
      <Property name="Angle" value="43.5289"/>
      <Property name="Filename" value="/Objects/pipe_straight.hs"/>
    </Properties>
  </Object>
  <Object name="Object55">
    <AbsoluteLocation value="-6.669847 -3.216941"/>
    <Properties>
      <Property name="Angle" value="-94.2236"/>
      <Property name="Filename" value="/Objects/pipe_bend_1.hs"/>
    </Properties>
  </Object>
  <Object name="Object56">
    <AbsoluteLocation value="16.687500 20.718750"/>
    <Properties>
      <Property name="Angle" value="-217.565"/>
      <Property name="Filename" value="/Objects/pipe_connector_end.hs"/>
    </Properties>
  </Object>
  <Object name="Object57">
    <AbsoluteLocation value="-17.692343 28.541906"/>
    <Properties>
      <Property name="Angle" value="-210.186"/>
      <Property name="Filename" value="/Objects/pipe_bend_2.hs"/>
    </Properties>
  </Object>
  <Object name="Spout19">
    <AbsoluteLocation value="-17.934515 32.598854"/>
    <Properties>
      <Property name="Angle" value="89.6675"/>
      <Property name="Filename" value="/Objects/shower_head.hs"/>
      <Property name="FluidType" value="Water"/>
      <Property name="NumberParticles" value="0"/>
      <Property name="Type" value="spout"/>
    </Properties>
  </Object>
  <Object name="Object59">
    <AbsoluteLocation value="-9.408097 21.710026"/>
    <Properties>
      <Property name="Angle" value="-24.7228"/>
      <Property name="Filename" value="/Objects/pipe_bend_1.hs"/>
    </Properties>
  </Object>
  <Object name="Object60">
    <AbsoluteLocation value="-11.536167 23.158514"/>
    <Properties>
      <Property name="Angle" value="-206.308"/>
      <Property name="Filename" value="/Objects/pipe_straight_short.hs"/>
    </Properties>
  </Object>
  <Object name="Object61">
    <AbsoluteLocation value="-13.602633 24.562313"/>
    <Properties>
      <Property name="Angle" value="-207.829"/>
      <Property name="Filename" value="/Objects/pipe_bend_2.hs"/>
    </Properties>
  </Object>
  <Object name="Object62">
    <AbsoluteLocation value="-14.225232 25.915569"/>
    <Properties>
      <Property name="Angle" value="-27.5101"/>
      <Property name="Filename" value="/Objects/pipe_bend_1.hs"/>
    </Properties>
  </Object>
  <Object name="Object34">
    <AbsoluteLocation value="-8.239925 18.392076"/>
    <Properties>
      <Property name="Angle" value="106.595"/>
      <Property name="Filename" value="/Objects/pipe_straight.hs"/>
    </Properties>
  </Object>
  <Object name="Object50">
    <AbsoluteLocation value="-20.818077 -8.680832"/>
    <Properties>
      <Property name="Angle" value="17.8459"/>
      <Property name="Filename" value="/Objects/pipe_straight.hs"/>
    </Properties>
  </Object>
  <Object name="Object68">
    <AbsoluteLocation value="-26.947676 -7.153605"/>
    <Properties>
      <Property name="Angle" value="97.3533"/>
      <Property name="Filename" value="/Objects/pipe_bend_1.hs"/>
    </Properties>
  </Object>
  <Object name="Spout21">
    <AbsoluteLocation value="-25.310102 -5.409695"/>
    <Properties>
      <Property name="Angle" value="36.6438"/>
      <Property name="Filename" value="/Objects/shower_head.hs"/>
      <Property name="FluidType" value="Water"/>
      <Property name="NumberParticles" value="0"/>
      <Property name="Type" value="spout"/>
    </Properties>
  </Object>
  <Room>
    <AbsoluteLocation value="6.800001 30.799999"/>
  </Room>
</Objects>
