<?xml version="1.0"?>
<Objects>
  <Object name="Object78">
    <AbsoluteLocation value="-10.025672 41.261936"/>
    <Properties>
      <Property name="Angle" value="82.4615"/>
      <Property name="Filename" value="/Objects/pipe_elbow_1.hs"/>
    </Properties>
  </Object>
  <Object name="Object70">
    <AbsoluteLocation value="4.673907 -8.459495"/>
    <Properties>
      <Property name="Angle" value="89.5182"/>
      <Property name="Filename" value="/Objects/pipe_straight_short.hs"/>
    </Properties>
  </Object>
  <Object name="Object76">
    <AbsoluteLocation value="6.029859 -13.242136"/>
    <Properties>
      <Property name="Angle" value="134.738"/>
      <Property name="Filename" value="/Objects/pipe_bend_2.hs"/>
    </Properties>
  </Object>
  <Object name="Object73">
    <AbsoluteLocation value="15.641479 -23.545780"/>
    <Properties>
      <Property name="Angle" value="317.261"/>
      <Property name="Filename" value="/Objects/pipe_bend_1.hs"/>
    </Properties>
  </Object>
  <Object name="Object33">
    <AbsoluteLocation value="-3.824543 4.276445"/>
    <Properties>
      <Property name="Angle" value="1.2852"/>
      <Property name="Filename" value="/Objects/pipe_elbow_1.hs"/>
    </Properties>
  </Object>
  <Object name="Object68">
    <AbsoluteLocation value="-14.663636 -34.382011"/>
    <Properties>
      <Property name="Angle" value="132.943"/>
      <Property name="Filename" value="/Objects/pipe_bend_1.hs"/>
    </Properties>
  </Object>
  <Object name="Object36">
    <AbsoluteLocation value="-4.832926 4.767223"/>
    <Properties>
      <Property name="Angle" value="55.1247"/>
      <Property name="Filename" value="/Objects/pipe_bend_2.hs"/>
    </Properties>
  </Object>
  <Object name="Object35">
    <AbsoluteLocation value="6.203849 4.685766"/>
    <Properties>
      <Property name="Angle" value="-2.41694"/>
      <Property name="Filename" value="/Objects/pipe_bend_2.hs"/>
    </Properties>
  </Object>
  <Object name="Object21">
    <AbsoluteLocation value="0.063579 34.437191"/>
    <Properties>
      <Property name="Angle" value="272.164"/>
      <Property name="Filename" value="/Objects/pipe_straight_short.hs"/>
    </Properties>
  </Object>
  <Object name="Object17">
    <AbsoluteLocation value="-7.446763 41.644150"/>
    <Properties>
      <Property name="Angle" value="353.24"/>
      <Property name="Filename" value="/Objects/pipe_straight_short.hs"/>
    </Properties>
  </Object>
  <Object name="Object16">
    <AbsoluteLocation value="-2.737290 -14.642309"/>
    <Properties>
      <Property name="Angle" value="102.216"/>
      <Property name="Filename" value="/Objects/pipe_elbow_1.hs"/>
    </Properties>
  </Object>
  <Object name="Object15">
    <AbsoluteLocation value="-0.517477 -13.143707"/>
    <Properties>
      <Property name="Angle" value="-91.661"/>
      <Property name="Filename" value="/Objects/pipe_elbow_2.hs"/>
    </Properties>
  </Object>
  <Object name="Spout2">
    <AbsoluteLocation value="0.375086 -11.348207"/>
    <Properties>
      <Property name="Angle" value="-3.59645"/>
      <Property name="ConnectedSpout0" value="SWAMPY_SPOUT"/>
      <Property name="ConnectedSpoutProbability0" value="1"/>
      <Property name="Filename" value="/Objects/broken_pipe_allie.hs"/>
      <Property name="Type" value="spout"/>
    </Properties>
  </Object>
  <Object name="Spout3">
    <AbsoluteLocation value="7.970600 3.402809"/>
    <Properties>
      <Property name="Angle" value="-30.9215"/>
      <Property name="Filename" value="/Objects/shower_head.hs"/>
      <Property name="FluidType" value="Water"/>
      <Property name="ParticleSpeed" value="25"/>
      <Property name="Type" value="spout"/>
    </Properties>
  </Object>
  <Object name="Spout4">
    <AbsoluteLocation value="-7.156626 3.497116"/>
    <Properties>
      <Property name="Angle" value="216.401"/>
      <Property name="Filename" value="/Objects/shower_head.hs"/>
      <Property name="FluidType" value="Water"/>
      <Property name="ParticleSpeed" value="25"/>
      <Property name="Type" value="spout"/>
    </Properties>
  </Object>
  <Object name="Spout5">
    <AbsoluteLocation value="0.056173 31.128162"/>
    <Properties>
      <Property name="Angle" value="-90.2231"/>
      <Property name="Filename" value="/Objects/shower_head.hs"/>
      <Property name="FluidType" value="Water"/>
      <Property name="NumberParticles" value="0"/>
      <Property name="ParticleSpeed" value="80"/>
      <Property name="ParticlesPerSecond" value="8"/>
      <Property name="Type" value="spout"/>
    </Properties>
  </Object>
  <Object name="Spout8">
    <AbsoluteLocation value="-11.409462 38.156029"/>
    <Properties>
      <Property name="Angle" value="164.614"/>
      <Property name="ConnectedSpout0" value="Spout5"/>
      <Property name="ConnectedSpoutProbability0" value="1"/>
      <Property name="Filename" value="/Objects/basic_drain.hs"/>
      <Property name="Type" value="spout"/>
    </Properties>
  </Object>
  <Object name="Ducky11">
    <AbsoluteLocation value="21.200001 36.799999"/>
    <Properties>
      <Property name="Angle" value="0"/>
      <Property name="Filename" value="/Objects/star_steam_allie.hs"/>
      <Property name="StarType" value="allie"/>
      <Property name="Type" value="star"/>
    </Properties>
  </Object>
  <Object name="Ducky12">
    <AbsoluteLocation value="-23.600000 -3.200000"/>
    <Properties>
      <Property name="Angle" value="0"/>
      <Property name="Filename" value="/Objects/star_steam_allie.hs"/>
      <Property name="StarType" value="allie"/>
      <Property name="Type" value="star"/>
    </Properties>
  </Object>
  <Object name="Ducky13">
    <AbsoluteLocation value="25.200001 -28.800001"/>
    <Properties>
      <Property name="Angle" value="0"/>
      <Property name="Filename" value="/Objects/star_steam_allie.hs"/>
      <Property name="StarType" value="allie"/>
      <Property name="Type" value="star"/>
    </Properties>
  </Object>
  <Object name="Object34">
    <AbsoluteLocation value="4.618617 4.357367"/>
    <Properties>
      <Property name="Angle" value="90.8739"/>
      <Property name="Filename" value="/Objects/pipe_elbow_1.hs"/>
    </Properties>
  </Object>
  <Object name="Object37">
    <AbsoluteLocation value="4.291247 -1.155673"/>
    <Properties>
      <Property name="Angle" value="94.158"/>
      <Property name="Filename" value="/Objects/pipe_straight_long.hs"/>
    </Properties>
  </Object>
  <Object name="Object38">
    <AbsoluteLocation value="-3.535702 -1.177818"/>
    <Properties>
      <Property name="Angle" value="264.883"/>
      <Property name="Filename" value="/Objects/pipe_straight_long.hs"/>
    </Properties>
  </Object>
  <Object name="Object41">
    <AbsoluteLocation value="-5.089362 -12.152363"/>
    <Properties>
      <Property name="Angle" value="85.3885"/>
      <Property name="Filename" value="/Objects/pipe_bend_1.hs"/>
    </Properties>
  </Object>
  <Object name="Object42">
    <AbsoluteLocation value="-3.962086 -7.065987"/>
    <Properties>
      <Property name="Angle" value="-91.4826"/>
      <Property name="Filename" value="/Objects/pipe_straight_short.hs"/>
    </Properties>
  </Object>
  <Object name="Object43">
    <AbsoluteLocation value="4.646388 -6.782889"/>
    <Properties>
      <Property name="Angle" value="-268.845"/>
      <Property name="Filename" value="/Objects/pipe_straight_short.hs"/>
    </Properties>
  </Object>
  <Object name="Object46">
    <AbsoluteLocation value="9.547184 -17.137415"/>
    <Properties>
      <Property name="Angle" value="136.023"/>
      <Property name="Filename" value="/Objects/pipe_straight_long.hs"/>
    </Properties>
  </Object>
  <Object name="Object47">
    <AbsoluteLocation value="-11.484808 -38.460423"/>
    <Properties>
      <Property name="Angle" value="311.685"/>
      <Property name="Filename" value="/Objects/pipe_straight_long.hs"/>
    </Properties>
  </Object>
  <Object name="Object48">
    <AbsoluteLocation value="13.365337 -20.868591"/>
    <Properties>
      <Property name="Angle" value="-224.694"/>
      <Property name="Filename" value="/Objects/pipe_straight.hs"/>
    </Properties>
  </Object>
  <Object name="Object49">
    <AbsoluteLocation value="15.636145 -34.367474"/>
    <Properties>
      <Property name="Angle" value="-88.0111"/>
      <Property name="Filename" value="/Objects/pipe_bend_1.hs"/>
    </Properties>
  </Object>
  <Object name="Object50">
    <AbsoluteLocation value="-7.945105 -16.007204"/>
    <Properties>
      <Property name="Angle" value="-133.797"/>
      <Property name="Filename" value="/Objects/pipe_straight.hs"/>
    </Properties>
  </Object>
  <Object name="Object51">
    <AbsoluteLocation value="-14.469946 -23.179258"/>
    <Properties>
      <Property name="Angle" value="90.6659"/>
      <Property name="Filename" value="/Objects/pipe_bend_1.hs"/>
    </Properties>
  </Object>
  <Object name="Object57">
    <AbsoluteLocation value="15.839907 -28.176273"/>
    <Properties>
      <Property name="Angle" value="90.931"/>
      <Property name="Filename" value="/Objects/pipe_straight_long.hs"/>
    </Properties>
  </Object>
  <Object name="Object58">
    <AbsoluteLocation value="-14.830494 -28.515486"/>
    <Properties>
      <Property name="Angle" value="-89.8282"/>
      <Property name="Filename" value="/Objects/pipe_straight_long.hs"/>
    </Properties>
  </Object>
  <Object name="Object59">
    <AbsoluteLocation value="-8.179942 -42.644627"/>
    <Properties>
      <Property name="Angle" value="-47.5238"/>
      <Property name="Filename" value="/Objects/pipe_bend_2.hs"/>
    </Properties>
  </Object>
  <Object name="Object60">
    <AbsoluteLocation value="9.854669 -41.680984"/>
    <Properties>
      <Property name="Angle" value="90.8382"/>
      <Property name="Filename" value="/Objects/pipe_bend_2.hs"/>
    </Properties>
  </Object>
  <Object name="Object61">
    <AbsoluteLocation value="9.535805 -46.743084"/>
    <Properties>
      <Property name="Angle" value="90.4083"/>
      <Property name="Filename" value="/Objects/pipe_straight_long.hs"/>
    </Properties>
  </Object>
  <Object name="Object62">
    <AbsoluteLocation value="-8.290255 -47.262089"/>
    <Properties>
      <Property name="Angle" value="-93.1735"/>
      <Property name="Filename" value="/Objects/pipe_straight_long.hs"/>
    </Properties>
  </Object>
  <Object name="Object65">
    <AbsoluteLocation value="15.935884 -32.374043"/>
    <Properties>
      <Property name="Angle" value="91.3978"/>
      <Property name="Filename" value="/Objects/pipe_straight_short.hs"/>
    </Properties>
  </Object>
  <Object name="Object66">
    <AbsoluteLocation value="-10.510090 -18.672739"/>
    <Properties>
      <Property name="Angle" value="225.965"/>
      <Property name="Filename" value="/Objects/pipe_straight_short.hs"/>
    </Properties>
  </Object>
  <Object name="Object67">
    <AbsoluteLocation value="-14.801569 -33.056610"/>
    <Properties>
      <Property name="Angle" value="-88.961"/>
      <Property name="Filename" value="/Objects/pipe_straight_short.hs"/>
    </Properties>
  </Object>
  <Object name="Collectible62">
    <AbsoluteLocation value="25.393536 -10.427990"/>
    <Properties>
      <Property name="Angle" value="0"/>
      <Property name="Filename" value="/Objects/z_collectible_allie_01.hs"/>
      <Property name="Type" value="collectible"/>
    </Properties>
  </Object>
  <Object name="Object69">
    <AbsoluteLocation value="-3.890059 -9.685888"/>
    <Properties>
      <Property name="Angle" value="-86.8881"/>
      <Property name="Filename" value="/Objects/pipe_straight_short.hs"/>
    </Properties>
  </Object>
  <Object name="Object71">
    <AbsoluteLocation value="-4.181736 -11.056955"/>
    <Properties>
      <Property name="Angle" value="272.521"/>
      <Property name="Filename" value="/Objects/pipe_bend_2.hs"/>
    </Properties>
  </Object>
  <Object name="Object72">
    <AbsoluteLocation value="-5.763083 -13.609941"/>
    <Properties>
      <Property name="Angle" value="632.058"/>
      <Property name="Filename" value="/Objects/pipe_bend_2.hs"/>
    </Properties>
  </Object>
  <Object name="Object74">
    <AbsoluteLocation value="-12.524973 -20.855879"/>
    <Properties>
      <Property name="Angle" value="-132.602"/>
      <Property name="Filename" value="/Objects/pipe_straight.hs"/>
    </Properties>
  </Object>
  <Object name="Object77">
    <AbsoluteLocation value="12.737368 -37.971939"/>
    <Properties>
      <Property name="Angle" value="49.8622"/>
      <Property name="Filename" value="/Objects/pipe_straight_long.hs"/>
    </Properties>
  </Object>
  <Object name="Note01">
    <AbsoluteLocation value="22.725000 -29.375000"/>
    <Properties>
      <Property name="Angle" value="0"/>
      <Property name="Filename" value="/Objects/star_note_allie_1.hs"/>
      <Property name="StarType" value="note"/>
      <Property name="Type" value="star"/>
    </Properties>
  </Object>
  <Object name="Note02">
    <AbsoluteLocation value="-22.700001 14.325001"/>
    <Properties>
      <Property name="Angle" value="0"/>
      <Property name="Filename" value="/Objects/star_note_allie_2.hs"/>
      <Property name="StarType" value="note"/>
      <Property name="Type" value="star"/>
    </Properties>
  </Object>
  <Object name="Note03">
    <AbsoluteLocation value="24.400000 9.200001"/>
    <Properties>
      <Property name="Angle" value="0"/>
      <Property name="Filename" value="/Objects/star_note_allie_3.hs"/>
      <Property name="StarType" value="note"/>
      <Property name="Type" value="star"/>
    </Properties>
  </Object>
  <Object name="Note04">
    <AbsoluteLocation value="-29.031250 -17.150000"/>
    <Properties>
      <Property name="Angle" value="0"/>
      <Property name="Filename" value="/Objects/star_note_allie_4.hs"/>
      <Property name="StarType" value="note"/>
      <Property name="Type" value="star"/>
    </Properties>
  </Object>
  <Object name="Note05">
    <AbsoluteLocation value="24.000000 31.600000"/>
    <Properties>
      <Property name="Angle" value="0"/>
      <Property name="Filename" value="/Objects/star_note_allie_5.hs"/>
      <Property name="StarType" value="note"/>
      <Property name="Type" value="star"/>
    </Properties>
  </Object>
  <Object name="Object79">
    <AbsoluteLocation value="-3.022862 -16.288107"/>
    <Properties>
      <Property name="Angle" value="-76.3151"/>
      <Property name="Filename" value="/Objects/pipe_connector_end.hs"/>
    </Properties>
  </Object>
  <Object name="Object75">
    <AbsoluteLocation value="5.812772 -12.065573"/>
    <Properties>
      <Property name="Angle" value="-45.7234"/>
      <Property name="Filename" value="/Objects/pipe_bend_1.hs"/>
    </Properties>
  </Object>
  <Object name="Object80">
    <AbsoluteLocation value="4.822986 -10.214062"/>
    <Properties>
      <Property name="Angle" value="140.542"/>
      <Property name="Filename" value="/Objects/pipe_bend_2.hs"/>
    </Properties>
  </Object>
  <Object name="Object81">
    <AbsoluteLocation value="-0.669024 36.975739"/>
    <Properties>
      <Property name="Angle" value="0.846785"/>
      <Property name="Filename" value="/Objects/pipe_elbow_1.hs"/>
    </Properties>
  </Object>
  <Object name="Object82">
    <AbsoluteLocation value="-4.540911 40.743690"/>
    <Properties>
      <Property name="Angle" value="-2.39279"/>
      <Property name="Filename" value="/Objects/pipe_elbow_1.hs"/>
    </Properties>
  </Object>
  <Object name="Object83">
    <AbsoluteLocation value="-3.301929 38.352219"/>
    <Properties>
      <Property name="Angle" value="177.631"/>
      <Property name="Filename" value="/Objects/pipe_elbow_2.hs"/>
    </Properties>
  </Object>
  <Room>
    <AbsoluteLocation value="0.400003 -29.200005"/>
  </Room>
</Objects>
