<?xml version="1.0"?>
<Objects>
  <Object name="Object46">
    <AbsoluteLocation value="-3.274311 -15.110981"/>
    <Properties>
      <Property name="Angle" value="90.1579"/>
      <Property name="Filename" value="/Objects/pipe_straight_short.hs"/>
      <Property name="Parent" value="Object13"/>
    </Properties>
  </Object>
  <Object name="Object61">
    <AbsoluteLocation value="-3.285906 -15.995942"/>
    <Properties>
      <Property name="Angle" value="0"/>
      <Property name="Filename" value="/Objects/pipe_spout_base.hs"/>
      <Property name="Parent" value="Object13"/>
    </Properties>
  </Object>
  <Object name="Object53">
    <AbsoluteLocation value="-12.379950 -33.646450"/>
    <Properties>
      <Property name="Angle" value="89.4636"/>
      <Property name="Filename" value="/Objects/pipe_bend_1.hs"/>
    </Properties>
  </Object>
  <Object name="Object31">
    <AbsoluteLocation value="-32.241371 17.394535"/>
    <Properties>
      <Property name="Angle" value="5.78337"/>
      <Property name="Filename" value="/Objects/pipe_bend_2.hs"/>
    </Properties>
  </Object>
  <Object name="Object44">
    <AbsoluteLocation value="-5.713763 16.895807"/>
    <Properties>
      <Property name="Angle" value="87.4543"/>
      <Property name="Filename" value="/Objects/pipe_bend_2.hs"/>
    </Properties>
  </Object>
  <Object name="Object42">
    <AbsoluteLocation value="-6.701987 12.569479"/>
    <Properties>
      <Property name="Angle" value="-96.6788"/>
      <Property name="Filename" value="/Objects/pipe_bend_1.hs"/>
    </Properties>
  </Object>
  <Object name="Object35">
    <AbsoluteLocation value="9.780258 29.394249"/>
    <Properties>
      <Property name="Angle" value="29.4909"/>
      <Property name="Filename" value="/Objects/pipe_bend_2.hs"/>
    </Properties>
  </Object>
  <Object name="Object55">
    <AbsoluteLocation value="-20.996498 -29.580364"/>
    <Properties>
      <Property name="Angle" value="81.1774"/>
      <Property name="Filename" value="/Objects/pipe_straight_short.hs"/>
    </Properties>
  </Object>
  <Object name="Object54">
    <AbsoluteLocation value="-12.143571 -35.573208"/>
    <Properties>
      <Property name="Angle" value="-183.266"/>
      <Property name="Filename" value="/Objects/pipe_elbow_2.hs"/>
    </Properties>
  </Object>
  <Object name="Object51">
    <AbsoluteLocation value="-13.014849 -30.948660"/>
    <Properties>
      <Property name="Angle" value="40.8453"/>
      <Property name="Filename" value="/Objects/pipe_elbow_1.hs"/>
    </Properties>
  </Object>
  <Object name="Object45">
    <AbsoluteLocation value="-4.676310 17.991142"/>
    <Properties>
      <Property name="Angle" value="39.7895"/>
      <Property name="Filename" value="/Objects/pipe_straight_short.hs"/>
    </Properties>
  </Object>
  <Object name="Object40">
    <AbsoluteLocation value="-9.799970 13.801146"/>
    <Properties>
      <Property name="Angle" value="-58.6493"/>
      <Property name="Filename" value="/Objects/pipe_straight_short.hs"/>
    </Properties>
  </Object>
  <Object name="Object33">
    <AbsoluteLocation value="11.230489 25.942299"/>
    <Properties>
      <Property name="Angle" value="-200.82"/>
      <Property name="Filename" value="/Objects/pipe_elbow_2.hs"/>
    </Properties>
  </Object>
  <Object name="Object28">
    <AbsoluteLocation value="-22.780048 7.930482"/>
    <Properties>
      <Property name="Angle" value="-40.7038"/>
      <Property name="Filename" value="/Objects/pipe_bend_2.hs"/>
    </Properties>
  </Object>
  <Object name="Object26">
    <AbsoluteLocation value="-15.434748 -43.032883"/>
    <Properties>
      <Property name="Angle" value="-0.14408"/>
      <Property name="Filename" value="/Objects/pipe_straight.hs"/>
    </Properties>
  </Object>
  <Object name="Object24">
    <AbsoluteLocation value="-25.399910 -45.570755"/>
    <Properties>
      <Property name="Angle" value="-178.449"/>
      <Property name="Filename" value="/Objects/pipe_elbow_2.hs"/>
    </Properties>
  </Object>
  <Object name="Object13">
    <AbsoluteLocation value="-3.279206 -19.262980"/>
    <Properties>
      <Property name="Angle" value="0"/>
      <Property name="Filename" value="/Objects/wall_8x8_blue.hs"/>
      <Property name="MotorMoveSpeed" value="4"/>
      <Property name="PathPos0" value="0 0"/>
      <Property name="PathPos1" value="14 0"/>
    </Properties>
  </Object>
  <Object name="Spout2">
    <AbsoluteLocation value="13.420448 24.459227"/>
    <Properties>
      <Property name="Angle" value="249.934"/>
      <Property name="ConnectedSpout0" value="SWAMPY_SPOUT"/>
      <Property name="ConnectedSpoutProbability0" value="1"/>
      <Property name="Filename" value="/Objects/broken_pipe_allie.hs"/>
      <Property name="Type" value="spout"/>
    </Properties>
  </Object>
  <Object name="Fan3">
    <AbsoluteLocation value="29.899063 21.067905"/>
    <Properties>
      <Property name="Angle" value="87.6349"/>
      <Property name="Filename" value="/Objects/fan_24x8.hs"/>
      <Property name="Type" value="fan"/>
    </Properties>
  </Object>
  <Object name="Ducky4">
    <AbsoluteLocation value="8.000000 14.800000"/>
    <Properties>
      <Property name="Angle" value="0"/>
      <Property name="Filename" value="/Objects/star_steam_allie.hs"/>
      <Property name="StarType" value="allie"/>
      <Property name="Type" value="star"/>
    </Properties>
  </Object>
  <Object name="Ducky5">
    <AbsoluteLocation value="-14.800000 -14.400002"/>
    <Properties>
      <Property name="Angle" value="0"/>
      <Property name="Filename" value="/Objects/star_steam_allie.hs"/>
      <Property name="StarType" value="allie"/>
      <Property name="Type" value="star"/>
    </Properties>
  </Object>
  <Object name="Ducky6">
    <AbsoluteLocation value="21.786221 36.599773"/>
    <Properties>
      <Property name="Angle" value="0"/>
      <Property name="Filename" value="/Objects/star_steam_allie.hs"/>
      <Property name="StarType" value="allie"/>
      <Property name="Type" value="star"/>
    </Properties>
  </Object>
  <Object name="Object7">
    <AbsoluteLocation value="15.681133 7.530087"/>
    <Properties>
      <Property name="Angle" value="44.9624"/>
      <Property name="Filename" value="/Objects/icicle_large.hs"/>
      <Property name="Type" value="icyhot"/>
    </Properties>
  </Object>
  <Object name="Switch8">
    <AbsoluteLocation value="26.932529 -35.246147"/>
    <Properties>
      <Property name="Angle" value="89.56"/>
      <Property name="ConnectedObject0" value="Fan3"/>
      <Property name="Filename" value="/Objects/switch.hs"/>
      <Property name="Type" value="switch"/>
    </Properties>
  </Object>
  <Object name="Switch9">
    <AbsoluteLocation value="26.950958 -43.218204"/>
    <Properties>
      <Property name="Angle" value="89.8725"/>
      <Property name="ConnectedObject0" value="Object13"/>
      <Property name="Filename" value="/Objects/switch_blue.hs"/>
      <Property name="Type" value="switch"/>
    </Properties>
  </Object>
  <Object name="Spout10">
    <AbsoluteLocation value="-9.964920 -36.420883"/>
    <Properties>
      <Property name="Angle" value="0"/>
      <Property name="Filename" value="/Objects/shower_head.hs"/>
      <Property name="FluidType" value="Water"/>
      <Property name="NumberParticles" value="0"/>
      <Property name="ParticleSpeed" value="40"/>
      <Property name="ParticlesPerSecond" value="3"/>
      <Property name="Type" value="spout"/>
    </Properties>
  </Object>
  <Object name="Spout11">
    <AbsoluteLocation value="-10.181793 -43.212429"/>
    <Properties>
      <Property name="Angle" value="0"/>
      <Property name="Filename" value="/Objects/shower_head.hs"/>
      <Property name="FluidType" value="Water"/>
      <Property name="NumberParticles" value="0"/>
      <Property name="ParticleSpeed" value="40"/>
      <Property name="ParticlesPerSecond" value="4"/>
      <Property name="Type" value="spout"/>
    </Properties>
  </Object>
  <Object name="Spout12">
    <AbsoluteLocation value="-3.169790 -9.787815"/>
    <Properties>
      <Property name="Angle" value="89.1853"/>
      <Property name="Filename" value="/Objects/touch_spout_steam.hs"/>
      <Property name="FluidType" value="Steam"/>
      <Property name="Parent" value="Object13"/>
      <Property name="Type" value="spout"/>
    </Properties>
  </Object>
  <Object name="Spout14">
    <AbsoluteLocation value="-22.586117 5.504987"/>
    <Properties>
      <Property name="Angle" value="-88.3175"/>
      <Property name="Filename" value="/Objects/shower_head.hs"/>
      <Property name="FluidType" value="Water"/>
      <Property name="ParticleSpeed" value="50"/>
      <Property name="ParticlesPerSecond" value="3"/>
      <Property name="Type" value="spout"/>
    </Properties>
  </Object>
  <Object name="Spout16">
    <AbsoluteLocation value="-15.212463 -32.561840"/>
    <Properties>
      <Property name="Angle" value="-217.881"/>
      <Property name="ConnectedSpout0" value="Spout10"/>
      <Property name="ConnectedSpoutProbability0" value="1"/>
      <Property name="Filename" value="/Objects/basic_drain.hs"/>
      <Property name="Type" value="spout"/>
    </Properties>
  </Object>
  <Object name="Spout17">
    <AbsoluteLocation value="-26.777216 -43.428211"/>
    <Properties>
      <Property name="Angle" value="-340.241"/>
      <Property name="ConnectedSpout0" value="Spout11"/>
      <Property name="ConnectedSpoutProbability0" value="1"/>
      <Property name="Filename" value="/Objects/basic_drain.hs"/>
      <Property name="Type" value="spout"/>
    </Properties>
  </Object>
  <Object name="Switch21">
    <AbsoluteLocation value="-1.302683 43.379177"/>
    <Properties>
      <Property name="Angle" value="205.959"/>
      <Property name="ConnectedObject0" value="Object22"/>
      <Property name="Filename" value="/Objects/switch_fan2.hs"/>
      <Property name="Type" value="switch"/>
    </Properties>
  </Object>
  <Object name="Object22">
    <AbsoluteLocation value="-18.141132 0.878609"/>
    <Properties>
      <Property name="Angle" value="-114.463"/>
      <Property name="Filename" value="/Objects/wall_16x8_green.hs"/>
      <Property name="MotorMoveSpeed" value="4"/>
      <Property name="MotorWaitTime" value="1"/>
      <Property name="MotorWaitTurn0" value="25.0"/>
      <Property name="PathPos0" value="0 0"/>
      <Property name="PathPos1" value="0.01 0"/>
    </Properties>
  </Object>
  <Object name="Object25">
    <AbsoluteLocation value="-23.110365 -46.207962"/>
    <Properties>
      <Property name="Angle" value="0.553106"/>
      <Property name="Filename" value="/Objects/pipe_straight_short.hs"/>
    </Properties>
  </Object>
  <Object name="Object29">
    <AbsoluteLocation value="-26.462673 11.899484"/>
    <Properties>
      <Property name="Angle" value="-43.7838"/>
      <Property name="Filename" value="/Objects/pipe_straight_long.hs"/>
    </Properties>
  </Object>
  <Object name="Object30">
    <AbsoluteLocation value="-30.984890 16.303728"/>
    <Properties>
      <Property name="Angle" value="-45.9822"/>
      <Property name="Filename" value="/Objects/pipe_straight_short.hs"/>
    </Properties>
  </Object>
  <Object name="Object34">
    <AbsoluteLocation value="10.772759 28.400997"/>
    <Properties>
      <Property name="Angle" value="-22.35"/>
      <Property name="Filename" value="/Objects/pipe_elbow_1.hs"/>
    </Properties>
  </Object>
  <Object name="Object36">
    <AbsoluteLocation value="7.779766 28.610945"/>
    <Properties>
      <Property name="Angle" value="31.1823"/>
      <Property name="Filename" value="/Objects/pipe_straight_short.hs"/>
    </Properties>
  </Object>
  <Object name="Object37">
    <AbsoluteLocation value="5.813396 27.421667"/>
    <Properties>
      <Property name="Angle" value="-149.451"/>
      <Property name="Filename" value="/Objects/pipe_into_wall_2.hs"/>
    </Properties>
  </Object>
  <Object name="Object38">
    <AbsoluteLocation value="-3.123895 19.389072"/>
    <Properties>
      <Property name="Angle" value="41.2524"/>
      <Property name="Filename" value="/Objects/pipe_into_wall_1.hs"/>
    </Properties>
  </Object>
  <Object name="Object41">
    <AbsoluteLocation value="-8.072362 12.351273"/>
    <Properties>
      <Property name="Angle" value="-146.502"/>
      <Property name="Filename" value="/Objects/pipe_elbow_2.hs"/>
    </Properties>
  </Object>
  <Object name="Object43">
    <AbsoluteLocation value="-6.176846 14.916843"/>
    <Properties>
      <Property name="Angle" value="87.1501"/>
      <Property name="Filename" value="/Objects/pipe_straight_short.hs"/>
    </Properties>
  </Object>
  <Object name="Object47">
    <AbsoluteLocation value="-2.582148 -19.175489"/>
    <Properties>
      <Property name="Angle" value="0"/>
      <Property name="Filename" value="/Objects/path_locking_end.hs"/>
    </Properties>
  </Object>
  <Object name="Object48">
    <AbsoluteLocation value="7.233684 -19.175489"/>
    <Properties>
      <Property name="Angle" value="0"/>
      <Property name="Filename" value="/Objects/path_locking_end_right.hs"/>
    </Properties>
  </Object>
  <Object name="Object49">
    <AbsoluteLocation value="2.325767 -19.175489"/>
    <Properties>
      <Property name="Angle" value="0"/>
      <Property name="Filename" value="/Objects/path_locking_mid.hs"/>
    </Properties>
  </Object>
  <Object name="Spout49">
    <AbsoluteLocation value="-20.807396 -26.418367"/>
    <Properties>
      <Property name="Angle" value="-362.356"/>
      <Property name="ConnectedSpout0" value="Spout50"/>
      <Property name="ConnectedSpoutProbability0" value="1"/>
      <Property name="Filename" value="/Objects/basic_drain.hs"/>
      <Property name="Type" value="spout"/>
    </Properties>
  </Object>
  <Object name="Spout50">
    <AbsoluteLocation value="-20.678215 -31.814018"/>
    <Properties>
      <Property name="Angle" value="-71.0688"/>
      <Property name="Filename" value="/Objects/shower_head.hs"/>
      <Property name="FluidType" value="Water"/>
      <Property name="NumberParticles" value="0"/>
      <Property name="ParticlesPerSecond" value="3"/>
      <Property name="Type" value="spout"/>
    </Properties>
  </Object>
  <Object name="Object52">
    <AbsoluteLocation value="-11.892286 -32.260082"/>
    <Properties>
      <Property name="Angle" value="-50.3929"/>
      <Property name="Filename" value="/Objects/pipe_elbow_1.hs"/>
    </Properties>
  </Object>
  <Object name="Object56">
    <AbsoluteLocation value="-10.666961 15.542748"/>
    <Properties>
      <Property name="Angle" value="117.3"/>
      <Property name="Filename" value="/Objects/pipe_connector_end.hs"/>
    </Properties>
  </Object>
  <Object name="Object57">
    <AbsoluteLocation value="-37.373184 17.023823"/>
    <Properties>
      <Property name="Angle" value="8.02075"/>
      <Property name="Filename" value="/Objects/pipe_straight_long.hs"/>
    </Properties>
  </Object>
  <Object name="Object59">
    <AbsoluteLocation value="-21.029684 -45.538822"/>
    <Properties>
      <Property name="Angle" value="-89.98"/>
      <Property name="Filename" value="/Objects/pipe_elbow_2.hs"/>
    </Properties>
  </Object>
  <Object name="Object60">
    <AbsoluteLocation value="-19.681662 -43.707008"/>
    <Properties>
      <Property name="Angle" value="89.9044"/>
      <Property name="Filename" value="/Objects/pipe_elbow_1.hs"/>
    </Properties>
  </Object>
  <Room>
    <AbsoluteLocation value="-16.399998 27.599998"/>
  </Room>
</Objects>
