<?xml version="1.0"?>
<Objects>
  <Object name="Object46">
    <AbsoluteLocation value="-8.998943 40.590614"/>
    <Properties>
      <Property name="Angle" value="42.297"/>
      <Property name="Filename" value="/Objects/pipe_elbow_1.hs"/>
    </Properties>
  </Object>
  <Object name="Object36">
    <AbsoluteLocation value="14.440815 48.781219"/>
    <Properties>
      <Property name="Angle" value="-272.171"/>
      <Property name="Filename" value="/Objects/pipe_straight_long.hs"/>
    </Properties>
  </Object>
  <Object name="Object41">
    <AbsoluteLocation value="14.029541 32.042580"/>
    <Properties>
      <Property name="Angle" value="-275.461"/>
      <Property name="Filename" value="/Objects/pipe_into_wall_1.hs"/>
    </Properties>
  </Object>
  <Object name="Object43">
    <AbsoluteLocation value="14.234200 42.819229"/>
    <Properties>
      <Property name="Angle" value="-90.9425"/>
      <Property name="Filename" value="/Objects/pipe_into_wall_2.hs"/>
    </Properties>
  </Object>
  <Object name="Object2">
    <AbsoluteLocation value="22.071556 -8.942577"/>
    <Properties>
      <Property name="Angle" value="33.6589"/>
      <Property name="Filename" value="/Objects/wall_24x8_locking.hs"/>
      <Property name="PathPos0" value="0 0"/>
      <Property name="PathPos1" value="-15 0"/>
    </Properties>
  </Object>
  <Object name="Spout3">
    <AbsoluteLocation value="13.583019 28.805847"/>
    <Properties>
      <Property name="Angle" value="-95.8459"/>
      <Property name="Filename" value="/Objects/shower_head.hs"/>
      <Property name="FluidType" value="ContaminatedWater"/>
      <Property name="ParticleSpeed" value="40"/>
      <Property name="Type" value="spout"/>
    </Properties>
  </Object>
  <Object name="Spout4">
    <AbsoluteLocation value="-6.561958 38.846638"/>
    <Properties>
      <Property name="Angle" value="-139.696"/>
      <Property name="ConnectedSpout0" value="SWAMPY_SPOUT"/>
      <Property name="ConnectedSpoutProbability0" value="1"/>
      <Property name="Filename" value="/Objects/broken_pipe_allie.hs"/>
      <Property name="Type" value="spout"/>
    </Properties>
  </Object>
  <Object name="Object5">
    <AbsoluteLocation value="-9.294971 3.708008"/>
    <Properties>
      <Property name="Angle" value="-19.5801"/>
      <Property name="Filename" value="/Objects/wall_24x8_locking.hs"/>
      <Property name="PathPos0" value="24 12"/>
      <Property name="PathPos1" value="18 12"/>
      <Property name="PathPos2" value="18 0"/>
      <Property name="PathPos3" value="0 0"/>
      <Property name="PathPos4" value="0 -32"/>
      <Property name="PathPos5" value="25 -32"/>
    </Properties>
  </Object>
  <Object name="Ducky6">
    <AbsoluteLocation value="-11.200000 -34.799999"/>
    <Properties>
      <Property name="Angle" value="0"/>
      <Property name="Filename" value="/Objects/star_steam_allie.hs"/>
      <Property name="StarType" value="allie"/>
      <Property name="Type" value="star"/>
    </Properties>
  </Object>
  <Object name="Ducky7">
    <AbsoluteLocation value="-20.312742 -31.166485"/>
    <Properties>
      <Property name="Angle" value="0"/>
      <Property name="Filename" value="/Objects/star_steam_allie.hs"/>
      <Property name="StarType" value="allie"/>
      <Property name="Type" value="star"/>
    </Properties>
  </Object>
  <Object name="Switch14">
    <AbsoluteLocation value="28.400000 -35.600002"/>
    <Properties>
      <Property name="Angle" value="15"/>
      <Property name="ConnectedObject0" value="Object14"/>
      <Property name="Filename" value="/Objects/switch.hs"/>
      <Property name="Type" value="switch"/>
    </Properties>
  </Object>
  <Object name="Object14">
    <AbsoluteLocation value="24.451778 20.451515"/>
    <Properties>
      <Property name="Angle" value="-90.4548"/>
      <Property name="Filename" value="/Objects/wall_16x8.hs"/>
      <Property name="MotorOn" value="0"/>
      <Property name="MotorWaitTime" value="1"/>
      <Property name="MotorWaitTurn" value="-90"/>
      <Property name="PathPos0" value="0 0"/>
      <Property name="PathPos1" value="0 0"/>
    </Properties>
  </Object>
  <Object name="Switch16">
    <AbsoluteLocation value="23.250000 -43.500000"/>
    <Properties>
      <Property name="Angle" value="59.9059"/>
      <Property name="ConnectedObject0" value="Fan44"/>
      <Property name="Filename" value="/Objects/switch_brown.hs"/>
      <Property name="Type" value="switch"/>
    </Properties>
  </Object>
  <Object name="Ducky17">
    <AbsoluteLocation value="7.506953 43.471016"/>
    <Properties>
      <Property name="Angle" value="0"/>
      <Property name="Filename" value="/Objects/star_steam_allie.hs"/>
      <Property name="StarType" value="allie"/>
      <Property name="Type" value="star"/>
    </Properties>
  </Object>
  <Object name="Object20">
    <AbsoluteLocation value="3.375000 4.875000"/>
    <Properties>
      <Property name="Angle" value="89.9523"/>
      <Property name="Filename" value="/Objects/path_locking_elbow_6.hs"/>
    </Properties>
  </Object>
  <Object name="Object23">
    <AbsoluteLocation value="-8.156250 1.593750"/>
    <Properties>
      <Property name="Angle" value="-90.5456"/>
      <Property name="Filename" value="/Objects/path_locking_elbow_5.hs"/>
    </Properties>
  </Object>
  <Object name="Object25">
    <AbsoluteLocation value="-2.656250 3.218750"/>
    <Properties>
      <Property name="Angle" value="0"/>
      <Property name="Filename" value="/Objects/path_locking_mid.hs"/>
    </Properties>
  </Object>
  <Object name="Object26">
    <AbsoluteLocation value="-9.844610 -4.312408"/>
    <Properties>
      <Property name="Angle" value="0"/>
      <Property name="Filename" value="/Objects/path_vertical_locking_mid.hs"/>
    </Properties>
  </Object>
  <Object name="Object27">
    <AbsoluteLocation value="-9.873030 -9.071312"/>
    <Properties>
      <Property name="Angle" value="0"/>
      <Property name="Filename" value="/Objects/path_vertical_locking_mid.hs"/>
    </Properties>
  </Object>
  <Object name="Object29">
    <AbsoluteLocation value="-8.184761 -20.412743"/>
    <Properties>
      <Property name="Angle" value="0"/>
      <Property name="Filename" value="/Objects/path_locking_elbow_3.hs"/>
    </Properties>
  </Object>
  <Object name="Object30">
    <AbsoluteLocation value="3.144760 -22.131493"/>
    <Properties>
      <Property name="Angle" value="0"/>
      <Property name="Filename" value="/Objects/path_locking_mid.hs"/>
    </Properties>
  </Object>
  <Object name="Object32">
    <AbsoluteLocation value="8.082260 -22.163601"/>
    <Properties>
      <Property name="Angle" value="0"/>
      <Property name="Filename" value="/Objects/path_locking_end_right.hs"/>
    </Properties>
  </Object>
  <Object name="Object33">
    <AbsoluteLocation value="16.687500 -9.375000"/>
    <Properties>
      <Property name="Angle" value="0"/>
      <Property name="Filename" value="/Objects/path_locking_mid.hs"/>
    </Properties>
  </Object>
  <Object name="Object34">
    <AbsoluteLocation value="21.625000 -9.415859"/>
    <Properties>
      <Property name="Angle" value="0"/>
      <Property name="Filename" value="/Objects/path_locking_end_right.hs"/>
    </Properties>
  </Object>
  <Object name="Object35">
    <AbsoluteLocation value="11.906250 -9.375000"/>
    <Properties>
      <Property name="Angle" value="0"/>
      <Property name="Filename" value="/Objects/path_locking_end.hs"/>
    </Properties>
  </Object>
  <Object name="Object39">
    <AbsoluteLocation value="-9.839283 -13.899662"/>
    <Properties>
      <Property name="Angle" value="0"/>
      <Property name="Filename" value="/Objects/path_vertical_locking_mid.hs"/>
    </Properties>
  </Object>
  <Object name="Object42">
    <AbsoluteLocation value="-1.685005 -22.100513"/>
    <Properties>
      <Property name="Angle" value="0"/>
      <Property name="Filename" value="/Objects/path_locking_mid.hs"/>
    </Properties>
  </Object>
  <Object name="Object38">
    <AbsoluteLocation value="6.718750 11.000000"/>
    <Properties>
      <Property name="Angle" value="-90.5456"/>
      <Property name="Filename" value="/Objects/path_locking_elbow_5.hs"/>
    </Properties>
  </Object>
  <Object name="Object18">
    <AbsoluteLocation value="9.281250 12.656250"/>
    <Properties>
      <Property name="Angle" value="-90.1147"/>
      <Property name="Filename" value="/Objects/path_vertical_locking_end_top.hs"/>
    </Properties>
  </Object>
  <Object name="Spout31">
    <AbsoluteLocation value="14.032135 78.172180"/>
    <Properties>
      <Property name="Angle" value="-177.176"/>
      <Property name="ConnectedSpout0" value="Spout36"/>
      <Property name="ConnectedSpoutProbability0" value="1"/>
      <Property name="Filename" value="/Objects/basic_drain.hs"/>
      <Property name="Type" value="spout"/>
    </Properties>
  </Object>
  <Object name="Spout32">
    <AbsoluteLocation value="17.440422 78.077484"/>
    <Properties>
      <Property name="Angle" value="-177.176"/>
      <Property name="ConnectedSpout0" value="Spout36"/>
      <Property name="ConnectedSpoutProbability0" value="1"/>
      <Property name="Filename" value="/Objects/basic_drain.hs"/>
      <Property name="Type" value="spout"/>
    </Properties>
  </Object>
  <Object name="Spout33">
    <AbsoluteLocation value="20.848701 78.337830"/>
    <Properties>
      <Property name="Angle" value="-177.176"/>
      <Property name="ConnectedSpout0" value="Spout36"/>
      <Property name="ConnectedSpoutProbability0" value="1"/>
      <Property name="Filename" value="/Objects/basic_drain.hs"/>
      <Property name="Type" value="spout"/>
    </Properties>
  </Object>
  <Object name="Spout34">
    <AbsoluteLocation value="24.138641 78.479828"/>
    <Properties>
      <Property name="Angle" value="-177.176"/>
      <Property name="ConnectedSpout0" value="Spout36"/>
      <Property name="ConnectedSpoutProbability0" value="1"/>
      <Property name="Filename" value="/Objects/basic_drain.hs"/>
      <Property name="Type" value="spout"/>
    </Properties>
  </Object>
  <Object name="Spout35">
    <AbsoluteLocation value="27.428596 78.503479"/>
    <Properties>
      <Property name="Angle" value="-189.808"/>
      <Property name="ConnectedSpout0" value="Spout36"/>
      <Property name="ConnectedSpoutProbability0" value="1"/>
      <Property name="Filename" value="/Objects/basic_drain.hs"/>
      <Property name="Type" value="spout"/>
    </Properties>
  </Object>
  <Object name="Spout36">
    <AbsoluteLocation value="-31.589378 98.804596"/>
    <Properties>
      <Property name="Angle" value="-164.188"/>
      <Property name="Filename" value="/Objects/shower_head.hs"/>
      <Property name="FluidType" value="Water"/>
      <Property name="Type" value="spout"/>
    </Properties>
  </Object>
  <Object name="Fan44">
    <AbsoluteLocation value="26.062500 36.093750"/>
    <Properties>
      <Property name="Angle" value="90.1142"/>
      <Property name="Filename" value="/Objects/fan_8x8_w_cable_gear4.hs"/>
      <Property name="Type" value="fan"/>
      <Property name="VacuumMaxD" value="35"/>
    </Properties>
  </Object>
  <Object name="Spout39">
    <AbsoluteLocation value="10.897346 78.159729"/>
    <Properties>
      <Property name="Angle" value="-189.808"/>
      <Property name="ConnectedSpout0" value="Spout36"/>
      <Property name="ConnectedSpoutProbability0" value="1"/>
      <Property name="Filename" value="/Objects/basic_drain.hs"/>
      <Property name="Type" value="spout"/>
    </Properties>
  </Object>
  <Object name="Spout40">
    <AbsoluteLocation value="0.346672 77.921234"/>
    <Properties>
      <Property name="Angle" value="-177.176"/>
      <Property name="ConnectedSpout0" value="Spout36"/>
      <Property name="ConnectedSpoutProbability0" value="1"/>
      <Property name="Filename" value="/Objects/basic_drain.hs"/>
      <Property name="Type" value="spout"/>
    </Properties>
  </Object>
  <Object name="Spout41">
    <AbsoluteLocation value="3.754951 78.181580"/>
    <Properties>
      <Property name="Angle" value="-177.176"/>
      <Property name="ConnectedSpout0" value="Spout36"/>
      <Property name="ConnectedSpoutProbability0" value="1"/>
      <Property name="Filename" value="/Objects/basic_drain.hs"/>
      <Property name="Type" value="spout"/>
    </Properties>
  </Object>
  <Object name="Spout42">
    <AbsoluteLocation value="7.044891 78.323578"/>
    <Properties>
      <Property name="Angle" value="-177.176"/>
      <Property name="ConnectedSpout0" value="Spout36"/>
      <Property name="ConnectedSpoutProbability0" value="1"/>
      <Property name="Filename" value="/Objects/basic_drain.hs"/>
      <Property name="Type" value="spout"/>
    </Properties>
  </Object>
  <Object name="Spout43">
    <AbsoluteLocation value="-3.061615 78.015930"/>
    <Properties>
      <Property name="Angle" value="-177.176"/>
      <Property name="ConnectedSpout0" value="Spout36"/>
      <Property name="ConnectedSpoutProbability0" value="1"/>
      <Property name="Filename" value="/Objects/basic_drain.hs"/>
      <Property name="Type" value="spout"/>
    </Properties>
  </Object>
  <Object name="Object44">
    <AbsoluteLocation value="-11.104767 39.550297"/>
    <Properties>
      <Property name="Angle" value="-129.264"/>
      <Property name="Filename" value="/Objects/pipe_connector_end.hs"/>
    </Properties>
  </Object>
  <Object name="Object48">
    <AbsoluteLocation value="-11.028248 -31.344627"/>
    <Properties>
      <Property name="Angle" value="-1.80352"/>
      <Property name="Filename" value="/Objects/icicle_small.hs"/>
      <Property name="Type" value="icyhot"/>
    </Properties>
  </Object>
  <Object name="Object49">
    <AbsoluteLocation value="20.681927 57.313923"/>
    <Properties>
      <Property name="Angle" value="-340.921"/>
      <Property name="Filename" value="/Objects/pipe_straight_long.hs"/>
    </Properties>
  </Object>
  <Object name="Object50">
    <AbsoluteLocation value="29.660719 60.437851"/>
    <Properties>
      <Property name="Angle" value="-340.921"/>
      <Property name="Filename" value="/Objects/pipe_straight_long.hs"/>
    </Properties>
  </Object>
  <Object name="Object51">
    <AbsoluteLocation value="38.662888 63.557522"/>
    <Properties>
      <Property name="Angle" value="-340.921"/>
      <Property name="Filename" value="/Objects/pipe_straight_long.hs"/>
    </Properties>
  </Object>
  <Object name="Object52">
    <AbsoluteLocation value="15.069340 54.923275"/>
    <Properties>
      <Property name="Angle" value="98.3229"/>
      <Property name="Filename" value="/Objects/pipe_elbow_1.hs"/>
    </Properties>
  </Object>
  <Room>
    <AbsoluteLocation value="-18.799997 28.399998"/>
  </Room>
</Objects>
