<?xml version="1.0"?>
<Objects>
  <Object name="Object52">
    <AbsoluteLocation value="26.319817 4.355209"/>
    <Properties>
      <Property name="Angle" value="46.9633"/>
      <Property name="Filename" value="/Objects/pipe_straight_short.hs"/>
    </Properties>
  </Object>
  <Object name="Object31">
    <AbsoluteLocation value="30.453499 8.925911"/>
    <Properties>
      <Property name="Angle" value="-89.7529"/>
      <Property name="Filename" value="/Objects/pipe_bend_1.hs"/>
    </Properties>
  </Object>
  <Object name="Object39">
    <AbsoluteLocation value="20.428659 37.709496"/>
    <Properties>
      <Property name="Angle" value="-1.38917"/>
      <Property name="Filename" value="/Objects/pipe_straight_long.hs"/>
    </Properties>
  </Object>
  <Object name="Object66">
    <AbsoluteLocation value="26.264259 37.554489"/>
    <Properties>
      <Property name="Angle" value="-2.0861"/>
      <Property name="Filename" value="/Objects/pipe_straight_short.hs"/>
    </Properties>
  </Object>
  <Object name="Object47">
    <AbsoluteLocation value="4.048522 33.472851"/>
    <Properties>
      <Property name="Angle" value="91.7643"/>
      <Property name="Filename" value="/Objects/pipe_straight_short.hs"/>
    </Properties>
  </Object>
  <Object name="Object30">
    <AbsoluteLocation value="28.570759 6.721292"/>
    <Properties>
      <Property name="Angle" value="46.5471"/>
      <Property name="Filename" value="/Objects/pipe_straight.hs"/>
    </Properties>
  </Object>
  <Object name="Spout2">
    <AbsoluteLocation value="25.031250 2.250000"/>
    <Properties>
      <Property name="Angle" value="153.397"/>
      <Property name="ConnectedSpout0" value="SWAMPY_SPOUT"/>
      <Property name="ConnectedSpoutProbability0" value="1"/>
      <Property name="Filename" value="/Objects/broken_pipe_allie.hs"/>
      <Property name="Type" value="spout"/>
    </Properties>
  </Object>
  <Object name="Ducky3">
    <AbsoluteLocation value="16.400000 -28.800001"/>
    <Properties>
      <Property name="Angle" value="0"/>
      <Property name="Filename" value="/Objects/star_steam_allie.hs"/>
      <Property name="StarType" value="allie"/>
      <Property name="Type" value="star"/>
    </Properties>
  </Object>
  <Object name="Ducky4">
    <AbsoluteLocation value="24.736519 28.371029"/>
    <Properties>
      <Property name="Angle" value="0"/>
      <Property name="Filename" value="/Objects/star_steam_allie.hs"/>
      <Property name="StarType" value="allie"/>
      <Property name="Type" value="star"/>
    </Properties>
  </Object>
  <Object name="Ducky5">
    <AbsoluteLocation value="-24.713692 -20.023319"/>
    <Properties>
      <Property name="Angle" value="0"/>
      <Property name="Filename" value="/Objects/star_steam_allie.hs"/>
      <Property name="StarType" value="allie"/>
      <Property name="Type" value="star"/>
    </Properties>
  </Object>
  <Object name="Object11">
    <AbsoluteLocation value="11.887476 30.129871"/>
    <Properties>
      <Property name="Angle" value="0"/>
      <Property name="Filename" value="/Objects/icicle_medium.hs"/>
      <Property name="Type" value="icyhot"/>
    </Properties>
  </Object>
  <Object name="Object32">
    <AbsoluteLocation value="30.807354 12.478769"/>
    <Properties>
      <Property name="Angle" value="89.5236"/>
      <Property name="Filename" value="/Objects/pipe_straight.hs"/>
    </Properties>
  </Object>
  <Object name="Object33">
    <AbsoluteLocation value="30.803421 17.214029"/>
    <Properties>
      <Property name="Angle" value="89.9508"/>
      <Property name="Filename" value="/Objects/pipe_straight.hs"/>
    </Properties>
  </Object>
  <Object name="Object45">
    <AbsoluteLocation value="11.140663 37.996933"/>
    <Properties>
      <Property name="Angle" value="-2.07382"/>
      <Property name="Filename" value="/Objects/pipe_straight_long.hs"/>
    </Properties>
  </Object>
  <Object name="Object46">
    <AbsoluteLocation value="5.231541 36.717983"/>
    <Properties>
      <Property name="Angle" value="273.508"/>
      <Property name="Filename" value="/Objects/pipe_connector_90.hs"/>
    </Properties>
  </Object>
  <Object name="Object48">
    <AbsoluteLocation value="3.383783 32.284687"/>
    <Properties>
      <Property name="Angle" value="-88.3477"/>
      <Property name="Filename" value="/Objects/pipe_elbow_2.hs"/>
    </Properties>
  </Object>
  <Object name="Object49">
    <AbsoluteLocation value="-0.749151 31.496433"/>
    <Properties>
      <Property name="Angle" value="1.7294"/>
      <Property name="Filename" value="/Objects/pipe_straight.hs"/>
    </Properties>
  </Object>
  <Object name="Object51">
    <AbsoluteLocation value="30.768568 24.498379"/>
    <Properties>
      <Property name="Angle" value="90.2416"/>
      <Property name="Filename" value="/Objects/pipe_straight_long.hs"/>
    </Properties>
  </Object>
  <Object name="Object64">
    <AbsoluteLocation value="30.739546 32.875164"/>
    <Properties>
      <Property name="Angle" value="91.0125"/>
      <Property name="Filename" value="/Objects/pipe_straight_short.hs"/>
    </Properties>
  </Object>
  <Object name="Object65">
    <AbsoluteLocation value="30.759655 29.738270"/>
    <Properties>
      <Property name="Angle" value="89.2311"/>
      <Property name="Filename" value="/Objects/pipe_straight_short.hs"/>
    </Properties>
  </Object>
  <Object name="Object24">
    <AbsoluteLocation value="24.743982 33.023426"/>
    <Properties>
      <Property name="Angle" value="0"/>
      <Property name="Filename" value="/Objects/icicle_medium.hs"/>
      <Property name="Type" value="icyhot"/>
    </Properties>
  </Object>
  <Object name="Object38">
    <AbsoluteLocation value="29.692848 35.965519"/>
    <Properties>
      <Property name="Angle" value="176.775"/>
      <Property name="Filename" value="/Objects/pipe_connector_90.hs"/>
    </Properties>
  </Object>
  <Object name="Object25">
    <AbsoluteLocation value="-3.945131 31.253693"/>
    <Properties>
      <Property name="Angle" value="-171.289"/>
      <Property name="Filename" value="/Objects/pipe_connector_end.hs"/>
    </Properties>
  </Object>
  <Room>
    <AbsoluteLocation value="-17.199997 27.599998"/>
  </Room>
</Objects>
