<?xml version="1.0"?>
<Objects>
  <Object name="Object55">
    <AbsoluteLocation value="-17.515333 -32.479893"/>
    <Properties>
      <Property name="Angle" value="179.844"/>
      <Property name="Filename" value="/Objects/pipe_spout_base.hs"/>
      <Property name="Parent" value="Object16"/>
    </Properties>
  </Object>
  <Object name="Object53">
    <AbsoluteLocation value="-17.506311 -30.944153"/>
    <Properties>
      <Property name="Angle" value="0"/>
      <Property name="Filename" value="/Objects/pipe_spout_base.hs"/>
      <Property name="Parent" value="Object16"/>
    </Properties>
  </Object>
  <Object name="Object57">
    <AbsoluteLocation value="-17.524355 -29.712372"/>
    <Properties>
      <Property name="Angle" value="179.844"/>
      <Property name="Filename" value="/Objects/pipe_spout_base.hs"/>
      <Property name="Parent" value="Object16"/>
    </Properties>
  </Object>
  <Object name="Object56">
    <AbsoluteLocation value="-17.515333 -28.176628"/>
    <Properties>
      <Property name="Angle" value="0"/>
      <Property name="Filename" value="/Objects/pipe_spout_base.hs"/>
      <Property name="Parent" value="Object16"/>
    </Properties>
  </Object>
  <Object name="Object49">
    <AbsoluteLocation value="5.220922 28.965172"/>
    <Properties>
      <Property name="Angle" value="180.212"/>
      <Property name="Filename" value="/Objects/pipe_spout_base.hs"/>
      <Property name="Parent" value="Object9"/>
    </Properties>
  </Object>
  <Object name="Object47">
    <AbsoluteLocation value="5.225530 30.458225"/>
    <Properties>
      <Property name="Angle" value="0"/>
      <Property name="Filename" value="/Objects/pipe_spout_base.hs"/>
      <Property name="Parent" value="Object9"/>
    </Properties>
  </Object>
  <Object name="Object50">
    <AbsoluteLocation value="5.248870 31.672081"/>
    <Properties>
      <Property name="Angle" value="180.212"/>
      <Property name="Filename" value="/Objects/pipe_spout_base.hs"/>
      <Property name="Parent" value="Object9"/>
    </Properties>
  </Object>
  <Object name="Object51">
    <AbsoluteLocation value="5.253476 33.165134"/>
    <Properties>
      <Property name="Angle" value="0"/>
      <Property name="Filename" value="/Objects/pipe_spout_base.hs"/>
      <Property name="Parent" value="Object9"/>
    </Properties>
  </Object>
  <Object name="Object33">
    <AbsoluteLocation value="20.746824 -49.646088"/>
    <Properties>
      <Property name="Angle" value="112.839"/>
      <Property name="Filename" value="/Objects/pipe_straight_long.hs"/>
    </Properties>
  </Object>
  <Object name="Object32">
    <AbsoluteLocation value="34.939835 14.288841"/>
    <Properties>
      <Property name="Angle" value="142"/>
      <Property name="Filename" value="/Objects/pipe_straight_long.hs"/>
    </Properties>
  </Object>
  <Object name="Object26">
    <AbsoluteLocation value="20.501947 28.951160"/>
    <Properties>
      <Property name="Angle" value="95.2677"/>
      <Property name="Filename" value="/Objects/pipe_elbow_1.hs"/>
    </Properties>
  </Object>
  <Object name="Object22">
    <AbsoluteLocation value="-30.969526 17.702515"/>
    <Properties>
      <Property name="Angle" value="108.781"/>
      <Property name="Filename" value="/Objects/pipe_elbow_1.hs"/>
    </Properties>
  </Object>
  <Object name="Object14">
    <AbsoluteLocation value="-30.085129 -36.512436"/>
    <Properties>
      <Property name="Angle" value="180.092"/>
      <Property name="Filename" value="/Objects/pipe_elbow_1.hs"/>
    </Properties>
  </Object>
  <Object name="Spout2">
    <AbsoluteLocation value="-27.425127 -38.117146"/>
    <Properties>
      <Property name="Angle" value="-119.356"/>
      <Property name="ConnectedSpout0" value="SWAMPY_SPOUT"/>
      <Property name="ConnectedSpoutProbability0" value="1"/>
      <Property name="Filename" value="/Objects/broken_pipe_allie.hs"/>
      <Property name="Type" value="spout"/>
    </Properties>
  </Object>
  <Object name="Fan3">
    <AbsoluteLocation value="25.666708 -33.190407"/>
    <Properties>
      <Property name="Angle" value="108.82"/>
      <Property name="Filename" value="/Objects/fan_8x8_w_cable.hs"/>
      <Property name="Type" value="fan"/>
      <Property name="VacuumMaxD" value="50"/>
    </Properties>
  </Object>
  <Object name="Switch5">
    <AbsoluteLocation value="-14.029974 -30.256063"/>
    <Properties>
      <Property name="Angle" value="179.524"/>
      <Property name="ConnectedObject0" value="Fan3"/>
      <Property name="Filename" value="/Objects/switch.hs"/>
      <Property name="Parent" value="Object16"/>
      <Property name="Type" value="switch"/>
    </Properties>
  </Object>
  <Object name="Switch6">
    <AbsoluteLocation value="-1.796112 14.360479"/>
    <Properties>
      <Property name="Angle" value="151.734"/>
      <Property name="ConnectedObject0" value="Object9"/>
      <Property name="Filename" value="/Objects/switch_blue.hs"/>
      <Property name="Type" value="switch"/>
    </Properties>
  </Object>
  <Object name="Object9">
    <AbsoluteLocation value="1.608848 31.133163"/>
    <Properties>
      <Property name="Angle" value="0"/>
      <Property name="Filename" value="/Objects/wall_8x8_blue.hs"/>
      <Property name="MotorMoveSpeed" value="2"/>
      <Property name="PathPos0" value="0 0"/>
      <Property name="PathPos1" value="10 0"/>
    </Properties>
  </Object>
  <Object name="Spout11">
    <AbsoluteLocation value="22.662256 29.002693"/>
    <Properties>
      <Property name="Angle" value="-17.9826"/>
      <Property name="Filename" value="/Objects/shower_head.hs"/>
      <Property name="FluidType" value="ContaminatedWater"/>
      <Property name="ParticleSpeed" value="2"/>
      <Property name="ParticlesPerSecond" value="2"/>
      <Property name="Type" value="spout"/>
    </Properties>
  </Object>
  <Object name="Switch15">
    <AbsoluteLocation value="8.344275 31.127058"/>
    <Properties>
      <Property name="Angle" value="180.046"/>
      <Property name="ConnectedObject0" value="Object16"/>
      <Property name="Filename" value="/Objects/switch_fan2.hs"/>
      <Property name="Parent" value="Object9"/>
      <Property name="Type" value="switch"/>
    </Properties>
  </Object>
  <Object name="Object16">
    <AbsoluteLocation value="-20.763659 -30.297697"/>
    <Properties>
      <Property name="Angle" value="0"/>
      <Property name="Filename" value="/Objects/wall_8x8_green.hs"/>
      <Property name="MotorMoveSpeed" value="5"/>
      <Property name="PathPos0" value="0 0"/>
      <Property name="PathPos1" value="33 0"/>
    </Properties>
  </Object>
  <Object name="Spout12">
    <AbsoluteLocation value="17.929754 -44.040607"/>
    <Properties>
      <Property name="Angle" value="131.241"/>
      <Property name="Filename" value="/Objects/shower_head.hs"/>
      <Property name="FluidType" value="Steam"/>
      <Property name="ParticleSpeed" value="12"/>
      <Property name="ParticlesPerSecond" value="4"/>
      <Property name="Type" value="spout"/>
    </Properties>
  </Object>
  <Object name="Ducky11">
    <AbsoluteLocation value="16.372868 38.394001"/>
    <Properties>
      <Property name="Angle" value="0"/>
      <Property name="Filename" value="/Objects/star_steam_allie.hs"/>
      <Property name="StarType" value="allie"/>
      <Property name="Type" value="star"/>
    </Properties>
  </Object>
  <Object name="Ducky12">
    <AbsoluteLocation value="-21.301384 5.960594"/>
    <Properties>
      <Property name="Angle" value="0"/>
      <Property name="Filename" value="/Objects/star_steam_allie.hs"/>
      <Property name="StarType" value="allie"/>
      <Property name="Type" value="star"/>
    </Properties>
  </Object>
  <Object name="Ducky13">
    <AbsoluteLocation value="28.311867 -3.814838"/>
    <Properties>
      <Property name="Angle" value="0"/>
      <Property name="Filename" value="/Objects/star_steam_allie.hs"/>
      <Property name="StarType" value="allie"/>
      <Property name="Type" value="star"/>
    </Properties>
  </Object>
  <Object name="Object15">
    <AbsoluteLocation value="-30.792875 -31.331730"/>
    <Properties>
      <Property name="Angle" value="90.3901"/>
      <Property name="Filename" value="/Objects/pipe_straight_long.hs"/>
    </Properties>
  </Object>
  <Object name="Object17">
    <AbsoluteLocation value="-30.936272 -24.334633"/>
    <Properties>
      <Property name="Angle" value="91.2359"/>
      <Property name="Filename" value="/Objects/pipe_straight_long.hs"/>
    </Properties>
  </Object>
  <Object name="Object18">
    <AbsoluteLocation value="-31.011070 -15.565137"/>
    <Properties>
      <Property name="Angle" value="89.687"/>
      <Property name="Filename" value="/Objects/pipe_straight_long.hs"/>
    </Properties>
  </Object>
  <Object name="Object19">
    <AbsoluteLocation value="-30.989727 -6.518528"/>
    <Properties>
      <Property name="Angle" value="89.9958"/>
      <Property name="Filename" value="/Objects/pipe_straight_long.hs"/>
    </Properties>
  </Object>
  <Object name="Object20">
    <AbsoluteLocation value="-31.022585 -1.257076"/>
    <Properties>
      <Property name="Angle" value="92.309"/>
      <Property name="Filename" value="/Objects/pipe_into_wall_1.hs"/>
    </Properties>
  </Object>
  <Object name="Object21">
    <AbsoluteLocation value="-31.002808 15.498409"/>
    <Properties>
      <Property name="Angle" value="-73.6767"/>
      <Property name="Filename" value="/Objects/pipe_into_wall_2.hs"/>
    </Properties>
  </Object>
  <Object name="Object24">
    <AbsoluteLocation value="-28.858027 19.247122"/>
    <Properties>
      <Property name="Angle" value="21.7483"/>
      <Property name="Filename" value="/Objects/pipe_straight_short.hs"/>
    </Properties>
  </Object>
  <Object name="Object27">
    <AbsoluteLocation value="20.373768 24.859116"/>
    <Properties>
      <Property name="Angle" value="147.898"/>
      <Property name="Filename" value="/Objects/pipe_bend_2.hs"/>
    </Properties>
  </Object>
  <Object name="Object28">
    <AbsoluteLocation value="20.090563 26.205643"/>
    <Properties>
      <Property name="Angle" value="96.2034"/>
      <Property name="Filename" value="/Objects/pipe_straight_short.hs"/>
    </Properties>
  </Object>
  <Object name="Object29">
    <AbsoluteLocation value="21.874062 23.483227"/>
    <Properties>
      <Property name="Angle" value="148.002"/>
      <Property name="Filename" value="/Objects/pipe_straight_short.hs"/>
    </Properties>
  </Object>
  <Object name="Object30">
    <AbsoluteLocation value="30.772558 17.647539"/>
    <Properties>
      <Property name="Angle" value="143.563"/>
      <Property name="Filename" value="/Objects/pipe_into_wall_1.hs"/>
    </Properties>
  </Object>
  <Object name="Object31">
    <AbsoluteLocation value="23.681944 22.312412"/>
    <Properties>
      <Property name="Angle" value="-34.2086"/>
      <Property name="Filename" value="/Objects/pipe_into_wall_2.hs"/>
    </Properties>
  </Object>
  <Object name="Object34">
    <AbsoluteLocation value="-19.296564 -30.260841"/>
    <Properties>
      <Property name="Angle" value="0.0278024"/>
      <Property name="Filename" value="/Objects/path_locking_end.hs"/>
    </Properties>
  </Object>
  <Object name="Object35">
    <AbsoluteLocation value="10.026634 -30.246613"/>
    <Properties>
      <Property name="Angle" value="0.0278024"/>
      <Property name="Filename" value="/Objects/path_locking_end_right.hs"/>
    </Properties>
  </Object>
  <Object name="Object41">
    <AbsoluteLocation value="-14.409365 -30.258469"/>
    <Properties>
      <Property name="Angle" value="0.0278024"/>
      <Property name="Filename" value="/Objects/path_locking_mid.hs"/>
    </Properties>
  </Object>
  <Object name="Object42">
    <AbsoluteLocation value="-9.522165 -30.256100"/>
    <Properties>
      <Property name="Angle" value="0.0278024"/>
      <Property name="Filename" value="/Objects/path_locking_mid.hs"/>
    </Properties>
  </Object>
  <Object name="Object43">
    <AbsoluteLocation value="-4.634965 -30.253727"/>
    <Properties>
      <Property name="Angle" value="0.0278024"/>
      <Property name="Filename" value="/Objects/path_locking_mid.hs"/>
    </Properties>
  </Object>
  <Object name="Object44">
    <AbsoluteLocation value="0.252235 -30.251354"/>
    <Properties>
      <Property name="Angle" value="0.0278024"/>
      <Property name="Filename" value="/Objects/path_locking_mid.hs"/>
    </Properties>
  </Object>
  <Object name="Object45">
    <AbsoluteLocation value="5.139433 -30.248985"/>
    <Properties>
      <Property name="Angle" value="0.0278024"/>
      <Property name="Filename" value="/Objects/path_locking_mid.hs"/>
    </Properties>
  </Object>
  <Object name="Object46">
    <AbsoluteLocation value="2.981457 30.944962"/>
    <Properties>
      <Property name="Angle" value="-0.277487"/>
      <Property name="Filename" value="/Objects/path_locking_end.hs"/>
    </Properties>
  </Object>
  <Object name="Object52">
    <AbsoluteLocation value="12.712074 30.958969"/>
    <Properties>
      <Property name="Angle" value="-0.277487"/>
      <Property name="Filename" value="/Objects/path_locking_end_right.hs"/>
    </Properties>
  </Object>
  <Object name="Object54">
    <AbsoluteLocation value="7.824930 30.982639"/>
    <Properties>
      <Property name="Angle" value="-0.277487"/>
      <Property name="Filename" value="/Objects/path_locking_mid.hs"/>
    </Properties>
  </Object>
  <Object name="Note01">
    <AbsoluteLocation value="13.125000 -17.718750"/>
    <Properties>
      <Property name="Angle" value="0"/>
      <Property name="Filename" value="/Objects/star_note_allie_1.hs"/>
      <Property name="StarType" value="note"/>
      <Property name="Type" value="star"/>
    </Properties>
  </Object>
  <Object name="Note02">
    <AbsoluteLocation value="2.812500 -4.125000"/>
    <Properties>
      <Property name="Angle" value="0"/>
      <Property name="Filename" value="/Objects/star_note_allie_2.hs"/>
      <Property name="StarType" value="note"/>
      <Property name="Type" value="star"/>
    </Properties>
  </Object>
  <Object name="Note03">
    <AbsoluteLocation value="-8.531250 -16.500000"/>
    <Properties>
      <Property name="Angle" value="0"/>
      <Property name="Filename" value="/Objects/star_note_allie_3.hs"/>
      <Property name="StarType" value="note"/>
      <Property name="Type" value="star"/>
    </Properties>
  </Object>
  <Object name="Note04">
    <AbsoluteLocation value="16.687500 11.062500"/>
    <Properties>
      <Property name="Angle" value="0"/>
      <Property name="Filename" value="/Objects/star_note_allie_4.hs"/>
      <Property name="StarType" value="note"/>
      <Property name="Type" value="star"/>
    </Properties>
  </Object>
  <Object name="Note05">
    <AbsoluteLocation value="-21.750000 5.343750"/>
    <Properties>
      <Property name="Angle" value="0"/>
      <Property name="Filename" value="/Objects/star_note_allie_5.hs"/>
      <Property name="StarType" value="note"/>
      <Property name="Type" value="star"/>
    </Properties>
  </Object>
  <Object name="Object48">
    <AbsoluteLocation value="-28.086710 19.753960"/>
    <Properties>
      <Property name="Angle" value="33.8718"/>
      <Property name="Filename" value="/Objects/pipe_connector_end.hs"/>
    </Properties>
  </Object>
  <Room>
    <AbsoluteLocation value="-17.199997 27.599998"/>
  </Room>
</Objects>
