<?xml version="1.0"?>
<Objects>
  <Object name="Object11">
    <AbsoluteLocation value="-27.355165 -46.107368"/>
    <Properties>
      <Property name="Angle" value="0"/>
      <Property name="Filename" value="/Objects/pipe_straight_long.hs"/>
    </Properties>
  </Object>
  <Object name="Object10">
    <AbsoluteLocation value="-3.875000 36.968750"/>
    <Properties>
      <Property name="Angle" value="-316.815"/>
      <Property name="Filename" value="/Objects/pipe_straight_short.hs"/>
    </Properties>
  </Object>
  <Object name="Object9">
    <AbsoluteLocation value="-0.281250 36.750000"/>
    <Properties>
      <Property name="Angle" value="-48.9105"/>
      <Property name="Filename" value="/Objects/pipe_straight_short.hs"/>
    </Properties>
  </Object>
  <Object name="Object8">
    <AbsoluteLocation value="-2.049047 37.754810"/>
    <Properties>
      <Property name="Angle" value="-318.6"/>
      <Property name="Filename" value="/Objects/pipe_elbow_1.hs"/>
    </Properties>
  </Object>
  <Object name="Spout2">
    <AbsoluteLocation value="0.944443 35.063194"/>
    <Properties>
      <Property name="Angle" value="-136.559"/>
      <Property name="ConnectedSpout0" value="SWAMPY_SPOUT"/>
      <Property name="ConnectedSpoutProbability0" value="1"/>
      <Property name="Filename" value="/Objects/broken_pipe_allie.hs"/>
      <Property name="Type" value="spout"/>
    </Properties>
  </Object>
  <Object name="Ducky10">
    <AbsoluteLocation value="-23.200001 -9.600000"/>
    <Properties>
      <Property name="Angle" value="0"/>
      <Property name="Filename" value="/Objects/star_steam_allie.hs"/>
      <Property name="StarType" value="allie"/>
      <Property name="Type" value="star"/>
    </Properties>
  </Object>
  <Object name="Ducky12">
    <AbsoluteLocation value="18.793751 0.062500"/>
    <Properties>
      <Property name="Angle" value="0"/>
      <Property name="Filename" value="/Objects/star_steam_allie.hs"/>
      <Property name="StarType" value="allie"/>
      <Property name="Type" value="star"/>
    </Properties>
  </Object>
  <Object name="Ducky13">
    <AbsoluteLocation value="4.400000 15.200000"/>
    <Properties>
      <Property name="Angle" value="0"/>
      <Property name="Filename" value="/Objects/star_steam_allie.hs"/>
      <Property name="StarType" value="allie"/>
      <Property name="Type" value="star"/>
    </Properties>
  </Object>
  <Object name="Object12">
    <AbsoluteLocation value="-4.968750 36.093750"/>
    <Properties>
      <Property name="Angle" value="-137.286"/>
      <Property name="Filename" value="/Objects/pipe_connector_end.hs"/>
    </Properties>
  </Object>
  <Object name="Spout10">
    <AbsoluteLocation value="-21.114695 -45.892548"/>
    <Properties>
      <Property name="Angle" value="12.7391"/>
      <Property name="Filename" value="/Objects/shower_head.hs"/>
      <Property name="FluidType" value="steam"/>
      <Property name="NumberParticles" value="5"/>
      <Property name="ParticleSpeed" value="5"/>
      <Property name="ParticlesPerSecond" value="1"/>
      <Property name="Timer0" value="1 1"/>
      <Property name="Timer1" value="0 1"/>
      <Property name="Type" value="spout"/>
    </Properties>
  </Object>
  <Object name="Object13">
    <AbsoluteLocation value="-36.469318 -46.090424"/>
    <Properties>
      <Property name="Angle" value="0"/>
      <Property name="Filename" value="/Objects/pipe_straight_long.hs"/>
    </Properties>
  </Object>
  <Room>
    <AbsoluteLocation value="-16.399998 27.599998"/>
  </Room>
  <Properties>
    <Property name="ShowTopEdge" value="1"/>
  </Properties>
</Objects>
