<?xml version="1.0"?>
<Objects>
  <Object name="Object19">
    <AbsoluteLocation value="11.031250 13.906250"/>
    <Properties>
      <Property name="Angle" value="94.5738"/>
      <Property name="Filename" value="/Objects/pipe_bend_1.hs"/>
    </Properties>
  </Object>
  <Object name="Object13">
    <AbsoluteLocation value="21.468750 12.375000"/>
    <Properties>
      <Property name="Angle" value="0"/>
      <Property name="Filename" value="/Objects/pipe_elbow_1.hs"/>
    </Properties>
  </Object>
  <Object name="Fan3">
    <AbsoluteLocation value="-0.096540 -42.893097"/>
    <Properties>
      <Property name="Angle" value="0"/>
      <Property name="Filename" value="/Objects/fan_16x8.hs"/>
      <Property name="Type" value="fan"/>
      <Property name="VacuumForce" value="80"/>
      <Property name="VacuumMaxD" value="80"/>
    </Properties>
  </Object>
  <Object name="Switch5">
    <AbsoluteLocation value="-27.593750 30.961426"/>
    <Properties>
      <Property name="Angle" value="180.313"/>
      <Property name="ConnectedObject0" value="Object7"/>
      <Property name="Filename" value="/Objects/switch_blue.hs"/>
      <Property name="Type" value="switch"/>
    </Properties>
  </Object>
  <Object name="Switch6">
    <AbsoluteLocation value="-28.796543 -43.693085"/>
    <Properties>
      <Property name="Angle" value="-41.5795"/>
      <Property name="ConnectedObject0" value="Fan3"/>
      <Property name="ConnectedObject1" value="Fan6"/>
      <Property name="Filename" value="/Objects/switch.hs"/>
      <Property name="Type" value="switch"/>
    </Properties>
  </Object>
  <Object name="Object7">
    <AbsoluteLocation value="9.017008 -36.591351"/>
    <Properties>
      <Property name="Angle" value="89.755"/>
      <Property name="Filename" value="/Objects/wall_24x8_pivot_blue.hs"/>
      <Property name="MotorOn" value="0"/>
      <Property name="MotorWaitTime" value="1"/>
      <Property name="MotorWaitTurn" value="70"/>
      <Property name="PathPos0" value="0 0"/>
      <Property name="PathPos1" value="0 0"/>
    </Properties>
  </Object>
  <Object name="Fan6">
    <AbsoluteLocation value="-21.137495 1.500000"/>
    <Properties>
      <Property name="Angle" value="0"/>
      <Property name="Filename" value="/Objects/fan_16x8.hs"/>
      <Property name="Type" value="fan"/>
      <Property name="VacuumMaxD" value="40"/>
    </Properties>
  </Object>
  <Object name="Spout8">
    <AbsoluteLocation value="22.222780 8.943062"/>
    <Properties>
      <Property name="Angle" value="180.819"/>
      <Property name="ConnectedSpout0" value="SWAMPY_SPOUT"/>
      <Property name="ConnectedSpoutProbability0" value="1"/>
      <Property name="Filename" value="/Objects/broken_pipe_allie.hs"/>
      <Property name="Type" value="spout"/>
    </Properties>
  </Object>
  <Object name="Ducky8">
    <AbsoluteLocation value="23.251175 -16.403851"/>
    <Properties>
      <Property name="Angle" value="0"/>
      <Property name="Filename" value="/Objects/star_steam_allie.hs"/>
      <Property name="StarType" value="allie"/>
      <Property name="Type" value="star"/>
    </Properties>
  </Object>
  <Object name="Ducky9">
    <AbsoluteLocation value="-1.311852 25.326435"/>
    <Properties>
      <Property name="Angle" value="0"/>
      <Property name="Filename" value="/Objects/star_steam_allie.hs"/>
      <Property name="StarType" value="allie"/>
      <Property name="Type" value="star"/>
    </Properties>
  </Object>
  <Object name="Ducky10">
    <AbsoluteLocation value="16.853933 -8.033773"/>
    <Properties>
      <Property name="Angle" value="0"/>
      <Property name="Filename" value="/Objects/star_steam_allie.hs"/>
      <Property name="StarType" value="allie"/>
      <Property name="Type" value="star"/>
    </Properties>
  </Object>
  <Object name="Object12">
    <AbsoluteLocation value="17.602137 11.417042"/>
    <Properties>
      <Property name="Angle" value="49.6645"/>
      <Property name="Filename" value="/Objects/pipe_straight_short.hs"/>
    </Properties>
  </Object>
  <Object name="Object15">
    <AbsoluteLocation value="19.312500 12.937500"/>
    <Properties>
      <Property name="Angle" value="50.2742"/>
      <Property name="Filename" value="/Objects/pipe_bend_2.hs"/>
    </Properties>
  </Object>
  <Object name="Object17">
    <AbsoluteLocation value="15.187500 9.562500"/>
    <Properties>
      <Property name="Angle" value="-127.939"/>
      <Property name="Filename" value="/Objects/pipe_elbow_2.hs"/>
    </Properties>
  </Object>
  <Object name="Object18">
    <AbsoluteLocation value="10.968750 12.187500"/>
    <Properties>
      <Property name="Angle" value="142.827"/>
      <Property name="Filename" value="/Objects/pipe_bend_1.hs"/>
    </Properties>
  </Object>
  <Object name="Object11">
    <AbsoluteLocation value="11.272863 14.739207"/>
    <Properties>
      <Property name="Angle" value="154.558"/>
      <Property name="Filename" value="/Objects/pipe_spout_base.hs"/>
    </Properties>
  </Object>
  <Object name="Object20">
    <AbsoluteLocation value="12.602137 10.604542"/>
    <Properties>
      <Property name="Angle" value="-35.5994"/>
      <Property name="Filename" value="/Objects/pipe_straight_short.hs"/>
    </Properties>
  </Object>
  <Room>
    <AbsoluteLocation value="18.000002 27.599998"/>
  </Room>
</Objects>
