<?xml version="1.0"?>
<Objects>
  <Object name="Object15">
    <AbsoluteLocation value="6.521856 12.051418"/>
    <Properties>
      <Property name="Angle" value="-2.47521"/>
      <Property name="Filename" value="/Objects/pipe_elbow_2.hs"/>
    </Properties>
  </Object>
  <Object name="Object14">
    <AbsoluteLocation value="4.496866 13.057857"/>
    <Properties>
      <Property name="Angle" value="182.65"/>
      <Property name="Filename" value="/Objects/pipe_bend_2.hs"/>
    </Properties>
  </Object>
  <Object name="Object18">
    <AbsoluteLocation value="3.369126 14.155914"/>
    <Properties>
      <Property name="Angle" value="130.57"/>
      <Property name="Filename" value="/Objects/pipe_straight_short.hs"/>
    </Properties>
  </Object>
  <Object name="Object17">
    <AbsoluteLocation value="4.539312 17.599936"/>
    <Properties>
      <Property name="Angle" value="40.5197"/>
      <Property name="Filename" value="/Objects/pipe_straight_short.hs"/>
    </Properties>
  </Object>
  <Object name="Spout2">
    <AbsoluteLocation value="7.125000 9.093750"/>
    <Properties>
      <Property name="Angle" value="180.283"/>
      <Property name="ConnectedSpout0" value="SWAMPY_SPOUT"/>
      <Property name="ConnectedSpoutProbability0" value="1"/>
      <Property name="Filename" value="/Objects/broken_pipe_allie.hs"/>
      <Property name="Type" value="spout"/>
    </Properties>
  </Object>
  <Object name="Object3">
    <AbsoluteLocation value="20.328724 -16.733131"/>
    <Properties>
      <Property name="Angle" value="-134.656"/>
      <Property name="Filename" value="/Objects/wall_24x8_pivot.hs"/>
      <Property name="MotorMoveSpeed" value="0.4"/>
      <Property name="MotorWaitTime" value="1"/>
      <Property name="MotorWaitTurn0" value="90.0"/>
      <Property name="PathPos0" value="0 0"/>
      <Property name="PathPos1" value="0.01 0"/>
    </Properties>
  </Object>
  <Object name="Spout4">
    <AbsoluteLocation value="-22.265625 88.031250"/>
    <Properties>
      <Property name="Angle" value="-86.8674"/>
      <Property name="Filename" value="/Objects/shower_head.hs"/>
      <Property name="FluidType" value="Water"/>
      <Property name="OffsetVariation" value="4"/>
      <Property name="ParticlesPerSecond" value="2"/>
      <Property name="Type" value="spout"/>
    </Properties>
  </Object>
  <Object name="Spout5">
    <AbsoluteLocation value="-14.000000 83.000000"/>
    <Properties>
      <Property name="Angle" value="-106.801"/>
      <Property name="Filename" value="/Objects/shower_head.hs"/>
      <Property name="FluidType" value="Water"/>
      <Property name="OffsetVariation" value="4"/>
      <Property name="ParticlesPerSecond" value="3"/>
      <Property name="Type" value="spout"/>
    </Properties>
  </Object>
  <Object name="Spout6">
    <AbsoluteLocation value="-3.625000 83.500000"/>
    <Properties>
      <Property name="Angle" value="-106.298"/>
      <Property name="Filename" value="/Objects/shower_head.hs"/>
      <Property name="FluidType" value="Water"/>
      <Property name="OffsetVariation" value="4"/>
      <Property name="ParticlesPerSecond" value="2"/>
      <Property name="Type" value="spout"/>
    </Properties>
  </Object>
  <Object name="Switch7">
    <AbsoluteLocation value="4.092851 -16.082769"/>
    <Properties>
      <Property name="Angle" value="59.9671"/>
      <Property name="ConnectedObject0" value="Object3"/>
      <Property name="Filename" value="/Objects/switch.hs"/>
      <Property name="Type" value="switch"/>
    </Properties>
  </Object>
  <Object name="Ducky8">
    <AbsoluteLocation value="-22.000000 10.400001"/>
    <Properties>
      <Property name="Angle" value="0"/>
      <Property name="Filename" value="/Objects/star_steam_allie.hs"/>
      <Property name="StarType" value="allie"/>
      <Property name="Type" value="star"/>
    </Properties>
  </Object>
  <Object name="Ducky9">
    <AbsoluteLocation value="21.600000 -2.000000"/>
    <Properties>
      <Property name="Angle" value="0"/>
      <Property name="Filename" value="/Objects/star_steam_allie.hs"/>
      <Property name="StarType" value="allie"/>
      <Property name="Type" value="star"/>
    </Properties>
  </Object>
  <Object name="Ducky10">
    <AbsoluteLocation value="-7.600000 28.800001"/>
    <Properties>
      <Property name="Angle" value="0"/>
      <Property name="Filename" value="/Objects/star_steam_allie.hs"/>
      <Property name="StarType" value="allie"/>
      <Property name="Type" value="star"/>
    </Properties>
  </Object>
  <Object name="Object13">
    <AbsoluteLocation value="3.125234 15.460646"/>
    <Properties>
      <Property name="Angle" value="131.481"/>
      <Property name="Filename" value="/Objects/pipe_elbow_1.hs"/>
    </Properties>
  </Object>
  <Object name="Object16">
    <AbsoluteLocation value="6.186073 19.000942"/>
    <Properties>
      <Property name="Angle" value="39.5064"/>
      <Property name="Filename" value="/Objects/pipe_connector_end.hs"/>
    </Properties>
  </Object>
  <Room>
    <AbsoluteLocation value="17.200003 27.599998"/>
  </Room>
</Objects>
