<?xml version="1.0"?>
<Objects>
  <Object name="Object37">
    <AbsoluteLocation value="-0.982358 21.125753"/>
    <Properties>
      <Property name="Angle" value="180.049"/>
      <Property name="Filename" value="/Objects/pipe_elbow_2.hs"/>
    </Properties>
  </Object>
  <Object name="Object36">
    <AbsoluteLocation value="-0.953800 31.516445"/>
    <Properties>
      <Property name="Angle" value="89.4856"/>
      <Property name="Filename" value="/Objects/pipe_elbow_2.hs"/>
    </Properties>
  </Object>
  <Object name="Object42">
    <AbsoluteLocation value="3.886539 20.089476"/>
    <Properties>
      <Property name="Angle" value="359.483"/>
      <Property name="Filename" value="/Objects/pipe_bend_2.hs"/>
    </Properties>
  </Object>
  <Object name="Object35">
    <AbsoluteLocation value="1.748796 20.447981"/>
    <Properties>
      <Property name="Angle" value="359.989"/>
      <Property name="Filename" value="/Objects/pipe_straight_short.hs"/>
    </Properties>
  </Object>
  <Object name="Object33">
    <AbsoluteLocation value="-1.648293 26.704632"/>
    <Properties>
      <Property name="Angle" value="269.96"/>
      <Property name="Filename" value="/Objects/pipe_straight_long.hs"/>
    </Properties>
  </Object>
  <Object name="Object30">
    <AbsoluteLocation value="-1.751058 42.213192"/>
    <Properties>
      <Property name="Angle" value="7.65761"/>
      <Property name="Filename" value="/Objects/pipe_elbow_2.hs"/>
    </Properties>
  </Object>
  <Object name="Spout6">
    <AbsoluteLocation value="3.128065 29.889215"/>
    <Properties>
      <Property name="Angle" value="315.998"/>
      <Property name="Filename" value="/Objects/touch_spout.hs"/>
      <Property name="FluidType" value="Water"/>
      <Property name="Type" value="spout"/>
    </Properties>
  </Object>
  <Object name="Object22">
    <AbsoluteLocation value="2.859998 17.419981"/>
    <Properties>
      <Property name="Angle" value="0.960954"/>
      <Property name="Filename" value="/Objects/pipe_elbow_2.hs"/>
    </Properties>
  </Object>
  <Object name="Object16">
    <AbsoluteLocation value="-1.491166 39.615032"/>
    <Properties>
      <Property name="Angle" value="-86.2794"/>
      <Property name="Filename" value="/Objects/pipe_elbow_2.hs"/>
    </Properties>
  </Object>
  <Object name="Object14">
    <AbsoluteLocation value="1.105866 -22.393862"/>
    <Properties>
      <Property name="Angle" value="169.754"/>
      <Property name="Filename" value="/Objects/pipe_elbow_1.hs"/>
    </Properties>
  </Object>
  <Object name="Object13">
    <AbsoluteLocation value="1.359880 -17.182005"/>
    <Properties>
      <Property name="Angle" value="79.488"/>
      <Property name="Filename" value="/Objects/pipe_straight_long.hs"/>
    </Properties>
  </Object>
  <Object name="Spout2">
    <AbsoluteLocation value="2.591805 -11.491684"/>
    <Properties>
      <Property name="Angle" value="344.63"/>
      <Property name="ConnectedSpout0" value="SWAMPY_SPOUT"/>
      <Property name="ConnectedSpoutProbability0" value="1"/>
      <Property name="Filename" value="/Objects/broken_pipe_allie.hs"/>
      <Property name="Type" value="spout"/>
    </Properties>
  </Object>
  <Object name="Ducky9">
    <AbsoluteLocation value="25.200001 -12.000000"/>
    <Properties>
      <Property name="Angle" value="0"/>
      <Property name="Filename" value="/Objects/star_steam_allie.hs"/>
      <Property name="StarType" value="allie"/>
      <Property name="Type" value="star"/>
    </Properties>
  </Object>
  <Object name="Ducky11">
    <AbsoluteLocation value="11.999999 38.000000"/>
    <Properties>
      <Property name="Angle" value="0"/>
      <Property name="Filename" value="/Objects/star_steam_allie.hs"/>
      <Property name="StarType" value="allie"/>
      <Property name="Type" value="star"/>
    </Properties>
  </Object>
  <Object name="Fan7">
    <AbsoluteLocation value="-27.000580 27.449131"/>
    <Properties>
      <Property name="Angle" value="-60.7115"/>
      <Property name="Filename" value="/Objects/fan_8x8_w_cable.hs"/>
      <Property name="Type" value="fan"/>
      <Property name="VacuumMaxD" value="40"/>
      <Property name="VacuumMaxForce" value="60"/>
    </Properties>
  </Object>
  <Object name="Switch8">
    <AbsoluteLocation value="28.974443 35.270535"/>
    <Properties>
      <Property name="Angle" value="161.542"/>
      <Property name="ConnectedObject0" value="Fan7"/>
      <Property name="Filename" value="/Objects/switch.hs"/>
      <Property name="Type" value="switch"/>
    </Properties>
  </Object>
  <Object name="Ducky10">
    <AbsoluteLocation value="-18.800001 38.400002"/>
    <Properties>
      <Property name="Angle" value="0"/>
      <Property name="Filename" value="/Objects/star_steam_allie.hs"/>
      <Property name="StarType" value="allie"/>
      <Property name="Type" value="star"/>
    </Properties>
  </Object>
  <Object name="Spout9">
    <AbsoluteLocation value="-4.936588 41.639839"/>
    <Properties>
      <Property name="Angle" value="119.263"/>
      <Property name="ConnectedSpout0" value="Spout10"/>
      <Property name="ConnectedSpoutProbability0" value="1"/>
      <Property name="Filename" value="/Objects/basic_drain.hs"/>
      <Property name="Type" value="spout"/>
    </Properties>
  </Object>
  <Object name="Spout10">
    <AbsoluteLocation value="3.567043 15.058802"/>
    <Properties>
      <Property name="Angle" value="-89.7587"/>
      <Property name="Filename" value="/Objects/shower_head.hs"/>
      <Property name="FluidType" value="Water"/>
      <Property name="NumberParticles" value="0"/>
      <Property name="ParticleSpeed" value="70"/>
      <Property name="ParticlesPerSecond" value="20"/>
      <Property name="Type" value="spout"/>
    </Properties>
  </Object>
  <Object name="Object15">
    <AbsoluteLocation value="2.586815 -23.414009"/>
    <Properties>
      <Property name="Angle" value="168.135"/>
      <Property name="Filename" value="/Objects/pipe_straight_short.hs"/>
    </Properties>
  </Object>
  <Object name="Object11">
    <AbsoluteLocation value="4.384892 -24.075432"/>
    <Properties>
      <Property name="Angle" value="-23.5744"/>
      <Property name="Filename" value="/Objects/pipe_connector_end.hs"/>
    </Properties>
  </Object>
  <Object name="Object17">
    <AbsoluteLocation value="-3.484879 33.035175"/>
    <Properties>
      <Property name="Angle" value="90.159"/>
      <Property name="Filename" value="/Objects/pipe_straight_long.hs"/>
    </Properties>
  </Object>
  <Object name="Object20">
    <AbsoluteLocation value="-3.496200 24.818851"/>
    <Properties>
      <Property name="Angle" value="89.746"/>
      <Property name="Filename" value="/Objects/pipe_straight_long.hs"/>
    </Properties>
  </Object>
  <Object name="Object21">
    <AbsoluteLocation value="-2.838108 18.719465"/>
    <Properties>
      <Property name="Angle" value="180.21"/>
      <Property name="Filename" value="/Objects/pipe_elbow_1.hs"/>
    </Properties>
  </Object>
  <Object name="Object23">
    <AbsoluteLocation value="0.675973 18.074724"/>
    <Properties>
      <Property name="Angle" value="180.811"/>
      <Property name="Filename" value="/Objects/pipe_straight_short.hs"/>
    </Properties>
  </Object>
  <Object name="Object28">
    <AbsoluteLocation value="31.546453 5.553603"/>
    <Properties>
      <Property name="Angle" value="358.701"/>
      <Property name="Filename" value="/Objects/pipe_straight_long.hs"/>
    </Properties>
  </Object>
  <Object name="Object29">
    <AbsoluteLocation value="22.086084 5.732073"/>
    <Properties>
      <Property name="Angle" value="359.165"/>
      <Property name="Filename" value="/Objects/pipe_straight_long.hs"/>
    </Properties>
  </Object>
  <Object name="Object34">
    <AbsoluteLocation value="16.664625 6.203297"/>
    <Properties>
      <Property name="Angle" value="178.428"/>
      <Property name="Filename" value="/Objects/pipe_bend_1.hs"/>
    </Properties>
  </Object>
  <Object name="Object39">
    <AbsoluteLocation value="7.087705 16.697456"/>
    <Properties>
      <Property name="Angle" value="311.772"/>
      <Property name="Filename" value="/Objects/pipe_straight_long.hs"/>
    </Properties>
  </Object>
  <Object name="Object38">
    <AbsoluteLocation value="13.412361 9.630784"/>
    <Properties>
      <Property name="Angle" value="311.772"/>
      <Property name="Filename" value="/Objects/pipe_straight_long.hs"/>
    </Properties>
  </Object>
  <Object name="Object40">
    <AbsoluteLocation value="39.231644 5.394042"/>
    <Properties>
      <Property name="Angle" value="358.701"/>
      <Property name="Filename" value="/Objects/pipe_straight_long.hs"/>
    </Properties>
  </Object>
  <Object name="Object41">
    <AbsoluteLocation value="-0.627598 18.052402"/>
    <Properties>
      <Property name="Angle" value="180.811"/>
      <Property name="Filename" value="/Objects/pipe_straight_short.hs"/>
    </Properties>
  </Object>
  <Object name="Object43">
    <AbsoluteLocation value="-2.847943 38.287487"/>
    <Properties>
      <Property name="Angle" value="91.7209"/>
      <Property name="Filename" value="/Objects/pipe_elbow_1.hs"/>
    </Properties>
  </Object>
  <Room>
    <AbsoluteLocation value="17.200003 -29.200005"/>
  </Room>
</Objects>
