<?xml version="1.0"?>
<Objects>
  <Object name="Object41">
    <AbsoluteLocation value="-3.959820 9.291378"/>
    <Properties>
      <Property name="Angle" value="-48.3697"/>
      <Property name="Filename" value="/Objects/pipe_straight_short.hs"/>
    </Properties>
  </Object>
  <Object name="Object42">
    <AbsoluteLocation value="-0.172708 9.753931"/>
    <Properties>
      <Property name="Angle" value="43.0557"/>
      <Property name="Filename" value="/Objects/pipe_straight_short.hs"/>
    </Properties>
  </Object>
  <Object name="Object43">
    <AbsoluteLocation value="0.990631 10.863356"/>
    <Properties>
      <Property name="Angle" value="43.7908"/>
      <Property name="Filename" value="/Objects/pipe_straight_short.hs"/>
    </Properties>
  </Object>
  <Object name="Object48">
    <AbsoluteLocation value="6.298996 36.462166"/>
    <Properties>
      <Property name="Angle" value="387.055"/>
      <Property name="Filename" value="/Objects/pipe_elbow_1.hs"/>
    </Properties>
  </Object>
  <Object name="Object46">
    <AbsoluteLocation value="5.791371 10.629678"/>
    <Properties>
      <Property name="Angle" value="-52.1113"/>
      <Property name="Filename" value="/Objects/pipe_straight_short.hs"/>
    </Properties>
  </Object>
  <Object name="Object45">
    <AbsoluteLocation value="-23.806572 9.483799"/>
    <Properties>
      <Property name="Angle" value="-168.491"/>
      <Property name="Filename" value="/Objects/pipe_elbow_2.hs"/>
    </Properties>
  </Object>
  <Object name="Object40">
    <AbsoluteLocation value="-4.936631 10.229466"/>
    <Properties>
      <Property name="Angle" value="-1.68839"/>
      <Property name="Filename" value="/Objects/pipe_bend_2.hs"/>
    </Properties>
  </Object>
  <Object name="Object35">
    <AbsoluteLocation value="-21.386992 9.379080"/>
    <Properties>
      <Property name="Angle" value="374.232"/>
      <Property name="Filename" value="/Objects/pipe_straight_short.hs"/>
    </Properties>
  </Object>
  <Object name="Object28">
    <AbsoluteLocation value="-28.276251 27.758883"/>
    <Properties>
      <Property name="Angle" value="5.39644"/>
      <Property name="Filename" value="/Objects/pipe_straight_short.hs"/>
    </Properties>
  </Object>
  <Object name="Object26">
    <AbsoluteLocation value="-27.554258 -38.534927"/>
    <Properties>
      <Property name="Angle" value="102.731"/>
      <Property name="Filename" value="/Objects/pipe_elbow_1.hs"/>
    </Properties>
  </Object>
  <Object name="Object25">
    <AbsoluteLocation value="-27.035816 -44.473419"/>
    <Properties>
      <Property name="Angle" value="101.394"/>
      <Property name="Filename" value="/Objects/pipe_straight_long.hs"/>
    </Properties>
  </Object>
  <Object name="Spout2">
    <AbsoluteLocation value="3.339266 36.327721"/>
    <Properties>
      <Property name="Angle" value="102.478"/>
      <Property name="ConnectedSpout0" value="SWAMPY_SPOUT"/>
      <Property name="ConnectedSpoutProbability0" value="1"/>
      <Property name="Filename" value="/Objects/broken_pipe_allie.hs"/>
      <Property name="Type" value="spout"/>
    </Properties>
  </Object>
  <Object name="Spout3">
    <AbsoluteLocation value="-26.137396 28.068928"/>
    <Properties>
      <Property name="Angle" value="6.65164"/>
      <Property name="Filename" value="/Objects/shower_head.hs"/>
      <Property name="FluidType" value="Steam"/>
      <Property name="NumberParticles" value="0"/>
      <Property name="ParticleSpeed" value="35"/>
      <Property name="ParticlesPerSecond" value="7"/>
      <Property name="Type" value="spout"/>
    </Properties>
  </Object>
  <Object name="Spout4">
    <AbsoluteLocation value="-24.582336 -37.725071"/>
    <Properties>
      <Property name="Angle" value="0.586277"/>
      <Property name="Filename" value="/Objects/shower_head.hs"/>
      <Property name="FluidType" value="Steam"/>
      <Property name="ParticleSpeed" value="65"/>
      <Property name="ParticlesPerSecond" value="7"/>
      <Property name="Type" value="spout"/>
    </Properties>
  </Object>
  <Object name="Spout5">
    <AbsoluteLocation value="7.375153 7.354143"/>
    <Properties>
      <Property name="Angle" value="197.94"/>
      <Property name="ConnectedSpout0" value="Spout3"/>
      <Property name="ConnectedSpoutProbability0" value="1"/>
      <Property name="Filename" value="/Objects/basic_drain.hs"/>
      <Property name="Type" value="spout"/>
    </Properties>
  </Object>
  <Object name="Switch6">
    <AbsoluteLocation value="-12.053461 -14.332188"/>
    <Properties>
      <Property name="Angle" value="44.9394"/>
      <Property name="ConnectedObject0" value="Object15"/>
      <Property name="Filename" value="/Objects/switch.hs"/>
      <Property name="Type" value="switch"/>
    </Properties>
  </Object>
  <Object name="Switch7">
    <AbsoluteLocation value="1.473762 5.591379"/>
    <Properties>
      <Property name="Angle" value="135.237"/>
      <Property name="ConnectedObject0" value="Object20"/>
      <Property name="Filename" value="/Objects/switch_blue.hs"/>
      <Property name="Type" value="switch"/>
    </Properties>
  </Object>
  <Object name="Ducky10">
    <AbsoluteLocation value="-29.400000 15.400002"/>
    <Properties>
      <Property name="Angle" value="0"/>
      <Property name="Filename" value="/Objects/star_steam_allie.hs"/>
      <Property name="StarType" value="allie"/>
      <Property name="Type" value="star"/>
    </Properties>
  </Object>
  <Object name="Ducky11">
    <AbsoluteLocation value="22.000000 1.600000"/>
    <Properties>
      <Property name="Angle" value="0"/>
      <Property name="Filename" value="/Objects/star_steam_allie.hs"/>
      <Property name="StarType" value="allie"/>
      <Property name="Type" value="star"/>
    </Properties>
  </Object>
  <Object name="Ducky12">
    <AbsoluteLocation value="-25.600000 38.799999"/>
    <Properties>
      <Property name="Angle" value="0"/>
      <Property name="Filename" value="/Objects/star_steam_allie.hs"/>
      <Property name="StarType" value="allie"/>
      <Property name="Type" value="star"/>
    </Properties>
  </Object>
  <Object name="Object17">
    <AbsoluteLocation value="10.400001 -44.000000"/>
    <Properties>
      <Property name="Angle" value="0"/>
      <Property name="Filename" value="/Objects/pipe_straight.hs"/>
      <Property name="Parent" value="Object15"/>
    </Properties>
  </Object>
  <Object name="Object16">
    <AbsoluteLocation value="9.200000 -44.000000"/>
    <Properties>
      <Property name="Angle" value="-90"/>
      <Property name="Filename" value="/Objects/pipe_spout_base.hs"/>
      <Property name="Parent" value="Object15"/>
    </Properties>
  </Object>
  <Object name="Object19">
    <AbsoluteLocation value="11.600000 -44.000000"/>
    <Properties>
      <Property name="Angle" value="90"/>
      <Property name="Filename" value="/Objects/pipe_spout_base.hs"/>
      <Property name="Parent" value="Object15"/>
    </Properties>
  </Object>
  <Object name="Fan15">
    <AbsoluteLocation value="2.800000 -43.200001"/>
    <Properties>
      <Property name="Angle" value="0"/>
      <Property name="Filename" value="/Objects/fan_16x8.hs"/>
      <Property name="Parent" value="Object15"/>
      <Property name="Type" value="fan"/>
      <Property name="VacuumMaxForce" value="50"/>
      <Property name="VacuumOn" value="1"/>
    </Properties>
  </Object>
  <Object name="Object15">
    <AbsoluteLocation value="15.200000 -44.000000"/>
    <Properties>
      <Property name="Angle" value="0"/>
      <Property name="Filename" value="/Objects/wall_8x8.hs"/>
      <Property name="MotorMoveSpeed" value="3"/>
      <Property name="PathPos0" value="0 0"/>
      <Property name="PathPos1" value="20 0"/>
    </Properties>
  </Object>
  <Object name="Object23">
    <AbsoluteLocation value="-5.600000 20.177778"/>
    <Properties>
      <Property name="Angle" value="125"/>
      <Property name="Filename" value="/Objects/pipe_elbow_1.hs"/>
      <Property name="Parent" value="Object20"/>
    </Properties>
  </Object>
  <Object name="Object24">
    <AbsoluteLocation value="0.000000 20.177778"/>
    <Properties>
      <Property name="Angle" value="325"/>
      <Property name="Filename" value="/Objects/pipe_elbow_1.hs"/>
      <Property name="Parent" value="Object20"/>
    </Properties>
  </Object>
  <Object name="Object21">
    <AbsoluteLocation value="-5.200000 21.777779"/>
    <Properties>
      <Property name="Angle" value="-250"/>
      <Property name="Filename" value="/Objects/pipe_spout_base.hs"/>
      <Property name="Parent" value="Object20"/>
    </Properties>
  </Object>
  <Object name="Object22">
    <AbsoluteLocation value="-0.400000 21.777779"/>
    <Properties>
      <Property name="Angle" value="-110"/>
      <Property name="Filename" value="/Objects/pipe_spout_base.hs"/>
      <Property name="Parent" value="Object20"/>
    </Properties>
  </Object>
  <Object name="Fan14">
    <AbsoluteLocation value="-2.800000 24.000000"/>
    <Properties>
      <Property name="Angle" value="0"/>
      <Property name="Filename" value="/Objects/fan_8x8_w_cable_gear3.hs"/>
      <Property name="Parent" value="Object20"/>
      <Property name="Type" value="fan"/>
      <Property name="VacuumMaxForce" value="80"/>
      <Property name="VacuumOn" value="1"/>
    </Properties>
  </Object>
  <Object name="Object20">
    <AbsoluteLocation value="-2.800000 16.800001"/>
    <Properties>
      <Property name="Angle" value="0"/>
      <Property name="Filename" value="/Objects/wall_8x8_blue.hs"/>
      <Property name="MotorWaitTime" value="10"/>
      <Property name="MotorWaitTurn0" value="90.0"/>
      <Property name="PathPos0" value="0 0"/>
      <Property name="PathPos1" value="0.01 0"/>
    </Properties>
  </Object>
  <Object name="Object27">
    <AbsoluteLocation value="-30.184189 26.853638"/>
    <Properties>
      <Property name="Angle" value="97.1055"/>
      <Property name="Filename" value="/Objects/pipe_elbow_1.hs"/>
    </Properties>
  </Object>
  <Object name="Object29">
    <AbsoluteLocation value="-30.556580 24.695225"/>
    <Properties>
      <Property name="Angle" value="98.8991"/>
      <Property name="Filename" value="/Objects/pipe_straight_short.hs"/>
    </Properties>
  </Object>
  <Object name="Object30">
    <AbsoluteLocation value="-29.518473 22.830801"/>
    <Properties>
      <Property name="Angle" value="190.798"/>
      <Property name="Filename" value="/Objects/pipe_elbow_1.hs"/>
    </Properties>
  </Object>
  <Object name="Object31">
    <AbsoluteLocation value="-27.177113 21.876612"/>
    <Properties>
      <Property name="Angle" value="8.91481"/>
      <Property name="Filename" value="/Objects/pipe_elbow_2.hs"/>
    </Properties>
  </Object>
  <Object name="Object32">
    <AbsoluteLocation value="-26.172264 20.415005"/>
    <Properties>
      <Property name="Angle" value="-77.4265"/>
      <Property name="Filename" value="/Objects/pipe_into_wall_2.hs"/>
    </Properties>
  </Object>
  <Object name="Object33">
    <AbsoluteLocation value="-19.442312 9.838614"/>
    <Properties>
      <Property name="Angle" value="10.8039"/>
      <Property name="Filename" value="/Objects/pipe_into_wall_1.hs"/>
    </Properties>
  </Object>
  <Object name="Object36">
    <AbsoluteLocation value="-24.760571 10.993292"/>
    <Properties>
      <Property name="Angle" value="100.072"/>
      <Property name="Filename" value="/Objects/pipe_into_wall_2.hs"/>
    </Properties>
  </Object>
  <Object name="Object37">
    <AbsoluteLocation value="-6.657677 10.610159"/>
    <Properties>
      <Property name="Angle" value="-179.571"/>
      <Property name="Filename" value="/Objects/pipe_into_wall_2.hs"/>
    </Properties>
  </Object>
  <Object name="Object39">
    <AbsoluteLocation value="-2.390728 8.580966"/>
    <Properties>
      <Property name="Angle" value="-136.267"/>
      <Property name="Filename" value="/Objects/pipe_elbow_2.hs"/>
    </Properties>
  </Object>
  <Object name="Object44">
    <AbsoluteLocation value="3.447726 12.295393"/>
    <Properties>
      <Property name="Angle" value="404.125"/>
      <Property name="Filename" value="/Objects/pipe_elbow_1.hs"/>
    </Properties>
  </Object>
  <Object name="Object47">
    <AbsoluteLocation value="8.134329 35.071507"/>
    <Properties>
      <Property name="Angle" value="-51.333"/>
      <Property name="Filename" value="/Objects/pipe_connector_end.hs"/>
    </Properties>
  </Object>
  <Object name="Object49">
    <AbsoluteLocation value="15.199998 -44.000004"/>
    <Properties>
      <Property name="Angle" value="0"/>
      <Property name="Filename" value="/Objects/path_locking_end.hs"/>
    </Properties>
  </Object>
  <Object name="Object50">
    <AbsoluteLocation value="29.599997 -44.000000"/>
    <Properties>
      <Property name="Angle" value="0"/>
      <Property name="Filename" value="/Objects/path_locking_end_right.hs"/>
    </Properties>
  </Object>
  <Object name="Object51">
    <AbsoluteLocation value="19.999998 -44.000000"/>
    <Properties>
      <Property name="Angle" value="0"/>
      <Property name="Filename" value="/Objects/path_locking_mid.hs"/>
    </Properties>
  </Object>
  <Object name="Object52">
    <AbsoluteLocation value="24.799997 -44.000000"/>
    <Properties>
      <Property name="Angle" value="0"/>
      <Property name="Filename" value="/Objects/path_locking_mid.hs"/>
    </Properties>
  </Object>
  <Object name="Object53">
    <AbsoluteLocation value="-12.800000 12.754743"/>
    <Properties>
      <Property name="Angle" value="17.421"/>
      <Property name="Filename" value="/Objects/path_stopper.hs"/>
    </Properties>
  </Object>
  <Object name="Note01">
    <AbsoluteLocation value="10.000000 -7.600000"/>
    <Properties>
      <Property name="Angle" value="0"/>
      <Property name="Filename" value="/Objects/star_note_allie_1.hs"/>
      <Property name="StarType" value="note"/>
      <Property name="Type" value="star"/>
    </Properties>
  </Object>
  <Object name="Note02">
    <AbsoluteLocation value="-13.600000 1.600000"/>
    <Properties>
      <Property name="Angle" value="0"/>
      <Property name="Filename" value="/Objects/star_note_allie_2.hs"/>
      <Property name="StarType" value="note"/>
      <Property name="Type" value="star"/>
    </Properties>
  </Object>
  <Object name="Note03">
    <AbsoluteLocation value="24.800001 -6.000000"/>
    <Properties>
      <Property name="Angle" value="0"/>
      <Property name="Filename" value="/Objects/star_note_allie_3.hs"/>
      <Property name="StarType" value="note"/>
      <Property name="Type" value="star"/>
    </Properties>
  </Object>
  <Object name="Note04">
    <AbsoluteLocation value="-27.600000 15.200000"/>
    <Properties>
      <Property name="Angle" value="0"/>
      <Property name="Filename" value="/Objects/star_note_allie_4.hs"/>
      <Property name="StarType" value="note"/>
      <Property name="Type" value="star"/>
    </Properties>
  </Object>
  <Object name="Note05">
    <AbsoluteLocation value="18.000000 -27.200001"/>
    <Properties>
      <Property name="Angle" value="0"/>
      <Property name="Filename" value="/Objects/star_note_allie_5.hs"/>
      <Property name="StarType" value="note"/>
      <Property name="Type" value="star"/>
    </Properties>
  </Object>
  <Object name="Collectible54">
    <AbsoluteLocation value="-24.937500 1.031250"/>
    <Properties>
      <Property name="Angle" value="0"/>
      <Property name="Filename" value="/Objects/z_collectible_allie_15.hs"/>
      <Property name="Type" value="collectible"/>
    </Properties>
  </Object>
  <Room>
    <AbsoluteLocation value="17.200003 24.399998"/>
  </Room>
</Objects>
