<?xml version="1.0"?>
<Objects>
  <Object name="Ducky3">
    <AbsoluteLocation value="-22.800001 8.000000"/>
    <Properties>
      <Property name="Angle" value="0"/>
      <Property name="Filename" value="/Objects/star_steam_allie.hs"/>
      <Property name="StarType" value="allie"/>
      <Property name="Type" value="star"/>
    </Properties>
  </Object>
  <Object name="Ducky4">
    <AbsoluteLocation value="22.439438 29.526768"/>
    <Properties>
      <Property name="Angle" value="0"/>
      <Property name="Filename" value="/Objects/star_steam_allie.hs"/>
      <Property name="StarType" value="allie"/>
      <Property name="Type" value="star"/>
    </Properties>
  </Object>
  <Object name="Ducky5">
    <AbsoluteLocation value="13.200001 -30.400000"/>
    <Properties>
      <Property name="Angle" value="0"/>
      <Property name="Filename" value="/Objects/star_steam_allie.hs"/>
      <Property name="StarType" value="allie"/>
      <Property name="Type" value="star"/>
    </Properties>
  </Object>
  <Object name="Bomb16">
    <AbsoluteLocation value="-9.937500 16.875000"/>
    <Properties>
      <Property name="Angle" value="0"/>
      <Property name="Filename" value="/Objects/bomb.hs"/>
      <Property name="Type" value="bomb"/>
    </Properties>
  </Object>
  <Object name="Bomb17">
    <AbsoluteLocation value="-7.343750 9.125000"/>
    <Properties>
      <Property name="Angle" value="0"/>
      <Property name="Filename" value="/Objects/bomb.hs"/>
      <Property name="Type" value="bomb"/>
    </Properties>
  </Object>
  <Object name="Bomb18">
    <AbsoluteLocation value="-3.343750 2.593750"/>
    <Properties>
      <Property name="Angle" value="27.9369"/>
      <Property name="Filename" value="/Objects/bomb.hs"/>
      <Property name="Type" value="bomb"/>
    </Properties>
  </Object>
  <Object name="Bomb19">
    <AbsoluteLocation value="-7.687500 -5.156250"/>
    <Properties>
      <Property name="Angle" value="-27.0218"/>
      <Property name="Filename" value="/Objects/bomb.hs"/>
      <Property name="Type" value="bomb"/>
    </Properties>
  </Object>
  <Object name="Bomb20">
    <AbsoluteLocation value="-11.750000 -13.187500"/>
    <Properties>
      <Property name="Angle" value="-10.0995"/>
      <Property name="Filename" value="/Objects/bomb.hs"/>
      <Property name="Type" value="bomb"/>
    </Properties>
  </Object>
  <Object name="Bomb21">
    <AbsoluteLocation value="-15.447357 -7.046761"/>
    <Properties>
      <Property name="Angle" value="-43.2174"/>
      <Property name="Filename" value="/Objects/bomb.hs"/>
      <Property name="Type" value="bomb"/>
    </Properties>
  </Object>
  <Object name="Bomb22">
    <AbsoluteLocation value="-11.953125 2.031250"/>
    <Properties>
      <Property name="Angle" value="-40.7571"/>
      <Property name="Filename" value="/Objects/bomb.hs"/>
      <Property name="Type" value="bomb"/>
    </Properties>
  </Object>
  <Object name="Bomb23">
    <AbsoluteLocation value="9.755030 22.878113"/>
    <Properties>
      <Property name="Angle" value="-40.7571"/>
      <Property name="Filename" value="/Objects/bomb.hs"/>
      <Property name="Type" value="bomb"/>
    </Properties>
  </Object>
  <Object name="Bomb24">
    <AbsoluteLocation value="15.679987 -16.541168"/>
    <Properties>
      <Property name="Angle" value="-62.5887"/>
      <Property name="Filename" value="/Objects/bomb.hs"/>
      <Property name="Type" value="bomb"/>
    </Properties>
  </Object>
  <Object name="Bomb25">
    <AbsoluteLocation value="11.543297 -10.823479"/>
    <Properties>
      <Property name="Angle" value="29.866"/>
      <Property name="Filename" value="/Objects/bomb.hs"/>
      <Property name="Type" value="bomb"/>
    </Properties>
  </Object>
  <Object name="Bomb26">
    <AbsoluteLocation value="13.648596 15.568153"/>
    <Properties>
      <Property name="Angle" value="30.2067"/>
      <Property name="Filename" value="/Objects/bomb.hs"/>
      <Property name="Type" value="bomb"/>
    </Properties>
  </Object>
  <Object name="Bomb27">
    <AbsoluteLocation value="17.495522 -6.836517"/>
    <Properties>
      <Property name="Angle" value="105.739"/>
      <Property name="Filename" value="/Objects/bomb.hs"/>
      <Property name="Type" value="bomb"/>
    </Properties>
  </Object>
  <Object name="Bomb28">
    <AbsoluteLocation value="10.175137 30.024048"/>
    <Properties>
      <Property name="Angle" value="87.4231"/>
      <Property name="Filename" value="/Objects/bomb.hs"/>
      <Property name="Type" value="bomb"/>
    </Properties>
  </Object>
  <Object name="Bomb29">
    <AbsoluteLocation value="8.500000 38.093750"/>
    <Properties>
      <Property name="Angle" value="87.4231"/>
      <Property name="Filename" value="/Objects/bomb.hs"/>
      <Property name="Type" value="bomb"/>
    </Properties>
  </Object>
  <Object name="Bomb30">
    <AbsoluteLocation value="22.337301 -13.833353"/>
    <Properties>
      <Property name="Angle" value="-5.53312"/>
      <Property name="Filename" value="/Objects/bomb.hs"/>
      <Property name="Type" value="bomb"/>
    </Properties>
  </Object>
  <Object name="Bomb31">
    <AbsoluteLocation value="25.060490 -7.206957"/>
    <Properties>
      <Property name="Angle" value="117.007"/>
      <Property name="Filename" value="/Objects/bomb.hs"/>
      <Property name="Type" value="bomb"/>
    </Properties>
  </Object>
  <Room>
    <AbsoluteLocation value="-1.000000 -1.000000"/>
  </Room>
  <Properties>
    <Property name="BonusLevel" value="1"/>
    <Property name="BonusTimer" value="65"/>
    <Property name="ShowTopEdge" value="0"/>
  </Properties>
</Objects>
