<?xml version="1.0"?>
<Objects>
  <Object name="Object116">
    <AbsoluteLocation value="-25.851507 -5.745802"/>
    <Properties>
      <Property name="Angle" value="0"/>
      <Property name="Filename" value="/Objects/path_smooth_vertical_mid.hs"/>
    </Properties>
  </Object>
  <Object name="Object85">
    <AbsoluteLocation value="5.963689 -12.587160"/>
    <Properties>
      <Property name="Angle" value="0"/>
      <Property name="Filename" value="/Objects/path_smooth_vertical_mid.hs"/>
    </Properties>
  </Object>
  <Object name="Object102">
    <AbsoluteLocation value="5.981637 -14.329830"/>
    <Properties>
      <Property name="Angle" value="0"/>
      <Property name="Filename" value="/Objects/path_vertical_locking_mid.hs"/>
    </Properties>
  </Object>
  <Object name="Switch71">
    <AbsoluteLocation value="28.754715 -22.159206"/>
    <Properties>
      <Property name="Angle" value="90"/>
      <Property name="ConnectedObject0" value="Object88"/>
      <Property name="Filename" value="/Objects/switch_blue.hs"/>
      <Property name="Type" value="switch"/>
    </Properties>
  </Object>
  <Object name="Switch72">
    <AbsoluteLocation value="-0.879337 14.875809"/>
    <Properties>
      <Property name="Angle" value="88.9811"/>
      <Property name="ConnectedObject0" value="Object86"/>
      <Property name="Filename" value="/Objects/switch_fan2.hs"/>
      <Property name="Type" value="switch"/>
    </Properties>
  </Object>
  <Object name="Object106">
    <AbsoluteLocation value="2.639525 40.597244"/>
    <Properties>
      <Property name="Angle" value="-45"/>
      <Property name="Filename" value="/Objects/pipe_straight_long.hs"/>
    </Properties>
  </Object>
  <Object name="Object100">
    <AbsoluteLocation value="-5.169672 45.980579"/>
    <Properties>
      <Property name="Angle" value="90"/>
      <Property name="Filename" value="/Objects/pipe_elbow_1.hs"/>
    </Properties>
  </Object>
  <Object name="Object52">
    <AbsoluteLocation value="-5.061766 -7.380241"/>
    <Properties>
      <Property name="Angle" value="-90"/>
      <Property name="Filename" value="/Objects/path_locking_elbow_5.hs"/>
    </Properties>
  </Object>
  <Object name="Object35">
    <AbsoluteLocation value="-18.096441 -15.827074"/>
    <Properties>
      <Property name="Angle" value="-360"/>
      <Property name="Filename" value="/Objects/path_locking_mid.hs"/>
    </Properties>
  </Object>
  <Object name="Object44">
    <AbsoluteLocation value="-13.784682 -15.835302"/>
    <Properties>
      <Property name="Angle" value="-360"/>
      <Property name="Filename" value="/Objects/path_locking_mid.hs"/>
    </Properties>
  </Object>
  <Object name="Object92">
    <AbsoluteLocation value="-21.731863 -42.032429"/>
    <Properties>
      <Property name="Angle" value="0"/>
      <Property name="Filename" value="/Objects/pipe_straight_short.hs"/>
      <Property name="Parent" value="CQC"/>
    </Properties>
  </Object>
  <Object name="Object74">
    <AbsoluteLocation value="1.042284 9.647635"/>
    <Properties>
      <Property name="Angle" value="90"/>
      <Property name="Filename" value="/Objects/pipe_elbow_1.hs"/>
    </Properties>
  </Object>
  <Object name="Object77">
    <AbsoluteLocation value="2.047373 10.343407"/>
    <Properties>
      <Property name="Angle" value="-270"/>
      <Property name="Filename" value="/Objects/pipe_spout_base.hs"/>
    </Properties>
  </Object>
  <Object name="Object75">
    <AbsoluteLocation value="-6.543373 -23.263292"/>
    <Properties>
      <Property name="Angle" value="90"/>
      <Property name="Filename" value="/Objects/pipe_elbow_1.hs"/>
      <Property name="Parent" value="Object72"/>
    </Properties>
  </Object>
  <Object name="Object68">
    <AbsoluteLocation value="24.564953 6.400000"/>
    <Properties>
      <Property name="Angle" value="90"/>
      <Property name="Filename" value="/Objects/pipe_elbow_1.hs"/>
      <Property name="Parent" value="Object69"/>
    </Properties>
  </Object>
  <Object name="Object40">
    <AbsoluteLocation value="-24.222363 -14.135714"/>
    <Properties>
      <Property name="Angle" value="0"/>
      <Property name="Filename" value="/Objects/path_locking_elbow_3.hs"/>
    </Properties>
  </Object>
  <Object name="CQC3">
    <AbsoluteLocation value="-20.791729 -42.038136"/>
    <Properties>
      <Property name="Angle" value="-270"/>
      <Property name="Filename" value="/Objects/pipe_spout_base.hs"/>
      <Property name="Parent" value="CQC"/>
    </Properties>
  </Object>
  <Object name="CQC1">
    <AbsoluteLocation value="-22.612289 -41.949772"/>
    <Properties>
      <Property name="Angle" value="-90"/>
      <Property name="Filename" value="/Objects/pipe_spout_base.hs"/>
      <Property name="Parent" value="CQC"/>
    </Properties>
  </Object>
  <Object name="Object31">
    <AbsoluteLocation value="-24.286200 12.389760"/>
    <Properties>
      <Property name="Angle" value="-90"/>
      <Property name="Filename" value="/Objects/path_locking_elbow_5.hs"/>
    </Properties>
  </Object>
  <Object name="Spout2">
    <AbsoluteLocation value="-5.933287 43.658344"/>
    <Properties>
      <Property name="Angle" value="180.032"/>
      <Property name="ConnectedSpout0" value="SWAMPY_SPOUT"/>
      <Property name="ConnectedSpoutProbability0" value="1"/>
      <Property name="Filename" value="/Objects/broken_pipe_allie.hs"/>
      <Property name="Type" value="spout"/>
    </Properties>
  </Object>
  <Object name="Object6">
    <AbsoluteLocation value="-23.109215 -41.945789"/>
    <Properties>
      <Property name="Angle" value="0"/>
      <Property name="Filename" value="/Objects/path_locking_end.hs"/>
    </Properties>
  </Object>
  <Object name="Object7">
    <AbsoluteLocation value="-13.295475 -41.914028"/>
    <Properties>
      <Property name="Angle" value="0"/>
      <Property name="Filename" value="/Objects/path_locking_mid.hs"/>
    </Properties>
  </Object>
  <Object name="Object9">
    <AbsoluteLocation value="-8.519819 -41.892746"/>
    <Properties>
      <Property name="Angle" value="0"/>
      <Property name="Filename" value="/Objects/path_locking_mid.hs"/>
    </Properties>
  </Object>
  <Object name="Object10">
    <AbsoluteLocation value="-3.600000 -41.892746"/>
    <Properties>
      <Property name="Angle" value="0"/>
      <Property name="Filename" value="/Objects/path_locking_mid.hs"/>
    </Properties>
  </Object>
  <Object name="Object11">
    <AbsoluteLocation value="-1.050000 -41.892746"/>
    <Properties>
      <Property name="Angle" value="0"/>
      <Property name="Filename" value="/Objects/path_locking_mid.hs"/>
    </Properties>
  </Object>
  <Object name="Object14">
    <AbsoluteLocation value="-17.829613 14.058420"/>
    <Properties>
      <Property name="Angle" value="0"/>
      <Property name="Filename" value="/Objects/path_locking_mid.hs"/>
    </Properties>
  </Object>
  <Object name="Object15">
    <AbsoluteLocation value="4.355516 -40.222382"/>
    <Properties>
      <Property name="Angle" value="90"/>
      <Property name="Filename" value="/Objects/path_locking_elbow_6.hs"/>
    </Properties>
  </Object>
  <Object name="Object21">
    <AbsoluteLocation value="-25.857924 -1.597984"/>
    <Properties>
      <Property name="Angle" value="0"/>
      <Property name="Filename" value="/Objects/path_vertical_locking_mid.hs"/>
    </Properties>
  </Object>
  <Object name="Object22">
    <AbsoluteLocation value="-25.861708 -7.732786"/>
    <Properties>
      <Property name="Angle" value="0"/>
      <Property name="Filename" value="/Objects/path_vertical_locking_mid.hs"/>
    </Properties>
  </Object>
  <Object name="Object13">
    <AbsoluteLocation value="0.926090 -5.725620"/>
    <Properties>
      <Property name="Angle" value="-360"/>
      <Property name="Filename" value="/Objects/path_locking_mid.hs"/>
    </Properties>
  </Object>
  <Object name="Object24">
    <AbsoluteLocation value="13.681969 -22.498476"/>
    <Properties>
      <Property name="Angle" value="0"/>
      <Property name="Filename" value="/Objects/path_locking_end_right.hs"/>
    </Properties>
  </Object>
  <Object name="Object26">
    <AbsoluteLocation value="7.630167 -24.230043"/>
    <Properties>
      <Property name="Angle" value="-90"/>
      <Property name="Filename" value="/Objects/path_locking_elbow_5.hs"/>
    </Properties>
  </Object>
  <Object name="CQC4">
    <AbsoluteLocation value="-18.290300 -42.400581"/>
    <Properties>
      <Property name="Angle" value="0"/>
      <Property name="Filename" value="/Objects/pipe_connector_90.hs"/>
      <Property name="Parent" value="CQC"/>
    </Properties>
  </Object>
  <Object name="CQC5">
    <AbsoluteLocation value="-13.905796 -42.272816"/>
    <Properties>
      <Property name="Angle" value="90"/>
      <Property name="Filename" value="/Objects/pipe_connector_90.hs"/>
      <Property name="Parent" value="CQC"/>
    </Properties>
  </Object>
  <Object name="CQC">
    <AbsoluteLocation value="-25.962086 -42.145836"/>
    <Properties>
      <Property name="Angle" value="0"/>
      <Property name="Filename" value="/Objects/wall_8x8_locking.hs"/>
      <Property name="MaxDragVelocity" value="14"/>
      <Property name="PathPos0" value="0 0"/>
      <Property name="PathPos1" value="40 0"/>
      <Property name="PathPos10" value="13 70"/>
      <Property name="PathPos2" value="40 25"/>
      <Property name="PathPos3" value="50 25"/>
      <Property name="PathPos4" value="40 25"/>
      <Property name="PathPos5" value="40 45"/>
      <Property name="PathPos6" value="25 45"/>
      <Property name="PathPos7" value="25 33"/>
      <Property name="PathPos8" value="0 33"/>
      <Property name="PathPos9" value="0 70"/>
    </Properties>
  </Object>
  <Object name="Object36">
    <AbsoluteLocation value="-19.621462 -38.869255"/>
    <Properties>
      <Property name="Angle" value="-90.6965"/>
      <Property name="Filename" value="/Objects/pipe_connector_end.hs"/>
      <Property name="Parent" value="CQC"/>
    </Properties>
  </Object>
  <Object name="Object37">
    <AbsoluteLocation value="-12.529749 -38.918732"/>
    <Properties>
      <Property name="Angle" value="-90.6965"/>
      <Property name="Filename" value="/Objects/pipe_connector_end.hs"/>
      <Property name="Parent" value="CQC"/>
    </Properties>
  </Object>
  <Object name="Object18">
    <AbsoluteLocation value="5.984098 -19.242352"/>
    <Properties>
      <Property name="Angle" value="0"/>
      <Property name="Filename" value="/Objects/path_vertical_locking_mid.hs"/>
    </Properties>
  </Object>
  <Object name="Object38">
    <AbsoluteLocation value="6.003517 -29.491301"/>
    <Properties>
      <Property name="Angle" value="0"/>
      <Property name="Filename" value="/Objects/path_vertical_locking_mid.hs"/>
    </Properties>
  </Object>
  <Object name="Object39">
    <AbsoluteLocation value="6.010130 -34.269470"/>
    <Properties>
      <Property name="Angle" value="0"/>
      <Property name="Filename" value="/Objects/path_vertical_locking_mid.hs"/>
    </Properties>
  </Object>
  <Object name="Object41">
    <AbsoluteLocation value="4.248028 -7.290619"/>
    <Properties>
      <Property name="Angle" value="-179.513"/>
      <Property name="Filename" value="/Objects/path_locking_elbow_4.hs"/>
    </Properties>
  </Object>
  <Object name="Object46">
    <AbsoluteLocation value="-18.209324 -41.923733"/>
    <Properties>
      <Property name="Angle" value="0"/>
      <Property name="Filename" value="/Objects/path_locking_mid.hs"/>
    </Properties>
  </Object>
  <Object name="Object48">
    <AbsoluteLocation value="-25.934675 8.005693"/>
    <Properties>
      <Property name="Angle" value="0"/>
      <Property name="Filename" value="/Objects/path_vertical_locking_mid.hs"/>
    </Properties>
  </Object>
  <Object name="Object53">
    <AbsoluteLocation value="-8.336416 -14.148476"/>
    <Properties>
      <Property name="Angle" value="90"/>
      <Property name="Filename" value="/Objects/path_locking_elbow_6.hs"/>
    </Properties>
  </Object>
  <Object name="Object55">
    <AbsoluteLocation value="-14.125597 14.011030"/>
    <Properties>
      <Property name="Angle" value="0"/>
      <Property name="Filename" value="/Objects/path_locking_end_right.hs"/>
    </Properties>
  </Object>
  <Object name="Spout67">
    <AbsoluteLocation value="23.682133 3.599998"/>
    <Properties>
      <Property name="Angle" value="-180"/>
      <Property name="ConnectedSpout0" value="Spout70"/>
      <Property name="ConnectedSpoutProbability0" value="1"/>
      <Property name="Filename" value="/Objects/vacuum_drain.hs"/>
      <Property name="Parent" value="Object69"/>
      <Property name="Type" value="spout"/>
      <Property name="VacuumForce" value="35"/>
      <Property name="VacuumMaxAngle" value="8"/>
      <Property name="VacuumMaxD" value="35"/>
      <Property name="VacuumMaxForce" value="35"/>
      <Property name="VacuumMinAngle" value="-8"/>
      <Property name="VacuumOn" value="1"/>
    </Properties>
  </Object>
  <Object name="Object70">
    <AbsoluteLocation value="25.964952 7.200001"/>
    <Properties>
      <Property name="Angle" value="-270"/>
      <Property name="Filename" value="/Objects/pipe_spout_base.hs"/>
      <Property name="Parent" value="Object69"/>
    </Properties>
  </Object>
  <Object name="Object69">
    <AbsoluteLocation value="29.602978 7.235125"/>
    <Properties>
      <Property name="Angle" value="0"/>
      <Property name="Filename" value="/Objects/wall_8x8.hs"/>
      <Property name="MotorMoveSpeed" value="2"/>
      <Property name="MotorOn" value="1"/>
      <Property name="MotorWaitTime" value="2"/>
      <Property name="PathIsClosed" value="1"/>
      <Property name="PathPos0" value="0 0"/>
      <Property name="PathPos1" value="-10 0"/>
      <Property name="PathPos2" value="0 0"/>
    </Properties>
  </Object>
  <Object name="Object73">
    <AbsoluteLocation value="-5.143375 -22.463291"/>
    <Properties>
      <Property name="Angle" value="-270"/>
      <Property name="Filename" value="/Objects/pipe_spout_base.hs"/>
      <Property name="Parent" value="Object72"/>
    </Properties>
  </Object>
  <Object name="Spout74">
    <AbsoluteLocation value="-7.426193 -26.063293"/>
    <Properties>
      <Property name="Angle" value="-180"/>
      <Property name="ConnectedSpout0" value="Spout70"/>
      <Property name="ConnectedSpoutProbability0" value="1"/>
      <Property name="Filename" value="/Objects/vacuum_drain.hs"/>
      <Property name="Parent" value="Object72"/>
      <Property name="Type" value="spout"/>
      <Property name="VacuumForce" value="35"/>
      <Property name="VacuumMaxAngle" value="8"/>
      <Property name="VacuumMaxD" value="35"/>
      <Property name="VacuumMaxForce" value="35"/>
      <Property name="VacuumMinAngle" value="-8"/>
      <Property name="VacuumOn" value="1"/>
    </Properties>
  </Object>
  <Object name="Object72">
    <AbsoluteLocation value="-1.505348 -22.428167"/>
    <Properties>
      <Property name="Angle" value="0"/>
      <Property name="Filename" value="/Objects/wall_8x8.hs"/>
      <Property name="MotorMoveSpeed" value="2"/>
      <Property name="MotorOn" value="1"/>
      <Property name="MotorWaitTime" value="1"/>
      <Property name="PathIsClosed" value="1"/>
      <Property name="PathPos0" value="0 0"/>
      <Property name="PathPos1" value="-20 0"/>
      <Property name="PathPos2" value="0 0"/>
    </Properties>
  </Object>
  <Object name="Spout70">
    <AbsoluteLocation value="43.376579 2.828293"/>
    <Properties>
      <Property name="Angle" value="-14.6669"/>
      <Property name="Filename" value="/Objects/shower_head.hs"/>
      <Property name="FluidType" value="Water"/>
      <Property name="Type" value="spout"/>
    </Properties>
  </Object>
  <Object name="Spout75">
    <AbsoluteLocation value="0.271030 6.741024"/>
    <Properties>
      <Property name="Angle" value="-180"/>
      <Property name="ConnectedSpout0" value="Spout70"/>
      <Property name="ConnectedSpoutProbability0" value="1"/>
      <Property name="Filename" value="/Objects/vacuum_drain.hs"/>
      <Property name="Type" value="spout"/>
      <Property name="VacuumForce" value="35"/>
      <Property name="VacuumMaxAngle" value="8"/>
      <Property name="VacuumMaxD" value="35"/>
      <Property name="VacuumMaxForce" value="35"/>
      <Property name="VacuumMinAngle" value="-8"/>
      <Property name="VacuumOn" value="1"/>
    </Properties>
  </Object>
  <Object name="Ducky78">
    <AbsoluteLocation value="19.229200 11.654903"/>
    <Properties>
      <Property name="Angle" value="0"/>
      <Property name="Filename" value="/Objects/star_steam_allie.hs"/>
      <Property name="StarType" value="allie"/>
      <Property name="Type" value="star"/>
    </Properties>
  </Object>
  <Object name="Ducky79">
    <AbsoluteLocation value="-27.003338 39.027496"/>
    <Properties>
      <Property name="Angle" value="0"/>
      <Property name="Filename" value="/Objects/star_steam_allie.hs"/>
      <Property name="StarType" value="allie"/>
      <Property name="Type" value="star"/>
    </Properties>
  </Object>
  <Object name="Ducky80">
    <AbsoluteLocation value="-6.800000 39.200001"/>
    <Properties>
      <Property name="Angle" value="0"/>
      <Property name="Filename" value="/Objects/star_steam_allie.hs"/>
      <Property name="StarType" value="allie"/>
      <Property name="Type" value="star"/>
    </Properties>
  </Object>
  <Object name="Object83">
    <AbsoluteLocation value="-25.886700 3.192078"/>
    <Properties>
      <Property name="Angle" value="0"/>
      <Property name="Filename" value="/Objects/path_vertical_locking_mid.hs"/>
    </Properties>
  </Object>
  <Object name="Object86">
    <AbsoluteLocation value="-13.917316 28.693993"/>
    <Properties>
      <Property name="Angle" value="90.3582"/>
      <Property name="Filename" value="/Objects/wall_16x8_green.hs"/>
      <Property name="MotorWaitTime" value="2"/>
      <Property name="MotorWaitTurn" value="-45"/>
      <Property name="PathPos0" value="0 0"/>
      <Property name="PathPos1" value="0 0"/>
    </Properties>
  </Object>
  <Object name="Object87">
    <AbsoluteLocation value="5.578022 10.444864"/>
    <Properties>
      <Property name="Angle" value="0"/>
      <Property name="Filename" value="/Objects/wall_8x8.hs"/>
      <Property name="MotorOn" value="1"/>
      <Property name="PathIsClosed" value="1"/>
      <Property name="PathPos0" value="0 0"/>
      <Property name="PathPos1" value="0 0"/>
    </Properties>
  </Object>
  <Object name="Object88">
    <AbsoluteLocation value="-11.512329 2.093155"/>
    <Properties>
      <Property name="Angle" value="0"/>
      <Property name="Filename" value="/Objects/wall_16x8_blue.hs"/>
      <Property name="MotorMoveSpeed" value="2"/>
      <Property name="PathPos0" value="0 0"/>
      <Property name="PathPos1" value="10 0"/>
    </Properties>
  </Object>
  <Object name="Object89">
    <AbsoluteLocation value="0.400237 1.904333"/>
    <Properties>
      <Property name="Angle" value="0"/>
      <Property name="Filename" value="/Objects/path_locking_end_right.hs"/>
    </Properties>
  </Object>
  <Object name="Object90">
    <AbsoluteLocation value="-4.533309 1.924067"/>
    <Properties>
      <Property name="Angle" value="0"/>
      <Property name="Filename" value="/Objects/path_locking_mid.hs"/>
    </Properties>
  </Object>
  <Object name="Object91">
    <AbsoluteLocation value="-9.265072 1.950207"/>
    <Properties>
      <Property name="Angle" value="0"/>
      <Property name="Filename" value="/Objects/path_locking_end.hs"/>
    </Properties>
  </Object>
  <Object name="Object93">
    <AbsoluteLocation value="-13.454861 -22.550367"/>
    <Properties>
      <Property name="Angle" value="0"/>
      <Property name="Filename" value="/Objects/path_locking_mid.hs"/>
    </Properties>
  </Object>
  <Object name="Object94">
    <AbsoluteLocation value="-3.668587 -22.450277"/>
    <Properties>
      <Property name="Angle" value="0"/>
      <Property name="Filename" value="/Objects/path_locking_end_right.hs"/>
    </Properties>
  </Object>
  <Object name="Object95">
    <AbsoluteLocation value="-18.338150 -22.515896"/>
    <Properties>
      <Property name="Angle" value="0"/>
      <Property name="Filename" value="/Objects/path_locking_end.hs"/>
    </Properties>
  </Object>
  <Object name="Object96">
    <AbsoluteLocation value="-8.616117 -22.536383"/>
    <Properties>
      <Property name="Angle" value="0"/>
      <Property name="Filename" value="/Objects/path_locking_mid.hs"/>
    </Properties>
  </Object>
  <Object name="Object97">
    <AbsoluteLocation value="19.444557 7.008268"/>
    <Properties>
      <Property name="Angle" value="0"/>
      <Property name="Filename" value="/Objects/path_locking_end.hs"/>
    </Properties>
  </Object>
  <Object name="Object98">
    <AbsoluteLocation value="24.327847 6.973799"/>
    <Properties>
      <Property name="Angle" value="0"/>
      <Property name="Filename" value="/Objects/path_locking_mid.hs"/>
    </Properties>
  </Object>
  <Object name="Object99">
    <AbsoluteLocation value="29.211174 7.061277"/>
    <Properties>
      <Property name="Angle" value="0"/>
      <Property name="Filename" value="/Objects/path_locking_end_right.hs"/>
    </Properties>
  </Object>
  <Object name="Object101">
    <AbsoluteLocation value="-3.315123 46.344822"/>
    <Properties>
      <Property name="Angle" value="0"/>
      <Property name="Filename" value="/Objects/pipe_bend_2.hs"/>
    </Properties>
  </Object>
  <Object name="Object103">
    <AbsoluteLocation value="0.330926 42.905846"/>
    <Properties>
      <Property name="Angle" value="-45"/>
      <Property name="Filename" value="/Objects/pipe_straight_long.hs"/>
    </Properties>
  </Object>
  <Object name="Object105">
    <AbsoluteLocation value="5.803789 37.599567"/>
    <Properties>
      <Property name="Angle" value="-44.1072"/>
      <Property name="Filename" value="/Objects/pipe_connector_end.hs"/>
    </Properties>
  </Object>
  <Object name="Object104">
    <AbsoluteLocation value="-4.784586 33.179684"/>
    <Properties>
      <Property name="Angle" value="50.7454"/>
      <Property name="Filename" value="/Objects/path_stopper.hs"/>
    </Properties>
  </Object>
  <Object name="Object107">
    <AbsoluteLocation value="-5.185936 8.271898"/>
    <Properties>
      <Property name="Angle" value="0"/>
      <Property name="Filename" value="/Objects/wall_8x8_plain.hs"/>
    </Properties>
  </Object>
  <Object name="Object108">
    <AbsoluteLocation value="28.976503 -9.608820"/>
    <Properties>
      <Property name="Angle" value="0"/>
      <Property name="Filename" value="/Objects/wall_8x8_plain.hs"/>
    </Properties>
  </Object>
  <Object name="Object109">
    <AbsoluteLocation value="22.997391 -9.632177"/>
    <Properties>
      <Property name="Angle" value="0"/>
      <Property name="Filename" value="/Objects/wall_8x8_plain.hs"/>
    </Properties>
  </Object>
  <Object name="Object110">
    <AbsoluteLocation value="-27.283501 -32.213272"/>
    <Properties>
      <Property name="Angle" value="0"/>
      <Property name="Filename" value="/Objects/wall_8x8_plain.hs"/>
    </Properties>
  </Object>
  <Object name="Object111">
    <AbsoluteLocation value="-21.304390 -32.189911"/>
    <Properties>
      <Property name="Angle" value="0"/>
      <Property name="Filename" value="/Objects/wall_8x8_plain.hs"/>
    </Properties>
  </Object>
  <Object name="Object112">
    <AbsoluteLocation value="-15.111258 -32.170158"/>
    <Properties>
      <Property name="Angle" value="0"/>
      <Property name="Filename" value="/Objects/wall_8x8_plain.hs"/>
    </Properties>
  </Object>
  <Object name="Object113">
    <AbsoluteLocation value="-0.702398 -32.127045"/>
    <Properties>
      <Property name="Angle" value="0"/>
      <Property name="Filename" value="/Objects/wall_8x8_plain.hs"/>
    </Properties>
  </Object>
  <Object name="Object114">
    <AbsoluteLocation value="22.480860 -40.514244"/>
    <Properties>
      <Property name="Angle" value="0"/>
      <Property name="Filename" value="/Objects/wall_8x8_plain.hs"/>
    </Properties>
  </Object>
  <Object name="Object115">
    <AbsoluteLocation value="22.523775 -46.406761"/>
    <Properties>
      <Property name="Angle" value="0"/>
      <Property name="Filename" value="/Objects/wall_8x8_plain.hs"/>
    </Properties>
  </Object>
  <Room>
    <AbsoluteLocation value="16.400003 28.399998"/>
  </Room>
</Objects>
