<?xml version="1.0"?>
<Objects>
  <Object name="Object65">
    <AbsoluteLocation value="18.204969 31.407557"/>
    <Properties>
      <Property name="Angle" value="1.847"/>
      <Property name="Filename" value="/Objects/pipe_straight_short.hs"/>
    </Properties>
  </Object>
  <Object name="Object86">
    <AbsoluteLocation value="-27.606699 -1.813459"/>
    <Properties>
      <Property name="Angle" value="117.286"/>
      <Property name="Filename" value="/Objects/pipe_bend_2.hs"/>
    </Properties>
  </Object>
  <Object name="Object84">
    <AbsoluteLocation value="16.709467 30.659485"/>
    <Properties>
      <Property name="Angle" value="92.2544"/>
      <Property name="Filename" value="/Objects/pipe_elbow_1.hs"/>
    </Properties>
  </Object>
  <Object name="Object83">
    <AbsoluteLocation value="-4.728448 16.894958"/>
    <Properties>
      <Property name="Angle" value="-0.142269"/>
      <Property name="Filename" value="/Objects/pipe_straight_short.hs"/>
    </Properties>
  </Object>
  <Object name="Object51">
    <AbsoluteLocation value="6.969112 16.850218"/>
    <Properties>
      <Property name="Angle" value="-132.159"/>
      <Property name="Filename" value="/Objects/pipe_bend_1.hs"/>
    </Properties>
  </Object>
  <Object name="Object82">
    <AbsoluteLocation value="5.427213 16.716377"/>
    <Properties>
      <Property name="Angle" value="0.932244"/>
      <Property name="Filename" value="/Objects/pipe_straight_short.hs"/>
    </Properties>
  </Object>
  <Object name="Object23">
    <AbsoluteLocation value="1.643176 -6.303340"/>
    <Properties>
      <Property name="Angle" value="-430.964"/>
      <Property name="Filename" value="/Objects/pipe_into_wall_2.hs"/>
    </Properties>
  </Object>
  <Object name="Object80">
    <AbsoluteLocation value="29.829430 14.952232"/>
    <Properties>
      <Property name="Angle" value="-180.183"/>
      <Property name="Filename" value="/Objects/pipe_straight_short.hs"/>
    </Properties>
  </Object>
  <Object name="Object52">
    <AbsoluteLocation value="31.923733 9.160687"/>
    <Properties>
      <Property name="Angle" value="-90.9275"/>
      <Property name="Filename" value="/Objects/pipe_elbow_2.hs"/>
    </Properties>
  </Object>
  <Object name="Object16">
    <AbsoluteLocation value="29.274509 7.801321"/>
    <Properties>
      <Property name="Angle" value="90.9561"/>
      <Property name="Filename" value="/Objects/pipe_elbow_1.hs"/>
    </Properties>
  </Object>
  <Object name="Object61">
    <AbsoluteLocation value="32.594879 11.335783"/>
    <Properties>
      <Property name="Angle" value="90.8868"/>
      <Property name="Filename" value="/Objects/pipe_straight_short.hs"/>
    </Properties>
  </Object>
  <Object name="Object59">
    <AbsoluteLocation value="31.879545 14.281880"/>
    <Properties>
      <Property name="Angle" value="0.372175"/>
      <Property name="Filename" value="/Objects/pipe_elbow_2.hs"/>
    </Properties>
  </Object>
  <Object name="Object63">
    <AbsoluteLocation value="27.589209 -24.784000"/>
    <Properties>
      <Property name="Angle" value="-113.469"/>
      <Property name="Filename" value="/Objects/pipe_elbow_2.hs"/>
    </Properties>
  </Object>
  <Object name="Object60">
    <AbsoluteLocation value="28.246227 15.631076"/>
    <Properties>
      <Property name="Angle" value="179.797"/>
      <Property name="Filename" value="/Objects/pipe_elbow_1.hs"/>
    </Properties>
  </Object>
  <Object name="Object45">
    <AbsoluteLocation value="15.831276 25.808725"/>
    <Properties>
      <Property name="Angle" value="-87.9957"/>
      <Property name="Filename" value="/Objects/pipe_bend_1.hs"/>
    </Properties>
  </Object>
  <Object name="Object49">
    <AbsoluteLocation value="-0.080631 16.895311"/>
    <Properties>
      <Property name="Angle" value="88.9283"/>
      <Property name="Filename" value="/Objects/pipe_straight_short.hs"/>
    </Properties>
  </Object>
  <Object name="Object50">
    <AbsoluteLocation value="-27.061468 -0.267719"/>
    <Properties>
      <Property name="Angle" value="-295.063"/>
      <Property name="Filename" value="/Objects/pipe_straight_short.hs"/>
    </Properties>
  </Object>
  <Object name="Object38">
    <AbsoluteLocation value="-15.423186 -46.691730"/>
    <Properties>
      <Property name="Angle" value="-275.595"/>
      <Property name="Filename" value="/Objects/pipe_straight_long.hs"/>
    </Properties>
  </Object>
  <Object name="Spout2">
    <AbsoluteLocation value="-0.106668 13.899940"/>
    <Properties>
      <Property name="Angle" value="-178.64"/>
      <Property name="ConnectedSpout0" value="SWAMPY_SPOUT"/>
      <Property name="ConnectedSpoutProbability0" value="1"/>
      <Property name="Filename" value="/Objects/broken_pipe_allie.hs"/>
      <Property name="Type" value="spout"/>
    </Properties>
  </Object>
  <Object name="Spout4Lava1">
    <AbsoluteLocation value="-26.000000 2.400000"/>
    <Properties>
      <Property name="Angle" value="75"/>
      <Property name="Filename" value="/Objects/shower_head.hs"/>
      <Property name="FluidType" value="Water"/>
      <Property name="NumberParticles" value="0"/>
      <Property name="ParticleQueueThreshold" value="1"/>
      <Property name="ParticleSpeed" value="40"/>
      <Property name="Type" value="spout"/>
    </Properties>
  </Object>
  <Object name="Spout4Lava4">
    <AbsoluteLocation value="1.223776 -3.355772"/>
    <Properties>
      <Property name="Angle" value="90"/>
      <Property name="Filename" value="/Objects/shower_head.hs"/>
      <Property name="FluidType" value="Water"/>
      <Property name="NumberParticles" value="0"/>
      <Property name="ParticleQueueThreshold" value="1"/>
      <Property name="ParticleSpeed" value="20"/>
      <Property name="Type" value="spout"/>
    </Properties>
  </Object>
  <Object name="Ducky8">
    <AbsoluteLocation value="-20.800003 25.599998"/>
    <Properties>
      <Property name="Angle" value="0"/>
      <Property name="Filename" value="/Objects/star_steam_allie.hs"/>
      <Property name="StarType" value="allie"/>
      <Property name="Type" value="star"/>
    </Properties>
  </Object>
  <Object name="Ducky9">
    <AbsoluteLocation value="1.166664 -10.461615"/>
    <Properties>
      <Property name="Angle" value="0"/>
      <Property name="Filename" value="/Objects/star_steam_allie.hs"/>
      <Property name="StarType" value="allie"/>
      <Property name="Type" value="star"/>
    </Properties>
  </Object>
  <Object name="Ducky10">
    <AbsoluteLocation value="27.317696 37.543804"/>
    <Properties>
      <Property name="Angle" value="0"/>
      <Property name="Filename" value="/Objects/star_steam_allie.hs"/>
      <Property name="StarType" value="allie"/>
      <Property name="Type" value="star"/>
    </Properties>
  </Object>
  <Object name="Spout15">
    <AbsoluteLocation value="-26.769323 -4.989667"/>
    <Properties>
      <Property name="Angle" value="198.001"/>
      <Property name="ConnectedSpout0" value="Spout4Lava1"/>
      <Property name="ConnectedSpoutProbability0" value="1"/>
      <Property name="Filename" value="/Objects/basic_drain.hs"/>
      <Property name="Type" value="spout"/>
    </Properties>
  </Object>
  <Object name="Object32">
    <AbsoluteLocation value="11.107916 20.718050"/>
    <Properties>
      <Property name="Angle" value="-313.697"/>
      <Property name="Filename" value="/Objects/pipe_straight_long.hs"/>
    </Properties>
  </Object>
  <Object name="Object36">
    <AbsoluteLocation value="-9.709723 16.968660"/>
    <Properties>
      <Property name="Angle" value="-360.866"/>
      <Property name="Filename" value="/Objects/pipe_straight_long.hs"/>
    </Properties>
  </Object>
  <Object name="Object35">
    <AbsoluteLocation value="-3.082652 16.828196"/>
    <Properties>
      <Property name="Angle" value="-361.443"/>
      <Property name="Filename" value="/Objects/pipe_into_wall_1.hs"/>
    </Properties>
  </Object>
  <Object name="Object39">
    <AbsoluteLocation value="-0.035387 19.100122"/>
    <Properties>
      <Property name="Angle" value="-270"/>
      <Property name="Filename" value="/Objects/pipe_connector_end.hs"/>
    </Properties>
  </Object>
  <Object name="Object41">
    <AbsoluteLocation value="16.791222 -46.952927"/>
    <Properties>
      <Property name="Angle" value="-269.178"/>
      <Property name="Filename" value="/Objects/pipe_straight_long.hs"/>
    </Properties>
  </Object>
  <Object name="Object31">
    <AbsoluteLocation value="3.086458 16.681248"/>
    <Properties>
      <Property name="Angle" value="-538.638"/>
      <Property name="Filename" value="/Objects/pipe_into_wall_2.hs"/>
    </Properties>
  </Object>
  <Object name="Spout42">
    <AbsoluteLocation value="16.765114 -40.281868"/>
    <Properties>
      <Property name="Angle" value="89.553"/>
      <Property name="Filename" value="/Objects/shower_head.hs"/>
      <Property name="FluidType" value="Lava"/>
      <Property name="ParticleSpeed" value="40"/>
      <Property name="Type" value="spout"/>
    </Properties>
  </Object>
  <Object name="Spout43">
    <AbsoluteLocation value="-14.786067 -39.982544"/>
    <Properties>
      <Property name="Angle" value="88.9793"/>
      <Property name="Filename" value="/Objects/shower_head.hs"/>
      <Property name="FluidType" value="Lava"/>
      <Property name="ParticleSpeed" value="40"/>
      <Property name="Type" value="spout"/>
    </Properties>
  </Object>
  <Object name="Switch32">
    <AbsoluteLocation value="18.417633 20.378403"/>
    <Properties>
      <Property name="Angle" value="-539.475"/>
      <Property name="ConnectedObject0" value="Object42"/>
      <Property name="ConnectedObject1" value="Object43"/>
      <Property name="Filename" value="/Objects/switch.hs"/>
      <Property name="Type" value="switch"/>
    </Properties>
  </Object>
  <Object name="Spout34">
    <AbsoluteLocation value="-15.926622 16.035498"/>
    <Properties>
      <Property name="Angle" value="120"/>
      <Property name="ConnectedSpout0" value="Spout4Lava2"/>
      <Property name="ConnectedSpoutProbability0" value="1"/>
      <Property name="Filename" value="/Objects/basic_drain.hs"/>
      <Property name="Type" value="spout"/>
    </Properties>
  </Object>
  <Object name="Spout36">
    <AbsoluteLocation value="28.711645 -22.103174"/>
    <Properties>
      <Property name="Angle" value="-0.0377526"/>
      <Property name="ConnectedSpout0" value="Spout4Lava4"/>
      <Property name="ConnectedSpoutProbability0" value="1"/>
      <Property name="Filename" value="/Objects/basic_drain.hs"/>
      <Property name="Type" value="spout"/>
    </Properties>
  </Object>
  <Object name="Spout37">
    <AbsoluteLocation value="27.282265 18.567343"/>
    <Properties>
      <Property name="Angle" value="6.71088"/>
      <Property name="ConnectedSpout0" value="Spout38"/>
      <Property name="ConnectedSpoutProbability0" value="1"/>
      <Property name="Filename" value="/Objects/basic_drain.hs"/>
      <Property name="Type" value="spout"/>
    </Properties>
  </Object>
  <Object name="Object42">
    <AbsoluteLocation value="-8.076805 -1.893833"/>
    <Properties>
      <Property name="Angle" value="-311.343"/>
      <Property name="Filename" value="/Objects/wall_24x8_pivot.hs"/>
      <Property name="MotorWaitTime" value="1"/>
      <Property name="MotorWaitTurn" value="43"/>
      <Property name="PathPos0" value="0 0"/>
      <Property name="PathPos1" value="0 0"/>
    </Properties>
  </Object>
  <Object name="Object43">
    <AbsoluteLocation value="9.519026 -0.579483"/>
    <Properties>
      <Property name="Angle" value="137.921"/>
      <Property name="Filename" value="/Objects/wall_16x8.hs"/>
      <Property name="MotorWaitTime" value="1"/>
      <Property name="MotorWaitTurn" value="-48"/>
      <Property name="PathPos0" value="0 0"/>
      <Property name="PathPos1" value="0 0"/>
    </Properties>
  </Object>
  <Object name="Switch39">
    <AbsoluteLocation value="-19.672625 -3.095052"/>
    <Properties>
      <Property name="Angle" value="-202.094"/>
      <Property name="ConnectedObject0" value="Object44"/>
      <Property name="ConnectedObject1" value="Object46"/>
      <Property name="ConnectedObject2" value="Object47"/>
      <Property name="Filename" value="/Objects/switch_blue.hs"/>
      <Property name="Type" value="switch"/>
    </Properties>
  </Object>
  <Object name="Object44">
    <AbsoluteLocation value="21.265697 11.934303"/>
    <Properties>
      <Property name="Angle" value="-180"/>
      <Property name="Filename" value="/Objects/wall_16x8_blue.hs"/>
      <Property name="MotorMoveSpeed" value="0.5"/>
      <Property name="PathPos0" value="0 0"/>
      <Property name="PathPos1" value="10 0"/>
    </Properties>
  </Object>
  <Object name="Object46">
    <AbsoluteLocation value="15.199999 -32.400002"/>
    <Properties>
      <Property name="Angle" value="-180"/>
      <Property name="Filename" value="/Objects/wall_24x8_blue.hs"/>
      <Property name="MotorMoveSpeed" value="5"/>
      <Property name="PathPos0" value="0 0"/>
      <Property name="PathPos1" value="20 0"/>
    </Properties>
  </Object>
  <Object name="Object47">
    <AbsoluteLocation value="-10.000000 -32.400002"/>
    <Properties>
      <Property name="Angle" value="-360"/>
      <Property name="Filename" value="/Objects/wall_24x8_blue.hs"/>
      <Property name="MotorMoveSpeed" value="5"/>
      <Property name="PathPos0" value="0 0"/>
      <Property name="PathPos1" value="-25 0"/>
    </Properties>
  </Object>
  <Object name="Object55">
    <AbsoluteLocation value="16.115677 28.116308"/>
    <Properties>
      <Property name="Angle" value="92.1008"/>
      <Property name="Filename" value="/Objects/pipe_straight_short.hs"/>
    </Properties>
  </Object>
  <Object name="Spout4Lava2">
    <AbsoluteLocation value="20.318228 30.097582"/>
    <Properties>
      <Property name="Angle" value="-55.3485"/>
      <Property name="Filename" value="/Objects/shower_head.hs"/>
      <Property name="FluidType" value="Water"/>
      <Property name="NumberParticles" value="0"/>
      <Property name="ParticleQueueThreshold" value="1"/>
      <Property name="ParticleSpeed" value="60"/>
      <Property name="Type" value="spout"/>
    </Properties>
  </Object>
  <Object name="Object58">
    <AbsoluteLocation value="28.609039 2.869207"/>
    <Properties>
      <Property name="Angle" value="-269.786"/>
      <Property name="Filename" value="/Objects/pipe_straight_long.hs"/>
    </Properties>
  </Object>
  <Object name="Object64">
    <AbsoluteLocation value="25.778227 -24.800238"/>
    <Properties>
      <Property name="Angle" value="-561.676"/>
      <Property name="Filename" value="/Objects/pipe_into_wall_2.hs"/>
    </Properties>
  </Object>
  <Object name="Object54">
    <AbsoluteLocation value="-29.200001 -32.000000"/>
    <Properties>
      <Property name="Angle" value="0"/>
      <Property name="Filename" value="/Objects/path_locking_end.hs"/>
    </Properties>
  </Object>
  <Object name="Object67">
    <AbsoluteLocation value="-24.400002 -32.000000"/>
    <Properties>
      <Property name="Angle" value="0"/>
      <Property name="Filename" value="/Objects/path_locking_mid.hs"/>
    </Properties>
  </Object>
  <Object name="Object68">
    <AbsoluteLocation value="-19.600000 -32.000000"/>
    <Properties>
      <Property name="Angle" value="0"/>
      <Property name="Filename" value="/Objects/path_locking_mid.hs"/>
    </Properties>
  </Object>
  <Object name="Object69">
    <AbsoluteLocation value="-14.799999 -32.000000"/>
    <Properties>
      <Property name="Angle" value="0"/>
      <Property name="Filename" value="/Objects/path_locking_mid.hs"/>
    </Properties>
  </Object>
  <Object name="Object70">
    <AbsoluteLocation value="-10.000000 -32.000000"/>
    <Properties>
      <Property name="Angle" value="0"/>
      <Property name="Filename" value="/Objects/path_locking_mid.hs"/>
    </Properties>
  </Object>
  <Object name="Object71">
    <AbsoluteLocation value="-5.200000 -32.000000"/>
    <Properties>
      <Property name="Angle" value="0"/>
      <Property name="Filename" value="/Objects/path_locking_end_right.hs"/>
    </Properties>
  </Object>
  <Object name="Object72">
    <AbsoluteLocation value="28.000000 -32.400002"/>
    <Properties>
      <Property name="Angle" value="0"/>
      <Property name="Filename" value="/Objects/path_locking_mid.hs"/>
    </Properties>
  </Object>
  <Object name="Object73">
    <AbsoluteLocation value="32.800003 -32.400002"/>
    <Properties>
      <Property name="Angle" value="0"/>
      <Property name="Filename" value="/Objects/path_locking_end_right.hs"/>
    </Properties>
  </Object>
  <Object name="Object74">
    <AbsoluteLocation value="8.799999 -32.400002"/>
    <Properties>
      <Property name="Angle" value="0"/>
      <Property name="Filename" value="/Objects/path_locking_end.hs"/>
    </Properties>
  </Object>
  <Object name="Object75">
    <AbsoluteLocation value="23.200001 -32.400002"/>
    <Properties>
      <Property name="Angle" value="0"/>
      <Property name="Filename" value="/Objects/path_locking_mid.hs"/>
    </Properties>
  </Object>
  <Object name="Object76">
    <AbsoluteLocation value="13.599998 -32.400002"/>
    <Properties>
      <Property name="Angle" value="0"/>
      <Property name="Filename" value="/Objects/path_locking_mid.hs"/>
    </Properties>
  </Object>
  <Object name="Object77">
    <AbsoluteLocation value="18.400000 -32.400002"/>
    <Properties>
      <Property name="Angle" value="0"/>
      <Property name="Filename" value="/Objects/path_locking_mid.hs"/>
    </Properties>
  </Object>
  <Object name="Object78">
    <AbsoluteLocation value="25.000002 11.600002"/>
    <Properties>
      <Property name="Angle" value="0"/>
      <Property name="Filename" value="/Objects/path_locking_end_right.hs"/>
    </Properties>
  </Object>
  <Object name="Object79">
    <AbsoluteLocation value="20.600002 11.600000"/>
    <Properties>
      <Property name="Angle" value="0"/>
      <Property name="Filename" value="/Objects/path_locking_end.hs"/>
    </Properties>
  </Object>
  <Object name="Spout38">
    <AbsoluteLocation value="28.711643 -3.541093"/>
    <Properties>
      <Property name="Angle" value="274.058"/>
      <Property name="Filename" value="/Objects/shower_head.hs"/>
      <Property name="FluidType" value="Water"/>
      <Property name="NumberParticles" value="0"/>
      <Property name="ParticleQueueThreshold" value="1"/>
      <Property name="ParticleSpeed" value="40"/>
      <Property name="Type" value="spout"/>
    </Properties>
  </Object>
  <Object name="Object81">
    <AbsoluteLocation value="-43.600002 -7.600000"/>
    <Properties>
      <Property name="Angle" value="90"/>
      <Property name="Filename" value="/Objects/wall_24x8_pivot.hs"/>
    </Properties>
  </Object>
  <Object name="Object85">
    <AbsoluteLocation value="14.609951 24.374037"/>
    <Properties>
      <Property name="Angle" value="45.5486"/>
      <Property name="Filename" value="/Objects/pipe_straight_short.hs"/>
    </Properties>
  </Object>
  <Object name="Object66">
    <AbsoluteLocation value="13.801847 5.352077"/>
    <Properties>
      <Property name="Angle" value="-74.2965"/>
      <Property name="Filename" value="/Objects/path_stopper.hs"/>
    </Properties>
  </Object>
  <Room>
    <AbsoluteLocation value="1.200003 32.399998"/>
  </Room>
</Objects>
