<?xml version="1.0"?>
<Objects>
  <Object name="Object125">
    <AbsoluteLocation value="-29.182760 -40.984985"/>
    <Properties>
      <Property name="Angle" value="457.012"/>
      <Property name="Filename" value="/Objects/pipe_elbow_1.hs"/>
    </Properties>
  </Object>
  <Object name="Object127">
    <AbsoluteLocation value="-27.624344 -40.223347"/>
    <Properties>
      <Property name="Angle" value="2.14935"/>
      <Property name="Filename" value="/Objects/pipe_into_wall_1.hs"/>
    </Properties>
  </Object>
  <Object name="Bomb167">
    <AbsoluteLocation value="30.840511 20.036705"/>
    <Properties>
      <Property name="Angle" value="37.1299"/>
      <Property name="BlastRadius" value="22"/>
      <Property name="Filename" value="/Objects/bomb.hs"/>
      <Property name="Type" value="bomb"/>
    </Properties>
  </Object>
  <Object name="Object153">
    <AbsoluteLocation value="-27.448406 15.300795"/>
    <Properties>
      <Property name="Angle" value="-125.369"/>
      <Property name="Filename" value="/Objects/pipe_elbow_2.hs"/>
    </Properties>
  </Object>
  <Object name="Object152">
    <AbsoluteLocation value="-29.472569 15.092700"/>
    <Properties>
      <Property name="Angle" value="413.791"/>
      <Property name="Filename" value="/Objects/pipe_elbow_1.hs"/>
    </Properties>
  </Object>
  <Object name="Object164">
    <AbsoluteLocation value="-0.886902 19.717382"/>
    <Properties>
      <Property name="Angle" value="-0.0948208"/>
      <Property name="Filename" value="/Objects/pipe_bend_2.hs"/>
    </Properties>
  </Object>
  <Object name="Object165">
    <AbsoluteLocation value="0.136727 18.643873"/>
    <Properties>
      <Property name="Angle" value="-52.0311"/>
      <Property name="Filename" value="/Objects/pipe_straight_short.hs"/>
    </Properties>
  </Object>
  <Object name="Object163">
    <AbsoluteLocation value="-13.110359 20.261074"/>
    <Properties>
      <Property name="Angle" value="-179.99"/>
      <Property name="Filename" value="/Objects/pipe_bend_1.hs"/>
    </Properties>
  </Object>
  <Object name="Object151">
    <AbsoluteLocation value="-23.166628 3.969655"/>
    <Properties>
      <Property name="Angle" value="-7.05191"/>
      <Property name="Filename" value="/Objects/pipe_straight_short.hs"/>
    </Properties>
  </Object>
  <Object name="Object162">
    <AbsoluteLocation value="-22.741131 3.995613"/>
    <Properties>
      <Property name="Angle" value="810.561"/>
      <Property name="Filename" value="/Objects/pipe_straight.hs"/>
    </Properties>
  </Object>
  <Object name="Object157">
    <AbsoluteLocation value="-5.517434 19.224899"/>
    <Properties>
      <Property name="Angle" value="450.674"/>
      <Property name="Filename" value="/Objects/pipe_straight.hs"/>
    </Properties>
  </Object>
  <Object name="Object158">
    <AbsoluteLocation value="-5.606977 23.283262"/>
    <Properties>
      <Property name="Angle" value="451.091"/>
      <Property name="Filename" value="/Objects/pipe_straight.hs"/>
    </Properties>
  </Object>
  <Object name="Object156">
    <AbsoluteLocation value="-18.089224 11.781504"/>
    <Properties>
      <Property name="Angle" value="-84.7135"/>
      <Property name="Filename" value="/Objects/pipe_bend_1.hs"/>
    </Properties>
  </Object>
  <Object name="Object146">
    <AbsoluteLocation value="-18.634487 3.398993"/>
    <Properties>
      <Property name="Angle" value="352.932"/>
      <Property name="Filename" value="/Objects/pipe_straight.hs"/>
    </Properties>
  </Object>
  <Object name="Object155">
    <AbsoluteLocation value="-7.831847 23.636215"/>
    <Properties>
      <Property name="Angle" value="-38.9559"/>
      <Property name="Filename" value="/Objects/pipe_bend_1.hs"/>
    </Properties>
  </Object>
  <Object name="Object154">
    <AbsoluteLocation value="-9.347172 25.174271"/>
    <Properties>
      <Property name="Angle" value="144.495"/>
      <Property name="Filename" value="/Objects/pipe_straight_short.hs"/>
    </Properties>
  </Object>
  <Object name="Object69">
    <AbsoluteLocation value="-5.292786 11.501366"/>
    <Properties>
      <Property name="Angle" value="451.503"/>
      <Property name="Filename" value="/Objects/pipe_straight.hs"/>
    </Properties>
  </Object>
  <Object name="Object99">
    <AbsoluteLocation value="-10.141346 17.137484"/>
    <Properties>
      <Property name="Angle" value="360.483"/>
      <Property name="Filename" value="/Objects/pipe_straight.hs"/>
    </Properties>
  </Object>
  <Object name="Object67">
    <AbsoluteLocation value="-14.066950 12.681074"/>
    <Properties>
      <Property name="Angle" value="450.594"/>
      <Property name="Filename" value="/Objects/pipe_straight.hs"/>
    </Properties>
  </Object>
  <Object name="Object88">
    <AbsoluteLocation value="-25.221132 4.875046"/>
    <Properties>
      <Property name="Angle" value="-186.249"/>
      <Property name="Filename" value="/Objects/pipe_elbow_2.hs"/>
    </Properties>
  </Object>
  <Object name="Object59">
    <AbsoluteLocation value="-10.605014 1.048459"/>
    <Properties>
      <Property name="Angle" value="433.853"/>
      <Property name="Filename" value="/Objects/pipe_straight.hs"/>
    </Properties>
  </Object>
  <Object name="Object150">
    <AbsoluteLocation value="9.062331 12.805290"/>
    <Properties>
      <Property name="Angle" value="256.502"/>
      <Property name="Filename" value="/Objects/pipe_straight.hs"/>
    </Properties>
  </Object>
  <Object name="Object149">
    <AbsoluteLocation value="8.968040 15.402603"/>
    <Properties>
      <Property name="Angle" value="345.684"/>
      <Property name="Filename" value="/Objects/pipe_elbow_1.hs"/>
    </Properties>
  </Object>
  <Object name="Object144">
    <AbsoluteLocation value="15.082880 7.492590"/>
    <Properties>
      <Property name="Angle" value="-10.3228"/>
      <Property name="Filename" value="/Objects/pipe_bend_2.hs"/>
    </Properties>
  </Object>
  <Object name="Object145">
    <AbsoluteLocation value="15.881660 6.221424"/>
    <Properties>
      <Property name="Angle" value="-62.4782"/>
      <Property name="Filename" value="/Objects/pipe_straight_short.hs"/>
    </Properties>
  </Object>
  <Object name="Object142">
    <AbsoluteLocation value="7.119182 7.970418"/>
    <Properties>
      <Property name="Angle" value="-13.9043"/>
      <Property name="Filename" value="/Objects/pipe_straight_long.hs"/>
    </Properties>
  </Object>
  <Object name="Object141">
    <AbsoluteLocation value="12.357096 5.921146"/>
    <Properties>
      <Property name="Angle" value="343.872"/>
      <Property name="Filename" value="/Objects/pipe_elbow_1.hs"/>
    </Properties>
  </Object>
  <Object name="Object140">
    <AbsoluteLocation value="2.254757 9.933809"/>
    <Properties>
      <Property name="Angle" value="-196.729"/>
      <Property name="Filename" value="/Objects/pipe_elbow_2.hs"/>
    </Properties>
  </Object>
  <Object name="Object139">
    <AbsoluteLocation value="4.777528 -21.167734"/>
    <Properties>
      <Property name="Angle" value="-94.395"/>
      <Property name="Filename" value="/Objects/pipe_straight_short.hs"/>
    </Properties>
  </Object>
  <Object name="Object138">
    <AbsoluteLocation value="4.319879 -18.941668"/>
    <Properties>
      <Property name="Angle" value="713.207"/>
      <Property name="Filename" value="/Objects/pipe_elbow_1.hs"/>
    </Properties>
  </Object>
  <Object name="Object135">
    <AbsoluteLocation value="11.394663 -33.367168"/>
    <Properties>
      <Property name="Angle" value="1.74703"/>
      <Property name="Filename" value="/Objects/pipe_straight_long.hs"/>
    </Properties>
  </Object>
  <Object name="Object133">
    <AbsoluteLocation value="19.628803 -32.449577"/>
    <Properties>
      <Property name="Angle" value="-88.4346"/>
      <Property name="Filename" value="/Objects/pipe_elbow_2.hs"/>
    </Properties>
  </Object>
  <Object name="Object132">
    <AbsoluteLocation value="8.561571 -33.410404"/>
    <Properties>
      <Property name="Angle" value="93.4318"/>
      <Property name="Filename" value="/Objects/pipe_straight_short.hs"/>
    </Properties>
  </Object>
  <Object name="Object129">
    <AbsoluteLocation value="11.758727 -38.212856"/>
    <Properties>
      <Property name="Angle" value="-89.2092"/>
      <Property name="Filename" value="/Objects/pipe_elbow_2.hs"/>
    </Properties>
  </Object>
  <Object name="Object120">
    <AbsoluteLocation value="-31.129744 -27.218964"/>
    <Properties>
      <Property name="Angle" value="-93.4304"/>
      <Property name="Filename" value="/Objects/pipe_straight_long.hs"/>
    </Properties>
  </Object>
  <Object name="Object119">
    <AbsoluteLocation value="-30.810923 -33.335709"/>
    <Properties>
      <Property name="Angle" value="-183.325"/>
      <Property name="Filename" value="/Objects/pipe_elbow_2.hs"/>
    </Properties>
  </Object>
  <Object name="Object114">
    <AbsoluteLocation value="-6.839949 30.453972"/>
    <Properties>
      <Property name="Angle" value="138.283"/>
      <Property name="Filename" value="/Objects/pipe_straight_short.hs"/>
    </Properties>
  </Object>
  <Object name="Object113">
    <AbsoluteLocation value="-5.828915 29.125250"/>
    <Properties>
      <Property name="Angle" value="-39.7727"/>
      <Property name="Filename" value="/Objects/pipe_bend_1.hs"/>
    </Properties>
  </Object>
  <Object name="Object97">
    <AbsoluteLocation value="-9.274864 14.822455"/>
    <Properties>
      <Property name="Angle" value="361.462"/>
      <Property name="Filename" value="/Objects/pipe_straight.hs"/>
    </Properties>
  </Object>
  <Object name="Object96">
    <AbsoluteLocation value="-5.142091 5.797856"/>
    <Properties>
      <Property name="Angle" value="451.253"/>
      <Property name="Filename" value="/Objects/pipe_straight.hs"/>
    </Properties>
  </Object>
  <Object name="Object85">
    <AbsoluteLocation value="-13.918943 -5.846409"/>
    <Properties>
      <Property name="Angle" value="267.455"/>
      <Property name="Filename" value="/Objects/pipe_straight.hs"/>
    </Properties>
  </Object>
  <Object name="Object84">
    <AbsoluteLocation value="-20.319042 9.554821"/>
    <Properties>
      <Property name="Angle" value="762.927"/>
      <Property name="Filename" value="/Objects/pipe_straight.hs"/>
    </Properties>
  </Object>
  <Object name="Object83">
    <AbsoluteLocation value="-13.673379 -0.673256"/>
    <Properties>
      <Property name="Angle" value="267.372"/>
      <Property name="Filename" value="/Objects/pipe_straight.hs"/>
    </Properties>
  </Object>
  <Object name="Object82">
    <AbsoluteLocation value="-21.807375 15.555058"/>
    <Properties>
      <Property name="Angle" value="313.403"/>
      <Property name="Filename" value="/Objects/pipe_elbow_1.hs"/>
    </Properties>
  </Object>
  <Object name="Object81">
    <AbsoluteLocation value="-24.289600 19.840565"/>
    <Properties>
      <Property name="Angle" value="-223.199"/>
      <Property name="Filename" value="/Objects/pipe_elbow_2.hs"/>
    </Properties>
  </Object>
  <Object name="Object79">
    <AbsoluteLocation value="-30.294752 13.984212"/>
    <Properties>
      <Property name="Angle" value="503.539"/>
      <Property name="Filename" value="/Objects/pipe_elbow_1.hs"/>
    </Properties>
  </Object>
  <Object name="Object78">
    <AbsoluteLocation value="-26.351908 16.926426"/>
    <Properties>
      <Property name="Angle" value="-32.2669"/>
      <Property name="Filename" value="/Objects/pipe_elbow_2.hs"/>
    </Properties>
  </Object>
  <Object name="Object68">
    <AbsoluteLocation value="-7.677008 20.640249"/>
    <Properties>
      <Property name="Angle" value="450.582"/>
      <Property name="Filename" value="/Objects/pipe_straight.hs"/>
    </Properties>
  </Object>
  <Object name="Object64">
    <AbsoluteLocation value="-13.397769 16.423172"/>
    <Properties>
      <Property name="Angle" value="450.572"/>
      <Property name="Filename" value="/Objects/pipe_elbow_1.hs"/>
    </Properties>
  </Object>
  <Object name="Object60">
    <AbsoluteLocation value="-11.203955 -3.434703"/>
    <Properties>
      <Property name="Angle" value="163.667"/>
      <Property name="Filename" value="/Objects/pipe_elbow_1.hs"/>
    </Properties>
  </Object>
  <Object name="Object58">
    <AbsoluteLocation value="-10.279912 4.443792"/>
    <Properties>
      <Property name="Angle" value="-17.2994"/>
      <Property name="Filename" value="/Objects/pipe_elbow_2.hs"/>
    </Properties>
  </Object>
  <Object name="Object57">
    <AbsoluteLocation value="-17.267345 0.654535"/>
    <Properties>
      <Property name="Angle" value="110.337"/>
      <Property name="Filename" value="/Objects/pipe_straight.hs"/>
    </Properties>
  </Object>
  <Object name="Object55">
    <AbsoluteLocation value="-16.469769 -3.467245"/>
    <Properties>
      <Property name="Angle" value="-70.2081"/>
      <Property name="Filename" value="/Objects/pipe_elbow_2.hs"/>
    </Properties>
  </Object>
  <Object name="Object54">
    <AbsoluteLocation value="-17.901415 4.332472"/>
    <Properties>
      <Property name="Angle" value="110.012"/>
      <Property name="Filename" value="/Objects/pipe_elbow_1.hs"/>
    </Properties>
  </Object>
  <Object name="Object53">
    <AbsoluteLocation value="20.548300 14.758430"/>
    <Properties>
      <Property name="Angle" value="137.618"/>
      <Property name="Filename" value="/Objects/pipe_straight_short.hs"/>
    </Properties>
  </Object>
  <Object name="Object52">
    <AbsoluteLocation value="21.575039 12.946508"/>
    <Properties>
      <Property name="Angle" value="-42.0269"/>
      <Property name="Filename" value="/Objects/pipe_elbow_2.hs"/>
    </Properties>
  </Object>
  <Object name="Object51">
    <AbsoluteLocation value="19.565525 16.616966"/>
    <Properties>
      <Property name="Angle" value="135.995"/>
      <Property name="Filename" value="/Objects/pipe_elbow_1.hs"/>
    </Properties>
  </Object>
  <Object name="Object50">
    <AbsoluteLocation value="29.203850 23.303089"/>
    <Properties>
      <Property name="Angle" value="-95.3955"/>
      <Property name="Filename" value="/Objects/pipe_elbow_2.hs"/>
    </Properties>
  </Object>
  <Object name="Object49">
    <AbsoluteLocation value="27.856350 23.425432"/>
    <Properties>
      <Property name="Angle" value="-185.685"/>
      <Property name="Filename" value="/Objects/pipe_elbow_2.hs"/>
    </Properties>
  </Object>
  <Object name="Object48">
    <AbsoluteLocation value="26.722607 25.072575"/>
    <Properties>
      <Property name="Angle" value="-6.55316"/>
      <Property name="Filename" value="/Objects/pipe_elbow_1.hs"/>
    </Properties>
  </Object>
  <Object name="Object47">
    <AbsoluteLocation value="24.987503 25.297749"/>
    <Properties>
      <Property name="Angle" value="83.1288"/>
      <Property name="Filename" value="/Objects/pipe_elbow_1.hs"/>
    </Properties>
  </Object>
  <Object name="Object45">
    <AbsoluteLocation value="27.389610 14.349424"/>
    <Properties>
      <Property name="Angle" value="118.035"/>
      <Property name="Filename" value="/Objects/pipe_elbow_1.hs"/>
    </Properties>
  </Object>
  <Object name="Object46">
    <AbsoluteLocation value="14.826971 18.577236"/>
    <Properties>
      <Property name="Angle" value="89.1935"/>
      <Property name="Filename" value="/Objects/pipe_straight_short.hs"/>
    </Properties>
  </Object>
  <Object name="Object44">
    <AbsoluteLocation value="28.114365 16.251938"/>
    <Properties>
      <Property name="Angle" value="-61.5423"/>
      <Property name="Filename" value="/Objects/pipe_elbow_2.hs"/>
    </Properties>
  </Object>
  <Object name="Object72">
    <AbsoluteLocation value="-35.677216 32.791870"/>
    <Properties>
      <Property name="Angle" value="17.4912"/>
      <Property name="Filename" value="/Objects/pipe_straight_long.hs"/>
    </Properties>
  </Object>
  <Object name="Object71">
    <AbsoluteLocation value="-34.999889 29.524620"/>
    <Properties>
      <Property name="Angle" value="11.0696"/>
      <Property name="Filename" value="/Objects/pipe_straight_long.hs"/>
    </Properties>
  </Object>
  <Object name="Object70">
    <AbsoluteLocation value="-34.747780 26.218716"/>
    <Properties>
      <Property name="Angle" value="2.55067"/>
      <Property name="Filename" value="/Objects/pipe_straight_long.hs"/>
    </Properties>
  </Object>
  <Object name="Spout2">
    <AbsoluteLocation value="14.832188 15.356140"/>
    <Properties>
      <Property name="Angle" value="-179.988"/>
      <Property name="ConnectedSpout0" value="SWAMPY_SPOUT"/>
      <Property name="ConnectedSpoutProbability0" value="1"/>
      <Property name="Filename" value="/Objects/broken_pipe_allie.hs"/>
      <Property name="Type" value="spout"/>
    </Properties>
  </Object>
  <Object name="Spout3">
    <AbsoluteLocation value="-29.623421 34.635368"/>
    <Properties>
      <Property name="Angle" value="17.8152"/>
      <Property name="Filename" value="/Objects/shower_head.hs"/>
      <Property name="FluidType" value="Lava"/>
      <Property name="ParticleSpeed" value="15"/>
      <Property name="Type" value="spout"/>
    </Properties>
  </Object>
  <Object name="Spout4">
    <AbsoluteLocation value="-28.856165 30.719023"/>
    <Properties>
      <Property name="Angle" value="6.48886"/>
      <Property name="Filename" value="/Objects/shower_head.hs"/>
      <Property name="FluidType" value="Water"/>
      <Property name="ParticleSpeed" value="13"/>
      <Property name="ParticlesPerSecond" value="8"/>
      <Property name="Type" value="spout"/>
    </Properties>
  </Object>
  <Object name="Spout5">
    <AbsoluteLocation value="-28.180756 26.466421"/>
    <Properties>
      <Property name="Angle" value="1.54342"/>
      <Property name="Filename" value="/Objects/shower_head.hs"/>
      <Property name="FluidType" value="ContaminatedWater"/>
      <Property name="ParticleSpeed" value="12"/>
      <Property name="ParticlesPerSecond" value="3"/>
      <Property name="Type" value="spout"/>
    </Properties>
  </Object>
  <Object name="Spout16">
    <AbsoluteLocation value="-15.221039 22.192844"/>
    <Properties>
      <Property name="Angle" value="46.1864"/>
      <Property name="ConnectedSpout0" value="YSwitch17"/>
      <Property name="ConnectedSpoutProbability0" value="1"/>
      <Property name="Filename" value="/Objects/basic_drain.hs"/>
      <Property name="Type" value="spout"/>
    </Properties>
  </Object>
  <Object name="Spout17">
    <AbsoluteLocation value="-11.615259 26.673248"/>
    <Properties>
      <Property name="Angle" value="56.1504"/>
      <Property name="ConnectedSpout0" value="YSwitch16"/>
      <Property name="ConnectedSpoutProbability0" value="1"/>
      <Property name="Filename" value="/Objects/basic_drain.hs"/>
      <Property name="Type" value="spout"/>
    </Properties>
  </Object>
  <Object name="Spout18">
    <AbsoluteLocation value="-8.973457 31.858536"/>
    <Properties>
      <Property name="Angle" value="62.3521"/>
      <Property name="ConnectedSpout0" value="Spout26"/>
      <Property name="ConnectedSpoutProbability0" value="1"/>
      <Property name="Filename" value="/Objects/basic_drain.hs"/>
      <Property name="Type" value="spout"/>
    </Properties>
  </Object>
  <Object name="Ducky21">
    <AbsoluteLocation value="26.799999 36.400002"/>
    <Properties>
      <Property name="Angle" value="0"/>
      <Property name="Filename" value="/Objects/star_steam_allie.hs"/>
      <Property name="StarType" value="allie"/>
      <Property name="Type" value="star"/>
    </Properties>
  </Object>
  <Object name="Ducky22">
    <AbsoluteLocation value="-11.600000 40.000000"/>
    <Properties>
      <Property name="Angle" value="0"/>
      <Property name="Filename" value="/Objects/star_steam_allie.hs"/>
      <Property name="StarType" value="allie"/>
      <Property name="Type" value="star"/>
    </Properties>
  </Object>
  <Object name="Ducky23">
    <AbsoluteLocation value="-14.000000 -16.400000"/>
    <Properties>
      <Property name="Angle" value="0"/>
      <Property name="Filename" value="/Objects/star_steam_allie.hs"/>
      <Property name="StarType" value="allie"/>
      <Property name="Type" value="star"/>
    </Properties>
  </Object>
  <Object name="Object98">
    <AbsoluteLocation value="14.707716 21.120512"/>
    <Properties>
      <Property name="Angle" value="95.5746"/>
      <Property name="Filename" value="/Objects/pipe_connector_end.hs"/>
    </Properties>
  </Object>
  <Object name="YSwitch16">
    <AbsoluteLocation value="-14.000000 8.400001"/>
    <Properties>
      <Property name="Angle" value="0"/>
      <Property name="ConnectedSpout0" value="Spout23"/>
      <Property name="ConnectedSpout1" value="Spout22"/>
      <Property name="ConnectedSpoutProbability0" value="0.5"/>
      <Property name="ConnectedSpoutProbability1" value="0.5"/>
      <Property name="Filename" value="/Objects/pipe_y_switch_toggle.hs"/>
      <Property name="FirstLeftSpout" value="0"/>
      <Property name="FirstRightSpout" value="1"/>
      <Property name="Type" value="yswitch"/>
    </Properties>
  </Object>
  <Object name="YSwitch17">
    <AbsoluteLocation value="2.872221 15.815271"/>
    <Properties>
      <Property name="Angle" value="42.0585"/>
      <Property name="ConnectedSpout0" value="Spout25"/>
      <Property name="ConnectedSpout1" value="Spout24"/>
      <Property name="ConnectedSpoutProbability0" value="0.5"/>
      <Property name="ConnectedSpoutProbability1" value="0.5"/>
      <Property name="Filename" value="/Objects/pipe_y_switch_toggle.hs"/>
      <Property name="FirstLeftSpout" value="0"/>
      <Property name="FirstRightSpout" value="1"/>
      <Property name="Type" value="yswitch"/>
    </Properties>
  </Object>
  <Object name="Spout19">
    <AbsoluteLocation value="-22.952272 0.779688"/>
    <Properties>
      <Property name="Angle" value="-89.8579"/>
      <Property name="Filename" value="/Objects/shower_head.hs"/>
      <Property name="FluidType" value="Lava"/>
      <Property name="ParticleQueueThreshold" value="1"/>
      <Property name="ParticleSpeed" value="30"/>
      <Property name="ParticlesPerSecond" value="8"/>
      <Property name="Timer0" value="0 1.25"/>
      <Property name="Timer1" value="1 9999.0"/>
      <Property name="Type" value="spout"/>
    </Properties>
  </Object>
  <Object name="Spout21">
    <AbsoluteLocation value="-5.164143 0.678629"/>
    <Properties>
      <Property name="Angle" value="-89.7231"/>
      <Property name="Filename" value="/Objects/shower_head.hs"/>
      <Property name="FluidType" value="Lava"/>
      <Property name="ParticleQueueThreshold" value="1"/>
      <Property name="ParticleSpeed" value="30"/>
      <Property name="ParticlesPerSecond" value="8"/>
      <Property name="Timer0" value="0 1.25"/>
      <Property name="Timer1" value="1 9999.0"/>
      <Property name="Type" value="spout"/>
    </Properties>
  </Object>
  <Object name="Spout22">
    <AbsoluteLocation value="-10.364141 -4.921372"/>
    <Properties>
      <Property name="Angle" value="-40"/>
      <Property name="Filename" value="/Objects/shower_head.hs"/>
      <Property name="FluidType" value="Water"/>
      <Property name="NumberParticles" value="0"/>
      <Property name="ParticleSpeed" value="13"/>
      <Property name="ParticlesPerSecond" value="8"/>
      <Property name="Type" value="spout"/>
    </Properties>
  </Object>
  <Object name="Spout23">
    <AbsoluteLocation value="-17.564142 -4.921372"/>
    <Properties>
      <Property name="Angle" value="-140"/>
      <Property name="Filename" value="/Objects/shower_head.hs"/>
      <Property name="FluidType" value="Water"/>
      <Property name="NumberParticles" value="0"/>
      <Property name="ParticleSpeed" value="13"/>
      <Property name="ParticlesPerSecond" value="8"/>
      <Property name="Type" value="spout"/>
    </Properties>
  </Object>
  <Object name="Spout24">
    <AbsoluteLocation value="17.216282 3.344483"/>
    <Properties>
      <Property name="Angle" value="-65.4936"/>
      <Property name="Filename" value="/Objects/shower_head.hs"/>
      <Property name="FluidType" value="Water"/>
      <Property name="NumberParticles" value="0"/>
      <Property name="ParticleQueueThreshold" value="1"/>
      <Property name="ParticleSpeed" value="20"/>
      <Property name="ParticlesPerSecond" value="3"/>
      <Property name="Type" value="spout"/>
    </Properties>
  </Object>
  <Object name="Spout25">
    <AbsoluteLocation value="11.834753 3.405088"/>
    <Properties>
      <Property name="Angle" value="-116.737"/>
      <Property name="Filename" value="/Objects/shower_head.hs"/>
      <Property name="FluidType" value="Water"/>
      <Property name="NumberParticles" value="0"/>
      <Property name="ParticleQueueThreshold" value="1"/>
      <Property name="ParticleSpeed" value="20"/>
      <Property name="ParticlesPerSecond" value="3"/>
      <Property name="Type" value="spout"/>
    </Properties>
  </Object>
  <Object name="Spout26">
    <AbsoluteLocation value="46.328995 -8.337948"/>
    <Properties>
      <Property name="Angle" value="-89.7231"/>
      <Property name="Filename" value="/Objects/shower_head.hs"/>
      <Property name="FluidType" value="Water"/>
      <Property name="Type" value="spout"/>
    </Properties>
  </Object>
  <Object name="Spout27">
    <AbsoluteLocation value="-26.400000 -42.799999"/>
    <Properties>
      <Property name="Angle" value="5"/>
      <Property name="Filename" value="/Objects/touch_spout_generic.hs"/>
      <Property name="FluidType" value="Water"/>
      <Property name="Type" value="spout"/>
    </Properties>
  </Object>
  <Object name="Spout28">
    <AbsoluteLocation value="0.100323 -19.228130"/>
    <Properties>
      <Property name="Angle" value="-160.176"/>
      <Property name="Filename" value="/Objects/touch_spout_generic.hs"/>
      <Property name="FluidType" value="Water"/>
      <Property name="ParticleSpeed" value="13"/>
      <Property name="ParticlesPerSecond" value="8"/>
      <Property name="Type" value="spout"/>
    </Properties>
  </Object>
  <Object name="Bomb28">
    <AbsoluteLocation value="14.297482 -15.870071"/>
    <Properties>
      <Property name="Angle" value="5.719"/>
      <Property name="Filename" value="/Objects/bomb.hs"/>
      <Property name="Type" value="bomb"/>
    </Properties>
  </Object>
  <Object name="Bomb29">
    <AbsoluteLocation value="14.300636 -24.267616"/>
    <Properties>
      <Property name="Angle" value="-4.89387"/>
      <Property name="Filename" value="/Objects/bomb.hs"/>
      <Property name="Type" value="bomb"/>
    </Properties>
  </Object>
  <Object name="Bomb30">
    <AbsoluteLocation value="22.844374 3.887246"/>
    <Properties>
      <Property name="Angle" value="12.7501"/>
      <Property name="Filename" value="/Objects/bomb.hs"/>
      <Property name="Type" value="bomb"/>
    </Properties>
  </Object>
  <Object name="Bomb31">
    <AbsoluteLocation value="5.742872 3.872491"/>
    <Properties>
      <Property name="Angle" value="4.56375"/>
      <Property name="Filename" value="/Objects/bomb.hs"/>
      <Property name="Type" value="bomb"/>
    </Properties>
  </Object>
  <Object name="Spout32">
    <AbsoluteLocation value="8.417538 -30.020844"/>
    <Properties>
      <Property name="Angle" value="0"/>
      <Property name="ConnectedSpout0" value="Spout27"/>
      <Property name="ConnectedSpoutProbability0" value="1"/>
      <Property name="Filename" value="/Objects/basic_drain.hs"/>
      <Property name="Type" value="spout"/>
    </Properties>
  </Object>
  <Object name="Spout33">
    <AbsoluteLocation value="20.405415 -29.834375"/>
    <Properties>
      <Property name="Angle" value="0"/>
      <Property name="ConnectedSpout0" value="Spout28"/>
      <Property name="ConnectedSpoutProbability0" value="1"/>
      <Property name="Filename" value="/Objects/basic_drain.hs"/>
      <Property name="Type" value="spout"/>
    </Properties>
  </Object>
  <Object name="Spout34">
    <AbsoluteLocation value="27.580940 11.267740"/>
    <Properties>
      <Property name="Angle" value="190.336"/>
      <Property name="ConnectedSpout0" value="YSwitch37"/>
      <Property name="ConnectedSpoutProbability0" value="1"/>
      <Property name="Filename" value="/Objects/basic_drain.hs"/>
      <Property name="Type" value="spout"/>
    </Properties>
  </Object>
  <Object name="Spout35">
    <AbsoluteLocation value="20.319851 11.263412"/>
    <Properties>
      <Property name="Angle" value="-151.853"/>
      <Property name="Filename" value="/Objects/shower_head.hs"/>
      <Property name="FluidType" value="Water"/>
      <Property name="NumberParticles" value="0"/>
      <Property name="Type" value="spout"/>
    </Properties>
  </Object>
  <Object name="Spout36">
    <AbsoluteLocation value="29.961557 25.938618"/>
    <Properties>
      <Property name="Angle" value="-266.856"/>
      <Property name="Filename" value="/Objects/shower_head.hs"/>
      <Property name="FluidType" value="Water"/>
      <Property name="NumberParticles" value="0"/>
      <Property name="Type" value="spout"/>
    </Properties>
  </Object>
  <Object name="YSwitch37">
    <AbsoluteLocation value="24.686012 19.679094"/>
    <Properties>
      <Property name="Angle" value="-123.236"/>
      <Property name="ConnectedSpout0" value="Spout36"/>
      <Property name="ConnectedSpout1" value="Spout35"/>
      <Property name="ConnectedSpoutProbability0" value="0.5"/>
      <Property name="ConnectedSpoutProbability1" value="0.5"/>
      <Property name="Filename" value="/Objects/pipe_y_switch_toggle.hs"/>
      <Property name="FirstLeftSpout" value="0"/>
      <Property name="FirstRightSpout" value="1"/>
      <Property name="Type" value="yswitch"/>
      <Property name="YSwitchPosition" value="0"/>
    </Properties>
  </Object>
  <Object name="Switch37">
    <AbsoluteLocation value="9.200001 -45.200001"/>
    <Properties>
      <Property name="Angle" value="90"/>
      <Property name="ConnectedObject0" value="Object38"/>
      <Property name="Filename" value="/Objects/switch.hs"/>
      <Property name="Type" value="switch"/>
    </Properties>
  </Object>
  <Object name="Object38">
    <AbsoluteLocation value="30.800001 -36.400002"/>
    <Properties>
      <Property name="Angle" value="180"/>
      <Property name="Filename" value="/Objects/wall_16x8.hs"/>
      <Property name="MotorMoveSpeed" value="40"/>
      <Property name="MotorWaitTime" value="1"/>
      <Property name="MotorWaitTurn" value="90.0"/>
      <Property name="PathPos0" value="0 0"/>
      <Property name="PathPos1" value="0 2"/>
    </Properties>
  </Object>
  <Object name="Spout39">
    <AbsoluteLocation value="-26.400000 -34.000000"/>
    <Properties>
      <Property name="Angle" value="1.17167"/>
      <Property name="Filename" value="/Objects/touch_spout.hs"/>
      <Property name="FluidType" value="Water"/>
      <Property name="ParticlesPerSecond" value="8"/>
      <Property name="Type" value="spout"/>
    </Properties>
  </Object>
  <Object name="YSwitch40">
    <AbsoluteLocation value="-26.240702 10.313418"/>
    <Properties>
      <Property name="Angle" value="184.385"/>
      <Property name="ConnectedSpout0" value="Spout42"/>
      <Property name="ConnectedSpout1" value="Spout43"/>
      <Property name="ConnectedSpoutProbability0" value="0.5"/>
      <Property name="ConnectedSpoutProbability1" value="0.5"/>
      <Property name="Filename" value="/Objects/pipe_y_switch_toggle.hs"/>
      <Property name="FirstLeftSpout" value="0"/>
      <Property name="FirstRightSpout" value="1"/>
      <Property name="Type" value="yswitch"/>
    </Properties>
  </Object>
  <Object name="Spout41">
    <AbsoluteLocation value="-14.000000 -10.799999"/>
    <Properties>
      <Property name="Angle" value="180"/>
      <Property name="ConnectedSpout0" value="YSwitch40"/>
      <Property name="ConnectedSpoutProbability0" value="1"/>
      <Property name="Filename" value="/Objects/basic_drain.hs"/>
      <Property name="Type" value="spout"/>
    </Properties>
  </Object>
  <Object name="Spout42">
    <AbsoluteLocation value="-23.500662 22.141043"/>
    <Properties>
      <Property name="Angle" value="54.625"/>
      <Property name="Filename" value="/Objects/shower_head.hs"/>
      <Property name="FluidType" value="Water"/>
      <Property name="NumberParticles" value="0"/>
      <Property name="ParticleSpeed" value="50"/>
      <Property name="ParticlesPerSecond" value="10"/>
      <Property name="Type" value="spout"/>
    </Properties>
  </Object>
  <Object name="Spout43">
    <AbsoluteLocation value="-27.885431 18.741264"/>
    <Properties>
      <Property name="Angle" value="154.079"/>
      <Property name="Filename" value="/Objects/shower_head.hs"/>
      <Property name="FluidType" value="Water"/>
      <Property name="NumberParticles" value="0"/>
      <Property name="ParticleSpeed" value="50"/>
      <Property name="ParticlesPerSecond" value="10"/>
      <Property name="Type" value="spout"/>
    </Properties>
  </Object>
  <Object name="Object66">
    <AbsoluteLocation value="-8.345239 17.802046"/>
    <Properties>
      <Property name="Angle" value="-89.7352"/>
      <Property name="Filename" value="/Objects/pipe_elbow_2.hs"/>
    </Properties>
  </Object>
  <Object name="Object73">
    <AbsoluteLocation value="-5.053646 20.031437"/>
    <Properties>
      <Property name="Angle" value="360.918"/>
      <Property name="Filename" value="/Objects/pipe_straight.hs"/>
    </Properties>
  </Object>
  <Object name="Object91">
    <AbsoluteLocation value="-5.426219 15.530025"/>
    <Properties>
      <Property name="Angle" value="1.79563"/>
      <Property name="Filename" value="/Objects/pipe_spout_base.hs"/>
    </Properties>
  </Object>
  <Object name="Object92">
    <AbsoluteLocation value="-5.388618 14.330615"/>
    <Properties>
      <Property name="Angle" value="181.796"/>
      <Property name="Filename" value="/Objects/pipe_spout_base.hs"/>
    </Properties>
  </Object>
  <Object name="Object100">
    <AbsoluteLocation value="-17.170607 13.906822"/>
    <Properties>
      <Property name="Angle" value="451.971"/>
      <Property name="Filename" value="/Objects/pipe_elbow_1.hs"/>
    </Properties>
  </Object>
  <Object name="Object112">
    <AbsoluteLocation value="-5.670861 27.444082"/>
    <Properties>
      <Property name="Angle" value="90.1091"/>
      <Property name="Filename" value="/Objects/pipe_straight_short.hs"/>
    </Properties>
  </Object>
  <Object name="Object115">
    <AbsoluteLocation value="-23.327787 18.009892"/>
    <Properties>
      <Property name="Angle" value="-43.2615"/>
      <Property name="Filename" value="/Objects/pipe_straight_short.hs"/>
    </Properties>
  </Object>
  <Object name="Object121">
    <AbsoluteLocation value="-30.824905 -17.876379"/>
    <Properties>
      <Property name="Angle" value="-90.504"/>
      <Property name="Filename" value="/Objects/pipe_straight_long.hs"/>
    </Properties>
  </Object>
  <Object name="Object122">
    <AbsoluteLocation value="-30.841492 -8.432238"/>
    <Properties>
      <Property name="Angle" value="-89.1831"/>
      <Property name="Filename" value="/Objects/pipe_straight_long.hs"/>
    </Properties>
  </Object>
  <Object name="Object123">
    <AbsoluteLocation value="-31.667728 -2.742710"/>
    <Properties>
      <Property name="Angle" value="363.243"/>
      <Property name="Filename" value="/Objects/pipe_elbow_1.hs"/>
    </Properties>
  </Object>
  <Object name="Object124">
    <AbsoluteLocation value="-37.375820 -2.614658"/>
    <Properties>
      <Property name="Angle" value="6.0997"/>
      <Property name="Filename" value="/Objects/pipe_straight_long.hs"/>
    </Properties>
  </Object>
  <Object name="Object128">
    <AbsoluteLocation value="9.938977 -38.927837"/>
    <Properties>
      <Property name="Angle" value="180.144"/>
      <Property name="Filename" value="/Objects/pipe_into_wall_2.hs"/>
    </Properties>
  </Object>
  <Object name="Object130">
    <AbsoluteLocation value="9.358773 -35.251289"/>
    <Properties>
      <Property name="Angle" value="543.814"/>
      <Property name="Filename" value="/Objects/pipe_elbow_1.hs"/>
    </Properties>
  </Object>
  <Object name="Object131">
    <AbsoluteLocation value="11.686346 -36.482937"/>
    <Properties>
      <Property name="Angle" value="2.52314"/>
      <Property name="Filename" value="/Objects/pipe_elbow_2.hs"/>
    </Properties>
  </Object>
  <Object name="Object134">
    <AbsoluteLocation value="5.238552 -32.856331"/>
    <Properties>
      <Property name="Angle" value="-179.106"/>
      <Property name="Filename" value="/Objects/pipe_elbow_2.hs"/>
    </Properties>
  </Object>
  <Object name="Object136">
    <AbsoluteLocation value="16.980589 -33.192249"/>
    <Properties>
      <Property name="Angle" value="1.41304"/>
      <Property name="Filename" value="/Objects/pipe_straight_short.hs"/>
    </Properties>
  </Object>
  <Object name="Object137">
    <AbsoluteLocation value="4.637260 -26.922220"/>
    <Properties>
      <Property name="Angle" value="-90.7202"/>
      <Property name="Filename" value="/Objects/pipe_straight_long.hs"/>
    </Properties>
  </Object>
  <Object name="Object147">
    <AbsoluteLocation value="11.620766 8.634727"/>
    <Properties>
      <Property name="Angle" value="346.193"/>
      <Property name="Filename" value="/Objects/pipe_straight.hs"/>
    </Properties>
  </Object>
  <Object name="Object148">
    <AbsoluteLocation value="9.002705 10.019093"/>
    <Properties>
      <Property name="Angle" value="-196.729"/>
      <Property name="Filename" value="/Objects/pipe_elbow_2.hs"/>
    </Properties>
  </Object>
  <Object name="Object143">
    <AbsoluteLocation value="-14.189550 2.226169"/>
    <Properties>
      <Property name="Angle" value="355.472"/>
      <Property name="Filename" value="/Objects/pipe_elbow_1.hs"/>
    </Properties>
  </Object>
  <Object name="Object159">
    <AbsoluteLocation value="-9.340240 19.959936"/>
    <Properties>
      <Property name="Angle" value="360.918"/>
      <Property name="Filename" value="/Objects/pipe_straight.hs"/>
    </Properties>
  </Object>
  <Object name="Object160">
    <AbsoluteLocation value="-13.698333 14.706330"/>
    <Properties>
      <Property name="Angle" value="361.462"/>
      <Property name="Filename" value="/Objects/pipe_straight.hs"/>
    </Properties>
  </Object>
  <Object name="Object161">
    <AbsoluteLocation value="-22.511190 7.304494"/>
    <Properties>
      <Property name="Angle" value="94.4674"/>
      <Property name="Filename" value="/Objects/pipe_bend_2.hs"/>
    </Properties>
  </Object>
  <Room>
    <AbsoluteLocation value="8.400003 33.199997"/>
  </Room>
</Objects>
