<?xml version="1.0"?>
<Objects>
  <Object name="Object94">
    <AbsoluteLocation value="2.437243 -5.076611"/>
    <Properties>
      <Property name="Angle" value="31.8378"/>
      <Property name="Filename" value="/Objects/pipe_bend_2.hs"/>
    </Properties>
  </Object>
  <Object name="Object95">
    <AbsoluteLocation value="0.700359 -5.880208"/>
    <Properties>
      <Property name="Angle" value="219.146"/>
      <Property name="Filename" value="/Objects/pipe_into_wall_2.hs"/>
    </Properties>
  </Object>
  <Object name="Object107">
    <AbsoluteLocation value="1.922832 49.403061"/>
    <Properties>
      <Property name="Angle" value="91.8996"/>
      <Property name="Filename" value="/Objects/pipe_straight_long.hs"/>
    </Properties>
  </Object>
  <Object name="Object102">
    <AbsoluteLocation value="0.115674 26.151392"/>
    <Properties>
      <Property name="Angle" value="79.1652"/>
      <Property name="Filename" value="/Objects/pipe_straight.hs"/>
    </Properties>
  </Object>
  <Object name="Object106">
    <AbsoluteLocation value="1.182943 31.842140"/>
    <Properties>
      <Property name="Angle" value="79.3842"/>
      <Property name="Filename" value="/Objects/pipe_straight.hs"/>
    </Properties>
  </Object>
  <Object name="Object100">
    <AbsoluteLocation value="29.623951 -3.799741"/>
    <Properties>
      <Property name="Angle" value="89.4001"/>
      <Property name="Filename" value="/Objects/pipe_straight.hs"/>
    </Properties>
  </Object>
  <Object name="Object105">
    <AbsoluteLocation value="-6.179693 -12.078621"/>
    <Properties>
      <Property name="Angle" value="75.9495"/>
      <Property name="Filename" value="/Objects/pipe_straight_long.hs"/>
    </Properties>
  </Object>
  <Object name="Object96">
    <AbsoluteLocation value="-6.413676 -15.862556"/>
    <Properties>
      <Property name="Angle" value="167.035"/>
      <Property name="Filename" value="/Objects/pipe_elbow_1.hs"/>
    </Properties>
  </Object>
  <Object name="Object93">
    <AbsoluteLocation value="-0.068266 -14.796283"/>
    <Properties>
      <Property name="Angle" value="-156.465"/>
      <Property name="Filename" value="/Objects/pipe_bend_1.hs"/>
    </Properties>
  </Object>
  <Object name="Object77">
    <AbsoluteLocation value="-2.659648 -13.006774"/>
    <Properties>
      <Property name="Angle" value="-204.873"/>
      <Property name="Filename" value="/Objects/pipe_elbow_2.hs"/>
    </Properties>
  </Object>
  <Object name="Object75">
    <AbsoluteLocation value="2.121594 -14.942919"/>
    <Properties>
      <Property name="Angle" value="24.5131"/>
      <Property name="Filename" value="/Objects/pipe_elbow_1.hs"/>
    </Properties>
  </Object>
  <Object name="Object74">
    <AbsoluteLocation value="2.989100 -16.718378"/>
    <Properties>
      <Property name="Angle" value="-64.1064"/>
      <Property name="Filename" value="/Objects/pipe_elbow_1.hs"/>
    </Properties>
  </Object>
  <Object name="Object99">
    <AbsoluteLocation value="-3.484516 -24.617287"/>
    <Properties>
      <Property name="Angle" value="-183.002"/>
      <Property name="Filename" value="/Objects/pipe_elbow_2.hs"/>
    </Properties>
  </Object>
  <Object name="Object97">
    <AbsoluteLocation value="-4.733372 -23.220804"/>
    <Properties>
      <Property name="Angle" value="-2.83455"/>
      <Property name="Filename" value="/Objects/pipe_elbow_1.hs"/>
    </Properties>
  </Object>
  <Object name="Object98">
    <AbsoluteLocation value="-2.113256 -24.682640"/>
    <Properties>
      <Property name="Angle" value="-92.435"/>
      <Property name="Filename" value="/Objects/pipe_elbow_2.hs"/>
    </Properties>
  </Object>
  <Object name="Object81">
    <AbsoluteLocation value="29.539469 -12.688099"/>
    <Properties>
      <Property name="Angle" value="89.9604"/>
      <Property name="Filename" value="/Objects/pipe_straight.hs"/>
    </Properties>
  </Object>
  <Object name="Object90">
    <AbsoluteLocation value="29.150997 -15.992351"/>
    <Properties>
      <Property name="Angle" value="-90.934"/>
      <Property name="Filename" value="/Objects/pipe_bend_1.hs"/>
    </Properties>
  </Object>
  <Object name="Object87">
    <AbsoluteLocation value="21.600000 8.000000"/>
    <Properties>
      <Property name="Angle" value="0"/>
      <Property name="Filename" value="/Objects/path_locking_mid.hs"/>
    </Properties>
  </Object>
  <Object name="Object85">
    <AbsoluteLocation value="7.200003 8.000000"/>
    <Properties>
      <Property name="Angle" value="0"/>
      <Property name="Filename" value="/Objects/path_locking_end.hs"/>
    </Properties>
  </Object>
  <Object name="Object84">
    <AbsoluteLocation value="12.000002 8.000000"/>
    <Properties>
      <Property name="Angle" value="0"/>
      <Property name="Filename" value="/Objects/path_locking_mid.hs"/>
    </Properties>
  </Object>
  <Object name="Object83">
    <AbsoluteLocation value="16.800001 8.000000"/>
    <Properties>
      <Property name="Angle" value="0"/>
      <Property name="Filename" value="/Objects/path_locking_mid.hs"/>
    </Properties>
  </Object>
  <Object name="Object82">
    <AbsoluteLocation value="25.600002 8.000000"/>
    <Properties>
      <Property name="Angle" value="0"/>
      <Property name="Filename" value="/Objects/path_locking_end_right.hs"/>
    </Properties>
  </Object>
  <Object name="Object80">
    <AbsoluteLocation value="22.853445 -19.736696"/>
    <Properties>
      <Property name="Angle" value="484.788"/>
      <Property name="Filename" value="/Objects/pipe_elbow_1.hs"/>
    </Properties>
  </Object>
  <Object name="Object72">
    <AbsoluteLocation value="30.245197 31.346331"/>
    <Properties>
      <Property name="Angle" value="1.10107"/>
      <Property name="Filename" value="/Objects/pipe_elbow_2.hs"/>
    </Properties>
  </Object>
  <Object name="Object69">
    <AbsoluteLocation value="30.839277 26.979319"/>
    <Properties>
      <Property name="Angle" value="88.4535"/>
      <Property name="Filename" value="/Objects/pipe_straight.hs"/>
    </Properties>
  </Object>
  <Object name="Object61">
    <AbsoluteLocation value="-5.556495 -43.263683"/>
    <Properties>
      <Property name="Angle" value="90.4866"/>
      <Property name="Filename" value="/Objects/pipe_straight.hs"/>
    </Properties>
  </Object>
  <Object name="Object60">
    <AbsoluteLocation value="-7.856746 -40.301182"/>
    <Properties>
      <Property name="Angle" value="184.311"/>
      <Property name="Filename" value="/Objects/pipe_bend_2.hs"/>
    </Properties>
  </Object>
  <Object name="Object59">
    <AbsoluteLocation value="-7.397850 -44.405239"/>
    <Properties>
      <Property name="Angle" value="-41.4027"/>
      <Property name="Filename" value="/Objects/pipe_bend_1.hs"/>
    </Properties>
  </Object>
  <Object name="Object58">
    <AbsoluteLocation value="-4.835294 -45.457882"/>
    <Properties>
      <Property name="Angle" value="180.343"/>
      <Property name="Filename" value="/Objects/pipe_elbow_1.hs"/>
    </Properties>
  </Object>
  <Object name="Object56">
    <AbsoluteLocation value="-8.025339 -45.497540"/>
    <Properties>
      <Property name="Angle" value="-89.2319"/>
      <Property name="Filename" value="/Objects/pipe_elbow_2.hs"/>
    </Properties>
  </Object>
  <Object name="Object48">
    <AbsoluteLocation value="-16.492092 -24.405748"/>
    <Properties>
      <Property name="Angle" value="91.0407"/>
      <Property name="Filename" value="/Objects/pipe_bend_2.hs"/>
    </Properties>
  </Object>
  <Object name="Object47">
    <AbsoluteLocation value="-14.165297 -22.235394"/>
    <Properties>
      <Property name="Angle" value="-83.127"/>
      <Property name="Filename" value="/Objects/pipe_bend_1.hs"/>
    </Properties>
  </Object>
  <Object name="Object46">
    <AbsoluteLocation value="-15.342075 -23.306627"/>
    <Properties>
      <Property name="Angle" value="38.7259"/>
      <Property name="Filename" value="/Objects/pipe_straight_short.hs"/>
    </Properties>
  </Object>
  <Object name="Object49">
    <AbsoluteLocation value="-14.155031 -20.236950"/>
    <Properties>
      <Property name="Angle" value="100.029"/>
      <Property name="Filename" value="/Objects/pipe_straight_short.hs"/>
    </Properties>
  </Object>
  <Object name="Object41">
    <AbsoluteLocation value="-17.970928 -19.743023"/>
    <Properties>
      <Property name="Angle" value="87.7252"/>
      <Property name="Filename" value="/Objects/pipe_straight_short.hs"/>
    </Properties>
  </Object>
  <Object name="Object32">
    <AbsoluteLocation value="-27.972427 1.460885"/>
    <Properties>
      <Property name="Angle" value="106.787"/>
      <Property name="Filename" value="/Objects/pipe_elbow_1.hs"/>
    </Properties>
  </Object>
  <Object name="Object31">
    <AbsoluteLocation value="-21.862816 6.564925"/>
    <Properties>
      <Property name="Angle" value="19.947"/>
      <Property name="Filename" value="/Objects/pipe_elbow_1.hs"/>
    </Properties>
  </Object>
  <Object name="Object23">
    <AbsoluteLocation value="-38.533569 22.254957"/>
    <Properties>
      <Property name="Angle" value="-8.75171"/>
      <Property name="Filename" value="/Objects/pipe_straight_long.hs"/>
    </Properties>
  </Object>
  <Object name="Object22">
    <AbsoluteLocation value="-29.373085 20.789906"/>
    <Properties>
      <Property name="Angle" value="-9.36627"/>
      <Property name="Filename" value="/Objects/pipe_straight_long.hs"/>
    </Properties>
  </Object>
  <Object name="Object18">
    <AbsoluteLocation value="22.937061 6.945457"/>
    <Properties>
      <Property name="Angle" value="100"/>
      <Property name="Filename" value="/Objects/pipe_elbow_1.hs"/>
      <Property name="Parent" value="Object14"/>
    </Properties>
  </Object>
  <Object name="Object16">
    <AbsoluteLocation value="23.600000 8.000000"/>
    <Properties>
      <Property name="Angle" value="90"/>
      <Property name="Filename" value="/Objects/pipe_spout_base.hs"/>
      <Property name="Parent" value="Object14"/>
    </Properties>
  </Object>
  <Object name="Spout4">
    <AbsoluteLocation value="23.355328 -22.088963"/>
    <Properties>
      <Property name="Angle" value="195.257"/>
      <Property name="ConnectedSpout0" value="SWAMPY_SPOUT"/>
      <Property name="ConnectedSpoutProbability0" value="1"/>
      <Property name="Filename" value="/Objects/broken_pipe_allie.hs"/>
      <Property name="Type" value="spout"/>
    </Properties>
  </Object>
  <Object name="Object6">
    <AbsoluteLocation value="28.333181 31.711788"/>
    <Properties>
      <Property name="Angle" value="196.708"/>
      <Property name="Filename" value="/Objects/pipe_connector_end.hs"/>
    </Properties>
  </Object>
  <Object name="Ducky9">
    <AbsoluteLocation value="-25.600000 -34.400002"/>
    <Properties>
      <Property name="Angle" value="0"/>
      <Property name="Filename" value="/Objects/star_steam_allie.hs"/>
      <Property name="StarType" value="allie"/>
      <Property name="Type" value="star"/>
    </Properties>
  </Object>
  <Object name="Ducky10">
    <AbsoluteLocation value="25.920357 -34.783230"/>
    <Properties>
      <Property name="Angle" value="0"/>
      <Property name="Filename" value="/Objects/star_steam_allie.hs"/>
      <Property name="StarType" value="allie"/>
      <Property name="Type" value="star"/>
    </Properties>
  </Object>
  <Object name="Ducky11">
    <AbsoluteLocation value="-10.400001 32.000000"/>
    <Properties>
      <Property name="Angle" value="0"/>
      <Property name="Filename" value="/Objects/star_steam_allie.hs"/>
      <Property name="StarType" value="allie"/>
      <Property name="Type" value="star"/>
    </Properties>
  </Object>
  <Object name="Spout8">
    <AbsoluteLocation value="-23.379307 18.692009"/>
    <Properties>
      <Property name="Angle" value="-53.5957"/>
      <Property name="Filename" value="/Objects/shower_head.hs"/>
      <Property name="FluidType" value="Lava"/>
      <Property name="ParticleSpeed" value="50"/>
      <Property name="ParticlesPerSecond" value="8"/>
      <Property name="Timer0" value="0 4.0"/>
      <Property name="Timer1" value="1 1.5"/>
      <Property name="Type" value="spout"/>
    </Properties>
  </Object>
  <Object name="Spout9">
    <AbsoluteLocation value="-10.206835 -45.545650"/>
    <Properties>
      <Property name="Angle" value="-201.473"/>
      <Property name="Filename" value="/Objects/shower_head.hs"/>
      <Property name="FluidType" value="Water"/>
      <Property name="NumberParticles" value="0"/>
      <Property name="ParticleSpeed" value="30"/>
      <Property name="ParticlesPerSecond" value="10"/>
      <Property name="Type" value="spout"/>
    </Properties>
  </Object>
  <Object name="Spout10">
    <AbsoluteLocation value="-2.476408 -45.358398"/>
    <Properties>
      <Property name="Angle" value="40.2895"/>
      <Property name="Filename" value="/Objects/shower_head.hs"/>
      <Property name="FluidType" value="Water"/>
      <Property name="NumberParticles" value="0"/>
      <Property name="ParticleSpeed" value="30"/>
      <Property name="ParticlesPerSecond" value="10"/>
      <Property name="Type" value="spout"/>
    </Properties>
  </Object>
  <Object name="Spout11">
    <AbsoluteLocation value="-19.970020 3.471185"/>
    <Properties>
      <Property name="Angle" value="200.908"/>
      <Property name="ConnectedSpout0" value="Spout10"/>
      <Property name="ConnectedSpoutProbability0" value="1"/>
      <Property name="Filename" value="/Objects/basic_drain.hs"/>
      <Property name="Type" value="spout"/>
    </Properties>
  </Object>
  <Object name="Spout12">
    <AbsoluteLocation value="-27.853331 -1.257654"/>
    <Properties>
      <Property name="Angle" value="197.848"/>
      <Property name="ConnectedSpout0" value="Spout9"/>
      <Property name="ConnectedSpoutProbability0" value="1"/>
      <Property name="Filename" value="/Objects/basic_drain.hs"/>
      <Property name="Type" value="spout"/>
    </Properties>
  </Object>
  <Object name="Switch13">
    <AbsoluteLocation value="11.264114 -20.558516"/>
    <Properties>
      <Property name="Angle" value="131.948"/>
      <Property name="ConnectedObject0" value="Fan15"/>
      <Property name="ConnectedObject1" value="Object14"/>
      <Property name="Filename" value="/Objects/switch.hs"/>
      <Property name="Type" value="switch"/>
    </Properties>
  </Object>
  <Object name="Object14">
    <AbsoluteLocation value="27.200003 8.000000"/>
    <Properties>
      <Property name="Angle" value="90"/>
      <Property name="Filename" value="/Objects/wall_8x8.hs"/>
      <Property name="MotorMoveSpeed" value="10"/>
      <Property name="PathPos0" value="0 0"/>
      <Property name="PathPos1" value="-24 0"/>
    </Properties>
  </Object>
  <Object name="Fan15">
    <AbsoluteLocation value="-6.000002 7.600000"/>
    <Properties>
      <Property name="Angle" value="55.034"/>
      <Property name="Filename" value="/Objects/fan_8x8_w_cable_gear3.hs"/>
      <Property name="MotorMoveSpeed" value="10"/>
      <Property name="MotorWaitTime" value="1.0"/>
      <Property name="MotorWaitTurn" value="200.0"/>
      <Property name="Parent" value="Object14"/>
      <Property name="PathPos0" value="0 0"/>
      <Property name="PathPos1" value="-12 -12"/>
      <Property name="Type" value="fan"/>
      <Property name="VacuumMaxD" value="70"/>
      <Property name="VacuumMaxForce" value="70"/>
      <Property name="VacuumOn" value="1"/>
    </Properties>
  </Object>
  <Object name="Spout19">
    <AbsoluteLocation value="-6.920347 -22.766914"/>
    <Properties>
      <Property name="Angle" value="-163.514"/>
      <Property name="Filename" value="/Objects/shower_head.hs"/>
      <Property name="FluidType" value="Water"/>
      <Property name="NumberParticles" value="0"/>
      <Property name="ParticleSpeed" value="13"/>
      <Property name="ParticlesPerSecond" value="8"/>
      <Property name="Type" value="spout"/>
    </Properties>
  </Object>
  <Object name="YSwitch20">
    <AbsoluteLocation value="-1.989901 -19.068291"/>
    <Properties>
      <Property name="Angle" value="57.2741"/>
      <Property name="ConnectedSpout0" value="Spout19"/>
      <Property name="ConnectedSpout1" value="Spout21"/>
      <Property name="ConnectedSpoutProbability0" value="0.5"/>
      <Property name="ConnectedSpoutProbability1" value="0.5"/>
      <Property name="Filename" value="/Objects/pipe_y_switch_toggle.hs"/>
      <Property name="FirstLeftSpout" value="0"/>
      <Property name="FirstRightSpout" value="1"/>
      <Property name="Type" value="yswitch"/>
    </Properties>
  </Object>
  <Object name="Spout21">
    <AbsoluteLocation value="4.695953 -6.059974"/>
    <Properties>
      <Property name="Angle" value="-22.1329"/>
      <Property name="Filename" value="/Objects/shower_head.hs"/>
      <Property name="FluidType" value="Water"/>
      <Property name="NumberParticles" value="0"/>
      <Property name="ParticleSpeed" value="18"/>
      <Property name="ParticlesPerSecond" value="8"/>
      <Property name="Type" value="spout"/>
    </Properties>
  </Object>
  <Object name="Spout22">
    <AbsoluteLocation value="1.981764 36.932419"/>
    <Properties>
      <Property name="Angle" value="353.926"/>
      <Property name="ConnectedSpout0" value="YSwitch20"/>
      <Property name="ConnectedSpoutProbability0" value="1"/>
      <Property name="Filename" value="/Objects/basic_drain.hs"/>
      <Property name="Type" value="spout"/>
    </Properties>
  </Object>
  <Object name="Spout23">
    <AbsoluteLocation value="1.969198 43.157166"/>
    <Properties>
      <Property name="Angle" value="-88.9559"/>
      <Property name="Filename" value="/Objects/shower_head.hs"/>
      <Property name="FluidType" value="Water"/>
      <Property name="ParticleSpeed" value="50"/>
      <Property name="ParticlesPerSecond" value="8"/>
      <Property name="Type" value="spout"/>
    </Properties>
  </Object>
  <Object name="Object33">
    <AbsoluteLocation value="-26.522543 1.994424"/>
    <Properties>
      <Property name="Angle" value="20.426"/>
      <Property name="Filename" value="/Objects/pipe_elbow_1.hs"/>
    </Properties>
  </Object>
  <Object name="Object34">
    <AbsoluteLocation value="-23.842083 5.902055"/>
    <Properties>
      <Property name="Angle" value="107.32"/>
      <Property name="Filename" value="/Objects/pipe_elbow_1.hs"/>
    </Properties>
  </Object>
  <Object name="Object35">
    <AbsoluteLocation value="-23.349033 1.411722"/>
    <Properties>
      <Property name="Angle" value="103.821"/>
      <Property name="Filename" value="/Objects/pipe_straight_short.hs"/>
    </Properties>
  </Object>
  <Object name="Object36">
    <AbsoluteLocation value="-22.822245 -0.724524"/>
    <Properties>
      <Property name="Angle" value="-76.399"/>
      <Property name="Filename" value="/Objects/pipe_into_wall_2.hs"/>
    </Properties>
  </Object>
  <Object name="Object37">
    <AbsoluteLocation value="-25.304754 0.589851"/>
    <Properties>
      <Property name="Angle" value="-70.6913"/>
      <Property name="Filename" value="/Objects/pipe_into_wall_1.hs"/>
    </Properties>
  </Object>
  <Object name="Object38">
    <AbsoluteLocation value="-23.976004 3.820932"/>
    <Properties>
      <Property name="Angle" value="105.18"/>
      <Property name="Filename" value="/Objects/pipe_straight_short.hs"/>
    </Properties>
  </Object>
  <Object name="Object40">
    <AbsoluteLocation value="-17.905121 -17.998121"/>
    <Properties>
      <Property name="Angle" value="90.2041"/>
      <Property name="Filename" value="/Objects/pipe_into_wall_1.hs"/>
    </Properties>
  </Object>
  <Object name="Object42">
    <AbsoluteLocation value="-14.654686 -18.012154"/>
    <Properties>
      <Property name="Angle" value="106.763"/>
      <Property name="Filename" value="/Objects/pipe_into_wall_1.hs"/>
    </Properties>
  </Object>
  <Object name="Object43">
    <AbsoluteLocation value="-18.206108 -22.719090"/>
    <Properties>
      <Property name="Angle" value="84.4195"/>
      <Property name="Filename" value="/Objects/pipe_straight_short.hs"/>
    </Properties>
  </Object>
  <Object name="Object44">
    <AbsoluteLocation value="-18.351542 -28.745256"/>
    <Properties>
      <Property name="Angle" value="89.8318"/>
      <Property name="Filename" value="/Objects/pipe_straight_long.hs"/>
    </Properties>
  </Object>
  <Object name="Object45">
    <AbsoluteLocation value="-16.888569 -29.455070"/>
    <Properties>
      <Property name="Angle" value="89.5233"/>
      <Property name="Filename" value="/Objects/pipe_straight_long.hs"/>
    </Properties>
  </Object>
  <Object name="Object50">
    <AbsoluteLocation value="-18.217503 -33.559769"/>
    <Properties>
      <Property name="Angle" value="139.827"/>
      <Property name="Filename" value="/Objects/pipe_bend_2.hs"/>
    </Properties>
  </Object>
  <Object name="Object51">
    <AbsoluteLocation value="-16.764647 -32.843372"/>
    <Properties>
      <Property name="Angle" value="140.178"/>
      <Property name="Filename" value="/Objects/pipe_bend_2.hs"/>
    </Properties>
  </Object>
  <Object name="Object52">
    <AbsoluteLocation value="-13.019986 -36.300819"/>
    <Properties>
      <Property name="Angle" value="141.23"/>
      <Property name="Filename" value="/Objects/pipe_straight_long.hs"/>
    </Properties>
  </Object>
  <Object name="Object53">
    <AbsoluteLocation value="-14.735608 -37.200394"/>
    <Properties>
      <Property name="Angle" value="137.988"/>
      <Property name="Filename" value="/Objects/pipe_straight_long.hs"/>
    </Properties>
  </Object>
  <Object name="Object54">
    <AbsoluteLocation value="-9.873368 -41.655079"/>
    <Properties>
      <Property name="Angle" value="137.008"/>
      <Property name="Filename" value="/Objects/pipe_straight.hs"/>
    </Properties>
  </Object>
  <Object name="Object57">
    <AbsoluteLocation value="-6.258453 -41.242447"/>
    <Properties>
      <Property name="Angle" value="1.61528"/>
      <Property name="Filename" value="/Objects/pipe_elbow_2.hs"/>
    </Properties>
  </Object>
  <Object name="Object70">
    <AbsoluteLocation value="30.762392 23.000954"/>
    <Properties>
      <Property name="Angle" value="-90.5683"/>
      <Property name="Filename" value="/Objects/pipe_into_wall_2.hs"/>
    </Properties>
  </Object>
  <Object name="Object73">
    <AbsoluteLocation value="29.688797 -0.381369"/>
    <Properties>
      <Property name="Angle" value="90.2995"/>
      <Property name="Filename" value="/Objects/pipe_into_wall_1.hs"/>
    </Properties>
  </Object>
  <Object name="Object78">
    <AbsoluteLocation value="28.697004 -16.928524"/>
    <Properties>
      <Property name="Angle" value="-126.543"/>
      <Property name="Filename" value="/Objects/pipe_into_wall_2.hs"/>
    </Properties>
  </Object>
  <Object name="Object79">
    <AbsoluteLocation value="23.958300 -18.317280"/>
    <Properties>
      <Property name="Angle" value="28.0254"/>
      <Property name="Filename" value="/Objects/pipe_into_wall_1.hs"/>
    </Properties>
  </Object>
  <Object name="Object86">
    <AbsoluteLocation value="1.169703 -0.849756"/>
    <Properties>
      <Property name="Angle" value="-38.3768"/>
      <Property name="Filename" value="/Objects/path_stopper.hs"/>
    </Properties>
  </Object>
  <Object name="Object88">
    <AbsoluteLocation value="-9.002219 -39.560329"/>
    <Properties>
      <Property name="Angle" value="140.179"/>
      <Property name="Filename" value="/Objects/pipe_straight_short.hs"/>
    </Properties>
  </Object>
  <Object name="Object91">
    <AbsoluteLocation value="29.569599 -8.747751"/>
    <Properties>
      <Property name="Angle" value="89.4001"/>
      <Property name="Filename" value="/Objects/pipe_straight.hs"/>
    </Properties>
  </Object>
  <Object name="Object89">
    <AbsoluteLocation value="-2.624725 -11.340521"/>
    <Properties>
      <Property name="Angle" value="-115.978"/>
      <Property name="Filename" value="/Objects/pipe_straight_short.hs"/>
    </Properties>
  </Object>
  <Object name="Object92">
    <AbsoluteLocation value="-1.997039 -10.173888"/>
    <Properties>
      <Property name="Angle" value="61.977"/>
      <Property name="Filename" value="/Objects/pipe_into_wall_2.hs"/>
    </Properties>
  </Object>
  <Object name="Object104">
    <AbsoluteLocation value="-4.954728 -7.345229"/>
    <Properties>
      <Property name="Angle" value="75.8776"/>
      <Property name="Filename" value="/Objects/pipe_into_wall_1.hs"/>
    </Properties>
  </Object>
  <Object name="Object101">
    <AbsoluteLocation value="-0.560608 22.692295"/>
    <Properties>
      <Property name="Angle" value="-100.863"/>
      <Property name="Filename" value="/Objects/pipe_into_wall_2.hs"/>
    </Properties>
  </Object>
  <Object name="Object108">
    <AbsoluteLocation value="1.669498 58.676498"/>
    <Properties>
      <Property name="Angle" value="91.285"/>
      <Property name="Filename" value="/Objects/pipe_straight_long.hs"/>
    </Properties>
  </Object>
  <Object name="Object109">
    <AbsoluteLocation value="1.456352 68.089012"/>
    <Properties>
      <Property name="Angle" value="91.285"/>
      <Property name="Filename" value="/Objects/pipe_straight_long.hs"/>
    </Properties>
  </Object>
  <Object name="Note01">
    <AbsoluteLocation value="-18.000000 -1.600000"/>
    <Properties>
      <Property name="Angle" value="0"/>
      <Property name="Filename" value="/Objects/star_note_allie_1.hs"/>
      <Property name="StarType" value="note"/>
      <Property name="Type" value="star"/>
    </Properties>
  </Object>
  <Object name="Note02">
    <AbsoluteLocation value="-27.200001 -6.800000"/>
    <Properties>
      <Property name="Angle" value="0"/>
      <Property name="Filename" value="/Objects/star_note_allie_2.hs"/>
      <Property name="StarType" value="note"/>
      <Property name="Type" value="star"/>
    </Properties>
  </Object>
  <Object name="Note03">
    <AbsoluteLocation value="7.200001 -32.400002"/>
    <Properties>
      <Property name="Angle" value="0"/>
      <Property name="Filename" value="/Objects/star_note_allie_3.hs"/>
      <Property name="StarType" value="note"/>
      <Property name="Type" value="star"/>
    </Properties>
  </Object>
  <Object name="Note04">
    <AbsoluteLocation value="-26.400000 -31.600000"/>
    <Properties>
      <Property name="Angle" value="0"/>
      <Property name="Filename" value="/Objects/star_note_allie_4.hs"/>
      <Property name="StarType" value="note"/>
      <Property name="Type" value="star"/>
    </Properties>
  </Object>
  <Object name="Note05">
    <AbsoluteLocation value="-19.600000 37.600002"/>
    <Properties>
      <Property name="Angle" value="0"/>
      <Property name="Filename" value="/Objects/star_note_allie_5.hs"/>
      <Property name="StarType" value="note"/>
      <Property name="Type" value="star"/>
    </Properties>
  </Object>
  <Object name="Object103">
    <AbsoluteLocation value="-1.417162 -14.303585"/>
    <Properties>
      <Property name="Angle" value="-384.06"/>
      <Property name="Filename" value="/Objects/pipe_straight_short.hs"/>
    </Properties>
  </Object>
  <Room>
    <AbsoluteLocation value="15.600002 27.599998"/>
  </Room>
</Objects>
