<?xml version="1.0"?>
<Objects>
  <Object name="Object42">
    <AbsoluteLocation value="10.898223 -43.923771"/>
    <Properties>
      <Property name="Angle" value="-148.628"/>
      <Property name="Filename" value="/Objects/pipe_bend_1.hs"/>
    </Properties>
  </Object>
  <Object name="Object31">
    <AbsoluteLocation value="21.245029 39.676922"/>
    <Properties>
      <Property name="Angle" value="3.90214"/>
      <Property name="Filename" value="/Objects/pipe_straight.hs"/>
    </Properties>
  </Object>
  <Object name="Object45">
    <AbsoluteLocation value="0.610529 30.291298"/>
    <Properties>
      <Property name="Angle" value="-86.8069"/>
      <Property name="Filename" value="/Objects/pipe_elbow_2.hs"/>
    </Properties>
  </Object>
  <Object name="Object38">
    <AbsoluteLocation value="-17.923538 -5.347891"/>
    <Properties>
      <Property name="Angle" value="83.9601"/>
      <Property name="Filename" value="/Objects/pipe_elbow_1.hs"/>
    </Properties>
  </Object>
  <Object name="Object37">
    <AbsoluteLocation value="-23.080770 -8.563340"/>
    <Properties>
      <Property name="Angle" value="-189.205"/>
      <Property name="Filename" value="/Objects/pipe_elbow_2.hs"/>
    </Properties>
  </Object>
  <Object name="Object41">
    <AbsoluteLocation value="12.057760 -42.735069"/>
    <Properties>
      <Property name="Angle" value="-55.6357"/>
      <Property name="Filename" value="/Objects/pipe_elbow_2.hs"/>
    </Properties>
  </Object>
  <Object name="Object39">
    <AbsoluteLocation value="7.020769 -42.218845"/>
    <Properties>
      <Property name="Angle" value="-21.6736"/>
      <Property name="Filename" value="/Objects/pipe_straight_short.hs"/>
    </Properties>
  </Object>
  <Object name="Object40">
    <AbsoluteLocation value="9.415885 -43.302284"/>
    <Properties>
      <Property name="Angle" value="-26.5779"/>
      <Property name="Filename" value="/Objects/pipe_straight_short.hs"/>
    </Properties>
  </Object>
  <Object name="Object32">
    <AbsoluteLocation value="24.679705 39.392002"/>
    <Properties>
      <Property name="Angle" value="9.61017"/>
      <Property name="Filename" value="/Objects/pipe_elbow_1.hs"/>
    </Properties>
  </Object>
  <Object name="Object29">
    <AbsoluteLocation value="10.082490 39.388298"/>
    <Properties>
      <Property name="Angle" value="0.629925"/>
      <Property name="Filename" value="/Objects/pipe_straight_long.hs"/>
    </Properties>
  </Object>
  <Object name="Object27">
    <AbsoluteLocation value="1.274436 33.777073"/>
    <Properties>
      <Property name="Angle" value="89.5276"/>
      <Property name="Filename" value="/Objects/pipe_straight.hs"/>
    </Properties>
  </Object>
  <Object name="Object26">
    <AbsoluteLocation value="-1.690667 29.479185"/>
    <Properties>
      <Property name="Angle" value="4.03263"/>
      <Property name="Filename" value="/Objects/pipe_straight_short.hs"/>
    </Properties>
  </Object>
  <Object name="Spout13">
    <AbsoluteLocation value="-23.162024 -5.733717"/>
    <Properties>
      <Property name="Angle" value="-13.2803"/>
      <Property name="ConnectedSpout0" value="Spout20"/>
      <Property name="ConnectedSpoutProbability0" value="1"/>
      <Property name="Filename" value="/Objects/basic_drain.hs"/>
      <Property name="ParticlesQueueThreshold" value="12"/>
      <Property name="Type" value="spout"/>
    </Properties>
  </Object>
  <Object name="Spout2">
    <AbsoluteLocation value="26.447321 38.263123"/>
    <Properties>
      <Property name="Angle" value="220.262"/>
      <Property name="ConnectedSpout0" value="SWAMPY_SPOUT"/>
      <Property name="ConnectedSpoutProbability0" value="1"/>
      <Property name="Filename" value="/Objects/broken_pipe_allie.hs"/>
      <Property name="Type" value="spout"/>
    </Properties>
  </Object>
  <Object name="Object3">
    <AbsoluteLocation value="14.477028 32.749474"/>
    <Properties>
      <Property name="Angle" value="0"/>
      <Property name="Filename" value="/Objects/wall_24x8_pivot.hs"/>
      <Property name="PathPos0" value="0 0"/>
      <Property name="PathPos1" value="-7 0"/>
    </Properties>
  </Object>
  <Object name="Object4">
    <AbsoluteLocation value="1.699310 4.773829"/>
    <Properties>
      <Property name="Angle" value="179.969"/>
      <Property name="Filename" value="/Objects/wall_24x8_pivot_blue.hs"/>
      <Property name="PathPos0" value="0 0"/>
      <Property name="PathPos1" value="9 0"/>
    </Properties>
  </Object>
  <Object name="Ducky5">
    <AbsoluteLocation value="-26.095152 12.780605"/>
    <Properties>
      <Property name="Angle" value="0"/>
      <Property name="Filename" value="/Objects/star_steam_allie.hs"/>
      <Property name="StarType" value="allie"/>
      <Property name="Type" value="star"/>
    </Properties>
  </Object>
  <Object name="Ducky6">
    <AbsoluteLocation value="18.400000 -28.800003"/>
    <Properties>
      <Property name="Angle" value="0"/>
      <Property name="Filename" value="/Objects/star_steam_allie.hs"/>
      <Property name="StarType" value="allie"/>
      <Property name="Type" value="star"/>
    </Properties>
  </Object>
  <Object name="Switch8">
    <AbsoluteLocation value="28.091698 14.595917"/>
    <Properties>
      <Property name="Angle" value="158.814"/>
      <Property name="ConnectedObject0" value="Object3"/>
      <Property name="Filename" value="/Objects/switch.hs"/>
      <Property name="Type" value="switch"/>
    </Properties>
  </Object>
  <Object name="Switch9">
    <AbsoluteLocation value="18.000000 -7.200001"/>
    <Properties>
      <Property name="Angle" value="89.8813"/>
      <Property name="ConnectedObject0" value="Object4"/>
      <Property name="Filename" value="/Objects/switch_blue.hs"/>
      <Property name="Type" value="switch"/>
    </Properties>
  </Object>
  <Object name="Spout20">
    <AbsoluteLocation value="-15.758926 -4.772648"/>
    <Properties>
      <Property name="Angle" value="-359.901"/>
      <Property name="Filename" value="/Objects/shower_head.hs"/>
      <Property name="FluidType" value="Water"/>
      <Property name="NumberParticles" value="0"/>
      <Property name="ParticleSpeed" value="50"/>
      <Property name="Type" value="spout"/>
    </Properties>
  </Object>
  <Object name="Object18">
    <AbsoluteLocation value="9.376419 4.766318"/>
    <Properties>
      <Property name="Angle" value="0"/>
      <Property name="Filename" value="/Objects/path_locking_end_right.hs"/>
    </Properties>
  </Object>
  <Object name="Object19">
    <AbsoluteLocation value="4.439001 4.773074"/>
    <Properties>
      <Property name="Angle" value="0"/>
      <Property name="Filename" value="/Objects/path_locking_mid.hs"/>
    </Properties>
  </Object>
  <Object name="Object20">
    <AbsoluteLocation value="13.114114 32.786301"/>
    <Properties>
      <Property name="Angle" value="0"/>
      <Property name="Filename" value="/Objects/path_locking_mid.hs"/>
    </Properties>
  </Object>
  <Object name="Ducky22">
    <AbsoluteLocation value="1.600000 12.400001"/>
    <Properties>
      <Property name="Angle" value="0"/>
      <Property name="Filename" value="/Objects/star_steam_allie.hs"/>
      <Property name="StarType" value="allie"/>
      <Property name="Type" value="star"/>
    </Properties>
  </Object>
  <Object name="Object23">
    <AbsoluteLocation value="8.191310 32.768265"/>
    <Properties>
      <Property name="Angle" value="0"/>
      <Property name="Filename" value="/Objects/path_locking_end.hs"/>
    </Properties>
  </Object>
  <Object name="Object24">
    <AbsoluteLocation value="2.688932 38.356632"/>
    <Properties>
      <Property name="Angle" value="-96.51"/>
      <Property name="Filename" value="/Objects/pipe_connector_90.hs"/>
    </Properties>
  </Object>
  <Object name="Object25">
    <AbsoluteLocation value="-3.730794 29.141890"/>
    <Properties>
      <Property name="Angle" value="186.847"/>
      <Property name="Filename" value="/Objects/pipe_connector_end.hs"/>
    </Properties>
  </Object>
  <Object name="Spout35">
    <AbsoluteLocation value="11.316330 -40.233421"/>
    <Properties>
      <Property name="Angle" value="31.4792"/>
      <Property name="ConnectedSpout0" value="Spout36"/>
      <Property name="ConnectedSpoutProbability0" value="1"/>
      <Property name="Filename" value="/Objects/basic_drain.hs"/>
      <Property name="ParticlesQueueThreshold" value="12"/>
      <Property name="Type" value="spout"/>
    </Properties>
  </Object>
  <Object name="Spout36">
    <AbsoluteLocation value="4.615685 -41.755749"/>
    <Properties>
      <Property name="Angle" value="-183.389"/>
      <Property name="Filename" value="/Objects/shower_head.hs"/>
      <Property name="FluidType" value="Water"/>
      <Property name="NumberParticles" value="0"/>
      <Property name="ParticleSpeed" value="50"/>
      <Property name="Type" value="spout"/>
    </Properties>
  </Object>
  <Object name="Object34">
    <AbsoluteLocation value="-18.785509 -7.167359"/>
    <Properties>
      <Property name="Angle" value="84.7015"/>
      <Property name="Filename" value="/Objects/pipe_straight_short.hs"/>
    </Properties>
  </Object>
  <Object name="Object35">
    <AbsoluteLocation value="-21.134716 -9.560026"/>
    <Properties>
      <Property name="Angle" value="-8.4143"/>
      <Property name="Filename" value="/Objects/pipe_straight_short.hs"/>
    </Properties>
  </Object>
  <Object name="Object43">
    <AbsoluteLocation value="-19.667694 -9.054122"/>
    <Properties>
      <Property name="Angle" value="-96.873"/>
      <Property name="Filename" value="/Objects/pipe_elbow_2.hs"/>
    </Properties>
  </Object>
  <Object name="Object46">
    <AbsoluteLocation value="-25.759916 3.352457"/>
    <Properties>
      <Property name="Angle" value="-45.3497"/>
      <Property name="Filename" value="/Objects/icicle_small.hs"/>
      <Property name="Type" value="icyhot"/>
    </Properties>
  </Object>
  <Object name="Object44">
    <AbsoluteLocation value="16.343811 39.480587"/>
    <Properties>
      <Property name="Angle" value="1.36106"/>
      <Property name="Filename" value="/Objects/pipe_straight.hs"/>
    </Properties>
  </Object>
  <Object name="Collectible37">
    <AbsoluteLocation value="10.031250 15.187500"/>
    <Properties>
      <Property name="Angle" value="0"/>
      <Property name="Filename" value="/Objects/z_collectible_allie_09.hs"/>
      <Property name="Type" value="collectible"/>
    </Properties>
  </Object>
  <Room>
    <AbsoluteLocation value="-17.199997 27.599998"/>
  </Room>
  <Properties>
    <Property name="ShowTopEdge" value="1"/>
  </Properties>
</Objects>
