<?xml version="1.0"?>
<Objects>
  <Object name="Object19">
    <AbsoluteLocation value="22.200909 10.358005"/>
    <Properties>
      <Property name="Angle" value="-90"/>
      <Property name="Filename" value="/Objects/pipe_straight_short.hs"/>
    </Properties>
  </Object>
  <Object name="Object22">
    <AbsoluteLocation value="11.288493 12.070328"/>
    <Properties>
      <Property name="Angle" value="-210.794"/>
      <Property name="Filename" value="/Objects/pipe_elbow_2.hs"/>
    </Properties>
  </Object>
  <Object name="Object15">
    <AbsoluteLocation value="17.677979 12.555376"/>
    <Properties>
      <Property name="Angle" value="55.0146"/>
      <Property name="Filename" value="/Objects/pipe_bend_2.hs"/>
    </Properties>
  </Object>
  <Object name="Object13">
    <AbsoluteLocation value="21.493170 11.980414"/>
    <Properties>
      <Property name="Angle" value="0"/>
      <Property name="Filename" value="/Objects/pipe_elbow_1.hs"/>
    </Properties>
  </Object>
  <Object name="Fan3">
    <AbsoluteLocation value="-0.096540 -42.893097"/>
    <Properties>
      <Property name="Angle" value="0"/>
      <Property name="Filename" value="/Objects/fan_16x8.hs"/>
      <Property name="Type" value="fan"/>
      <Property name="VacuumForce" value="80"/>
      <Property name="VacuumMaxD" value="80"/>
    </Properties>
  </Object>
  <Object name="Switch5">
    <AbsoluteLocation value="-27.875000 32.273926"/>
    <Properties>
      <Property name="Angle" value="180.313"/>
      <Property name="ConnectedObject0" value="Object7"/>
      <Property name="Filename" value="/Objects/switch_blue.hs"/>
      <Property name="Type" value="switch"/>
    </Properties>
  </Object>
  <Object name="Switch6">
    <AbsoluteLocation value="-28.796543 -43.693085"/>
    <Properties>
      <Property name="Angle" value="-41.5795"/>
      <Property name="ConnectedObject0" value="Fan3"/>
      <Property name="ConnectedObject1" value="Fan6"/>
      <Property name="Filename" value="/Objects/switch.hs"/>
      <Property name="Type" value="switch"/>
    </Properties>
  </Object>
  <Object name="Object7">
    <AbsoluteLocation value="9.017008 -36.591351"/>
    <Properties>
      <Property name="Angle" value="89.755"/>
      <Property name="Filename" value="/Objects/wall_24x8_pivot_blue.hs"/>
      <Property name="MotorOn" value="0"/>
      <Property name="MotorWaitTime" value="1"/>
      <Property name="MotorWaitTurn" value="70"/>
      <Property name="PathPos0" value="0 0"/>
      <Property name="PathPos1" value="0 0"/>
    </Properties>
  </Object>
  <Object name="Fan6">
    <AbsoluteLocation value="-24.043745 1.500000"/>
    <Properties>
      <Property name="Angle" value="0"/>
      <Property name="Filename" value="/Objects/fan_16x8.hs"/>
      <Property name="Type" value="fan"/>
      <Property name="VacuumMaxD" value="40"/>
    </Properties>
  </Object>
  <Object name="Spout8">
    <AbsoluteLocation value="22.279455 8.423928"/>
    <Properties>
      <Property name="Angle" value="180.819"/>
      <Property name="ConnectedSpout0" value="SWAMPY_SPOUT"/>
      <Property name="ConnectedSpoutProbability0" value="1"/>
      <Property name="Filename" value="/Objects/broken_pipe_allie.hs"/>
      <Property name="Type" value="spout"/>
    </Properties>
  </Object>
  <Object name="Ducky8">
    <AbsoluteLocation value="25.600000 -18.000000"/>
    <Properties>
      <Property name="Angle" value="0"/>
      <Property name="Filename" value="/Objects/star_steam_allie.hs"/>
      <Property name="StarType" value="allie"/>
      <Property name="Type" value="star"/>
    </Properties>
  </Object>
  <Object name="Ducky9">
    <AbsoluteLocation value="-1.200000 25.600000"/>
    <Properties>
      <Property name="Angle" value="0"/>
      <Property name="Filename" value="/Objects/star_steam_allie.hs"/>
      <Property name="StarType" value="allie"/>
      <Property name="Type" value="star"/>
    </Properties>
  </Object>
  <Object name="Ducky10">
    <AbsoluteLocation value="17.600000 -7.600000"/>
    <Properties>
      <Property name="Angle" value="0"/>
      <Property name="Filename" value="/Objects/star_steam_allie.hs"/>
      <Property name="StarType" value="allie"/>
      <Property name="Type" value="star"/>
    </Properties>
  </Object>
  <Object name="Object21">
    <AbsoluteLocation value="12.248322 14.918859"/>
    <Properties>
      <Property name="Angle" value="59.8276"/>
      <Property name="Filename" value="/Objects/pipe_connector_end.hs"/>
    </Properties>
  </Object>
  <Object name="Object20">
    <AbsoluteLocation value="12.805928 10.362327"/>
    <Properties>
      <Property name="Angle" value="-32.0048"/>
      <Property name="Filename" value="/Objects/pipe_straight_short.hs"/>
    </Properties>
  </Object>
  <Object name="Object17">
    <AbsoluteLocation value="14.795855 9.918465"/>
    <Properties>
      <Property name="Angle" value="-121.809"/>
      <Property name="Filename" value="/Objects/pipe_elbow_2.hs"/>
    </Properties>
  </Object>
  <Object name="Object12">
    <AbsoluteLocation value="16.382616 11.205110"/>
    <Properties>
      <Property name="Angle" value="58.2526"/>
      <Property name="Filename" value="/Objects/pipe_straight_short.hs"/>
    </Properties>
  </Object>
  <Object name="Object23">
    <AbsoluteLocation value="19.196043 12.690254"/>
    <Properties>
      <Property name="Angle" value="0.0490244"/>
      <Property name="Filename" value="/Objects/pipe_straight_short.hs"/>
    </Properties>
  </Object>
  <Room>
    <AbsoluteLocation value="18.000002 27.599998"/>
  </Room>
</Objects>
