<?xml version="1.0"?>
<Objects>
  <Object name="Object57">
    <AbsoluteLocation value="-24.625000 -25.203125"/>
    <Properties>
      <Property name="Angle" value="91.1593"/>
      <Property name="Filename" value="/Objects/pipe_straight_short.hs"/>
      <Property name="Parent" value="Object26"/>
    </Properties>
  </Object>
  <Object name="Object60">
    <AbsoluteLocation value="-6.604210 40.473495"/>
    <Properties>
      <Property name="Angle" value="22.8794"/>
      <Property name="Filename" value="/Objects/pipe_straight_short.hs"/>
    </Properties>
  </Object>
  <Object name="Object54">
    <AbsoluteLocation value="9.571744 43.908768"/>
    <Properties>
      <Property name="Angle" value="10.4139"/>
      <Property name="Filename" value="/Objects/pipe_straight_long.hs"/>
    </Properties>
  </Object>
  <Object name="Object56">
    <AbsoluteLocation value="14.380455 44.130978"/>
    <Properties>
      <Property name="Angle" value="10.0941"/>
      <Property name="Filename" value="/Objects/pipe_elbow_1.hs"/>
    </Properties>
  </Object>
  <Object name="Object55">
    <AbsoluteLocation value="0.281250 34.406250"/>
    <Properties>
      <Property name="Angle" value="-172.622"/>
      <Property name="Filename" value="/Objects/pipe_bend_1.hs"/>
    </Properties>
  </Object>
  <Object name="Object52">
    <AbsoluteLocation value="-3.656250 40.875000"/>
    <Properties>
      <Property name="Angle" value="18.5301"/>
      <Property name="Filename" value="/Objects/pipe_elbow_1.hs"/>
    </Properties>
  </Object>
  <Object name="Object49">
    <AbsoluteLocation value="4.784897 38.465710"/>
    <Properties>
      <Property name="Angle" value="-85.0261"/>
      <Property name="Filename" value="/Objects/pipe_straight_short.hs"/>
    </Properties>
  </Object>
  <Object name="Object35">
    <AbsoluteLocation value="0.656250 -31.593750"/>
    <Properties>
      <Property name="Angle" value="89.4953"/>
      <Property name="Filename" value="/Objects/pipe_straight_short.hs"/>
    </Properties>
  </Object>
  <Object name="Object43">
    <AbsoluteLocation value="24.306252 -29.156250"/>
    <Properties>
      <Property name="Angle" value="0"/>
      <Property name="Filename" value="/Objects/pipe_straight_long.hs"/>
    </Properties>
  </Object>
  <Object name="Object42">
    <AbsoluteLocation value="14.781250 -29.156250"/>
    <Properties>
      <Property name="Angle" value="0"/>
      <Property name="Filename" value="/Objects/pipe_straight_long.hs"/>
    </Properties>
  </Object>
  <Object name="Object41">
    <AbsoluteLocation value="5.250000 -29.156250"/>
    <Properties>
      <Property name="Angle" value="0"/>
      <Property name="Filename" value="/Objects/pipe_straight_long.hs"/>
    </Properties>
  </Object>
  <Object name="Object40">
    <AbsoluteLocation value="-4.281250 -29.156250"/>
    <Properties>
      <Property name="Angle" value="0"/>
      <Property name="Filename" value="/Objects/pipe_straight_long.hs"/>
    </Properties>
  </Object>
  <Object name="Object39">
    <AbsoluteLocation value="-13.812500 -29.156250"/>
    <Properties>
      <Property name="Angle" value="0"/>
      <Property name="Filename" value="/Objects/pipe_straight_long.hs"/>
    </Properties>
  </Object>
  <Object name="Object38">
    <AbsoluteLocation value="-23.343750 -29.156250"/>
    <Properties>
      <Property name="Angle" value="0"/>
      <Property name="Filename" value="/Objects/pipe_straight_long.hs"/>
    </Properties>
  </Object>
  <Object name="Object30">
    <AbsoluteLocation value="-29.250000 -29.156250"/>
    <Properties>
      <Property name="Angle" value="-181.388"/>
      <Property name="Filename" value="/Objects/pipe_into_wall_2.hs"/>
    </Properties>
  </Object>
  <Object name="Spout2">
    <AbsoluteLocation value="15.163017 41.121616"/>
    <Properties>
      <Property name="Angle" value="-180.056"/>
      <Property name="ConnectedSpout0" value="SWAMPY_SPOUT"/>
      <Property name="ConnectedSpoutProbability0" value="1"/>
      <Property name="Filename" value="/Objects/broken_pipe_allie.hs"/>
      <Property name="Type" value="spout"/>
    </Properties>
  </Object>
  <Object name="Object3">
    <AbsoluteLocation value="-8.995853 -2.521534"/>
    <Properties>
      <Property name="Angle" value="-44.9256"/>
      <Property name="Filename" value="/Objects/icicle_large.hs"/>
      <Property name="Type" value="icyhot"/>
    </Properties>
  </Object>
  <Object name="Object4">
    <AbsoluteLocation value="-5.472897 0.771534"/>
    <Properties>
      <Property name="Angle" value="-222.984"/>
      <Property name="Filename" value="/Objects/icicle_large.hs"/>
      <Property name="Type" value="icyhot"/>
    </Properties>
  </Object>
  <Object name="Object5">
    <AbsoluteLocation value="11.168734 7.853593"/>
    <Properties>
      <Property name="Angle" value="-311.707"/>
      <Property name="Filename" value="/Objects/icicle_large.hs"/>
      <Property name="Type" value="icyhot"/>
    </Properties>
  </Object>
  <Object name="Object6">
    <AbsoluteLocation value="7.092212 11.464877"/>
    <Properties>
      <Property name="Angle" value="-132.4"/>
      <Property name="Filename" value="/Objects/icicle_large.hs"/>
      <Property name="Type" value="icyhot"/>
    </Properties>
  </Object>
  <Object name="Object7">
    <AbsoluteLocation value="-20.718750 -10.218750"/>
    <Properties>
      <Property name="Angle" value="45.0661"/>
      <Property name="Filename" value="/Objects/icicle_medium.hs"/>
      <Property name="Type" value="icyhot"/>
    </Properties>
  </Object>
  <Object name="Object8">
    <AbsoluteLocation value="-24.367918 -6.109118"/>
    <Properties>
      <Property name="Angle" value="-139.854"/>
      <Property name="Filename" value="/Objects/icicle_medium.hs"/>
      <Property name="Type" value="icyhot"/>
    </Properties>
  </Object>
  <Object name="Object11">
    <AbsoluteLocation value="-3.778912 23.902210"/>
    <Properties>
      <Property name="Angle" value="42.6258"/>
      <Property name="Filename" value="/Objects/icicle_medium.hs"/>
      <Property name="Type" value="icyhot"/>
    </Properties>
  </Object>
  <Object name="Object12">
    <AbsoluteLocation value="-17.846088 9.722790"/>
    <Properties>
      <Property name="Angle" value="-319.493"/>
      <Property name="Filename" value="/Objects/icicle_medium.hs"/>
      <Property name="Type" value="icyhot"/>
    </Properties>
  </Object>
  <Object name="Object13">
    <AbsoluteLocation value="29.370853 8.021534"/>
    <Properties>
      <Property name="Angle" value="-449.569"/>
      <Property name="Filename" value="/Objects/icicle_large.hs"/>
      <Property name="Type" value="icyhot"/>
    </Properties>
  </Object>
  <Object name="Object14">
    <AbsoluteLocation value="27.282757 24.682777"/>
    <Properties>
      <Property name="Angle" value="128.74"/>
      <Property name="Filename" value="/Objects/icicle_medium.hs"/>
      <Property name="Type" value="icyhot"/>
    </Properties>
  </Object>
  <Object name="Object15">
    <AbsoluteLocation value="23.092243 21.129723"/>
    <Properties>
      <Property name="Angle" value="-55.6199"/>
      <Property name="Filename" value="/Objects/icicle_medium.hs"/>
      <Property name="Type" value="icyhot"/>
    </Properties>
  </Object>
  <Object name="Object16">
    <AbsoluteLocation value="-29.910397 -8.072216"/>
    <Properties>
      <Property name="Angle" value="-628.522"/>
      <Property name="Filename" value="/Objects/icicle_large.hs"/>
      <Property name="Type" value="icyhot"/>
    </Properties>
  </Object>
  <Object name="Object17">
    <AbsoluteLocation value="27.437500 -6.343750"/>
    <Properties>
      <Property name="Angle" value="47.1409"/>
      <Property name="Filename" value="/Objects/icicle_medium.hs"/>
      <Property name="Type" value="icyhot"/>
    </Properties>
  </Object>
  <Object name="Object18">
    <AbsoluteLocation value="23.468750 -2.750000"/>
    <Properties>
      <Property name="Angle" value="-134.872"/>
      <Property name="Filename" value="/Objects/icicle_medium.hs"/>
      <Property name="Type" value="icyhot"/>
    </Properties>
  </Object>
  <Object name="Object19">
    <AbsoluteLocation value="7.139271 -11.866616"/>
    <Properties>
      <Property name="Angle" value="-45.2531"/>
      <Property name="Filename" value="/Objects/icicle_medium.hs"/>
      <Property name="Type" value="icyhot"/>
    </Properties>
  </Object>
  <Object name="Object20">
    <AbsoluteLocation value="10.891978 -8.227134"/>
    <Properties>
      <Property name="Angle" value="136.068"/>
      <Property name="Filename" value="/Objects/icicle_medium.hs"/>
      <Property name="Type" value="icyhot"/>
    </Properties>
  </Object>
  <Object name="Ducky21">
    <AbsoluteLocation value="3.093750 -0.843750"/>
    <Properties>
      <Property name="Angle" value="0"/>
      <Property name="Filename" value="/Objects/star_steam_allie.hs"/>
      <Property name="StarType" value="allie"/>
      <Property name="Type" value="star"/>
    </Properties>
  </Object>
  <Object name="Ducky22">
    <AbsoluteLocation value="-7.200000 11.200000"/>
    <Properties>
      <Property name="Angle" value="0"/>
      <Property name="Filename" value="/Objects/star_steam_allie.hs"/>
      <Property name="StarType" value="allie"/>
      <Property name="Type" value="star"/>
    </Properties>
  </Object>
  <Object name="Ducky23">
    <AbsoluteLocation value="21.600000 10.000000"/>
    <Properties>
      <Property name="Angle" value="0"/>
      <Property name="Filename" value="/Objects/star_steam_allie.hs"/>
      <Property name="StarType" value="allie"/>
      <Property name="Type" value="star"/>
    </Properties>
  </Object>
  <Object name="Spout27">
    <AbsoluteLocation value="0.562500 -35.343750"/>
    <Properties>
      <Property name="Angle" value="-179.884"/>
      <Property name="ConnectedSpout0" value="Spout25"/>
      <Property name="ConnectedSpoutProbability0" value="1"/>
      <Property name="Filename" value="/Objects/basic_drain.hs"/>
      <Property name="Type" value="spout"/>
    </Properties>
  </Object>
  <Object name="Object36">
    <AbsoluteLocation value="1.359375 -29.203125"/>
    <Properties>
      <Property name="Angle" value="-91.6043"/>
      <Property name="Filename" value="/Objects/pipe_spout_base.hs"/>
    </Properties>
  </Object>
  <Object name="Object37">
    <AbsoluteLocation value="0.015625 -29.171875"/>
    <Properties>
      <Property name="Angle" value="-269.432"/>
      <Property name="Filename" value="/Objects/pipe_spout_base.hs"/>
    </Properties>
  </Object>
  <Object name="Object48">
    <AbsoluteLocation value="5.691947 42.291885"/>
    <Properties>
      <Property name="Angle" value="-85.6486"/>
      <Property name="Filename" value="/Objects/pipe_connector_90.hs"/>
    </Properties>
  </Object>
  <Object name="Object53">
    <AbsoluteLocation value="-0.968750 36.031250"/>
    <Properties>
      <Property name="Angle" value="-61.9993"/>
      <Property name="Filename" value="/Objects/pipe_straight_short.hs"/>
    </Properties>
  </Object>
  <Object name="Object58">
    <AbsoluteLocation value="9.082833 24.408752"/>
    <Properties>
      <Property name="Angle" value="-92.6201"/>
      <Property name="Filename" value="/Objects/icicle_medium.hs"/>
      <Property name="Type" value="icyhot"/>
    </Properties>
  </Object>
  <Object name="Object59">
    <AbsoluteLocation value="13.385917 24.372498"/>
    <Properties>
      <Property name="Angle" value="87.3091"/>
      <Property name="Filename" value="/Objects/icicle_medium.hs"/>
      <Property name="Type" value="icyhot"/>
    </Properties>
  </Object>
  <Object name="Object47">
    <AbsoluteLocation value="-8.970819 39.295841"/>
    <Properties>
      <Property name="Angle" value="-149.955"/>
      <Property name="Filename" value="/Objects/pipe_connector_end.hs"/>
    </Properties>
  </Object>
  <Object name="Object51">
    <AbsoluteLocation value="-2.125000 38.593750"/>
    <Properties>
      <Property name="Angle" value="-70.0642"/>
      <Property name="Filename" value="/Objects/pipe_straight_short.hs"/>
    </Properties>
  </Object>
  <Object name="Object31">
    <AbsoluteLocation value="29.718750 -29.156250"/>
    <Properties>
      <Property name="Angle" value="0.114976"/>
      <Property name="Filename" value="/Objects/pipe_into_wall_1.hs"/>
    </Properties>
  </Object>
  <Object name="Object26">
    <AbsoluteLocation value="-24.656250 -29.062500"/>
    <Properties>
      <Property name="Angle" value="0"/>
      <Property name="Filename" value="/Objects/wall_8x8.hs"/>
      <Property name="MotorMoveSpeed" value="7"/>
      <Property name="MotorOn" value="1"/>
      <Property name="MotorPingPong" value="1"/>
      <Property name="PathPos0" value="0 0"/>
      <Property name="PathPos1" value="65 0"/>
    </Properties>
  </Object>
  <Object name="Spout25">
    <AbsoluteLocation value="-24.609375 -20.015625"/>
    <Properties>
      <Property name="Angle" value="90.4767"/>
      <Property name="Filename" value="/Objects/touch_spout_generic.hs"/>
      <Property name="FluidType" value="Water"/>
      <Property name="Parent" value="Object26"/>
      <Property name="Type" value="spout"/>
    </Properties>
  </Object>
  <Object name="Object50">
    <AbsoluteLocation value="2.958387 35.296799"/>
    <Properties>
      <Property name="Angle" value="76.4927"/>
      <Property name="Filename" value="/Objects/pipe_connector_90.hs"/>
    </Properties>
  </Object>
  <Room>
    <AbsoluteLocation value="-18.799997 29.199997"/>
  </Room>
  <Properties>
    <Property name="ShowTopEdge" value="1"/>
  </Properties>
</Objects>
