<?xml version="1.0"?>
<Objects>
  <Object name="Object84">
    <AbsoluteLocation value="-0.221885 34.290161"/>
    <Properties>
      <Property name="Angle" value="-51.9963"/>
      <Property name="Filename" value="/Objects/pipe_straight_short.hs"/>
    </Properties>
  </Object>
  <Object name="Object78">
    <AbsoluteLocation value="0.378777 32.943729"/>
    <Properties>
      <Property name="Angle" value="-52.4453"/>
      <Property name="Filename" value="/Objects/pipe_bend_2.hs"/>
    </Properties>
  </Object>
  <Object name="Object83">
    <AbsoluteLocation value="-0.489970 27.596472"/>
    <Properties>
      <Property name="Angle" value="120.997"/>
      <Property name="Filename" value="/Objects/pipe_bend_1.hs"/>
    </Properties>
  </Object>
  <Object name="Object76">
    <AbsoluteLocation value="-0.333615 28.892717"/>
    <Properties>
      <Property name="Angle" value="-102.877"/>
      <Property name="Filename" value="/Objects/pipe_straight_short.hs"/>
    </Properties>
  </Object>
  <Object name="Object73">
    <AbsoluteLocation value="-1.641428 34.954060"/>
    <Properties>
      <Property name="Angle" value="38.4893"/>
      <Property name="Filename" value="/Objects/pipe_elbow_1.hs"/>
    </Properties>
  </Object>
  <Object name="Object77">
    <AbsoluteLocation value="-8.866833 25.437340"/>
    <Properties>
      <Property name="Angle" value="142.688"/>
      <Property name="Filename" value="/Objects/pipe_bend_2.hs"/>
    </Properties>
  </Object>
  <Object name="Object75">
    <AbsoluteLocation value="-7.600364 23.618452"/>
    <Properties>
      <Property name="Angle" value="-36.186"/>
      <Property name="Filename" value="/Objects/pipe_bend_1.hs"/>
    </Properties>
  </Object>
  <Object name="Object95">
    <AbsoluteLocation value="-8.661090 26.503014"/>
    <Properties>
      <Property name="Angle" value="90.2622"/>
      <Property name="Filename" value="/Objects/pipe_bend_2.hs"/>
    </Properties>
  </Object>
  <Object name="Object92">
    <AbsoluteLocation value="-30.078480 30.667002"/>
    <Properties>
      <Property name="Angle" value="127.53"/>
      <Property name="Filename" value="/Objects/pipe_bend_2.hs"/>
    </Properties>
  </Object>
  <Object name="Object94">
    <AbsoluteLocation value="-29.629051 35.037712"/>
    <Properties>
      <Property name="Angle" value="84.6579"/>
      <Property name="Filename" value="/Objects/pipe_straight_short.hs"/>
    </Properties>
  </Object>
  <Object name="Object93">
    <AbsoluteLocation value="-28.899067 28.501144"/>
    <Properties>
      <Property name="Angle" value="125.891"/>
      <Property name="Filename" value="/Objects/pipe_straight_short.hs"/>
    </Properties>
  </Object>
  <Object name="Object91">
    <AbsoluteLocation value="-7.974762 9.412744"/>
    <Properties>
      <Property name="Angle" value="92.924"/>
      <Property name="Filename" value="/Objects/pipe_bend_1.hs"/>
    </Properties>
  </Object>
  <Object name="Object90">
    <AbsoluteLocation value="-24.866110 37.009060"/>
    <Properties>
      <Property name="Angle" value="-0.582667"/>
      <Property name="Filename" value="/Objects/pipe_straight.hs"/>
    </Properties>
  </Object>
  <Object name="Object71">
    <AbsoluteLocation value="9.980650 19.461962"/>
    <Properties>
      <Property name="Angle" value="-93.5282"/>
      <Property name="Filename" value="/Objects/pipe_bend_1.hs"/>
    </Properties>
  </Object>
  <Object name="Object67">
    <AbsoluteLocation value="6.440541 20.377140"/>
    <Properties>
      <Property name="Angle" value="-45.0687"/>
      <Property name="Filename" value="/Objects/pipe_straight_short.hs"/>
    </Properties>
  </Object>
  <Object name="Object66">
    <AbsoluteLocation value="7.930231 23.324158"/>
    <Properties>
      <Property name="Angle" value="174.424"/>
      <Property name="Filename" value="/Objects/pipe_elbow_1.hs"/>
    </Properties>
  </Object>
  <Object name="Object59">
    <AbsoluteLocation value="-0.954351 -13.819329"/>
    <Properties>
      <Property name="Angle" value="1.61038"/>
      <Property name="Filename" value="/Objects/pipe_elbow_1.hs"/>
    </Properties>
  </Object>
  <Object name="Object16">
    <AbsoluteLocation value="8.918989 32.228401"/>
    <Properties>
      <Property name="Angle" value="-52.5225"/>
      <Property name="Filename" value="/Objects/pipe_bend_1.hs"/>
    </Properties>
  </Object>
  <Object name="Object54">
    <AbsoluteLocation value="-3.077069 -13.129787"/>
    <Properties>
      <Property name="Angle" value="-0.481513"/>
      <Property name="Filename" value="/Objects/pipe_straight_short.hs"/>
    </Properties>
  </Object>
  <Object name="Object24">
    <AbsoluteLocation value="-20.530016 36.334969"/>
    <Properties>
      <Property name="Angle" value="1.16668"/>
      <Property name="Filename" value="/Objects/pipe_elbow_1.hs"/>
    </Properties>
  </Object>
  <Object name="Object20">
    <AbsoluteLocation value="-7.739014 27.580133"/>
    <Properties>
      <Property name="Angle" value="42.9373"/>
      <Property name="Filename" value="/Objects/pipe_into_wall_1.hs"/>
    </Properties>
  </Object>
  <Object name="Object14">
    <AbsoluteLocation value="8.228838 34.631496"/>
    <Properties>
      <Property name="Angle" value="132.058"/>
      <Property name="Filename" value="/Objects/pipe_elbow_1.hs"/>
    </Properties>
  </Object>
  <Object name="Object11">
    <AbsoluteLocation value="26.788061 -36.160515"/>
    <Properties>
      <Property name="Angle" value="85.7301"/>
      <Property name="Filename" value="/Objects/pipe_straight_long.hs"/>
    </Properties>
  </Object>
  <Object name="Spout2">
    <AbsoluteLocation value="-20.031397 33.426701"/>
    <Properties>
      <Property name="Angle" value="-177.764"/>
      <Property name="ConnectedSpout0" value="SWAMPY_SPOUT"/>
      <Property name="ConnectedSpoutProbability0" value="1"/>
      <Property name="Filename" value="/Objects/broken_pipe_allie.hs"/>
      <Property name="Type" value="spout"/>
    </Properties>
  </Object>
  <Object name="Spout4">
    <AbsoluteLocation value="26.939753 -30.533024"/>
    <Properties>
      <Property name="Angle" value="93.6452"/>
      <Property name="Filename" value="/Objects/shower_head.hs"/>
      <Property name="FluidType" value="Steam"/>
      <Property name="ParticleSpeed" value="20"/>
      <Property name="ParticlesPerSecond" value="2"/>
      <Property name="Type" value="spout"/>
    </Properties>
  </Object>
  <Object name="Ducky7">
    <AbsoluteLocation value="6.800000 10.400001"/>
    <Properties>
      <Property name="Angle" value="0"/>
      <Property name="Filename" value="/Objects/star_steam_allie.hs"/>
      <Property name="StarType" value="allie"/>
      <Property name="Type" value="star"/>
    </Properties>
  </Object>
  <Object name="Ducky8">
    <AbsoluteLocation value="17.588207 23.429462"/>
    <Properties>
      <Property name="Angle" value="0"/>
      <Property name="Filename" value="/Objects/star_steam_allie.hs"/>
      <Property name="StarType" value="allie"/>
      <Property name="Type" value="star"/>
    </Properties>
  </Object>
  <Object name="Ducky9">
    <AbsoluteLocation value="-8.640533 34.607101"/>
    <Properties>
      <Property name="Angle" value="0"/>
      <Property name="Filename" value="/Objects/star_steam_allie.hs"/>
      <Property name="StarType" value="allie"/>
      <Property name="Type" value="star"/>
    </Properties>
  </Object>
  <Object name="Spout10">
    <AbsoluteLocation value="10.423191 37.121212"/>
    <Properties>
      <Property name="Angle" value="-56.1459"/>
      <Property name="ConnectedSpout0" value="Spout5"/>
      <Property name="ConnectedSpoutProbability0" value="1"/>
      <Property name="Filename" value="/Objects/basic_drain.hs"/>
      <Property name="Type" value="spout"/>
    </Properties>
  </Object>
  <Object name="Object12">
    <AbsoluteLocation value="27.131594 -45.458580"/>
    <Properties>
      <Property name="Angle" value="98.2766"/>
      <Property name="Filename" value="/Objects/pipe_straight_long.hs"/>
    </Properties>
  </Object>
  <Object name="Object19">
    <AbsoluteLocation value="4.800570 21.985592"/>
    <Properties>
      <Property name="Angle" value="-223.789"/>
      <Property name="Filename" value="/Objects/pipe_into_wall_2.hs"/>
    </Properties>
  </Object>
  <Object name="Object21">
    <AbsoluteLocation value="0.192690 25.759567"/>
    <Properties>
      <Property name="Angle" value="-57.2902"/>
      <Property name="Filename" value="/Objects/pipe_into_wall_1.hs"/>
    </Properties>
  </Object>
  <Object name="Object32">
    <AbsoluteLocation value="-8.133666 2.616954"/>
    <Properties>
      <Property name="Angle" value="-89.9383"/>
      <Property name="Filename" value="/Objects/pipe_straight_long.hs"/>
    </Properties>
  </Object>
  <Object name="Object33">
    <AbsoluteLocation value="-8.079341 -6.542542"/>
    <Properties>
      <Property name="Angle" value="-89.4296"/>
      <Property name="Filename" value="/Objects/pipe_straight_long.hs"/>
    </Properties>
  </Object>
  <Object name="Object34">
    <AbsoluteLocation value="-7.399720 -12.247052"/>
    <Properties>
      <Property name="Angle" value="-181.641"/>
      <Property name="Filename" value="/Objects/pipe_elbow_2.hs"/>
    </Properties>
  </Object>
  <Object name="Object35">
    <AbsoluteLocation value="-4.922356 -13.036227"/>
    <Properties>
      <Property name="Angle" value="-3.10742"/>
      <Property name="Filename" value="/Objects/pipe_straight_short.hs"/>
    </Properties>
  </Object>
  <Object name="Object39">
    <AbsoluteLocation value="-19.988310 21.315676"/>
    <Properties>
      <Property name="Angle" value="0.502067"/>
      <Property name="Filename" value="/Objects/path_vertical_locking_end_top.hs"/>
    </Properties>
  </Object>
  <Object name="Object40">
    <AbsoluteLocation value="-20.065212 -37.269226"/>
    <Properties>
      <Property name="Angle" value="-0.158508"/>
      <Property name="Filename" value="/Objects/path_vertical_locking_end_bottom.hs"/>
    </Properties>
  </Object>
  <Object name="Object41">
    <AbsoluteLocation value="-20.055811 -32.443432"/>
    <Properties>
      <Property name="Angle" value="89.8898"/>
      <Property name="Filename" value="/Objects/path_locking_mid.hs"/>
    </Properties>
  </Object>
  <Object name="Object42">
    <AbsoluteLocation value="-20.046412 -27.556240"/>
    <Properties>
      <Property name="Angle" value="89.8898"/>
      <Property name="Filename" value="/Objects/path_locking_mid.hs"/>
    </Properties>
  </Object>
  <Object name="Object43">
    <AbsoluteLocation value="-20.037014 -22.669048"/>
    <Properties>
      <Property name="Angle" value="89.8898"/>
      <Property name="Filename" value="/Objects/path_locking_mid.hs"/>
    </Properties>
  </Object>
  <Object name="Object44">
    <AbsoluteLocation value="-20.027615 -17.781858"/>
    <Properties>
      <Property name="Angle" value="89.8898"/>
      <Property name="Filename" value="/Objects/path_locking_mid.hs"/>
    </Properties>
  </Object>
  <Object name="Object45">
    <AbsoluteLocation value="-20.018217 -12.894669"/>
    <Properties>
      <Property name="Angle" value="89.8898"/>
      <Property name="Filename" value="/Objects/path_locking_mid.hs"/>
    </Properties>
  </Object>
  <Object name="Object46">
    <AbsoluteLocation value="-20.008820 -8.007475"/>
    <Properties>
      <Property name="Angle" value="89.8898"/>
      <Property name="Filename" value="/Objects/path_locking_mid.hs"/>
    </Properties>
  </Object>
  <Object name="Object47">
    <AbsoluteLocation value="-19.999420 -3.120285"/>
    <Properties>
      <Property name="Angle" value="89.8898"/>
      <Property name="Filename" value="/Objects/path_locking_mid.hs"/>
    </Properties>
  </Object>
  <Object name="Object48">
    <AbsoluteLocation value="-19.990023 1.766907"/>
    <Properties>
      <Property name="Angle" value="89.8898"/>
      <Property name="Filename" value="/Objects/path_locking_mid.hs"/>
    </Properties>
  </Object>
  <Object name="Object49">
    <AbsoluteLocation value="-19.980623 6.654099"/>
    <Properties>
      <Property name="Angle" value="89.8898"/>
      <Property name="Filename" value="/Objects/path_locking_mid.hs"/>
    </Properties>
  </Object>
  <Object name="Object50">
    <AbsoluteLocation value="-19.971226 11.541286"/>
    <Properties>
      <Property name="Angle" value="89.8898"/>
      <Property name="Filename" value="/Objects/path_locking_mid.hs"/>
    </Properties>
  </Object>
  <Object name="Object51">
    <AbsoluteLocation value="-19.961828 16.428482"/>
    <Properties>
      <Property name="Angle" value="89.8898"/>
      <Property name="Filename" value="/Objects/path_locking_mid.hs"/>
    </Properties>
  </Object>
  <Object name="Spout5">
    <AbsoluteLocation value="-8.114487 21.242699"/>
    <Properties>
      <Property name="Angle" value="243.6"/>
      <Property name="Blockable" value="1"/>
      <Property name="ConnectedConverter" value="FluidConverter11"/>
      <Property name="Filename" value="/Objects/shower_head.hs"/>
      <Property name="FluidType" value="Water"/>
      <Property name="NumberParticles" value="0"/>
      <Property name="Type" value="spout"/>
    </Properties>
  </Object>
  <Object name="Object3">
    <AbsoluteLocation value="-20.017265 -38.345032"/>
    <Properties>
      <Property name="Angle" value="0"/>
      <Property name="Filename" value="/Objects/wall_24x8.hs"/>
      <Property name="MotorMoveSpeed" value="1.5"/>
      <Property name="PathPos0" value="0 0"/>
      <Property name="PathPos1" value="0 78"/>
    </Properties>
  </Object>
  <Object name="Switch50">
    <AbsoluteLocation value="29.652388 -9.729130"/>
    <Properties>
      <Property name="Angle" value="142.426"/>
      <Property name="ConnectedObject0" value="Object3"/>
      <Property name="Filename" value="/Objects/switch.hs"/>
      <Property name="Parent" value="Object52"/>
      <Property name="Type" value="switch"/>
    </Properties>
  </Object>
  <Object name="Object53">
    <AbsoluteLocation value="26.400002 -21.200003"/>
    <Properties>
      <Property name="Angle" value="90"/>
      <Property name="Filename" value="/Objects/wall_8x8_locking.hs"/>
      <Property name="PathPos0" value="0 0"/>
      <Property name="PathPos1" value="-7 0"/>
    </Properties>
  </Object>
  <Object name="Object55">
    <AbsoluteLocation value="20.379959 -21.218918"/>
    <Properties>
      <Property name="Angle" value="0"/>
      <Property name="Filename" value="/Objects/path_locking_end.hs"/>
    </Properties>
  </Object>
  <Object name="Object56">
    <AbsoluteLocation value="25.331173 -21.218916"/>
    <Properties>
      <Property name="Angle" value="0"/>
      <Property name="Filename" value="/Objects/path_locking_end_right.hs"/>
    </Properties>
  </Object>
  <Object name="Object58">
    <AbsoluteLocation value="0.129320 -16.037233"/>
    <Properties>
      <Property name="Angle" value="-72.4529"/>
      <Property name="Filename" value="/Objects/pipe_connector_end.hs"/>
    </Properties>
  </Object>
  <Object name="Object60">
    <AbsoluteLocation value="8.926670 31.427919"/>
    <Properties>
      <Property name="Angle" value="-10.9427"/>
      <Property name="Filename" value="/Objects/pipe_spout_base.hs"/>
    </Properties>
  </Object>
  <Object name="Object61">
    <AbsoluteLocation value="7.504295 24.581177"/>
    <Properties>
      <Property name="Angle" value="169.189"/>
      <Property name="Filename" value="/Objects/pipe_spout_base.hs"/>
    </Properties>
  </Object>
  <Object name="FluidConverter11">
    <AbsoluteLocation value="8.323556 28.023613"/>
    <Properties>
      <Property name="Angle" value="-11.033"/>
      <Property name="Filename" value="/Objects/converter_static_murky.hs"/>
      <Property name="FluidType" value="contaminatedwater"/>
      <Property name="Type" value="fluidconverter"/>
    </Properties>
  </Object>
  <Object name="Switch54">
    <AbsoluteLocation value="4.769100 43.040806"/>
    <Properties>
      <Property name="Angle" value="134.045"/>
      <Property name="ConnectedObject0" value="Object62"/>
      <Property name="Filename" value="/Objects/switch_blue.hs"/>
      <Property name="Type" value="switch"/>
    </Properties>
  </Object>
  <Object name="Object62">
    <AbsoluteLocation value="31.459743 31.681435"/>
    <Properties>
      <Property name="Angle" value="-134.848"/>
      <Property name="Filename" value="/Objects/wall_16x8_blue.hs"/>
      <Property name="MotorMoveSpeed" value="4"/>
      <Property name="PathPos0" value="0 0"/>
      <Property name="PathPos1" value="3 3"/>
    </Properties>
  </Object>
  <Object name="Object63">
    <AbsoluteLocation value="34.108353 33.970394"/>
    <Properties>
      <Property name="Angle" value="-45.3193"/>
      <Property name="Filename" value="/Objects/path_vertical_locking_end_top.hs"/>
    </Properties>
  </Object>
  <Object name="Object64">
    <AbsoluteLocation value="30.624640 30.525303"/>
    <Properties>
      <Property name="Angle" value="-45.3193"/>
      <Property name="Filename" value="/Objects/path_vertical_locking_end_bottom.hs"/>
    </Properties>
  </Object>
  <Object name="Object68">
    <AbsoluteLocation value="9.852091 21.799025"/>
    <Properties>
      <Property name="Angle" value="-4.45556"/>
      <Property name="Filename" value="/Objects/pipe_elbow_2.hs"/>
    </Properties>
  </Object>
  <Object name="Object72">
    <AbsoluteLocation value="-3.139222 34.350266"/>
    <Properties>
      <Property name="Angle" value="-131.739"/>
      <Property name="Filename" value="/Objects/pipe_into_wall_2.hs"/>
    </Properties>
  </Object>
  <Object name="Object74">
    <AbsoluteLocation value="8.728778 18.998386"/>
    <Properties>
      <Property name="Angle" value="-135.492"/>
      <Property name="Filename" value="/Objects/pipe_elbow_2.hs"/>
    </Properties>
  </Object>
  <Object name="Object81">
    <AbsoluteLocation value="-7.902910 10.858954"/>
    <Properties>
      <Property name="Angle" value="-37.2565"/>
      <Property name="Filename" value="/Objects/pipe_elbow_1.hs"/>
    </Properties>
  </Object>
  <Object name="Object22">
    <AbsoluteLocation value="-9.241876 12.659941"/>
    <Properties>
      <Property name="Angle" value="-213.284"/>
      <Property name="Filename" value="/Objects/pipe_into_wall_2.hs"/>
    </Properties>
  </Object>
  <Object name="Object82">
    <AbsoluteLocation value="-8.216165 7.310234"/>
    <Properties>
      <Property name="Angle" value="-87.185"/>
      <Property name="Filename" value="/Objects/pipe_straight_short.hs"/>
    </Properties>
  </Object>
  <Object name="Object85">
    <AbsoluteLocation value="-29.943686 32.570950"/>
    <Properties>
      <Property name="Angle" value="82.1537"/>
      <Property name="Filename" value="/Objects/pipe_straight_short.hs"/>
    </Properties>
  </Object>
  <Object name="Object87">
    <AbsoluteLocation value="-28.844320 36.459091"/>
    <Properties>
      <Property name="Angle" value="86.2959"/>
      <Property name="Filename" value="/Objects/pipe_elbow_1.hs"/>
    </Properties>
  </Object>
  <Object name="Object88">
    <AbsoluteLocation value="-27.425535 26.628704"/>
    <Properties>
      <Property name="Angle" value="-49.398"/>
      <Property name="Filename" value="/Objects/pipe_into_wall_2.hs"/>
    </Properties>
  </Object>
  <Object name="Object80">
    <AbsoluteLocation value="0.212976 31.428677"/>
    <Properties>
      <Property name="Angle" value="-101.545"/>
      <Property name="Filename" value="/Objects/pipe_straight_short.hs"/>
    </Properties>
  </Object>
  <Room>
    <AbsoluteLocation value="4.400003 -29.200005"/>
  </Room>
</Objects>
