<?xml version="1.0"?>
<Objects>
  <Object name="Object20">
    <AbsoluteLocation value="19.118212 41.367905"/>
    <Properties>
      <Property name="Angle" value="-47.9019"/>
      <Property name="Filename" value="/Objects/pipe_straight.hs"/>
    </Properties>
  </Object>
  <Object name="Object18">
    <AbsoluteLocation value="20.970030 34.822617"/>
    <Properties>
      <Property name="Angle" value="-98.5816"/>
      <Property name="Filename" value="/Objects/pipe_straight.hs"/>
    </Properties>
  </Object>
  <Object name="Object17">
    <AbsoluteLocation value="9.968750 -48.125000"/>
    <Properties>
      <Property name="Angle" value="90.0747"/>
      <Property name="Filename" value="/Objects/pipe_straight.hs"/>
    </Properties>
  </Object>
  <Object name="Object11">
    <AbsoluteLocation value="11.505383 41.614639"/>
    <Properties>
      <Property name="Angle" value="33.4461"/>
      <Property name="Filename" value="/Objects/pipe_straight.hs"/>
    </Properties>
  </Object>
  <Object name="Fan2">
    <AbsoluteLocation value="21.937500 -35.250000"/>
    <Properties>
      <Property name="Angle" value="106.897"/>
      <Property name="Filename" value="/Objects/fan_24x8.hs"/>
      <Property name="Type" value="fan"/>
      <Property name="VacuumOn" value="1"/>
    </Properties>
  </Object>
  <Object name="Fan3">
    <AbsoluteLocation value="-24.031250 -21.812500"/>
    <Properties>
      <Property name="Angle" value="-62.7366"/>
      <Property name="Filename" value="/Objects/fan_24x8.hs"/>
      <Property name="Type" value="fan"/>
      <Property name="VacuumOn" value="1"/>
    </Properties>
  </Object>
  <Object name="Spout4">
    <AbsoluteLocation value="20.906250 31.500000"/>
    <Properties>
      <Property name="Angle" value="-177.958"/>
      <Property name="ConnectedSpout0" value="SWAMPY_SPOUT"/>
      <Property name="ConnectedSpoutProbability0" value="1"/>
      <Property name="Filename" value="/Objects/broken_pipe_allie.hs"/>
      <Property name="Type" value="spout"/>
    </Properties>
  </Object>
  <Object name="Spout5">
    <AbsoluteLocation value="10.031250 -42.281250"/>
    <Properties>
      <Property name="Angle" value="90.5997"/>
      <Property name="Filename" value="/Objects/touch_spout_steam.hs"/>
      <Property name="FluidType" value="Steam"/>
      <Property name="Type" value="spout"/>
    </Properties>
  </Object>
  <Object name="Ducky7">
    <AbsoluteLocation value="-4.593750 -21.281250"/>
    <Properties>
      <Property name="Angle" value="0"/>
      <Property name="Filename" value="/Objects/star_steam_allie.hs"/>
      <Property name="StarType" value="allie"/>
      <Property name="Type" value="star"/>
    </Properties>
  </Object>
  <Object name="Ducky8">
    <AbsoluteLocation value="14.400002 10.400001"/>
    <Properties>
      <Property name="Angle" value="0"/>
      <Property name="Filename" value="/Objects/star_steam_allie.hs"/>
      <Property name="StarType" value="allie"/>
      <Property name="Type" value="star"/>
    </Properties>
  </Object>
  <Object name="Ducky9">
    <AbsoluteLocation value="-20.500000 -40.062500"/>
    <Properties>
      <Property name="Angle" value="0"/>
      <Property name="Filename" value="/Objects/star_steam_allie.hs"/>
      <Property name="StarType" value="allie"/>
      <Property name="Type" value="star"/>
    </Properties>
  </Object>
  <Object name="Object9">
    <AbsoluteLocation value="16.180870 43.240593"/>
    <Properties>
      <Property name="Angle" value="-143.056"/>
      <Property name="Filename" value="/Objects/pipe_connector_90.hs"/>
    </Properties>
  </Object>
  <Object name="Object16">
    <AbsoluteLocation value="8.766232 39.636101"/>
    <Properties>
      <Property name="Angle" value="-140.073"/>
      <Property name="Filename" value="/Objects/pipe_connector_end.hs"/>
    </Properties>
  </Object>
  <Object name="Object19">
    <AbsoluteLocation value="21.325302 38.404095"/>
    <Properties>
      <Property name="Angle" value="-49.4298"/>
      <Property name="Filename" value="/Objects/pipe_bend_2.hs"/>
    </Properties>
  </Object>
  <Room>
    <AbsoluteLocation value="-2.799998 31.599998"/>
  </Room>
  <Properties>
    <Property name="ShowTopEdge" value="1"/>
  </Properties>
</Objects>
