<?xml version="1.0"?>
<Objects>
  <Object name="Ducky3">
    <AbsoluteLocation value="-23.325974 15.051762"/>
    <Properties>
      <Property name="Angle" value="0"/>
      <Property name="Filename" value="/Objects/star_steam_allie.hs"/>
      <Property name="StarType" value="allie"/>
      <Property name="Type" value="star"/>
    </Properties>
  </Object>
  <Object name="Ducky4">
    <AbsoluteLocation value="26.236622 24.542969"/>
    <Properties>
      <Property name="Angle" value="0"/>
      <Property name="Filename" value="/Objects/star_steam_allie.hs"/>
      <Property name="StarType" value="allie"/>
      <Property name="Type" value="star"/>
    </Properties>
  </Object>
  <Object name="Ducky5">
    <AbsoluteLocation value="-8.158009 -31.377468"/>
    <Properties>
      <Property name="Angle" value="0"/>
      <Property name="Filename" value="/Objects/star_steam_allie.hs"/>
      <Property name="StarType" value="allie"/>
      <Property name="Type" value="star"/>
    </Properties>
  </Object>
  <Object name="WaterBalloon20">
    <AbsoluteLocation value="-8.816500 34.870903"/>
    <Properties>
      <Property name="Angle" value="-0.00164853"/>
      <Property name="Filename" value="/Objects/balloon.hs"/>
      <Property name="Type" value="waterballoon"/>
    </Properties>
  </Object>
  <Object name="WaterBalloon21">
    <AbsoluteLocation value="-10.244331 39.427002"/>
    <Properties>
      <Property name="Angle" value="0"/>
      <Property name="Filename" value="/Objects/balloon.hs"/>
      <Property name="Type" value="waterballoon"/>
    </Properties>
  </Object>
  <Object name="WaterBalloon22">
    <AbsoluteLocation value="3.411086 40.482487"/>
    <Properties>
      <Property name="Angle" value="0"/>
      <Property name="Filename" value="/Objects/balloon.hs"/>
      <Property name="Type" value="waterballoon"/>
    </Properties>
  </Object>
  <Object name="WaterBalloon23">
    <AbsoluteLocation value="1.443860 35.892670"/>
    <Properties>
      <Property name="Angle" value="0.00233137"/>
      <Property name="Filename" value="/Objects/balloon.hs"/>
      <Property name="Type" value="waterballoon"/>
    </Properties>
  </Object>
  <Object name="WaterBalloon24">
    <AbsoluteLocation value="-3.602259 35.547279"/>
    <Properties>
      <Property name="Angle" value="0"/>
      <Property name="Filename" value="/Objects/balloon.hs"/>
      <Property name="Type" value="waterballoon"/>
    </Properties>
  </Object>
  <Object name="WaterBalloon25">
    <AbsoluteLocation value="-5.025618 39.956581"/>
    <Properties>
      <Property name="Angle" value="0"/>
      <Property name="Filename" value="/Objects/balloon.hs"/>
      <Property name="Type" value="waterballoon"/>
    </Properties>
  </Object>
  <Object name="WaterBalloon26">
    <AbsoluteLocation value="-13.338101 35.697079"/>
    <Properties>
      <Property name="Angle" value="0"/>
      <Property name="Filename" value="/Objects/balloon.hs"/>
      <Property name="Type" value="waterballoon"/>
    </Properties>
  </Object>
  <Room>
    <AbsoluteLocation value="-1.000000 -1.000000"/>
  </Room>
  <Properties>
    <Property name="BonusLevel" value="1"/>
    <Property name="BonusTimer" value="65"/>
    <Property name="ShowTopEdge" value="1"/>
  </Properties>
</Objects>
