<?xml version="1.0"?>
<Objects>
  <Object name="Object43">
    <AbsoluteLocation value="1.276542 -17.778332"/>
    <Properties>
      <Property name="Angle" value="175.587"/>
      <Property name="Filename" value="/Objects/pipe_elbow_2.hs"/>
    </Properties>
  </Object>
  <Object name="Object54">
    <AbsoluteLocation value="-1.726740 24.481224"/>
    <Properties>
      <Property name="Angle" value="-94.1407"/>
      <Property name="Filename" value="/Objects/pipe_bend_1.hs"/>
    </Properties>
  </Object>
  <Object name="Object52">
    <AbsoluteLocation value="0.628455 20.618765"/>
    <Properties>
      <Property name="Angle" value="449.375"/>
      <Property name="Filename" value="/Objects/pipe_straight_short.hs"/>
    </Properties>
  </Object>
  <Object name="Object32">
    <AbsoluteLocation value="26.300970 -5.367474"/>
    <Properties>
      <Property name="Angle" value="316.996"/>
      <Property name="Filename" value="/Objects/pipe_straight_short.hs"/>
    </Properties>
  </Object>
  <Object name="Object25">
    <AbsoluteLocation value="1.418538 39.883076"/>
    <Properties>
      <Property name="Angle" value="90.5889"/>
      <Property name="Filename" value="/Objects/pipe_elbow_1.hs"/>
    </Properties>
  </Object>
  <Object name="Object14">
    <AbsoluteLocation value="-8.121832 18.822199"/>
    <Properties>
      <Property name="Angle" value="-94.1829"/>
      <Property name="Filename" value="/Objects/pipe_elbow_2.hs"/>
    </Properties>
  </Object>
  <Object name="Spout4">
    <AbsoluteLocation value="3.593914 40.089710"/>
    <Properties>
      <Property name="Angle" value="-101.621"/>
      <Property name="ConnectedSpout0" value="SWAMPY_SPOUT"/>
      <Property name="ConnectedSpoutProbability0" value="1"/>
      <Property name="Filename" value="/Objects/broken_pipe_allie.hs"/>
      <Property name="Type" value="spout"/>
    </Properties>
  </Object>
  <Object name="Fan4">
    <AbsoluteLocation value="-5.832657 30.822495"/>
    <Properties>
      <Property name="Angle" value="87.3747"/>
      <Property name="Filename" value="/Objects/fan_16x8.hs"/>
      <Property name="Type" value="fan"/>
      <Property name="VacuumForce" value="30"/>
      <Property name="VacuumMaxD" value="70"/>
    </Properties>
  </Object>
  <Object name="Switch7">
    <AbsoluteLocation value="-29.723303 -9.106602"/>
    <Properties>
      <Property name="Angle" value="-49.7234"/>
      <Property name="ConnectedObject0" value="Fan4"/>
      <Property name="Filename" value="/Objects/switch.hs"/>
      <Property name="Type" value="switch"/>
    </Properties>
  </Object>
  <Object name="Spout9">
    <AbsoluteLocation value="21.825489 -3.423512"/>
    <Properties>
      <Property name="Angle" value="166.82"/>
      <Property name="Filename" value="/Objects/touch_spout_steam.hs"/>
      <Property name="FluidType" value="Steam"/>
      <Property name="Type" value="spout"/>
    </Properties>
  </Object>
  <Object name="Spout10">
    <AbsoluteLocation value="-11.233913 18.733574"/>
    <Properties>
      <Property name="Angle" value="-193.959"/>
      <Property name="Filename" value="/Objects/shower_head.hs"/>
      <Property name="FluidType" value="Water"/>
      <Property name="ParticleSpeed" value="8"/>
      <Property name="ParticlesPerSecond" value="4"/>
      <Property name="Type" value="spout"/>
    </Properties>
  </Object>
  <Object name="Switch12">
    <AbsoluteLocation value="-5.912022 -27.030521"/>
    <Properties>
      <Property name="Angle" value="60.2257"/>
      <Property name="ConnectedObject0" value="Fan14"/>
      <Property name="Filename" value="/Objects/switch_fan2.hs"/>
      <Property name="Type" value="switch"/>
    </Properties>
  </Object>
  <Object name="Switch13">
    <AbsoluteLocation value="-20.558300 -35.885872"/>
    <Properties>
      <Property name="Angle" value="22.5201"/>
      <Property name="ConnectedObject0" value="Fan15"/>
      <Property name="Filename" value="/Objects/switch_blue.hs"/>
      <Property name="Type" value="switch"/>
    </Properties>
  </Object>
  <Object name="Fan14">
    <AbsoluteLocation value="28.582253 32.601219"/>
    <Properties>
      <Property name="Angle" value="76.9965"/>
      <Property name="Filename" value="/Objects/fan_16x8_gear2.hs"/>
      <Property name="Type" value="fan"/>
      <Property name="VacuumForce" value="50"/>
    </Properties>
  </Object>
  <Object name="Fan15">
    <AbsoluteLocation value="4.892498 -11.206520"/>
    <Properties>
      <Property name="Angle" value="-19.315"/>
      <Property name="Filename" value="/Objects/fan_16x8_gear3.hs"/>
      <Property name="Type" value="fan"/>
      <Property name="VacuumForce" value="80"/>
    </Properties>
  </Object>
  <Object name="Ducky11">
    <AbsoluteLocation value="21.375000 37.125000"/>
    <Properties>
      <Property name="Angle" value="0"/>
      <Property name="Filename" value="/Objects/star_steam_allie.hs"/>
      <Property name="StarType" value="allie"/>
      <Property name="Type" value="star"/>
    </Properties>
  </Object>
  <Object name="Ducky12">
    <AbsoluteLocation value="-9.074978 41.567966"/>
    <Properties>
      <Property name="Angle" value="0"/>
      <Property name="Filename" value="/Objects/star_steam_allie.hs"/>
      <Property name="StarType" value="allie"/>
      <Property name="Type" value="star"/>
    </Properties>
  </Object>
  <Object name="Ducky13">
    <AbsoluteLocation value="-28.093750 29.125000"/>
    <Properties>
      <Property name="Angle" value="0"/>
      <Property name="Filename" value="/Objects/star_steam_allie.hs"/>
      <Property name="StarType" value="allie"/>
      <Property name="Type" value="star"/>
    </Properties>
  </Object>
  <Object name="Object16">
    <AbsoluteLocation value="-6.984498 20.689709"/>
    <Properties>
      <Property name="Angle" value="86.5545"/>
      <Property name="Filename" value="/Objects/pipe_bend_2.hs"/>
    </Properties>
  </Object>
  <Object name="Object21">
    <AbsoluteLocation value="-3.715459 44.591667"/>
    <Properties>
      <Property name="Angle" value="89.103"/>
      <Property name="Filename" value="/Objects/pipe_straight_long.hs"/>
    </Properties>
  </Object>
  <Object name="Object22">
    <AbsoluteLocation value="-1.165148 34.017651"/>
    <Properties>
      <Property name="Angle" value="89.8325"/>
      <Property name="Filename" value="/Objects/pipe_straight.hs"/>
    </Properties>
  </Object>
  <Object name="Object23">
    <AbsoluteLocation value="-1.780163 37.141815"/>
    <Properties>
      <Property name="Angle" value="-0.935387"/>
      <Property name="Filename" value="/Objects/pipe_elbow_2.hs"/>
    </Properties>
  </Object>
  <Object name="Object24">
    <AbsoluteLocation value="-3.173538 38.532085"/>
    <Properties>
      <Property name="Angle" value="177.681"/>
      <Property name="Filename" value="/Objects/pipe_elbow_1.hs"/>
    </Properties>
  </Object>
  <Object name="Object26">
    <AbsoluteLocation value="30.509295 -0.658844"/>
    <Properties>
      <Property name="Angle" value="89.6675"/>
      <Property name="Filename" value="/Objects/pipe_straight_long.hs"/>
    </Properties>
  </Object>
  <Object name="Object27">
    <AbsoluteLocation value="28.844707 -6.817898"/>
    <Properties>
      <Property name="Angle" value="-132.869"/>
      <Property name="Filename" value="/Objects/pipe_elbow_2.hs"/>
    </Properties>
  </Object>
  <Object name="Object29">
    <AbsoluteLocation value="0.692212 30.009539"/>
    <Properties>
      <Property name="Angle" value="89.6598"/>
      <Property name="Filename" value="/Objects/pipe_straight.hs"/>
    </Properties>
  </Object>
  <Object name="Object31">
    <AbsoluteLocation value="0.607749 18.437214"/>
    <Properties>
      <Property name="Angle" value="-90.7328"/>
      <Property name="Filename" value="/Objects/pipe_into_wall_2.hs"/>
    </Properties>
  </Object>
  <Object name="Object44">
    <AbsoluteLocation value="0.730923 35.738899"/>
    <Properties>
      <Property name="Angle" value="89.8604"/>
      <Property name="Filename" value="/Objects/pipe_straight.hs"/>
    </Properties>
  </Object>
  <Object name="Object48">
    <AbsoluteLocation value="30.148375 -6.296402"/>
    <Properties>
      <Property name="Angle" value="-88.8624"/>
      <Property name="Filename" value="/Objects/pipe_bend_1.hs"/>
    </Properties>
  </Object>
  <Object name="Object49">
    <AbsoluteLocation value="30.609413 7.528450"/>
    <Properties>
      <Property name="Angle" value="89.1765"/>
      <Property name="Filename" value="/Objects/pipe_straight_long.hs"/>
    </Properties>
  </Object>
  <Object name="Object50">
    <AbsoluteLocation value="31.394011 13.492378"/>
    <Properties>
      <Property name="Angle" value="88.8075"/>
      <Property name="Filename" value="/Objects/pipe_elbow_1.hs"/>
    </Properties>
  </Object>
  <Object name="Object51">
    <AbsoluteLocation value="37.110100 13.991442"/>
    <Properties>
      <Property name="Angle" value="-2.21384"/>
      <Property name="Filename" value="/Objects/pipe_straight_long.hs"/>
    </Properties>
  </Object>
  <Object name="Object53">
    <AbsoluteLocation value="-4.275333 22.651999"/>
    <Properties>
      <Property name="Angle" value="32.956"/>
      <Property name="Filename" value="/Objects/pipe_straight.hs"/>
    </Properties>
  </Object>
  <Object name="Object55">
    <AbsoluteLocation value="-1.230822 28.577374"/>
    <Properties>
      <Property name="Angle" value="88.9326"/>
      <Property name="Filename" value="/Objects/pipe_straight.hs"/>
    </Properties>
  </Object>
  <Object name="Object57">
    <AbsoluteLocation value="2.874177 -18.664486"/>
    <Properties>
      <Property name="Angle" value="352.24"/>
      <Property name="Filename" value="/Objects/pipe_straight_short.hs"/>
    </Properties>
  </Object>
  <Object name="Object58">
    <AbsoluteLocation value="5.516560 -19.268705"/>
    <Properties>
      <Property name="Angle" value="343.104"/>
      <Property name="Filename" value="/Objects/pipe_straight_short.hs"/>
    </Properties>
  </Object>
  <Object name="Object41">
    <AbsoluteLocation value="0.562427 -15.943316"/>
    <Properties>
      <Property name="Angle" value="89.235"/>
      <Property name="Filename" value="/Objects/pipe_into_wall_2.hs"/>
    </Properties>
  </Object>
  <Object name="Object42">
    <AbsoluteLocation value="6.476606 -20.095493"/>
    <Properties>
      <Property name="Angle" value="-33.1886"/>
      <Property name="Filename" value="/Objects/pipe_connector_end.hs"/>
    </Properties>
  </Object>
  <Object name="Object40">
    <AbsoluteLocation value="0.658803 24.526283"/>
    <Properties>
      <Property name="Angle" value="89.6598"/>
      <Property name="Filename" value="/Objects/pipe_straight.hs"/>
    </Properties>
  </Object>
  <Object name="Object45">
    <AbsoluteLocation value="13.016621 68.489883"/>
    <Properties>
      <Property name="Angle" value="-0.234594"/>
      <Property name="Filename" value="/Objects/pipe_straight.hs"/>
    </Properties>
  </Object>
  <Object name="Object46">
    <AbsoluteLocation value="7.287331 68.538101"/>
    <Properties>
      <Property name="Angle" value="-0.43519"/>
      <Property name="Filename" value="/Objects/pipe_straight.hs"/>
    </Properties>
  </Object>
  <Object name="Object47">
    <AbsoluteLocation value="1.804137 68.580597"/>
    <Properties>
      <Property name="Angle" value="-0.43519"/>
      <Property name="Filename" value="/Objects/pipe_straight.hs"/>
    </Properties>
  </Object>
  <Object name="Object56">
    <AbsoluteLocation value="-3.610454 52.534653"/>
    <Properties>
      <Property name="Angle" value="89.071"/>
      <Property name="Filename" value="/Objects/pipe_straight.hs"/>
    </Properties>
  </Object>
  <Object name="Object59">
    <AbsoluteLocation value="-3.423121 63.745945"/>
    <Properties>
      <Property name="Angle" value="89.2716"/>
      <Property name="Filename" value="/Objects/pipe_straight.hs"/>
    </Properties>
  </Object>
  <Object name="Object60">
    <AbsoluteLocation value="-3.520705 58.017281"/>
    <Properties>
      <Property name="Angle" value="89.071"/>
      <Property name="Filename" value="/Objects/pipe_straight.hs"/>
    </Properties>
  </Object>
  <Object name="Object61">
    <AbsoluteLocation value="-2.679008 67.948349"/>
    <Properties>
      <Property name="Angle" value="88.8607"/>
      <Property name="Filename" value="/Objects/pipe_elbow_1.hs"/>
    </Properties>
  </Object>
  <Object name="Object62">
    <AbsoluteLocation value="19.140160 68.467102"/>
    <Properties>
      <Property name="Angle" value="-0.43519"/>
      <Property name="Filename" value="/Objects/pipe_straight.hs"/>
    </Properties>
  </Object>
  <Object name="Object63">
    <AbsoluteLocation value="30.352642 68.376389"/>
    <Properties>
      <Property name="Angle" value="-0.234594"/>
      <Property name="Filename" value="/Objects/pipe_straight.hs"/>
    </Properties>
  </Object>
  <Object name="Object64">
    <AbsoluteLocation value="24.623354 68.424606"/>
    <Properties>
      <Property name="Angle" value="-0.43519"/>
      <Property name="Filename" value="/Objects/pipe_straight.hs"/>
    </Properties>
  </Object>
  <Object name="Object65">
    <AbsoluteLocation value="42.121037 68.313011"/>
    <Properties>
      <Property name="Angle" value="-0.43519"/>
      <Property name="Filename" value="/Objects/pipe_straight.hs"/>
    </Properties>
  </Object>
  <Object name="Object66">
    <AbsoluteLocation value="47.850327 68.264793"/>
    <Properties>
      <Property name="Angle" value="-0.234594"/>
      <Property name="Filename" value="/Objects/pipe_straight.hs"/>
    </Properties>
  </Object>
  <Object name="Object67">
    <AbsoluteLocation value="36.637840 68.355507"/>
    <Properties>
      <Property name="Angle" value="-0.43519"/>
      <Property name="Filename" value="/Objects/pipe_straight.hs"/>
    </Properties>
  </Object>
  <Room>
    <AbsoluteLocation value="17.200003 -29.200005"/>
  </Room>
</Objects>
