<?xml version="1.0"?>
<Objects>
  <Object name="Object113">
    <AbsoluteLocation value="-31.491825 -7.030511"/>
    <Properties>
      <Property name="Angle" value="94.9632"/>
      <Property name="Filename" value="/Objects/pipe_straight_short.hs"/>
    </Properties>
  </Object>
  <Object name="Object112">
    <AbsoluteLocation value="-31.200077 -8.517208"/>
    <Properties>
      <Property name="Angle" value="145.563"/>
      <Property name="Filename" value="/Objects/pipe_bend_2.hs"/>
    </Properties>
  </Object>
  <Object name="Object111">
    <AbsoluteLocation value="-31.267942 -5.530494"/>
    <Properties>
      <Property name="Angle" value="94.7456"/>
      <Property name="Filename" value="/Objects/pipe_bend_2.hs"/>
    </Properties>
  </Object>
  <Object name="Object108">
    <AbsoluteLocation value="7.301921 -27.865974"/>
    <Properties>
      <Property name="Angle" value="3.98604"/>
      <Property name="Filename" value="/Objects/pipe_bend_2.hs"/>
    </Properties>
  </Object>
  <Object name="Object103">
    <AbsoluteLocation value="-16.115631 -38.716660"/>
    <Properties>
      <Property name="Angle" value="180.121"/>
      <Property name="Filename" value="/Objects/pipe_elbow_1.hs"/>
    </Properties>
  </Object>
  <Object name="Object102">
    <AbsoluteLocation value="3.819228 15.801991"/>
    <Properties>
      <Property name="Angle" value="15.7424"/>
      <Property name="Filename" value="/Objects/pipe_straight.hs"/>
    </Properties>
  </Object>
  <Object name="Object100">
    <AbsoluteLocation value="6.725479 17.310432"/>
    <Properties>
      <Property name="Angle" value="-74.2061"/>
      <Property name="Filename" value="/Objects/pipe_elbow_2.hs"/>
    </Properties>
  </Object>
  <Object name="Object101">
    <AbsoluteLocation value="0.992760 14.350924"/>
    <Properties>
      <Property name="Angle" value="102.867"/>
      <Property name="Filename" value="/Objects/pipe_elbow_1.hs"/>
    </Properties>
  </Object>
  <Object name="Object96">
    <AbsoluteLocation value="-15.194096 17.647322"/>
    <Properties>
      <Property name="Angle" value="387.197"/>
      <Property name="Filename" value="/Objects/pipe_straight_short.hs"/>
    </Properties>
  </Object>
  <Object name="Object93">
    <AbsoluteLocation value="-14.145670 20.069691"/>
    <Properties>
      <Property name="Angle" value="469.28"/>
      <Property name="Filename" value="/Objects/pipe_straight_short.hs"/>
    </Properties>
  </Object>
  <Object name="Object95">
    <AbsoluteLocation value="-13.558836 16.577534"/>
    <Properties>
      <Property name="Angle" value="-57.8684"/>
      <Property name="Filename" value="/Objects/pipe_elbow_2.hs"/>
    </Properties>
  </Object>
  <Object name="Object80">
    <AbsoluteLocation value="25.283195 -11.671639"/>
    <Properties>
      <Property name="Angle" value="-6.51985"/>
      <Property name="Filename" value="/Objects/pipe_straight.hs"/>
    </Properties>
  </Object>
  <Object name="Object78">
    <AbsoluteLocation value="27.895748 -11.367900"/>
    <Properties>
      <Property name="Angle" value="-98.687"/>
      <Property name="Filename" value="/Objects/pipe_elbow_2.hs"/>
    </Properties>
  </Object>
  <Object name="Object76">
    <AbsoluteLocation value="10.999686 -5.793512"/>
    <Properties>
      <Property name="Angle" value="106.098"/>
      <Property name="Filename" value="/Objects/pipe_straight.hs"/>
    </Properties>
  </Object>
  <Object name="Object74">
    <AbsoluteLocation value="21.760551 0.998985"/>
    <Properties>
      <Property name="Angle" value="2.6674"/>
      <Property name="Filename" value="/Objects/pipe_elbow_1.hs"/>
    </Properties>
  </Object>
  <Object name="Object71">
    <AbsoluteLocation value="10.716540 -2.322715"/>
    <Properties>
      <Property name="Angle" value="105.432"/>
      <Property name="Filename" value="/Objects/pipe_elbow_1.hs"/>
    </Properties>
  </Object>
  <Object name="Object70">
    <AbsoluteLocation value="11.238564 -9.081987"/>
    <Properties>
      <Property name="Angle" value="-74.2641"/>
      <Property name="Filename" value="/Objects/pipe_elbow_2.hs"/>
    </Properties>
  </Object>
  <Object name="Object66">
    <AbsoluteLocation value="-16.743107 -31.434752"/>
    <Properties>
      <Property name="Angle" value="450.117"/>
      <Property name="Filename" value="/Objects/pipe_straight_short.hs"/>
    </Properties>
  </Object>
  <Object name="Object48">
    <AbsoluteLocation value="5.472293 -28.346348"/>
    <Properties>
      <Property name="Angle" value="94.3648"/>
      <Property name="Filename" value="/Objects/pipe_elbow_1.hs"/>
    </Properties>
  </Object>
  <Object name="Object47">
    <AbsoluteLocation value="21.840778 -42.909767"/>
    <Properties>
      <Property name="Angle" value="456.49"/>
      <Property name="Filename" value="/Objects/pipe_straight_short.hs"/>
    </Properties>
  </Object>
  <Object name="Object44">
    <AbsoluteLocation value="15.821012 -46.231438"/>
    <Properties>
      <Property name="Angle" value="-168.639"/>
      <Property name="Filename" value="/Objects/pipe_elbow_2.hs"/>
    </Properties>
  </Object>
  <Object name="Object43">
    <AbsoluteLocation value="-30.374126 -49.090073"/>
    <Properties>
      <Property name="Angle" value="90.7683"/>
      <Property name="Filename" value="/Objects/pipe_straight_long.hs"/>
    </Properties>
  </Object>
  <Object name="Object41">
    <AbsoluteLocation value="-29.784111 -43.371727"/>
    <Properties>
      <Property name="Angle" value="91.8218"/>
      <Property name="Filename" value="/Objects/pipe_elbow_1.hs"/>
    </Properties>
  </Object>
  <Object name="Object40">
    <AbsoluteLocation value="-22.770081 -39.039944"/>
    <Properties>
      <Property name="Angle" value="443.256"/>
      <Property name="Filename" value="/Objects/pipe_straight_short.hs"/>
    </Properties>
  </Object>
  <Object name="Object39">
    <AbsoluteLocation value="-23.776472 -41.736912"/>
    <Properties>
      <Property name="Angle" value="-97.2533"/>
      <Property name="Filename" value="/Objects/pipe_elbow_2.hs"/>
    </Properties>
  </Object>
  <Object name="Object38">
    <AbsoluteLocation value="-11.300949 -45.346165"/>
    <Properties>
      <Property name="Angle" value="360.957"/>
      <Property name="Filename" value="/Objects/pipe_straight_short.hs"/>
    </Properties>
  </Object>
  <Object name="Object27">
    <AbsoluteLocation value="-16.586349 -15.326267"/>
    <Properties>
      <Property name="Angle" value="448.908"/>
      <Property name="Filename" value="/Objects/pipe_straight_short.hs"/>
    </Properties>
  </Object>
  <Object name="Object28">
    <AbsoluteLocation value="-15.343974 -33.811615"/>
    <Properties>
      <Property name="Angle" value="-93.3568"/>
      <Property name="Filename" value="/Objects/pipe_elbow_2.hs"/>
    </Properties>
  </Object>
  <Object name="Object26">
    <AbsoluteLocation value="-16.814417 -36.434502"/>
    <Properties>
      <Property name="Angle" value="450.779"/>
      <Property name="Filename" value="/Objects/pipe_straight_short.hs"/>
    </Properties>
  </Object>
  <Object name="Object22">
    <AbsoluteLocation value="-8.395712 -34.040367"/>
    <Properties>
      <Property name="Angle" value="96.6524"/>
      <Property name="Filename" value="/Objects/pipe_straight_short.hs"/>
    </Properties>
  </Object>
  <Object name="Object21">
    <AbsoluteLocation value="-8.764433 -44.630741"/>
    <Properties>
      <Property name="Angle" value="-88.3965"/>
      <Property name="Filename" value="/Objects/pipe_elbow_2.hs"/>
    </Properties>
  </Object>
  <Object name="Spout4">
    <AbsoluteLocation value="0.347443 12.528498"/>
    <Properties>
      <Property name="Angle" value="180.131"/>
      <Property name="ConnectedSpout0" value="SWAMPY_SPOUT"/>
      <Property name="ConnectedSpoutProbability0" value="1"/>
      <Property name="Filename" value="/Objects/broken_pipe_allie.hs"/>
      <Property name="Type" value="spout"/>
    </Properties>
  </Object>
  <Object name="Ducky9">
    <AbsoluteLocation value="-9.958033 -22.189262"/>
    <Properties>
      <Property name="Angle" value="0"/>
      <Property name="Filename" value="/Objects/star_steam_allie.hs"/>
      <Property name="StarType" value="allie"/>
      <Property name="Type" value="star"/>
    </Properties>
  </Object>
  <Object name="Ducky10">
    <AbsoluteLocation value="24.000000 23.600000"/>
    <Properties>
      <Property name="Angle" value="0"/>
      <Property name="Filename" value="/Objects/star_steam_allie.hs"/>
      <Property name="StarType" value="allie"/>
      <Property name="Type" value="star"/>
    </Properties>
  </Object>
  <Object name="Ducky11">
    <AbsoluteLocation value="-2.400000 -1.600000"/>
    <Properties>
      <Property name="Angle" value="0"/>
      <Property name="Filename" value="/Objects/star_steam_allie.hs"/>
      <Property name="StarType" value="allie"/>
      <Property name="Type" value="star"/>
    </Properties>
  </Object>
  <Object name="Object9">
    <AbsoluteLocation value="3.574723 -52.770084"/>
    <Properties>
      <Property name="Angle" value="90"/>
      <Property name="Filename" value="/Objects/pipe_straight_long.hs"/>
    </Properties>
  </Object>
  <Object name="Object11">
    <AbsoluteLocation value="-26.368132 23.290934"/>
    <Properties>
      <Property name="Angle" value="-0.766597"/>
      <Property name="Filename" value="/Objects/icicle_corner_left.hs"/>
      <Property name="OffsetVariation" value="1.2"/>
      <Property name="ParticlesPerSecond" value="70"/>
      <Property name="Type" value="icyhot"/>
    </Properties>
  </Object>
  <Object name="Switch12">
    <AbsoluteLocation value="-26.800001 -39.200001"/>
    <Properties>
      <Property name="Angle" value="0"/>
      <Property name="ConnectedObject0" value="Object7"/>
      <Property name="Filename" value="/Objects/switch.hs"/>
      <Property name="Type" value="switch"/>
    </Properties>
  </Object>
  <Object name="YSwitch13">
    <AbsoluteLocation value="-11.284111 -39.351215"/>
    <Properties>
      <Property name="Angle" value="91.3866"/>
      <Property name="ConnectedSpout0" value="Spout16"/>
      <Property name="ConnectedSpout1" value="Spout17"/>
      <Property name="ConnectedSpoutProbability0" value="0.5"/>
      <Property name="ConnectedSpoutProbability1" value="0.5"/>
      <Property name="Filename" value="/Objects/pipe_y_switch_toggle.hs"/>
      <Property name="FirstLeftSpout" value="0"/>
      <Property name="FirstRightSpout" value="1"/>
      <Property name="Type" value="yswitch"/>
    </Properties>
  </Object>
  <Object name="Switch14">
    <AbsoluteLocation value="-26.800001 -45.200001"/>
    <Properties>
      <Property name="Angle" value="-90"/>
      <Property name="ConnectedObject0" value="Object37"/>
      <Property name="Filename" value="/Objects/switch_blue.hs"/>
      <Property name="Type" value="switch"/>
    </Properties>
  </Object>
  <Object name="Spout13">
    <AbsoluteLocation value="-22.271732 -35.874859"/>
    <Properties>
      <Property name="Angle" value="85.8482"/>
      <Property name="Filename" value="/Objects/shower_head.hs"/>
      <Property name="FluidType" value="Steam"/>
      <Property name="Type" value="spout"/>
    </Properties>
  </Object>
  <Object name="Spout16">
    <AbsoluteLocation value="-14.426985 -44.698792"/>
    <Properties>
      <Property name="Angle" value="161.692"/>
      <Property name="Filename" value="/Objects/shower_head.hs"/>
      <Property name="FluidType" value="Water"/>
      <Property name="NumberParticles" value="0"/>
      <Property name="ParticleQueueThreshold" value="1"/>
      <Property name="ParticleSpeed" value="8"/>
      <Property name="ParticlesPerSecond" value="1"/>
      <Property name="Type" value="spout"/>
    </Properties>
  </Object>
  <Object name="Spout17">
    <AbsoluteLocation value="-8.588806 -31.366549"/>
    <Properties>
      <Property name="Angle" value="95.669"/>
      <Property name="Filename" value="/Objects/shower_head.hs"/>
      <Property name="FluidType" value="Water"/>
      <Property name="NumberParticles" value="0"/>
      <Property name="ParticleQueueThreshold" value="1"/>
      <Property name="ParticleSpeed" value="15"/>
      <Property name="ParticlesPerSecond" value="1"/>
      <Property name="Type" value="spout"/>
    </Properties>
  </Object>
  <Object name="Spout18">
    <AbsoluteLocation value="-15.211199 23.251963"/>
    <Properties>
      <Property name="Angle" value="21.1421"/>
      <Property name="ConnectedSpout0" value="YSwitch13"/>
      <Property name="ConnectedSpoutProbability0" value="1"/>
      <Property name="Filename" value="/Objects/basic_drain.hs"/>
      <Property name="Type" value="spout"/>
    </Properties>
  </Object>
  <Object name="Spout23">
    <AbsoluteLocation value="-13.654219 -30.778034"/>
    <Properties>
      <Property name="Angle" value="-24.6654"/>
      <Property name="ConnectedSpout0" value="YSwitch13"/>
      <Property name="ConnectedSpoutProbability0" value="1"/>
      <Property name="Filename" value="/Objects/basic_drain.hs"/>
      <Property name="Type" value="spout"/>
    </Properties>
  </Object>
  <Object name="Object24">
    <AbsoluteLocation value="-17.350002 -34.400002"/>
    <Properties>
      <Property name="Angle" value="90"/>
      <Property name="Filename" value="/Objects/pipe_spout_base.hs"/>
    </Properties>
  </Object>
  <Object name="Object25">
    <AbsoluteLocation value="-16.249998 -34.400002"/>
    <Properties>
      <Property name="Angle" value="270"/>
      <Property name="Filename" value="/Objects/pipe_spout_base.hs"/>
    </Properties>
  </Object>
  <Object name="Spout36">
    <AbsoluteLocation value="8.758339 -29.124653"/>
    <Properties>
      <Property name="Angle" value="312.101"/>
      <Property name="Filename" value="/Objects/shower_head.hs"/>
      <Property name="FluidType" value="Lava"/>
      <Property name="ParticleSpeed" value="5"/>
      <Property name="ParticlesPerSecond" value="3"/>
      <Property name="Type" value="spout"/>
    </Properties>
  </Object>
  <Object name="Object37">
    <AbsoluteLocation value="23.200003 -27.200003"/>
    <Properties>
      <Property name="Angle" value="-135"/>
      <Property name="Filename" value="/Objects/wall_24x8_pivot_blue.hs"/>
      <Property name="MotorMoveSpeed0" value="18"/>
      <Property name="MotorMoveSpeed1" value="18"/>
      <Property name="MotorWaitTime0" value="0"/>
      <Property name="MotorWaitTime1" value="0.1"/>
      <Property name="MotorWaitTurn0" value="0"/>
      <Property name="MotorWaitTurn1" value="-45.0"/>
      <Property name="PathPos0" value="0 0"/>
      <Property name="PathPos1" value="4 0"/>
      <Property name="PathPos2" value="40 0"/>
    </Properties>
  </Object>
  <Object name="Spout38">
    <AbsoluteLocation value="14.857344 -44.021877"/>
    <Properties>
      <Property name="Angle" value="8.89964"/>
      <Property name="ConnectedSpout0" value="Spout39"/>
      <Property name="ConnectedSpoutProbability0" value="1"/>
      <Property name="Filename" value="/Objects/basic_drain.hs"/>
      <Property name="Type" value="spout"/>
    </Properties>
  </Object>
  <Object name="Spout39">
    <AbsoluteLocation value="21.571409 -39.288883"/>
    <Properties>
      <Property name="Angle" value="458.826"/>
      <Property name="Filename" value="/Objects/shower_head.hs"/>
      <Property name="FluidType" value="Water"/>
      <Property name="NumberParticles" value="0"/>
      <Property name="ParticleSpeed" value="60"/>
      <Property name="ParticlesPerSecond" value="4"/>
      <Property name="Timer0" value="1 1.0"/>
      <Property name="Timer1" value="0 2.0"/>
      <Property name="Type" value="spout"/>
    </Properties>
  </Object>
  <Object name="Object45">
    <AbsoluteLocation value="21.491804 -45.188694"/>
    <Properties>
      <Property name="Angle" value="-80.6614"/>
      <Property name="Filename" value="/Objects/pipe_elbow_2.hs"/>
    </Properties>
  </Object>
  <Object name="Object46">
    <AbsoluteLocation value="18.721741 -46.352371"/>
    <Properties>
      <Property name="Angle" value="370.55"/>
      <Property name="Filename" value="/Objects/pipe_straight_short.hs"/>
    </Properties>
  </Object>
  <Object name="Object49">
    <AbsoluteLocation value="5.163011 -34.282536"/>
    <Properties>
      <Property name="Angle" value="93.5016"/>
      <Property name="Filename" value="/Objects/pipe_straight_long.hs"/>
    </Properties>
  </Object>
  <Object name="Object50">
    <AbsoluteLocation value="5.511070 -43.621429"/>
    <Properties>
      <Property name="Angle" value="91.0179"/>
      <Property name="Filename" value="/Objects/pipe_straight_long.hs"/>
    </Properties>
  </Object>
  <Object name="Object56">
    <AbsoluteLocation value="32.171432 117.314293"/>
    <Properties>
      <Property name="Angle" value="-110"/>
      <Property name="Filename" value="/Objects/wall_24x8_no_gear.hs"/>
    </Properties>
  </Object>
  <Object name="Object57">
    <AbsoluteLocation value="16.971428 117.714287"/>
    <Properties>
      <Property name="Angle" value="-70"/>
      <Property name="Filename" value="/Objects/wall_24x8_no_gear.hs"/>
    </Properties>
  </Object>
  <Object name="Spout58">
    <AbsoluteLocation value="17.253372 84.828384"/>
    <Properties>
      <Property name="Angle" value="175"/>
      <Property name="ConnectedSpout0" value="Spout59"/>
      <Property name="ConnectedSpoutProbability0" value="1"/>
      <Property name="Filename" value="/Objects/basic_drain.hs"/>
      <Property name="Type" value="spout"/>
    </Properties>
  </Object>
  <Object name="Spout59">
    <AbsoluteLocation value="26.171431 138.514297"/>
    <Properties>
      <Property name="Angle" value="595"/>
      <Property name="Filename" value="/Objects/shower_head.hs"/>
      <Property name="FluidType" value="Water"/>
      <Property name="NumberParticles" value="0"/>
      <Property name="OffsetVariation" value="4"/>
      <Property name="ParticleSpeed" value="40"/>
      <Property name="ParticlesPerSecond" value="30"/>
      <Property name="Type" value="spout"/>
    </Properties>
  </Object>
  <Object name="Object54">
    <AbsoluteLocation value="35.371429 134.514297"/>
    <Properties>
      <Property name="Angle" value="-90"/>
      <Property name="Filename" value="/Objects/wall_24x8_no_gear.hs"/>
    </Properties>
  </Object>
  <Object name="Object55">
    <AbsoluteLocation value="13.771431 134.914291"/>
    <Properties>
      <Property name="Angle" value="-90"/>
      <Property name="Filename" value="/Objects/wall_24x8_no_gear.hs"/>
    </Properties>
  </Object>
  <Object name="Object58">
    <AbsoluteLocation value="19.771431 101.314293"/>
    <Properties>
      <Property name="Angle" value="-90"/>
      <Property name="Filename" value="/Objects/wall_24x8_no_gear.hs"/>
    </Properties>
  </Object>
  <Object name="Object59">
    <AbsoluteLocation value="29.371429 101.314293"/>
    <Properties>
      <Property name="Angle" value="-90"/>
      <Property name="Filename" value="/Objects/wall_24x8_no_gear.hs"/>
    </Properties>
  </Object>
  <Object name="Object60">
    <AbsoluteLocation value="-9.600000 10.800000"/>
    <Properties>
      <Property name="Angle" value="-90"/>
      <Property name="Filename" value="/Objects/wall_16x8_green.hs"/>
      <Property name="MotorMoveSpeed" value="4"/>
      <Property name="PathPos0" value="0 0"/>
      <Property name="PathPos1" value="0 -22"/>
    </Properties>
  </Object>
  <Object name="Object61">
    <AbsoluteLocation value="-2.769373 -52.770081"/>
    <Properties>
      <Property name="Angle" value="270"/>
      <Property name="Filename" value="/Objects/pipe_straight_long.hs"/>
    </Properties>
  </Object>
  <Object name="Switch58">
    <AbsoluteLocation value="26.283068 -41.262264"/>
    <Properties>
      <Property name="Angle" value="-29.3893"/>
      <Property name="ConnectedObject0" value="Object60"/>
      <Property name="Filename" value="/Objects/switch_fan2.hs"/>
      <Property name="Type" value="switch"/>
    </Properties>
  </Object>
  <Object name="Switch59">
    <AbsoluteLocation value="20.630009 11.956531"/>
    <Properties>
      <Property name="Angle" value="-168.847"/>
      <Property name="ConnectedObject0" value="Object62"/>
      <Property name="Filename" value="/Objects/switch_brown.hs"/>
      <Property name="Type" value="switch"/>
    </Properties>
  </Object>
  <Object name="Object62">
    <AbsoluteLocation value="10.400001 3.600000"/>
    <Properties>
      <Property name="Angle" value="-180"/>
      <Property name="Filename" value="/Objects/wall_16x8_brown.hs"/>
      <Property name="MotorMoveSpeed" value="8"/>
      <Property name="PathPos0" value="0 0"/>
      <Property name="PathPos1" value="-8.2 0"/>
    </Properties>
  </Object>
  <Object name="Spout61">
    <AbsoluteLocation value="6.182940 -9.567909"/>
    <Properties>
      <Property name="Angle" value="169.704"/>
      <Property name="Filename" value="/Objects/touch_spout_generic.hs"/>
      <Property name="FluidType" value="Water"/>
      <Property name="ParticleSpeed" value="50"/>
      <Property name="Type" value="spout"/>
    </Properties>
  </Object>
  <Object name="Spout62">
    <AbsoluteLocation value="27.966877 -8.843159"/>
    <Properties>
      <Property name="Angle" value="22.7195"/>
      <Property name="ConnectedSpout0" value="Spout61"/>
      <Property name="ConnectedSpoutProbability0" value="1"/>
      <Property name="Filename" value="/Objects/basic_drain.hs"/>
      <Property name="Type" value="spout"/>
    </Properties>
  </Object>
  <Object name="Spout63">
    <AbsoluteLocation value="-29.177805 -5.439607"/>
    <Properties>
      <Property name="Angle" value="-97.2389"/>
      <Property name="ConnectedSpout0" value="Spout64"/>
      <Property name="ConnectedSpoutProbability0" value="1"/>
      <Property name="Filename" value="/Objects/basic_drain.hs"/>
      <Property name="Type" value="spout"/>
    </Properties>
  </Object>
  <Object name="Spout64">
    <AbsoluteLocation value="-29.596470 -9.865523"/>
    <Properties>
      <Property name="Angle" value="358.319"/>
      <Property name="Filename" value="/Objects/shower_head.hs"/>
      <Property name="FluidType" value="Water"/>
      <Property name="NumberParticles" value="0"/>
      <Property name="ParticleSpeed" value="50"/>
      <Property name="ParticlesPerSecond" value="1"/>
      <Property name="Type" value="spout"/>
    </Properties>
  </Object>
  <Object name="Object65">
    <AbsoluteLocation value="-16.674822 -25.469091"/>
    <Properties>
      <Property name="Angle" value="449.204"/>
      <Property name="Filename" value="/Objects/pipe_straight_long.hs"/>
    </Properties>
  </Object>
  <Object name="Object72">
    <AbsoluteLocation value="11.843640 -1.378203"/>
    <Properties>
      <Property name="Angle" value="15.8702"/>
      <Property name="Filename" value="/Objects/pipe_into_wall_1.hs"/>
    </Properties>
  </Object>
  <Object name="Object73">
    <AbsoluteLocation value="20.130548 1.457842"/>
    <Properties>
      <Property name="Angle" value="190.148"/>
      <Property name="Filename" value="/Objects/pipe_into_wall_2.hs"/>
    </Properties>
  </Object>
  <Object name="Object77">
    <AbsoluteLocation value="22.592854 -4.983395"/>
    <Properties>
      <Property name="Angle" value="270.89"/>
      <Property name="Filename" value="/Objects/pipe_straight_long.hs"/>
    </Properties>
  </Object>
  <Object name="Object79">
    <AbsoluteLocation value="23.213516 -10.807934"/>
    <Properties>
      <Property name="Angle" value="-184.308"/>
      <Property name="Filename" value="/Objects/pipe_elbow_2.hs"/>
    </Properties>
  </Object>
  <Object name="Object81">
    <AbsoluteLocation value="-1.600000 3.600000"/>
    <Properties>
      <Property name="Angle" value="0"/>
      <Property name="Filename" value="/Objects/path_locking_end.hs"/>
    </Properties>
  </Object>
  <Object name="Object82">
    <AbsoluteLocation value="-9.600000 5.600000"/>
    <Properties>
      <Property name="Angle" value="0"/>
      <Property name="Filename" value="/Objects/path_vertical_locking_end_top.hs"/>
    </Properties>
  </Object>
  <Object name="Object83">
    <AbsoluteLocation value="-9.600000 -4.000000"/>
    <Properties>
      <Property name="Angle" value="0"/>
      <Property name="Filename" value="/Objects/path_vertical_locking_mid.hs"/>
    </Properties>
  </Object>
  <Object name="Object84">
    <AbsoluteLocation value="-9.600000 -8.800000"/>
    <Properties>
      <Property name="Angle" value="0"/>
      <Property name="Filename" value="/Objects/path_vertical_locking_end_bottom.hs"/>
    </Properties>
  </Object>
  <Object name="Object85">
    <AbsoluteLocation value="-9.600000 0.800000"/>
    <Properties>
      <Property name="Angle" value="0"/>
      <Property name="Filename" value="/Objects/path_vertical_locking_mid.hs"/>
    </Properties>
  </Object>
  <Object name="Object86">
    <AbsoluteLocation value="23.200003 -27.200001"/>
    <Properties>
      <Property name="Angle" value="0"/>
      <Property name="Filename" value="/Objects/path_locking_end.hs"/>
    </Properties>
  </Object>
  <Object name="Object87">
    <AbsoluteLocation value="28.000004 -27.200001"/>
    <Properties>
      <Property name="Angle" value="0"/>
      <Property name="Filename" value="/Objects/path_locking_mid.hs"/>
    </Properties>
  </Object>
  <Object name="Object88">
    <AbsoluteLocation value="32.800003 -27.200001"/>
    <Properties>
      <Property name="Angle" value="0"/>
      <Property name="Filename" value="/Objects/path_locking_mid.hs"/>
    </Properties>
  </Object>
  <Object name="Object90">
    <AbsoluteLocation value="37.600002 -27.200001"/>
    <Properties>
      <Property name="Angle" value="0"/>
      <Property name="Filename" value="/Objects/path_locking_mid.hs"/>
    </Properties>
  </Object>
  <Object name="Spout89">
    <AbsoluteLocation value="-18.211269 16.192413"/>
    <Properties>
      <Property name="Angle" value="115.188"/>
      <Property name="ConnectedSpout0" value="YSwitch13"/>
      <Property name="ConnectedSpoutProbability0" value="1"/>
      <Property name="Filename" value="/Objects/basic_drain.hs"/>
      <Property name="Type" value="spout"/>
    </Properties>
  </Object>
  <Object name="Object89">
    <AbsoluteLocation value="-16.620758 -19.927937"/>
    <Properties>
      <Property name="Angle" value="449.854"/>
      <Property name="Filename" value="/Objects/pipe_straight_short.hs"/>
    </Properties>
  </Object>
  <Object name="Object91">
    <AbsoluteLocation value="-13.729916 18.980341"/>
    <Properties>
      <Property name="Angle" value="22.6234"/>
      <Property name="Filename" value="/Objects/pipe_spout_base.hs"/>
    </Properties>
  </Object>
  <Object name="Object92">
    <AbsoluteLocation value="-13.306772 17.964983"/>
    <Properties>
      <Property name="Angle" value="202.623"/>
      <Property name="Filename" value="/Objects/pipe_spout_base.hs"/>
    </Properties>
  </Object>
  <Object name="Object94">
    <AbsoluteLocation value="-16.493708 12.860948"/>
    <Properties>
      <Property name="Angle" value="126.913"/>
      <Property name="Filename" value="/Objects/pipe_elbow_1.hs"/>
    </Properties>
  </Object>
  <Object name="Object97">
    <AbsoluteLocation value="-15.096659 14.726754"/>
    <Properties>
      <Property name="Angle" value="395.587"/>
      <Property name="Filename" value="/Objects/pipe_straight_short.hs"/>
    </Properties>
  </Object>
  <Object name="Object98">
    <AbsoluteLocation value="-16.406050 11.301674"/>
    <Properties>
      <Property name="Angle" value="-44.0317"/>
      <Property name="Filename" value="/Objects/pipe_bend_1.hs"/>
    </Properties>
  </Object>
  <Object name="Object34">
    <AbsoluteLocation value="-16.315615 9.790426"/>
    <Properties>
      <Property name="Angle" value="-91.8605"/>
      <Property name="Filename" value="/Objects/pipe_into_wall_2.hs"/>
    </Properties>
  </Object>
  <Object name="Object99">
    <AbsoluteLocation value="6.825042 19.121967"/>
    <Properties>
      <Property name="Angle" value="110.47"/>
      <Property name="Filename" value="/Objects/pipe_connector_end.hs"/>
    </Properties>
  </Object>
  <Object name="Object104">
    <AbsoluteLocation value="-16.529968 -13.342597"/>
    <Properties>
      <Property name="Angle" value="89.6888"/>
      <Property name="Filename" value="/Objects/pipe_into_wall_1.hs"/>
    </Properties>
  </Object>
  <Object name="Object105">
    <AbsoluteLocation value="17.918491 -23.025558"/>
    <Properties>
      <Property name="Angle" value="-14.7528"/>
      <Property name="Filename" value="/Objects/path_stopper.hs"/>
    </Properties>
  </Object>
  <Object name="Object106">
    <AbsoluteLocation value="-16.607201 -17.681376"/>
    <Properties>
      <Property name="Angle" value="449.542"/>
      <Property name="Filename" value="/Objects/pipe_straight_short.hs"/>
    </Properties>
  </Object>
  <Object name="Object107">
    <AbsoluteLocation value="8.400001 3.600000"/>
    <Properties>
      <Property name="Angle" value="0"/>
      <Property name="Filename" value="/Objects/path_locking_end_right.hs"/>
    </Properties>
  </Object>
  <Object name="Object109">
    <AbsoluteLocation value="-29.491869 37.223232"/>
    <Properties>
      <Property name="Angle" value="295"/>
      <Property name="Filename" value="/Objects/wall_8x8_plain.hs"/>
      <Property name="Parent" value="Object7"/>
    </Properties>
  </Object>
  <Object name="Object7">
    <AbsoluteLocation value="-26.800001 31.599998"/>
    <Properties>
      <Property name="Angle" value="25"/>
      <Property name="Filename" value="/Objects/wall_16x8.hs"/>
      <Property name="MotorMoveSpeed" value="16"/>
      <Property name="MotorWaitTime" value="2.0"/>
      <Property name="MotorWaitTurn" value="-80.0"/>
      <Property name="PathPos0" value="0 0"/>
      <Property name="PathPos1" value="0 4"/>
    </Properties>
  </Object>
  <Room>
    <AbsoluteLocation value="0.400003 30.799999"/>
  </Room>
</Objects>
