<?xml version="1.0"?>
<Objects>
  <Object name="Object27">
    <AbsoluteLocation value="29.645752 2.487057"/>
    <Properties>
      <Property name="Angle" value="16.7623"/>
      <Property name="Filename" value="/Objects/pipe_elbow_2.hs"/>
    </Properties>
  </Object>
  <Object name="Object25">
    <AbsoluteLocation value="22.625000 38.406250"/>
    <Properties>
      <Property name="Angle" value="-187.78"/>
      <Property name="Filename" value="/Objects/pipe_straight.hs"/>
    </Properties>
  </Object>
  <Object name="Object26">
    <AbsoluteLocation value="24.906250 37.437500"/>
    <Properties>
      <Property name="Angle" value="-7.686"/>
      <Property name="Filename" value="/Objects/pipe_elbow_2.hs"/>
    </Properties>
  </Object>
  <Object name="Object22">
    <AbsoluteLocation value="18.468750 27.750000"/>
    <Properties>
      <Property name="Angle" value="-87.2421"/>
      <Property name="Filename" value="/Objects/pipe_straight.hs"/>
    </Properties>
  </Object>
  <Object name="Object21">
    <AbsoluteLocation value="17.718750 18.187500"/>
    <Properties>
      <Property name="Angle" value="-91.347"/>
      <Property name="Filename" value="/Objects/pipe_elbow_1.hs"/>
    </Properties>
  </Object>
  <Object name="Object19">
    <AbsoluteLocation value="15.531250 17.750000"/>
    <Properties>
      <Property name="Angle" value="-188.427"/>
      <Property name="Filename" value="/Objects/pipe_straight_short.hs"/>
    </Properties>
  </Object>
  <Object name="Object18">
    <AbsoluteLocation value="14.812500 22.031250"/>
    <Properties>
      <Property name="Angle" value="-196.764"/>
      <Property name="Filename" value="/Objects/pipe_straight_short.hs"/>
    </Properties>
  </Object>
  <Object name="Switch2">
    <AbsoluteLocation value="-26.250000 20.343750"/>
    <Properties>
      <Property name="Angle" value="-84.5002"/>
      <Property name="ConnectedObject0" value="Object5"/>
      <Property name="Filename" value="/Objects/switch_fan1.hs"/>
      <Property name="Type" value="switch"/>
    </Properties>
  </Object>
  <Object name="Object5">
    <AbsoluteLocation value="-30.218750 -45.250000"/>
    <Properties>
      <Property name="Angle" value="-359.681"/>
      <Property name="Filename" value="/Objects/wall_16x8.hs"/>
      <Property name="MotorMoveSpeed" value="30"/>
      <Property name="PathPos0" value="0 0"/>
      <Property name="PathPos1" value="-12 0"/>
    </Properties>
  </Object>
  <Object name="Spout7">
    <AbsoluteLocation value="27.562500 1.593750"/>
    <Properties>
      <Property name="Angle" value="128.363"/>
      <Property name="ConnectedSpout0" value="SWAMPY_SPOUT"/>
      <Property name="ConnectedSpoutProbability0" value="1"/>
      <Property name="Filename" value="/Objects/broken_pipe_allie.hs"/>
      <Property name="Type" value="spout"/>
    </Properties>
  </Object>
  <Object name="Object9">
    <AbsoluteLocation value="21.000000 -10.312500"/>
    <Properties>
      <Property name="Angle" value="-269.872"/>
      <Property name="Filename" value="/Objects/wall_16x8_green.hs"/>
      <Property name="MotorMoveSpeed" value="10"/>
      <Property name="PathPos0" value="0 0"/>
      <Property name="PathPos1" value="0 -8"/>
    </Properties>
  </Object>
  <Object name="Switch10">
    <AbsoluteLocation value="8.718750 32.156250"/>
    <Properties>
      <Property name="Angle" value="-186.663"/>
      <Property name="ConnectedObject0" value="Object10"/>
      <Property name="ConnectedObject1" value="Object16"/>
      <Property name="ConnectedObject2" value="Object9"/>
      <Property name="Filename" value="/Objects/switch_green.hs"/>
      <Property name="Type" value="switch"/>
    </Properties>
  </Object>
  <Object name="Object10">
    <AbsoluteLocation value="20.812500 2.250000"/>
    <Properties>
      <Property name="Angle" value="0"/>
      <Property name="Filename" value="/Objects/wall_8x8_green.hs"/>
      <Property name="MotorMoveSpeed" value="10"/>
      <Property name="PathPos0" value="0 0"/>
      <Property name="PathPos1" value="0 5"/>
    </Properties>
  </Object>
  <Object name="Spout11">
    <AbsoluteLocation value="13.218750 18.562500"/>
    <Properties>
      <Property name="Angle" value="-197.888"/>
      <Property name="Filename" value="/Objects/shower_head.hs"/>
      <Property name="FluidType" value="Water"/>
      <Property name="NumberParticles" value="0"/>
      <Property name="ParticleSpeed" value="30"/>
      <Property name="Type" value="spout"/>
    </Properties>
  </Object>
  <Object name="Spout12">
    <AbsoluteLocation value="25.312500 34.031250"/>
    <Properties>
      <Property name="Angle" value="-179.024"/>
      <Property name="ConnectedSpout0" value="Spout11"/>
      <Property name="ConnectedSpout1" value="Spout14"/>
      <Property name="ConnectedSpoutProbability0" value="0.5"/>
      <Property name="ConnectedSpoutProbability1" value="0.5"/>
      <Property name="Filename" value="/Objects/basic_drain.hs"/>
      <Property name="Type" value="spout"/>
    </Properties>
  </Object>
  <Object name="Switch13">
    <AbsoluteLocation value="5.718750 3.843750"/>
    <Properties>
      <Property name="Angle" value="-192.06"/>
      <Property name="ConnectedObject0" value="Object15"/>
      <Property name="Filename" value="/Objects/switch_fan3.hs"/>
      <Property name="Type" value="switch"/>
    </Properties>
  </Object>
  <Object name="Spout14">
    <AbsoluteLocation value="11.968750 23.750000"/>
    <Properties>
      <Property name="Angle" value="-223.32"/>
      <Property name="Filename" value="/Objects/shower_head.hs"/>
      <Property name="FluidType" value="Water"/>
      <Property name="NumberParticles" value="0"/>
      <Property name="ParticleSpeed" value="30"/>
      <Property name="Type" value="spout"/>
    </Properties>
  </Object>
  <Object name="Object16">
    <AbsoluteLocation value="-17.644783 -45.338013"/>
    <Properties>
      <Property name="Angle" value="-269.872"/>
      <Property name="Filename" value="/Objects/wall_16x8_green.hs"/>
      <Property name="MotorMoveSpeed" value="1"/>
      <Property name="MotorOn" value="0"/>
      <Property name="MotorWaitTime" value="5"/>
      <Property name="MotorWaitTurn" value="-90"/>
      <Property name="PathPos0" value="0 0"/>
      <Property name="PathPos1" value="0 0"/>
    </Properties>
  </Object>
  <Object name="Object17">
    <AbsoluteLocation value="-0.750000 34.968750"/>
    <Properties>
      <Property name="Angle" value="0"/>
      <Property name="Filename" value="/Objects/icicle_large.hs"/>
      <Property name="Type" value="icyhot"/>
    </Properties>
  </Object>
  <Object name="Ducky15">
    <AbsoluteLocation value="-10.875000 -28.125000"/>
    <Properties>
      <Property name="Angle" value="0"/>
      <Property name="Filename" value="/Objects/star_steam_allie.hs"/>
      <Property name="StarType" value="allie"/>
      <Property name="Type" value="star"/>
    </Properties>
  </Object>
  <Object name="Ducky16">
    <AbsoluteLocation value="-10.718750 23.468750"/>
    <Properties>
      <Property name="Angle" value="0"/>
      <Property name="Filename" value="/Objects/star_steam_allie.hs"/>
      <Property name="StarType" value="allie"/>
      <Property name="Type" value="star"/>
    </Properties>
  </Object>
  <Object name="Ducky17">
    <AbsoluteLocation value="0.250000 7.718750"/>
    <Properties>
      <Property name="Angle" value="0"/>
      <Property name="Filename" value="/Objects/star_steam_allie.hs"/>
      <Property name="StarType" value="allie"/>
      <Property name="Type" value="star"/>
    </Properties>
  </Object>
  <Object name="Object20">
    <AbsoluteLocation value="17.343750 22.125000"/>
    <Properties>
      <Property name="Angle" value="89.4024"/>
      <Property name="Filename" value="/Objects/pipe_t_joint.hs"/>
    </Properties>
  </Object>
  <Object name="Object15">
    <AbsoluteLocation value="22.375000 18.312500"/>
    <Properties>
      <Property name="Angle" value="-0.3609"/>
      <Property name="Filename" value="/Objects/wall_16x8_blue.hs"/>
      <Property name="MotorMoveSpeed" value="10"/>
      <Property name="PathPos0" value="0 0"/>
      <Property name="PathPos1" value="0 15"/>
    </Properties>
  </Object>
  <Object name="Object23">
    <AbsoluteLocation value="18.531250 34.062500"/>
    <Properties>
      <Property name="Angle" value="-93.2255"/>
      <Property name="Filename" value="/Objects/pipe_straight.hs"/>
    </Properties>
  </Object>
  <Object name="Object24">
    <AbsoluteLocation value="19.500000 38.156250"/>
    <Properties>
      <Property name="Angle" value="82.4755"/>
      <Property name="Filename" value="/Objects/pipe_elbow_2.hs"/>
    </Properties>
  </Object>
  <Object name="Object28">
    <AbsoluteLocation value="30.887756 -1.672390"/>
    <Properties>
      <Property name="Angle" value="-265.539"/>
      <Property name="Filename" value="/Objects/pipe_straight.hs"/>
    </Properties>
  </Object>
  <Object name="Object29">
    <AbsoluteLocation value="31.007942 -7.960487"/>
    <Properties>
      <Property name="Angle" value="-272.28"/>
      <Property name="Filename" value="/Objects/pipe_straight.hs"/>
    </Properties>
  </Object>
  <Object name="Object30">
    <AbsoluteLocation value="30.431747 -14.248585"/>
    <Properties>
      <Property name="Angle" value="-277.672"/>
      <Property name="Filename" value="/Objects/pipe_straight.hs"/>
    </Properties>
  </Object>
  <Object name="Object31">
    <AbsoluteLocation value="29.756073 -20.337719"/>
    <Properties>
      <Property name="Angle" value="-275.595"/>
      <Property name="Filename" value="/Objects/pipe_straight.hs"/>
    </Properties>
  </Object>
  <Object name="Object32">
    <AbsoluteLocation value="29.247818 -23.776306"/>
    <Properties>
      <Property name="Angle" value="-37.0981"/>
      <Property name="Filename" value="/Objects/pipe_spout_base.hs"/>
    </Properties>
  </Object>
  <Object name="Object33">
    <AbsoluteLocation value="20.791832 -16.514084"/>
    <Properties>
      <Property name="Angle" value="0"/>
      <Property name="Filename" value="/Objects/path_smooth_vertical_end_bottom.hs"/>
    </Properties>
  </Object>
  <Object name="Object34">
    <AbsoluteLocation value="20.791832 -7.859112"/>
    <Properties>
      <Property name="Angle" value="0"/>
      <Property name="Filename" value="/Objects/path_smooth_vertical_end_top.hs"/>
    </Properties>
  </Object>
  <Object name="Object35">
    <AbsoluteLocation value="20.791828 -11.838409"/>
    <Properties>
      <Property name="Angle" value="0"/>
      <Property name="Filename" value="/Objects/path_smooth_vertical_mid.hs"/>
    </Properties>
  </Object>
  <Object name="Object36">
    <AbsoluteLocation value="20.812538 6.246685"/>
    <Properties>
      <Property name="Angle" value="0"/>
      <Property name="Filename" value="/Objects/path_smooth_vertical_end_top.hs"/>
    </Properties>
  </Object>
  <Object name="Object37">
    <AbsoluteLocation value="20.812546 1.670494"/>
    <Properties>
      <Property name="Angle" value="0"/>
      <Property name="Filename" value="/Objects/path_smooth_vertical_end_bottom.hs"/>
    </Properties>
  </Object>
  <Object name="Object39">
    <AbsoluteLocation value="-26.760775 -45.363979"/>
    <Properties>
      <Property name="Angle" value="0"/>
      <Property name="Filename" value="/Objects/path_smooth_end_right.hs"/>
    </Properties>
  </Object>
  <Object name="Object40">
    <AbsoluteLocation value="-31.734896 -45.363987"/>
    <Properties>
      <Property name="Angle" value="0"/>
      <Property name="Filename" value="/Objects/path_smooth_mid.hs"/>
    </Properties>
  </Object>
  <Object name="Object41">
    <AbsoluteLocation value="-36.588829 -45.384693"/>
    <Properties>
      <Property name="Angle" value="0"/>
      <Property name="Filename" value="/Objects/path_smooth_mid.hs"/>
    </Properties>
  </Object>
  <Object name="Object42">
    <AbsoluteLocation value="25.388725 18.383545"/>
    <Properties>
      <Property name="Angle" value="0"/>
      <Property name="Filename" value="/Objects/path_smooth_vertical_end_bottom.hs"/>
    </Properties>
  </Object>
  <Object name="Object43">
    <AbsoluteLocation value="25.388725 30.022989"/>
    <Properties>
      <Property name="Angle" value="0"/>
      <Property name="Filename" value="/Objects/path_smooth_vertical_end_top.hs"/>
    </Properties>
  </Object>
  <Object name="Object44">
    <AbsoluteLocation value="25.388721 23.059219"/>
    <Properties>
      <Property name="Angle" value="0"/>
      <Property name="Filename" value="/Objects/path_smooth_vertical_mid.hs"/>
    </Properties>
  </Object>
  <Object name="Object45">
    <AbsoluteLocation value="25.409428 27.216778"/>
    <Properties>
      <Property name="Angle" value="0"/>
      <Property name="Filename" value="/Objects/path_smooth_vertical_mid.hs"/>
    </Properties>
  </Object>
  <Room>
    <AbsoluteLocation value="20.000002 -34.400005"/>
  </Room>
</Objects>
