<?xml version="1.0"?>
<Objects>
  <Object name="Object13">
    <AbsoluteLocation value="-2.777649 44.152241"/>
    <Properties>
      <Property name="Angle" value="97.6779"/>
      <Property name="Filename" value="/Objects/pipe_elbow_1.hs"/>
    </Properties>
  </Object>
  <Object name="Object7">
    <AbsoluteLocation value="-23.679783 -32.623409"/>
    <Properties>
      <Property name="Angle" value="64.0155"/>
      <Property name="Filename" value="/Objects/pipe_straight_short.hs"/>
    </Properties>
  </Object>
  <Object name="Spout2">
    <AbsoluteLocation value="-3.187500 41.812500"/>
    <Properties>
      <Property name="Angle" value="184.785"/>
      <Property name="ConnectedSpout0" value="SWAMPY_SPOUT"/>
      <Property name="ConnectedSpoutProbability0" value="1"/>
      <Property name="Filename" value="/Objects/broken_pipe_allie.hs"/>
      <Property name="Type" value="spout"/>
    </Properties>
  </Object>
  <Object name="Spout3">
    <AbsoluteLocation value="-22.125000 -29.718750"/>
    <Properties>
      <Property name="Angle" value="67.7234"/>
      <Property name="Filename" value="/Objects/shower_head.hs"/>
      <Property name="FluidType" value="ContaminatedWater"/>
      <Property name="ParticleSpeed" value="40"/>
      <Property name="ParticlesPerSecond" value="3"/>
      <Property name="Type" value="spout"/>
    </Properties>
  </Object>
  <Object name="Ducky4">
    <AbsoluteLocation value="-21.375000 27.187500"/>
    <Properties>
      <Property name="Angle" value="0"/>
      <Property name="Filename" value="/Objects/star_steam_allie.hs"/>
      <Property name="StarType" value="allie"/>
      <Property name="Type" value="star"/>
    </Properties>
  </Object>
  <Object name="Ducky5">
    <AbsoluteLocation value="21.319901 -13.394516"/>
    <Properties>
      <Property name="Angle" value="0"/>
      <Property name="Filename" value="/Objects/star_steam_allie.hs"/>
      <Property name="StarType" value="allie"/>
      <Property name="Type" value="star"/>
    </Properties>
  </Object>
  <Object name="Ducky6">
    <AbsoluteLocation value="-2.471581 17.907810"/>
    <Properties>
      <Property name="Angle" value="0"/>
      <Property name="Filename" value="/Objects/star_steam_allie.hs"/>
      <Property name="StarType" value="allie"/>
      <Property name="Type" value="star"/>
    </Properties>
  </Object>
  <Object name="Object8">
    <AbsoluteLocation value="-24.951906 -34.643845"/>
    <Properties>
      <Property name="Angle" value="-110.707"/>
      <Property name="Filename" value="/Objects/pipe_bend_1.hs"/>
    </Properties>
  </Object>
  <Object name="Object9">
    <AbsoluteLocation value="-26.339741 -35.276447"/>
    <Properties>
      <Property name="Angle" value="19.3292"/>
      <Property name="Filename" value="/Objects/pipe_straight_short.hs"/>
    </Properties>
  </Object>
  <Object name="Object10">
    <AbsoluteLocation value="-27.720657 -35.990799"/>
    <Properties>
      <Property name="Angle" value="72.2021"/>
      <Property name="Filename" value="/Objects/pipe_bend_2.hs"/>
    </Properties>
  </Object>
  <Object name="Object11">
    <AbsoluteLocation value="-28.843128 -40.705170"/>
    <Properties>
      <Property name="Angle" value="81.495"/>
      <Property name="Filename" value="/Objects/pipe_straight_long.hs"/>
    </Properties>
  </Object>
  <Object name="Object12">
    <AbsoluteLocation value="-29.332993 -49.269863"/>
    <Properties>
      <Property name="Angle" value="91.2423"/>
      <Property name="Filename" value="/Objects/pipe_straight_long.hs"/>
    </Properties>
  </Object>
  <Object name="Object14">
    <AbsoluteLocation value="-0.627604 44.827972"/>
    <Properties>
      <Property name="Angle" value="9.36959"/>
      <Property name="Filename" value="/Objects/pipe_bend_2.hs"/>
    </Properties>
  </Object>
  <Object name="Object15">
    <AbsoluteLocation value="3.097006 42.130337"/>
    <Properties>
      <Property name="Angle" value="-37.296"/>
      <Property name="Filename" value="/Objects/pipe_straight_long.hs"/>
    </Properties>
  </Object>
  <Object name="Object16">
    <AbsoluteLocation value="7.277435 38.731266"/>
    <Properties>
      <Property name="Angle" value="-43.3999"/>
      <Property name="Filename" value="/Objects/pipe_straight_short.hs"/>
    </Properties>
  </Object>
  <Object name="Object17">
    <AbsoluteLocation value="7.917692 38.102844"/>
    <Properties>
      <Property name="Angle" value="42.1108"/>
      <Property name="Filename" value="/Objects/pipe_spout_base.hs"/>
    </Properties>
  </Object>
  <Room>
    <AbsoluteLocation value="17.200003 27.599998"/>
  </Room>
</Objects>
