<?xml version="1.0"?>
<Objects>
  <Object name="Object25">
    <AbsoluteLocation value="17.658154 43.399826"/>
    <Properties>
      <Property name="Angle" value="15.3579"/>
      <Property name="Filename" value="/Objects/pipe_elbow_1.hs"/>
    </Properties>
  </Object>
  <Object name="Object67">
    <AbsoluteLocation value="-8.261918 -10.206766"/>
    <Properties>
      <Property name="Angle" value="5.19774"/>
      <Property name="Filename" value="/Objects/pipe_straight_short.hs"/>
    </Properties>
  </Object>
  <Object name="Object65">
    <AbsoluteLocation value="-17.879313 -13.463588"/>
    <Properties>
      <Property name="Angle" value="90.6764"/>
      <Property name="Filename" value="/Objects/pipe_straight_short.hs"/>
    </Properties>
  </Object>
  <Object name="Object63">
    <AbsoluteLocation value="-18.135429 -31.002438"/>
    <Properties>
      <Property name="Angle" value="92.1452"/>
      <Property name="Filename" value="/Objects/pipe_straight.hs"/>
    </Properties>
  </Object>
  <Object name="Object59">
    <AbsoluteLocation value="13.294710 -2.155630"/>
    <Properties>
      <Property name="Angle" value="23.8322"/>
      <Property name="Filename" value="/Objects/pipe_bend_2.hs"/>
    </Properties>
  </Object>
  <Object name="Object56">
    <AbsoluteLocation value="14.929674 -2.208336"/>
    <Properties>
      <Property name="Angle" value="-119.599"/>
      <Property name="Filename" value="/Objects/pipe_elbow_2.hs"/>
    </Properties>
  </Object>
  <Object name="Object52">
    <AbsoluteLocation value="25.759563 -0.444048"/>
    <Properties>
      <Property name="Angle" value="0"/>
      <Property name="Filename" value="/Objects/path_vertical_locking_end_bottom.hs"/>
    </Properties>
  </Object>
  <Object name="Object49">
    <AbsoluteLocation value="25.716316 4.372637"/>
    <Properties>
      <Property name="Angle" value="90.4815"/>
      <Property name="Filename" value="/Objects/path_locking_mid.hs"/>
    </Properties>
  </Object>
  <Object name="Object51">
    <AbsoluteLocation value="25.676716 9.238632"/>
    <Properties>
      <Property name="Angle" value="90.4815"/>
      <Property name="Filename" value="/Objects/path_locking_mid.hs"/>
    </Properties>
  </Object>
  <Object name="Object48">
    <AbsoluteLocation value="25.650314 14.117828"/>
    <Properties>
      <Property name="Angle" value="90.4815"/>
      <Property name="Filename" value="/Objects/path_locking_mid.hs"/>
    </Properties>
  </Object>
  <Object name="Object50">
    <AbsoluteLocation value="25.623920 18.983828"/>
    <Properties>
      <Property name="Angle" value="90.4815"/>
      <Property name="Filename" value="/Objects/path_locking_mid.hs"/>
    </Properties>
  </Object>
  <Object name="Object53">
    <AbsoluteLocation value="25.600000 23.200001"/>
    <Properties>
      <Property name="Angle" value="0"/>
      <Property name="Filename" value="/Objects/path_vertical_locking_end_top.hs"/>
    </Properties>
  </Object>
  <Object name="Object37">
    <AbsoluteLocation value="-25.600000 -34.799999"/>
    <Properties>
      <Property name="Angle" value="0"/>
      <Property name="Filename" value="/Objects/path_vertical_locking_end_bottom.hs"/>
    </Properties>
  </Object>
  <Object name="Object39">
    <AbsoluteLocation value="-25.600000 -30.000000"/>
    <Properties>
      <Property name="Angle" value="90"/>
      <Property name="Filename" value="/Objects/path_locking_mid.hs"/>
    </Properties>
  </Object>
  <Object name="Object40">
    <AbsoluteLocation value="-25.600000 -25.200001"/>
    <Properties>
      <Property name="Angle" value="90"/>
      <Property name="Filename" value="/Objects/path_locking_mid.hs"/>
    </Properties>
  </Object>
  <Object name="Object41">
    <AbsoluteLocation value="-25.600000 -20.400000"/>
    <Properties>
      <Property name="Angle" value="90"/>
      <Property name="Filename" value="/Objects/path_locking_mid.hs"/>
    </Properties>
  </Object>
  <Object name="Object42">
    <AbsoluteLocation value="-25.600000 -15.600000"/>
    <Properties>
      <Property name="Angle" value="90"/>
      <Property name="Filename" value="/Objects/path_locking_mid.hs"/>
    </Properties>
  </Object>
  <Object name="Object43">
    <AbsoluteLocation value="-25.600000 -10.800000"/>
    <Properties>
      <Property name="Angle" value="90"/>
      <Property name="Filename" value="/Objects/path_locking_mid.hs"/>
    </Properties>
  </Object>
  <Object name="Object44">
    <AbsoluteLocation value="-25.600000 -6.000000"/>
    <Properties>
      <Property name="Angle" value="90"/>
      <Property name="Filename" value="/Objects/path_locking_mid.hs"/>
    </Properties>
  </Object>
  <Object name="Object45">
    <AbsoluteLocation value="-25.609358 -1.402546"/>
    <Properties>
      <Property name="Angle" value="90.4815"/>
      <Property name="Filename" value="/Objects/path_locking_mid.hs"/>
    </Properties>
  </Object>
  <Object name="Object46">
    <AbsoluteLocation value="-25.648954 3.476650"/>
    <Properties>
      <Property name="Angle" value="90.4815"/>
      <Property name="Filename" value="/Objects/path_locking_mid.hs"/>
    </Properties>
  </Object>
  <Object name="Object36">
    <AbsoluteLocation value="-25.675356 8.355850"/>
    <Properties>
      <Property name="Angle" value="0"/>
      <Property name="Filename" value="/Objects/path_vertical_locking_end_top.hs"/>
    </Properties>
  </Object>
  <Object name="Object33">
    <AbsoluteLocation value="-6.332017 38.174999"/>
    <Properties>
      <Property name="Angle" value="56.2668"/>
      <Property name="Filename" value="/Objects/pipe_bend_2.hs"/>
    </Properties>
  </Object>
  <Object name="Object26">
    <AbsoluteLocation value="16.775820 43.702267"/>
    <Properties>
      <Property name="Angle" value="68.1951"/>
      <Property name="Filename" value="/Objects/pipe_bend_2.hs"/>
    </Properties>
  </Object>
  <Object name="Object24">
    <AbsoluteLocation value="-21.668861 -51.157104"/>
    <Properties>
      <Property name="Angle" value="66.2996"/>
      <Property name="Filename" value="/Objects/pipe_straight_long.hs"/>
    </Properties>
  </Object>
  <Object name="Object4">
    <AbsoluteLocation value="-7.743410 -12.916758"/>
    <Properties>
      <Property name="Angle" value="0"/>
      <Property name="Filename" value="/Objects/icicle_small.hs"/>
      <Property name="Type" value="icyhot"/>
    </Properties>
  </Object>
  <Object name="Spout2">
    <AbsoluteLocation value="18.408579 40.860806"/>
    <Properties>
      <Property name="Angle" value="179.89"/>
      <Property name="ConnectedSpout0" value="SWAMPY_SPOUT"/>
      <Property name="ConnectedSpoutProbability0" value="1"/>
      <Property name="Filename" value="/Objects/broken_pipe_allie.hs"/>
      <Property name="Type" value="spout"/>
    </Properties>
  </Object>
  <Object name="Object3">
    <AbsoluteLocation value="-12.148877 -15.836983"/>
    <Properties>
      <Property name="Angle" value="39.2102"/>
      <Property name="Filename" value="/Objects/icicle_medium.hs"/>
      <Property name="Type" value="icyhot"/>
    </Properties>
  </Object>
  <Object name="Object8">
    <AbsoluteLocation value="-6.800000 -29.600000"/>
    <Properties>
      <Property name="Angle" value="180"/>
      <Property name="Filename" value="/Objects/wall_16x8.hs"/>
      <Property name="MotorMoveSpeed" value="4"/>
      <Property name="PathPos0" value="0 0"/>
      <Property name="PathPos1" value="14 0"/>
    </Properties>
  </Object>
  <Object name="WaterBalloon11">
    <AbsoluteLocation value="-10.400005 -36.800003"/>
    <Properties>
      <Property name="Angle" value="0"/>
      <Property name="Filename" value="/Objects/balloon.hs"/>
      <Property name="InitialParticles" value="Steam 35"/>
      <Property name="Type" value="waterballoon"/>
    </Properties>
  </Object>
  <Object name="Switch12">
    <AbsoluteLocation value="28.401079 -43.386631"/>
    <Properties>
      <Property name="Angle" value="42.8703"/>
      <Property name="ConnectedObject0" value="Object8"/>
      <Property name="Filename" value="/Objects/switch.hs"/>
      <Property name="Type" value="switch"/>
    </Properties>
  </Object>
  <Object name="Spout12">
    <AbsoluteLocation value="-18.971201 -45.376129"/>
    <Properties>
      <Property name="Angle" value="64.0306"/>
      <Property name="Filename" value="/Objects/shower_head.hs"/>
      <Property name="FluidType" value="Steam"/>
      <Property name="ParticleSpeed" value="4"/>
      <Property name="ParticlesPerSecond" value="3"/>
      <Property name="Type" value="spout"/>
    </Properties>
  </Object>
  <Object name="Object18">
    <AbsoluteLocation value="-25.691935 2.877663"/>
    <Properties>
      <Property name="Angle" value="90"/>
      <Property name="Filename" value="/Objects/pipe_straight_short.hs"/>
      <Property name="Parent" value="Object16"/>
    </Properties>
  </Object>
  <Object name="Object17">
    <AbsoluteLocation value="-25.691935 4.077662"/>
    <Properties>
      <Property name="Angle" value="180"/>
      <Property name="Filename" value="/Objects/pipe_spout_base.hs"/>
      <Property name="Parent" value="Object16"/>
    </Properties>
  </Object>
  <Object name="Fan13">
    <AbsoluteLocation value="-26.000000 0.000000"/>
    <Properties>
      <Property name="Angle" value="-90"/>
      <Property name="Filename" value="/Objects/fan_8x8_w_cable_gear3.hs"/>
      <Property name="Parent" value="Object16"/>
      <Property name="Type" value="fan"/>
      <Property name="VacuumMaxD" value="45"/>
      <Property name="VacuumMaxForce" value="35"/>
      <Property name="VacuumOn" value="1"/>
    </Properties>
  </Object>
  <Object name="Object16">
    <AbsoluteLocation value="-25.691935 7.677665"/>
    <Properties>
      <Property name="Angle" value="0"/>
      <Property name="Filename" value="/Objects/wall_8x8_locking.hs"/>
      <Property name="PathPos0" value="0 0"/>
      <Property name="PathPos1" value="0 -53"/>
    </Properties>
  </Object>
  <Object name="Object19">
    <AbsoluteLocation value="25.729393 7.850998"/>
    <Properties>
      <Property name="Angle" value="90"/>
      <Property name="Filename" value="/Objects/pipe_straight_short.hs"/>
      <Property name="Parent" value="Object15"/>
    </Properties>
  </Object>
  <Object name="Object20">
    <AbsoluteLocation value="25.729393 9.073219"/>
    <Properties>
      <Property name="Angle" value="180"/>
      <Property name="Filename" value="/Objects/pipe_spout_base.hs"/>
      <Property name="Parent" value="Object15"/>
    </Properties>
  </Object>
  <Object name="Fan14">
    <AbsoluteLocation value="25.599998 4.466667"/>
    <Properties>
      <Property name="Angle" value="90"/>
      <Property name="Filename" value="/Objects/fan_8x8_w_cable_gear3.hs"/>
      <Property name="Parent" value="Object15"/>
      <Property name="Type" value="fan"/>
      <Property name="VacuumOn" value="1"/>
    </Properties>
  </Object>
  <Object name="Object15">
    <AbsoluteLocation value="25.729393 12.673220"/>
    <Properties>
      <Property name="Angle" value="0"/>
      <Property name="Filename" value="/Objects/wall_8x8_locking.hs"/>
      <Property name="PathPos0" value="0 12.5"/>
      <Property name="PathPos1" value="0 -16.5"/>
    </Properties>
  </Object>
  <Object name="Ducky21">
    <AbsoluteLocation value="18.000000 11.600000"/>
    <Properties>
      <Property name="Angle" value="0"/>
      <Property name="Filename" value="/Objects/star_steam_allie.hs"/>
      <Property name="StarType" value="allie"/>
      <Property name="Type" value="star"/>
    </Properties>
  </Object>
  <Object name="Ducky22">
    <AbsoluteLocation value="25.600000 -29.600000"/>
    <Properties>
      <Property name="Angle" value="0"/>
      <Property name="Filename" value="/Objects/star_steam_allie.hs"/>
      <Property name="StarType" value="allie"/>
      <Property name="Type" value="star"/>
    </Properties>
  </Object>
  <Object name="Ducky23">
    <AbsoluteLocation value="-10.000000 -22.400000"/>
    <Properties>
      <Property name="Angle" value="0"/>
      <Property name="Filename" value="/Objects/star_steam_allie.hs"/>
      <Property name="StarType" value="allie"/>
      <Property name="Type" value="star"/>
    </Properties>
  </Object>
  <Object name="Object27">
    <AbsoluteLocation value="10.838091 -2.893781"/>
    <Properties>
      <Property name="Angle" value="24.7479"/>
      <Property name="Filename" value="/Objects/pipe_straight_short.hs"/>
    </Properties>
  </Object>
  <Object name="Object28">
    <AbsoluteLocation value="15.574638 42.032864"/>
    <Properties>
      <Property name="Angle" value="-100.877"/>
      <Property name="Filename" value="/Objects/pipe_bend_1.hs"/>
    </Properties>
  </Object>
  <Object name="Object29">
    <AbsoluteLocation value="14.510338 41.456448"/>
    <Properties>
      <Property name="Angle" value="205.792"/>
      <Property name="Filename" value="/Objects/pipe_into_wall_2.hs"/>
    </Properties>
  </Object>
  <Object name="Object30">
    <AbsoluteLocation value="-4.864887 38.565907"/>
    <Properties>
      <Property name="Angle" value="7.77383"/>
      <Property name="Filename" value="/Objects/pipe_into_wall_1.hs"/>
    </Properties>
  </Object>
  <Object name="Object32">
    <AbsoluteLocation value="-7.815523 36.910679"/>
    <Properties>
      <Property name="Angle" value="-132.167"/>
      <Property name="Filename" value="/Objects/pipe_connector_end.hs"/>
    </Properties>
  </Object>
  <Object name="Object34">
    <AbsoluteLocation value="-7.388845 -29.622725"/>
    <Properties>
      <Property name="Angle" value="0"/>
      <Property name="Filename" value="/Objects/path_locking_end.hs"/>
    </Properties>
  </Object>
  <Object name="Object35">
    <AbsoluteLocation value="2.366667 -29.600000"/>
    <Properties>
      <Property name="Angle" value="0"/>
      <Property name="Filename" value="/Objects/path_locking_end_right.hs"/>
    </Properties>
  </Object>
  <Object name="Spout51">
    <AbsoluteLocation value="16.384363 -0.251667"/>
    <Properties>
      <Property name="Angle" value="80.9382"/>
      <Property name="Filename" value="/Objects/shower_head.hs"/>
      <Property name="FluidType" value="Steam"/>
      <Property name="NumberParticles" value="0"/>
      <Property name="ParticleSpeed" value="4"/>
      <Property name="ParticlesPerSecond" value="3"/>
      <Property name="Type" value="spout"/>
    </Properties>
  </Object>
  <Object name="Spout61">
    <AbsoluteLocation value="-17.541473 -35.986603"/>
    <Properties>
      <Property name="Angle" value="192.592"/>
      <Property name="ConnectedSpout0" value="Spout51"/>
      <Property name="ConnectedSpoutProbability0" value="1"/>
      <Property name="Filename" value="/Objects/basic_drain.hs"/>
      <Property name="Type" value="spout"/>
    </Properties>
  </Object>
  <Object name="Object54">
    <AbsoluteLocation value="-2.528564 -29.634243"/>
    <Properties>
      <Property name="Angle" value="0"/>
      <Property name="Filename" value="/Objects/path_locking_mid.hs"/>
    </Properties>
  </Object>
  <Object name="Object58">
    <AbsoluteLocation value="8.610887 -3.929275"/>
    <Properties>
      <Property name="Angle" value="206.377"/>
      <Property name="Filename" value="/Objects/pipe_into_wall_2.hs"/>
    </Properties>
  </Object>
  <Object name="Object60">
    <AbsoluteLocation value="-6.040127 -9.908890"/>
    <Properties>
      <Property name="Angle" value="8.87083"/>
      <Property name="Filename" value="/Objects/pipe_into_wall_1.hs"/>
    </Properties>
  </Object>
  <Object name="Object61">
    <AbsoluteLocation value="-17.889090 -15.698974"/>
    <Properties>
      <Property name="Angle" value="269.348"/>
      <Property name="Filename" value="/Objects/pipe_into_wall_2.hs"/>
    </Properties>
  </Object>
  <Object name="Object62">
    <AbsoluteLocation value="-18.188862 -27.573935"/>
    <Properties>
      <Property name="Angle" value="89.7428"/>
      <Property name="Filename" value="/Objects/pipe_into_wall_1.hs"/>
    </Properties>
  </Object>
  <Object name="Object64">
    <AbsoluteLocation value="-17.195297 -11.169377"/>
    <Properties>
      <Property name="Angle" value="89.6769"/>
      <Property name="Filename" value="/Objects/pipe_elbow_1.hs"/>
    </Properties>
  </Object>
  <Object name="Object66">
    <AbsoluteLocation value="-12.775916 -10.419870"/>
    <Properties>
      <Property name="Angle" value="1.20069"/>
      <Property name="Filename" value="/Objects/pipe_straight.hs"/>
    </Properties>
  </Object>
  <Object name="Spout62">
    <AbsoluteLocation value="28.785892 -51.030155"/>
    <Properties>
      <Property name="Angle" value="24.7086"/>
      <Property name="ConnectedSpout0" value="Spout69"/>
      <Property name="ConnectedSpoutProbability0" value="1"/>
      <Property name="Filename" value="/Objects/basic_drain.hs"/>
      <Property name="Type" value="spout"/>
    </Properties>
  </Object>
  <Object name="Spout63">
    <AbsoluteLocation value="24.851816 -52.186787"/>
    <Properties>
      <Property name="Angle" value="24.7086"/>
      <Property name="ConnectedSpout0" value="Spout69"/>
      <Property name="ConnectedSpoutProbability0" value="1"/>
      <Property name="Filename" value="/Objects/basic_drain.hs"/>
      <Property name="Type" value="spout"/>
    </Properties>
  </Object>
  <Object name="Spout64">
    <AbsoluteLocation value="21.099161 -52.967739"/>
    <Properties>
      <Property name="Angle" value="24.7086"/>
      <Property name="ConnectedSpout0" value="Spout69"/>
      <Property name="ConnectedSpoutProbability0" value="1"/>
      <Property name="Filename" value="/Objects/basic_drain.hs"/>
      <Property name="Type" value="spout"/>
    </Properties>
  </Object>
  <Object name="Spout65">
    <AbsoluteLocation value="17.218399 -53.540867"/>
    <Properties>
      <Property name="Angle" value="24.7086"/>
      <Property name="ConnectedSpout0" value="Spout69"/>
      <Property name="ConnectedSpoutProbability0" value="1"/>
      <Property name="Filename" value="/Objects/basic_drain.hs"/>
      <Property name="Type" value="spout"/>
    </Properties>
  </Object>
  <Object name="Spout66">
    <AbsoluteLocation value="13.404034 -53.923927"/>
    <Properties>
      <Property name="Angle" value="24.7086"/>
      <Property name="ConnectedSpout0" value="Spout69"/>
      <Property name="ConnectedSpoutProbability0" value="1"/>
      <Property name="Filename" value="/Objects/basic_drain.hs"/>
      <Property name="Type" value="spout"/>
    </Properties>
  </Object>
  <Object name="Spout68">
    <AbsoluteLocation value="9.680237 -55.413174"/>
    <Properties>
      <Property name="Angle" value="24.7086"/>
      <Property name="ConnectedSpout0" value="Spout69"/>
      <Property name="ConnectedSpoutProbability0" value="1"/>
      <Property name="Filename" value="/Objects/basic_drain.hs"/>
      <Property name="Type" value="spout"/>
    </Properties>
  </Object>
  <Object name="Spout69">
    <AbsoluteLocation value="65.530281 -37.283287"/>
    <Properties>
      <Property name="Angle" value="-15.2301"/>
      <Property name="Filename" value="/Objects/shower_head.hs"/>
      <Property name="FluidType" value="Water"/>
      <Property name="Type" value="spout"/>
    </Properties>
  </Object>
  <Room>
    <AbsoluteLocation value="-17.199997 27.599998"/>
  </Room>
</Objects>
