<?xml version="1.0"?>
<Objects>
  <Object name="Object10">
    <AbsoluteLocation value="4.031250 41.625000"/>
    <Properties>
      <Property name="Angle" value="46.9478"/>
      <Property name="Filename" value="/Objects/pipe_elbow_1.hs"/>
    </Properties>
  </Object>
  <Object name="Object9">
    <AbsoluteLocation value="-32.790306 -18.595938"/>
    <Properties>
      <Property name="Angle" value="-8.52286"/>
      <Property name="Filename" value="/Objects/pipe_straight.hs"/>
    </Properties>
  </Object>
  <Object name="Spout2">
    <AbsoluteLocation value="1.875000 39.656250"/>
    <Properties>
      <Property name="Angle" value="153.104"/>
      <Property name="ConnectedSpout0" value="SWAMPY_SPOUT"/>
      <Property name="ConnectedSpoutProbability0" value="1"/>
      <Property name="Filename" value="/Objects/broken_pipe_allie.hs"/>
      <Property name="Type" value="spout"/>
    </Properties>
  </Object>
  <Object name="Fan3">
    <AbsoluteLocation value="-10.781250 -29.156250"/>
    <Properties>
      <Property name="Angle" value="0"/>
      <Property name="Filename" value="/Objects/fan_24x8.hs"/>
      <Property name="Type" value="fan"/>
      <Property name="VacuumForce" value="200"/>
      <Property name="VacuumOn" value="0"/>
    </Properties>
  </Object>
  <Object name="Spout5">
    <AbsoluteLocation value="-27.940561 -19.278093"/>
    <Properties>
      <Property name="Angle" value="-2.51425"/>
      <Property name="Filename" value="/Objects/shower_head.hs"/>
      <Property name="FluidType" value="Water"/>
      <Property name="ParticleSpeed" value="10"/>
      <Property name="Type" value="spout"/>
    </Properties>
  </Object>
  <Object name="Ducky6">
    <AbsoluteLocation value="-24.800001 31.200001"/>
    <Properties>
      <Property name="Angle" value="0"/>
      <Property name="Filename" value="/Objects/star_steam_allie.hs"/>
      <Property name="StarType" value="allie"/>
      <Property name="Type" value="star"/>
    </Properties>
  </Object>
  <Object name="Ducky7">
    <AbsoluteLocation value="-19.234604 -38.500988"/>
    <Properties>
      <Property name="Angle" value="0"/>
      <Property name="Filename" value="/Objects/star_steam_allie.hs"/>
      <Property name="StarType" value="allie"/>
      <Property name="Type" value="star"/>
    </Properties>
  </Object>
  <Object name="Ducky8">
    <AbsoluteLocation value="26.610432 -7.410040"/>
    <Properties>
      <Property name="Angle" value="0"/>
      <Property name="Filename" value="/Objects/star_steam_allie.hs"/>
      <Property name="StarType" value="allie"/>
      <Property name="Type" value="star"/>
    </Properties>
  </Object>
  <Object name="Object11">
    <AbsoluteLocation value="7.187500 39.312500"/>
    <Properties>
      <Property name="Angle" value="-47.1598"/>
      <Property name="Filename" value="/Objects/pipe_straight.hs"/>
    </Properties>
  </Object>
  <Object name="Collectible13">
    <AbsoluteLocation value="15.575001 -39.281250"/>
    <Properties>
      <Property name="Angle" value="0"/>
      <Property name="Filename" value="/Objects/z_collectible_allie_04.hs"/>
      <Property name="Type" value="collectible"/>
    </Properties>
  </Object>
  <Object name="Object14">
    <AbsoluteLocation value="8.316753 38.038120"/>
    <Properties>
      <Property name="Angle" value="-48.1893"/>
      <Property name="Filename" value="/Objects/pipe_connector_end.hs"/>
    </Properties>
  </Object>
  <Object name="Object15">
    <AbsoluteLocation value="-38.341965 -18.080801"/>
    <Properties>
      <Property name="Angle" value="-2.80239"/>
      <Property name="Filename" value="/Objects/pipe_straight.hs"/>
    </Properties>
  </Object>
  <Object name="Switch17">
    <AbsoluteLocation value="28.921875 -44.625000"/>
    <Properties>
      <Property name="Angle" value="7.53369"/>
      <Property name="ConnectedObject0" value="Fan3"/>
      <Property name="Filename" value="/Objects/switch.hs"/>
      <Property name="Type" value="switch"/>
    </Properties>
  </Object>
  <Room>
    <AbsoluteLocation value="17.200003 27.599998"/>
  </Room>
</Objects>
