<?xml version="1.0"?>
<Objects>
  <Object name="Object122">
    <AbsoluteLocation value="30.601711 16.310116"/>
    <Properties>
      <Property name="Angle" value="-38.9416"/>
      <Property name="Filename" value="/Objects/pipe_bend_1.hs"/>
    </Properties>
  </Object>
  <Object name="Object113">
    <AbsoluteLocation value="25.599998 -15.996297"/>
    <Properties>
      <Property name="Angle" value="0"/>
      <Property name="Filename" value="/Objects/path_vertical_locking_mid.hs"/>
    </Properties>
  </Object>
  <Object name="Object116">
    <AbsoluteLocation value="25.599998 -11.201854"/>
    <Properties>
      <Property name="Angle" value="0"/>
      <Property name="Filename" value="/Objects/path_vertical_locking_mid.hs"/>
    </Properties>
  </Object>
  <Object name="Object115">
    <AbsoluteLocation value="25.599998 -6.401854"/>
    <Properties>
      <Property name="Angle" value="0"/>
      <Property name="Filename" value="/Objects/path_vertical_locking_end_top.hs"/>
    </Properties>
  </Object>
  <Object name="Object99">
    <AbsoluteLocation value="25.516151 -15.875622"/>
    <Properties>
      <Property name="Angle" value="89.8698"/>
      <Property name="Filename" value="/Objects/pipe_straight_short.hs"/>
      <Property name="Parent" value="PipeBlock"/>
    </Properties>
  </Object>
  <Object name="Object97">
    <AbsoluteLocation value="11.495794 -24.210199"/>
    <Properties>
      <Property name="Angle" value="265.948"/>
      <Property name="Filename" value="/Objects/pipe_elbow_1.hs"/>
    </Properties>
  </Object>
  <Object name="Object95">
    <AbsoluteLocation value="9.670912 -9.173633"/>
    <Properties>
      <Property name="Angle" value="89.3175"/>
      <Property name="Filename" value="/Objects/pipe_straight_long.hs"/>
    </Properties>
  </Object>
  <Object name="Object92">
    <AbsoluteLocation value="8.282575 15.874675"/>
    <Properties>
      <Property name="Angle" value="142.948"/>
      <Property name="Filename" value="/Objects/pipe_straight_short.hs"/>
    </Properties>
  </Object>
  <Object name="Object86">
    <AbsoluteLocation value="2.816016 20.605137"/>
    <Properties>
      <Property name="Angle" value="503.138"/>
      <Property name="Filename" value="/Objects/pipe_bend_2.hs"/>
    </Properties>
  </Object>
  <Object name="Object83">
    <AbsoluteLocation value="3.121376 35.737305"/>
    <Properties>
      <Property name="Angle" value="451.716"/>
      <Property name="Filename" value="/Objects/pipe_bend_2.hs"/>
    </Properties>
  </Object>
  <Object name="Object81">
    <AbsoluteLocation value="7.634810 41.425316"/>
    <Properties>
      <Property name="Angle" value="31.8677"/>
      <Property name="Filename" value="/Objects/pipe_elbow_2.hs"/>
    </Properties>
  </Object>
  <Object name="Object78">
    <AbsoluteLocation value="10.499557 0.258257"/>
    <Properties>
      <Property name="Angle" value="330.037"/>
      <Property name="Filename" value="/Objects/pipe_straight_short.hs"/>
    </Properties>
  </Object>
  <Object name="Object72">
    <AbsoluteLocation value="30.523561 6.064355"/>
    <Properties>
      <Property name="Angle" value="88.4283"/>
      <Property name="Filename" value="/Objects/pipe_straight_long.hs"/>
    </Properties>
  </Object>
  <Object name="Object55">
    <AbsoluteLocation value="-3.277401 -29.353859"/>
    <Properties>
      <Property name="Angle" value="2.63433"/>
      <Property name="Filename" value="/Objects/pipe_elbow_1.hs"/>
    </Properties>
  </Object>
  <Object name="Object53">
    <AbsoluteLocation value="-30.671629 -21.156902"/>
    <Properties>
      <Property name="Angle" value="91.6472"/>
      <Property name="Filename" value="/Objects/pipe_elbow_1.hs"/>
    </Properties>
  </Object>
  <Object name="Object52">
    <AbsoluteLocation value="-31.201441 -24.426546"/>
    <Properties>
      <Property name="Angle" value="93.0574"/>
      <Property name="Filename" value="/Objects/pipe_straight.hs"/>
    </Properties>
  </Object>
  <Object name="Object45">
    <AbsoluteLocation value="-14.365374 -29.876251"/>
    <Properties>
      <Property name="Angle" value="43.205"/>
      <Property name="Filename" value="/Objects/pipe_straight_long.hs"/>
    </Properties>
  </Object>
  <Object name="Object44">
    <AbsoluteLocation value="-10.581652 -15.048607"/>
    <Properties>
      <Property name="Angle" value="0"/>
      <Property name="Filename" value="/Objects/pipe_elbow_2.hs"/>
    </Properties>
  </Object>
  <Object name="Object43">
    <AbsoluteLocation value="-9.972864 -21.005985"/>
    <Properties>
      <Property name="Angle" value="88.9704"/>
      <Property name="Filename" value="/Objects/pipe_straight_long.hs"/>
    </Properties>
  </Object>
  <Object name="Object42">
    <AbsoluteLocation value="-10.233774 -28.702744"/>
    <Properties>
      <Property name="Angle" value="80.5397"/>
      <Property name="Filename" value="/Objects/pipe_straight_short.hs"/>
    </Properties>
  </Object>
  <Object name="Object27">
    <AbsoluteLocation value="30.034958 -21.584541"/>
    <Properties>
      <Property name="Angle" value="0"/>
      <Property name="Filename" value="/Objects/pipe_elbow_2.hs"/>
      <Property name="Parent" value="PipeBlock"/>
    </Properties>
  </Object>
  <Object name="Object26">
    <AbsoluteLocation value="24.221066 -13.303095"/>
    <Properties>
      <Property name="Angle" value="138.138"/>
      <Property name="Filename" value="/Objects/pipe_straight_short.hs"/>
      <Property name="Parent" value="PipeBlock"/>
    </Properties>
  </Object>
  <Object name="Object25">
    <AbsoluteLocation value="29.004395 -20.827475"/>
    <Properties>
      <Property name="Angle" value="-90"/>
      <Property name="Filename" value="/Objects/pipe_spout_base.hs"/>
      <Property name="Parent" value="PipeBlock"/>
    </Properties>
  </Object>
  <Object name="Object24">
    <AbsoluteLocation value="25.404394 -17.227474"/>
    <Properties>
      <Property name="Angle" value="0"/>
      <Property name="Filename" value="/Objects/pipe_spout_base.hs"/>
      <Property name="Parent" value="PipeBlock"/>
    </Properties>
  </Object>
  <Object name="Spout4">
    <AbsoluteLocation value="22.820492 -12.599892"/>
    <Properties>
      <Property name="Angle" value="-297.403"/>
      <Property name="ConnectedSpout0" value="SWAMPY_SPOUT"/>
      <Property name="ConnectedSpoutProbability0" value="1"/>
      <Property name="Filename" value="/Objects/broken_pipe_allie.hs"/>
      <Property name="Parent" value="PipeBlock"/>
      <Property name="Type" value="spout"/>
    </Properties>
  </Object>
  <Object name="Switch3">
    <AbsoluteLocation value="-24.830273 19.893311"/>
    <Properties>
      <Property name="Angle" value="45"/>
      <Property name="ConnectedObject0" value="Object17"/>
      <Property name="ConnectedObject1" value="PipeBlock"/>
      <Property name="Filename" value="/Objects/switch_momentary.hs"/>
      <Property name="Type" value="switch"/>
    </Properties>
  </Object>
  <Object name="Switch4">
    <AbsoluteLocation value="-28.131601 -6.029339"/>
    <Properties>
      <Property name="Angle" value="-25.0165"/>
      <Property name="ConnectedObject0" value="Object19"/>
      <Property name="Filename" value="/Objects/switch_momentary_blue.hs"/>
      <Property name="Type" value="switch"/>
    </Properties>
  </Object>
  <Object name="Switch5">
    <AbsoluteLocation value="-12.719917 -5.974103"/>
    <Properties>
      <Property name="Angle" value="24.0038"/>
      <Property name="ConnectedObject0" value="Object20"/>
      <Property name="Filename" value="/Objects/switch_momentary_green.hs"/>
      <Property name="Type" value="switch"/>
    </Properties>
  </Object>
  <Object name="Switch6">
    <AbsoluteLocation value="29.953100 -44.494236"/>
    <Properties>
      <Property name="Angle" value="81.6875"/>
      <Property name="ConnectedObject0" value="Object29"/>
      <Property name="Filename" value="/Objects/switch_brown.hs"/>
      <Property name="Type" value="switch"/>
    </Properties>
  </Object>
  <Object name="Bomb9">
    <AbsoluteLocation value="4.854544 -2.927180"/>
    <Properties>
      <Property name="Angle" value="-7.72482"/>
      <Property name="Filename" value="/Objects/bomb.hs"/>
      <Property name="Type" value="bomb"/>
    </Properties>
  </Object>
  <Object name="WaterBalloon10">
    <AbsoluteLocation value="-17.451244 -18.209599"/>
    <Properties>
      <Property name="Angle" value="-102.167"/>
      <Property name="ConnectedSpout" value="Spout22"/>
      <Property name="Filename" value="/Objects/balloon.hs"/>
      <Property name="InitialParticles" value="Steam 5"/>
      <Property name="Type" value="waterballoon"/>
    </Properties>
  </Object>
  <Object name="WaterBalloon11">
    <AbsoluteLocation value="-24.744009 -25.376255"/>
    <Properties>
      <Property name="Angle" value="0"/>
      <Property name="ConnectedSpout" value="Spout23"/>
      <Property name="Filename" value="/Objects/balloon.hs"/>
      <Property name="InitialParticles" value="Steam 5"/>
      <Property name="Type" value="waterballoon"/>
    </Properties>
  </Object>
  <Object name="Spout12">
    <AbsoluteLocation value="-11.216934 -31.769302"/>
    <Properties>
      <Property name="Angle" value="158.334"/>
      <Property name="ConnectedSpout0" value="Spout22"/>
      <Property name="ConnectedSpout1" value="Spout23"/>
      <Property name="ConnectedSpoutProbability0" value="0.5"/>
      <Property name="ConnectedSpoutProbability1" value="0.5"/>
      <Property name="Filename" value="/Objects/basic_drain.hs"/>
      <Property name="Type" value="spout"/>
    </Properties>
  </Object>
  <Object name="Spout13">
    <AbsoluteLocation value="4.512690 40.832157"/>
    <Properties>
      <Property name="Angle" value="110.307"/>
      <Property name="ConnectedSpout0" value="Spout14"/>
      <Property name="ConnectedSpoutProbability0" value="1"/>
      <Property name="Filename" value="/Objects/basic_drain.hs"/>
      <Property name="Type" value="spout"/>
    </Properties>
  </Object>
  <Object name="Spout14">
    <AbsoluteLocation value="13.015781 -22.352768"/>
    <Properties>
      <Property name="Angle" value="72.6945"/>
      <Property name="Filename" value="/Objects/shower_head.hs"/>
      <Property name="FluidType" value="Water"/>
      <Property name="NumberParticles" value="0"/>
      <Property name="Type" value="spout"/>
    </Properties>
  </Object>
  <Object name="Spout15">
    <AbsoluteLocation value="8.400002 1.600000"/>
    <Properties>
      <Property name="Angle" value="155.152"/>
      <Property name="Filename" value="/Objects/shower_head.hs"/>
      <Property name="FluidType" value="Water"/>
      <Property name="ParticleSpeed" value="16"/>
      <Property name="ParticlesPerSecond" value="2"/>
      <Property name="Type" value="spout"/>
    </Properties>
  </Object>
  <Object name="Spout16">
    <AbsoluteLocation value="-2.635490 -31.841057"/>
    <Properties>
      <Property name="Angle" value="-98.0537"/>
      <Property name="Filename" value="/Objects/shower_head.hs"/>
      <Property name="FluidType" value="Water"/>
      <Property name="ParticleSpeed" value="35"/>
      <Property name="ParticlesPerSecond" value="3"/>
      <Property name="Type" value="spout"/>
    </Properties>
  </Object>
  <Object name="Object17">
    <AbsoluteLocation value="6.400000 -38.799999"/>
    <Properties>
      <Property name="Angle" value="-90"/>
      <Property name="Filename" value="/Objects/wall_16x8.hs"/>
      <Property name="GravityScale" value="6"/>
      <Property name="MotorMoveSpeed" value="8"/>
      <Property name="PathPos0" value="0 0"/>
      <Property name="PathPos1" value="0 12"/>
    </Properties>
  </Object>
  <Object name="Object19">
    <AbsoluteLocation value="12.800001 -38.799999"/>
    <Properties>
      <Property name="Angle" value="-90"/>
      <Property name="Filename" value="/Objects/wall_16x8_blue.hs"/>
      <Property name="GravityScale" value="6"/>
      <Property name="MotorMoveSpeed" value="8"/>
      <Property name="PathPos0" value="0 0"/>
      <Property name="PathPos1" value="0 12"/>
    </Properties>
  </Object>
  <Object name="Object20">
    <AbsoluteLocation value="19.200001 -38.799999"/>
    <Properties>
      <Property name="Angle" value="-90"/>
      <Property name="Filename" value="/Objects/wall_16x8_green.hs"/>
      <Property name="GravityScale" value="6"/>
      <Property name="MotorMoveSpeed" value="8"/>
      <Property name="PathPos0" value="0 0"/>
      <Property name="PathPos1" value="0 12"/>
    </Properties>
  </Object>
  <Object name="PipeBlock">
    <AbsoluteLocation value="25.404396 -20.827475"/>
    <Properties>
      <Property name="Angle" value="0"/>
      <Property name="Filename" value="/Objects/wall_8x8.hs"/>
      <Property name="GravityScale" value="6"/>
      <Property name="MotorMoveSpeed" value="3"/>
      <Property name="PathPos0" value="0 0"/>
      <Property name="PathPos1" value="0 16"/>
    </Properties>
  </Object>
  <Object name="Spout22">
    <AbsoluteLocation value="-14.700399 -16.199177"/>
    <Properties>
      <Property name="Angle" value="-142.167"/>
      <Property name="Filename" value="/Objects/touch_spout_generic.hs"/>
      <Property name="FluidType" value="Water"/>
      <Property name="NumberParticles" value="0"/>
      <Property name="ParticlesPerSecond" value="20"/>
      <Property name="Type" value="spout"/>
    </Properties>
  </Object>
  <Object name="Spout23">
    <AbsoluteLocation value="-26.878042 -22.231047"/>
    <Properties>
      <Property name="Angle" value="-40"/>
      <Property name="Filename" value="/Objects/touch_spout_generic.hs"/>
      <Property name="FluidType" value="Water"/>
      <Property name="NumberParticles" value="0"/>
      <Property name="ParticlesPerSecond" value="20"/>
      <Property name="Type" value="spout"/>
    </Properties>
  </Object>
  <Object name="Object28">
    <AbsoluteLocation value="30.695129 -27.269917"/>
    <Properties>
      <Property name="Angle" value="90"/>
      <Property name="Filename" value="/Objects/pipe_straight_long.hs"/>
      <Property name="Parent" value="PipeBlock"/>
    </Properties>
  </Object>
  <Object name="Object29">
    <AbsoluteLocation value="6.400000 7.600000"/>
    <Properties>
      <Property name="Angle" value="180"/>
      <Property name="Filename" value="/Objects/wall_24x8_pivot_brown.hs"/>
      <Property name="MotorMoveSpeed" value="8"/>
      <Property name="PathPos0" value="0 0"/>
      <Property name="PathPos1" value="20 0"/>
    </Properties>
  </Object>
  <Object name="Ducky28">
    <AbsoluteLocation value="-26.758026 33.731373"/>
    <Properties>
      <Property name="Angle" value="0"/>
      <Property name="Filename" value="/Objects/star_steam_allie.hs"/>
      <Property name="StarType" value="allie"/>
      <Property name="Type" value="star"/>
    </Properties>
  </Object>
  <Object name="Ducky29">
    <AbsoluteLocation value="-21.200001 6.400000"/>
    <Properties>
      <Property name="Angle" value="0"/>
      <Property name="Filename" value="/Objects/star_steam_allie.hs"/>
      <Property name="StarType" value="allie"/>
      <Property name="Type" value="star"/>
    </Properties>
  </Object>
  <Object name="Ducky30">
    <AbsoluteLocation value="17.200001 -0.400000"/>
    <Properties>
      <Property name="Angle" value="0"/>
      <Property name="Filename" value="/Objects/star_steam_allie.hs"/>
      <Property name="StarType" value="allie"/>
      <Property name="Type" value="star"/>
    </Properties>
  </Object>
  <Object name="Bomb33">
    <AbsoluteLocation value="-8.894123 44.168076"/>
    <Properties>
      <Property name="Angle" value="16.8734"/>
      <Property name="Filename" value="/Objects/bomb.hs"/>
      <Property name="Type" value="bomb"/>
    </Properties>
  </Object>
  <Object name="Bomb34">
    <AbsoluteLocation value="-10.246275 16.863415"/>
    <Properties>
      <Property name="Angle" value="38.0607"/>
      <Property name="Filename" value="/Objects/bomb.hs"/>
      <Property name="Type" value="bomb"/>
    </Properties>
  </Object>
  <Object name="Bomb35">
    <AbsoluteLocation value="-28.538578 6.076555"/>
    <Properties>
      <Property name="Angle" value="10.5264"/>
      <Property name="Filename" value="/Objects/bomb.hs"/>
      <Property name="Type" value="bomb"/>
    </Properties>
  </Object>
  <Object name="Object36">
    <AbsoluteLocation value="30.687984 -32.485878"/>
    <Properties>
      <Property name="Angle" value="90"/>
      <Property name="Filename" value="/Objects/pipe_straight_long.hs"/>
      <Property name="Parent" value="PipeBlock"/>
    </Properties>
  </Object>
  <Object name="Object37">
    <AbsoluteLocation value="30.680836 -32.976166"/>
    <Properties>
      <Property name="Angle" value="90"/>
      <Property name="Filename" value="/Objects/pipe_straight_long.hs"/>
    </Properties>
  </Object>
  <Object name="Object40">
    <AbsoluteLocation value="-9.893318 -27.409718"/>
    <Properties>
      <Property name="Angle" value="187.635"/>
      <Property name="Filename" value="/Objects/pipe_spout_base.hs"/>
    </Properties>
  </Object>
  <Object name="Object41">
    <AbsoluteLocation value="-10.079327 -26.022121"/>
    <Properties>
      <Property name="Angle" value="7.63491"/>
      <Property name="Filename" value="/Objects/pipe_spout_base.hs"/>
    </Properties>
  </Object>
  <Object name="Object46">
    <AbsoluteLocation value="-20.801657 -36.606976"/>
    <Properties>
      <Property name="Angle" value="49.3506"/>
      <Property name="Filename" value="/Objects/pipe_straight_long.hs"/>
    </Properties>
  </Object>
  <Object name="Object47">
    <AbsoluteLocation value="-25.662971 -42.028545"/>
    <Properties>
      <Property name="Angle" value="46.6498"/>
      <Property name="Filename" value="/Objects/pipe_straight.hs"/>
    </Properties>
  </Object>
  <Object name="Object48">
    <AbsoluteLocation value="-28.694725 -44.101372"/>
    <Properties>
      <Property name="Angle" value="-139.054"/>
      <Property name="Filename" value="/Objects/pipe_elbow_2.hs"/>
    </Properties>
  </Object>
  <Object name="Object49">
    <AbsoluteLocation value="-30.107143 -43.343643"/>
    <Properties>
      <Property name="Angle" value="125.648"/>
      <Property name="Filename" value="/Objects/pipe_into_wall_2.hs"/>
    </Properties>
  </Object>
  <Object name="Object51">
    <AbsoluteLocation value="-31.063770 -26.473093"/>
    <Properties>
      <Property name="Angle" value="273.736"/>
      <Property name="Filename" value="/Objects/pipe_into_wall_2.hs"/>
    </Properties>
  </Object>
  <Object name="Object54">
    <AbsoluteLocation value="-5.755451 -29.484886"/>
    <Properties>
      <Property name="Angle" value="93.5676"/>
      <Property name="Filename" value="/Objects/pipe_elbow_1.hs"/>
    </Properties>
  </Object>
  <Object name="Object56">
    <AbsoluteLocation value="-6.407719 -33.398495"/>
    <Properties>
      <Property name="Angle" value="89.9342"/>
      <Property name="Filename" value="/Objects/pipe_straight.hs"/>
    </Properties>
  </Object>
  <Object name="Object57">
    <AbsoluteLocation value="-6.278486 -37.152031"/>
    <Properties>
      <Property name="Angle" value="138.955"/>
      <Property name="Filename" value="/Objects/pipe_bend_2.hs"/>
    </Properties>
  </Object>
  <Object name="Object58">
    <AbsoluteLocation value="-4.716640 -39.031570"/>
    <Properties>
      <Property name="Angle" value="137.61"/>
      <Property name="Filename" value="/Objects/pipe_straight_short.hs"/>
    </Properties>
  </Object>
  <Object name="Object59">
    <AbsoluteLocation value="-3.037637 -40.954586"/>
    <Properties>
      <Property name="Angle" value="-39.8957"/>
      <Property name="Filename" value="/Objects/pipe_bend_1.hs"/>
    </Properties>
  </Object>
  <Object name="Object60">
    <AbsoluteLocation value="-2.714289 -45.556599"/>
    <Properties>
      <Property name="Angle" value="92.6501"/>
      <Property name="Filename" value="/Objects/pipe_straight_long.hs"/>
    </Properties>
  </Object>
  <Object name="Object69">
    <AbsoluteLocation value="27.472563 -32.111153"/>
    <Properties>
      <Property name="Angle" value="268.943"/>
      <Property name="Filename" value="/Objects/pipe_straight_long.hs"/>
    </Properties>
  </Object>
  <Object name="Object71">
    <AbsoluteLocation value="30.323832 0.632210"/>
    <Properties>
      <Property name="Angle" value="266.247"/>
      <Property name="Filename" value="/Objects/pipe_into_wall_2.hs"/>
    </Properties>
  </Object>
  <Object name="Object74">
    <AbsoluteLocation value="30.661491 13.286167"/>
    <Properties>
      <Property name="Angle" value="449.444"/>
      <Property name="Filename" value="/Objects/pipe_straight.hs"/>
    </Properties>
  </Object>
  <Object name="Object77">
    <AbsoluteLocation value="12.547846 -0.900789"/>
    <Properties>
      <Property name="Angle" value="-29.6856"/>
      <Property name="Filename" value="/Objects/pipe_into_wall_1.hs"/>
    </Properties>
  </Object>
  <Object name="Object80">
    <AbsoluteLocation value="8.387959 40.207260"/>
    <Properties>
      <Property name="Angle" value="-58.9983"/>
      <Property name="Filename" value="/Objects/pipe_elbow_2.hs"/>
    </Properties>
  </Object>
  <Object name="Object82">
    <AbsoluteLocation value="5.636641 37.578938"/>
    <Properties>
      <Property name="Angle" value="393.921"/>
      <Property name="Filename" value="/Objects/pipe_straight.hs"/>
    </Properties>
  </Object>
  <Object name="Object84">
    <AbsoluteLocation value="2.667170 30.534208"/>
    <Properties>
      <Property name="Angle" value="88.9408"/>
      <Property name="Filename" value="/Objects/pipe_straight_long.hs"/>
    </Properties>
  </Object>
  <Object name="Object85">
    <AbsoluteLocation value="2.627733 23.719021"/>
    <Properties>
      <Property name="Angle" value="450.563"/>
      <Property name="Filename" value="/Objects/pipe_straight.hs"/>
    </Properties>
  </Object>
  <Object name="Object87">
    <AbsoluteLocation value="5.829427 17.788315"/>
    <Properties>
      <Property name="Angle" value="501.401"/>
      <Property name="Filename" value="/Objects/pipe_straight.hs"/>
    </Properties>
  </Object>
  <Object name="Object90">
    <AbsoluteLocation value="9.678825 14.479285"/>
    <Properties>
      <Property name="Angle" value="-32.4131"/>
      <Property name="Filename" value="/Objects/pipe_bend_1.hs"/>
    </Properties>
  </Object>
  <Object name="Object91">
    <AbsoluteLocation value="9.980405 13.006084"/>
    <Properties>
      <Property name="Angle" value="273.883"/>
      <Property name="Filename" value="/Objects/pipe_into_wall_2.hs"/>
    </Properties>
  </Object>
  <Object name="Object93">
    <AbsoluteLocation value="9.702438 -3.610675"/>
    <Properties>
      <Property name="Angle" value="89.8923"/>
      <Property name="Filename" value="/Objects/pipe_into_wall_1.hs"/>
    </Properties>
  </Object>
  <Object name="Object96">
    <AbsoluteLocation value="9.497376 -18.630613"/>
    <Properties>
      <Property name="Angle" value="88.5645"/>
      <Property name="Filename" value="/Objects/pipe_straight_long.hs"/>
    </Properties>
  </Object>
  <Object name="Object98">
    <AbsoluteLocation value="10.034805 -24.146662"/>
    <Properties>
      <Property name="Angle" value="177.62"/>
      <Property name="Filename" value="/Objects/pipe_elbow_1.hs"/>
    </Properties>
  </Object>
  <Object name="Object94">
    <AbsoluteLocation value="30.667309 -26.404579"/>
    <Properties>
      <Property name="Angle" value="90"/>
      <Property name="Filename" value="/Objects/pipe_straight_long.hs"/>
    </Properties>
  </Object>
  <Object name="Object100">
    <AbsoluteLocation value="22.400000 7.600000"/>
    <Properties>
      <Property name="Angle" value="0"/>
      <Property name="Filename" value="/Objects/path_locking_end_right.hs"/>
    </Properties>
  </Object>
  <Object name="Object101">
    <AbsoluteLocation value="12.799998 -31.211113"/>
    <Properties>
      <Property name="Angle" value="0"/>
      <Property name="Filename" value="/Objects/path_vertical_locking_end_top.hs"/>
    </Properties>
  </Object>
  <Object name="Object102">
    <AbsoluteLocation value="12.799998 -35.988892"/>
    <Properties>
      <Property name="Angle" value="0"/>
      <Property name="Filename" value="/Objects/path_vertical_locking_mid.hs"/>
    </Properties>
  </Object>
  <Object name="Object103">
    <AbsoluteLocation value="12.799998 -40.800003"/>
    <Properties>
      <Property name="Angle" value="0"/>
      <Property name="Filename" value="/Objects/path_vertical_locking_end_bottom.hs"/>
    </Properties>
  </Object>
  <Object name="Object107">
    <AbsoluteLocation value="19.200001 -31.205559"/>
    <Properties>
      <Property name="Angle" value="0"/>
      <Property name="Filename" value="/Objects/path_vertical_locking_end_top.hs"/>
    </Properties>
  </Object>
  <Object name="Object108">
    <AbsoluteLocation value="19.200001 -40.799999"/>
    <Properties>
      <Property name="Angle" value="0"/>
      <Property name="Filename" value="/Objects/path_vertical_locking_end_bottom.hs"/>
    </Properties>
  </Object>
  <Object name="Object109">
    <AbsoluteLocation value="19.200001 -35.994446"/>
    <Properties>
      <Property name="Angle" value="0"/>
      <Property name="Filename" value="/Objects/path_vertical_locking_mid.hs"/>
    </Properties>
  </Object>
  <Object name="Object110">
    <AbsoluteLocation value="6.400000 -35.988888"/>
    <Properties>
      <Property name="Angle" value="0"/>
      <Property name="Filename" value="/Objects/path_vertical_locking_mid.hs"/>
    </Properties>
  </Object>
  <Object name="Object111">
    <AbsoluteLocation value="6.400000 -40.799999"/>
    <Properties>
      <Property name="Angle" value="0"/>
      <Property name="Filename" value="/Objects/path_vertical_locking_end_bottom.hs"/>
    </Properties>
  </Object>
  <Object name="Object112">
    <AbsoluteLocation value="6.400000 -31.211109"/>
    <Properties>
      <Property name="Angle" value="0"/>
      <Property name="Filename" value="/Objects/path_vertical_locking_end_top.hs"/>
    </Properties>
  </Object>
  <Object name="Object114">
    <AbsoluteLocation value="25.599998 -20.799995"/>
    <Properties>
      <Property name="Angle" value="0"/>
      <Property name="Filename" value="/Objects/path_vertical_locking_end_bottom.hs"/>
    </Properties>
  </Object>
  <Object name="Object104">
    <AbsoluteLocation value="25.405540 -14.847341"/>
    <Properties>
      <Property name="Angle" value="-42.5164"/>
      <Property name="Filename" value="/Objects/pipe_bend_1.hs"/>
      <Property name="Parent" value="PipeBlock"/>
    </Properties>
  </Object>
  <Object name="Object105">
    <AbsoluteLocation value="17.600000 7.600000"/>
    <Properties>
      <Property name="Angle" value="0"/>
      <Property name="Filename" value="/Objects/path_locking_mid.hs"/>
    </Properties>
  </Object>
  <Object name="Object106">
    <AbsoluteLocation value="3.199999 7.600000"/>
    <Properties>
      <Property name="Angle" value="0"/>
      <Property name="Filename" value="/Objects/path_locking_end.hs"/>
    </Properties>
  </Object>
  <Object name="Object117">
    <AbsoluteLocation value="12.799999 7.600000"/>
    <Properties>
      <Property name="Angle" value="0"/>
      <Property name="Filename" value="/Objects/path_locking_mid.hs"/>
    </Properties>
  </Object>
  <Object name="Object118">
    <AbsoluteLocation value="8.000000 7.600000"/>
    <Properties>
      <Property name="Angle" value="0"/>
      <Property name="Filename" value="/Objects/path_locking_mid.hs"/>
    </Properties>
  </Object>
  <Object name="Object119">
    <AbsoluteLocation value="30.014294 -36.964394"/>
    <Properties>
      <Property name="Angle" value="-90.0184"/>
      <Property name="Filename" value="/Objects/pipe_elbow_2.hs"/>
    </Properties>
  </Object>
  <Object name="Object120">
    <AbsoluteLocation value="28.053473 -36.931484"/>
    <Properties>
      <Property name="Angle" value="-181.613"/>
      <Property name="Filename" value="/Objects/pipe_elbow_2.hs"/>
    </Properties>
  </Object>
  <Object name="Object121">
    <AbsoluteLocation value="27.511101 -26.638630"/>
    <Properties>
      <Property name="Angle" value="450.988"/>
      <Property name="Filename" value="/Objects/pipe_into_wall_2.hs"/>
    </Properties>
  </Object>
  <Object name="Object123">
    <AbsoluteLocation value="29.254889 17.879412"/>
    <Properties>
      <Property name="Angle" value="140.421"/>
      <Property name="Filename" value="/Objects/pipe_straight_short.hs"/>
    </Properties>
  </Object>
  <Object name="Object76">
    <AbsoluteLocation value="28.021770 19.070175"/>
    <Properties>
      <Property name="Angle" value="139.427"/>
      <Property name="Filename" value="/Objects/pipe_connector_end.hs"/>
    </Properties>
  </Object>
  <Object name="Collectible104">
    <AbsoluteLocation value="-15.281250 36.937500"/>
    <Properties>
      <Property name="Angle" value="0"/>
      <Property name="Filename" value="/Objects/z_collectible_allie_17.hs"/>
      <Property name="Type" value="collectible"/>
    </Properties>
  </Object>
  <Room>
    <AbsoluteLocation value="17.200003 27.599998"/>
  </Room>
</Objects>
