<?xml version="1.0"?>
<Objects>
  <Object name="Object15">
    <AbsoluteLocation value="-25.869013 -12.334499"/>
    <Properties>
      <Property name="Angle" value="29.3665"/>
      <Property name="Filename" value="/Objects/pipe_straight_short.hs"/>
    </Properties>
  </Object>
  <Object name="Object12">
    <AbsoluteLocation value="-29.463636 2.905925"/>
    <Properties>
      <Property name="Angle" value="134.101"/>
      <Property name="Filename" value="/Objects/pipe_bend_2.hs"/>
    </Properties>
  </Object>
  <Object name="Object7">
    <AbsoluteLocation value="-25.328718 14.076224"/>
    <Properties>
      <Property name="Angle" value="8.07387"/>
      <Property name="Filename" value="/Objects/pipe_elbow_1.hs"/>
    </Properties>
  </Object>
  <Object name="Spout2">
    <AbsoluteLocation value="-24.468750 11.343750"/>
    <Properties>
      <Property name="Angle" value="192.209"/>
      <Property name="ConnectedSpout0" value="SWAMPY_SPOUT"/>
      <Property name="ConnectedSpoutProbability0" value="1"/>
      <Property name="Filename" value="/Objects/broken_pipe_allie.hs"/>
      <Property name="Type" value="spout"/>
    </Properties>
  </Object>
  <Object name="Object3">
    <AbsoluteLocation value="-9.937500 37.312500"/>
    <Properties>
      <Property name="Angle" value="0"/>
      <Property name="Filename" value="/Objects/icicle_large.hs"/>
      <Property name="Type" value="icyhot"/>
    </Properties>
  </Object>
  <Object name="Ducky4">
    <AbsoluteLocation value="17.200001 28.000000"/>
    <Properties>
      <Property name="Angle" value="0"/>
      <Property name="Filename" value="/Objects/star_steam_allie.hs"/>
      <Property name="StarType" value="allie"/>
      <Property name="Type" value="star"/>
    </Properties>
  </Object>
  <Object name="Ducky5">
    <AbsoluteLocation value="-21.200001 28.000000"/>
    <Properties>
      <Property name="Angle" value="0"/>
      <Property name="Filename" value="/Objects/star_steam_allie.hs"/>
      <Property name="StarType" value="allie"/>
      <Property name="Type" value="star"/>
    </Properties>
  </Object>
  <Object name="Ducky6">
    <AbsoluteLocation value="-14.800000 -2.400000"/>
    <Properties>
      <Property name="Angle" value="0"/>
      <Property name="Filename" value="/Objects/star_steam_allie.hs"/>
      <Property name="StarType" value="allie"/>
      <Property name="Type" value="star"/>
    </Properties>
  </Object>
  <Object name="Object8">
    <AbsoluteLocation value="-27.319887 14.457470"/>
    <Properties>
      <Property name="Angle" value="8.15087"/>
      <Property name="Filename" value="/Objects/pipe_straight_short.hs"/>
    </Properties>
  </Object>
  <Object name="Object9">
    <AbsoluteLocation value="-28.995113 13.622358"/>
    <Properties>
      <Property name="Angle" value="93.8516"/>
      <Property name="Filename" value="/Objects/pipe_elbow_1.hs"/>
    </Properties>
  </Object>
  <Object name="Object10">
    <AbsoluteLocation value="-29.610369 7.662004"/>
    <Properties>
      <Property name="Angle" value="89.7397"/>
      <Property name="Filename" value="/Objects/pipe_straight_long.hs"/>
    </Properties>
  </Object>
  <Object name="Object11">
    <AbsoluteLocation value="-26.475962 -1.102508"/>
    <Properties>
      <Property name="Angle" value="130.987"/>
      <Property name="Filename" value="/Objects/pipe_straight_long.hs"/>
    </Properties>
  </Object>
  <Object name="Object13">
    <AbsoluteLocation value="-22.863018 -5.772021"/>
    <Properties>
      <Property name="Angle" value="118.735"/>
      <Property name="Filename" value="/Objects/pipe_straight_short.hs"/>
    </Properties>
  </Object>
  <Object name="Object14">
    <AbsoluteLocation value="-22.804903 -9.534023"/>
    <Properties>
      <Property name="Angle" value="112.093"/>
      <Property name="Filename" value="/Objects/pipe_connector_90.hs"/>
    </Properties>
  </Object>
  <Object name="Object16">
    <AbsoluteLocation value="-27.985109 -14.087824"/>
    <Properties>
      <Property name="Angle" value="111.251"/>
      <Property name="Filename" value="/Objects/pipe_elbow_1.hs"/>
    </Properties>
  </Object>
  <Object name="Object17">
    <AbsoluteLocation value="-27.431305 -16.697258"/>
    <Properties>
      <Property name="Angle" value="120.878"/>
      <Property name="Filename" value="/Objects/pipe_straight_short.hs"/>
    </Properties>
  </Object>
  <Object name="Object19">
    <AbsoluteLocation value="-25.958488 -18.866463"/>
    <Properties>
      <Property name="Angle" value="-49.1355"/>
      <Property name="Filename" value="/Objects/pipe_connector_end.hs"/>
    </Properties>
  </Object>
  <Room>
    <AbsoluteLocation value="-17.199997 -29.200005"/>
  </Room>
</Objects>
