<?xml version="1.0"?>
<Objects>
  <Object name="Object33">
    <AbsoluteLocation value="28.051098 -21.662912"/>
    <Properties>
      <Property name="Angle" value="51.2136"/>
      <Property name="Filename" value="/Objects/pipe_bend_2.hs"/>
    </Properties>
  </Object>
  <Object name="Object31">
    <AbsoluteLocation value="29.944450 -20.857740"/>
    <Properties>
      <Property name="Angle" value="-90.4258"/>
      <Property name="Filename" value="/Objects/pipe_elbow_2.hs"/>
    </Properties>
  </Object>
  <Object name="Object24">
    <AbsoluteLocation value="30.628345 -12.423891"/>
    <Properties>
      <Property name="Angle" value="90"/>
      <Property name="Filename" value="/Objects/pipe_straight_short.hs"/>
    </Properties>
  </Object>
  <Object name="Object28">
    <AbsoluteLocation value="30.643333 -9.600000"/>
    <Properties>
      <Property name="Angle" value="90"/>
      <Property name="Filename" value="/Objects/pipe_straight_short.hs"/>
    </Properties>
  </Object>
  <Object name="Object16">
    <AbsoluteLocation value="30.000000 -7.315121"/>
    <Properties>
      <Property name="Angle" value="0"/>
      <Property name="Filename" value="/Objects/pipe_elbow_2.hs"/>
    </Properties>
  </Object>
  <Object name="Spout2">
    <AbsoluteLocation value="26.961735 -6.834373"/>
    <Properties>
      <Property name="Angle" value="451.804"/>
      <Property name="ConnectedSpout0" value="SWAMPY_SPOUT"/>
      <Property name="ConnectedSpoutProbability0" value="1"/>
      <Property name="Filename" value="/Objects/broken_pipe_allie.hs"/>
      <Property name="Type" value="spout"/>
    </Properties>
  </Object>
  <Object name="Fan3">
    <AbsoluteLocation value="20.787968 36.432667"/>
    <Properties>
      <Property name="Angle" value="180.653"/>
      <Property name="Filename" value="/Objects/fan_24x8_gear3.hs"/>
      <Property name="Type" value="fan"/>
      <Property name="VacuumMaxD" value="80"/>
      <Property name="VacuumOn" value="1"/>
    </Properties>
  </Object>
  <Object name="Bomb6">
    <AbsoluteLocation value="-14.504726 12.876888"/>
    <Properties>
      <Property name="Angle" value="37.7253"/>
      <Property name="Filename" value="/Objects/bomb.hs"/>
      <Property name="Type" value="bomb"/>
    </Properties>
  </Object>
  <Object name="Bomb7">
    <AbsoluteLocation value="-28.287498 1.400005"/>
    <Properties>
      <Property name="Angle" value="19.0694"/>
      <Property name="Filename" value="/Objects/bomb.hs"/>
      <Property name="Type" value="bomb"/>
    </Properties>
  </Object>
  <Object name="Bomb8">
    <AbsoluteLocation value="-5.572933 -0.242096"/>
    <Properties>
      <Property name="Angle" value="10.7915"/>
      <Property name="Filename" value="/Objects/bomb.hs"/>
      <Property name="Type" value="bomb"/>
    </Properties>
  </Object>
  <Object name="Bomb9">
    <AbsoluteLocation value="-11.843170 -7.795259"/>
    <Properties>
      <Property name="Angle" value="-1.59217"/>
      <Property name="Filename" value="/Objects/bomb.hs"/>
      <Property name="Type" value="bomb"/>
    </Properties>
  </Object>
  <Object name="Bomb10">
    <AbsoluteLocation value="12.140903 -6.341495"/>
    <Properties>
      <Property name="Angle" value="-1.59217"/>
      <Property name="Filename" value="/Objects/bomb.hs"/>
      <Property name="Type" value="bomb"/>
    </Properties>
  </Object>
  <Object name="Bomb12">
    <AbsoluteLocation value="10.290310 8.086636"/>
    <Properties>
      <Property name="Angle" value="5.28025"/>
      <Property name="Filename" value="/Objects/bomb.hs"/>
      <Property name="Type" value="bomb"/>
    </Properties>
  </Object>
  <Object name="Ducky12">
    <AbsoluteLocation value="-18.400000 1.600000"/>
    <Properties>
      <Property name="Angle" value="0"/>
      <Property name="Filename" value="/Objects/star_steam_allie.hs"/>
      <Property name="StarType" value="allie"/>
      <Property name="Type" value="star"/>
    </Properties>
  </Object>
  <Object name="Ducky13">
    <AbsoluteLocation value="-5.200001 33.600002"/>
    <Properties>
      <Property name="Angle" value="0"/>
      <Property name="Filename" value="/Objects/star_steam_allie.hs"/>
      <Property name="StarType" value="allie"/>
      <Property name="Type" value="star"/>
    </Properties>
  </Object>
  <Object name="Ducky14">
    <AbsoluteLocation value="6.149996 -15.375015"/>
    <Properties>
      <Property name="Angle" value="0"/>
      <Property name="Filename" value="/Objects/star_steam_allie.hs"/>
      <Property name="StarType" value="allie"/>
      <Property name="Type" value="star"/>
    </Properties>
  </Object>
  <Object name="Bomb22">
    <AbsoluteLocation value="13.599998 27.818760"/>
    <Properties>
      <Property name="Angle" value="28.1469"/>
      <Property name="Filename" value="/Objects/bomb.hs"/>
      <Property name="Type" value="bomb"/>
    </Properties>
  </Object>
  <Object name="Bomb23">
    <AbsoluteLocation value="7.756248 42.756260"/>
    <Properties>
      <Property name="Angle" value="-7.70749"/>
      <Property name="Filename" value="/Objects/bomb.hs"/>
      <Property name="Type" value="bomb"/>
    </Properties>
  </Object>
  <Object name="Object23">
    <AbsoluteLocation value="26.488058 -22.621666"/>
    <Properties>
      <Property name="Angle" value="-135.24"/>
      <Property name="Filename" value="/Objects/pipe_connector_end.hs"/>
    </Properties>
  </Object>
  <Object name="Object27">
    <AbsoluteLocation value="30.613361 -18.289440"/>
    <Properties>
      <Property name="Angle" value="90"/>
      <Property name="Filename" value="/Objects/pipe_straight_short.hs"/>
    </Properties>
  </Object>
  <Object name="Object30">
    <AbsoluteLocation value="30.628349 -15.465549"/>
    <Properties>
      <Property name="Angle" value="90"/>
      <Property name="Filename" value="/Objects/pipe_straight_short.hs"/>
    </Properties>
  </Object>
  <Object name="Bomb24">
    <AbsoluteLocation value="-15.343172 -40.810883"/>
    <Properties>
      <Property name="Angle" value="-1.59217"/>
      <Property name="Filename" value="/Objects/bomb.hs"/>
      <Property name="Type" value="bomb"/>
    </Properties>
  </Object>
  <Object name="Bomb25">
    <AbsoluteLocation value="-2.768066 21.137094"/>
    <Properties>
      <Property name="Angle" value="19.2629"/>
      <Property name="Filename" value="/Objects/bomb.hs"/>
      <Property name="Type" value="bomb"/>
    </Properties>
  </Object>
  <Room>
    <AbsoluteLocation value="17.200003 -33.200005"/>
  </Room>
</Objects>
