<?xml version="1.0"?>
<Objects>
  <Object name="Object32">
    <AbsoluteLocation value="12.460501 34.970581"/>
    <Properties>
      <Property name="Angle" value="-92.136"/>
      <Property name="Filename" value="/Objects/pipe_straight_short.hs"/>
    </Properties>
  </Object>
  <Object name="Object28">
    <AbsoluteLocation value="9.827671 41.032215"/>
    <Properties>
      <Property name="Angle" value="27.3241"/>
      <Property name="Filename" value="/Objects/pipe_bend_2.hs"/>
    </Properties>
  </Object>
  <Object name="Object24">
    <AbsoluteLocation value="6.643780 39.807648"/>
    <Properties>
      <Property name="Angle" value="26.7575"/>
      <Property name="Filename" value="/Objects/pipe_straight.hs"/>
    </Properties>
  </Object>
  <Object name="Object21">
    <AbsoluteLocation value="28.586292 -1.922762"/>
    <Properties>
      <Property name="Angle" value="-132.976"/>
      <Property name="Filename" value="/Objects/pipe_bend_1.hs"/>
    </Properties>
  </Object>
  <Object name="Object20">
    <AbsoluteLocation value="27.232334 -2.065050"/>
    <Properties>
      <Property name="Angle" value="0.908151"/>
      <Property name="Filename" value="/Objects/pipe_straight_short.hs"/>
    </Properties>
  </Object>
  <Object name="Object17">
    <AbsoluteLocation value="29.785896 -43.567814"/>
    <Properties>
      <Property name="Angle" value="105.684"/>
      <Property name="Filename" value="/Objects/pipe_straight_short.hs"/>
    </Properties>
  </Object>
  <Object name="Object16">
    <AbsoluteLocation value="30.038525 -45.778374"/>
    <Properties>
      <Property name="Angle" value="-73.533"/>
      <Property name="Filename" value="/Objects/pipe_bend_1.hs"/>
    </Properties>
  </Object>
  <Object name="Object26">
    <AbsoluteLocation value="-6.984049 4.335714"/>
    <Properties>
      <Property name="Angle" value="0"/>
      <Property name="Filename" value="/Objects/icicle_medium.hs"/>
      <Property name="Type" value="icyhot"/>
    </Properties>
  </Object>
  <Object name="Spout2">
    <AbsoluteLocation value="12.141254 32.514645"/>
    <Properties>
      <Property name="Angle" value="173.223"/>
      <Property name="ConnectedSpout0" value="SWAMPY_SPOUT"/>
      <Property name="ConnectedSpoutProbability0" value="1"/>
      <Property name="Filename" value="/Objects/broken_pipe_allie.hs"/>
      <Property name="Type" value="spout"/>
    </Properties>
  </Object>
  <Object name="Fan3">
    <AbsoluteLocation value="25.615665 17.266762"/>
    <Properties>
      <Property name="Angle" value="136.897"/>
      <Property name="Filename" value="/Objects/fan_16x8.hs"/>
      <Property name="Type" value="fan"/>
    </Properties>
  </Object>
  <Object name="Object4">
    <AbsoluteLocation value="0.106865 5.175838"/>
    <Properties>
      <Property name="Angle" value="-0.814907"/>
      <Property name="Filename" value="/Objects/icicle_large.hs"/>
      <Property name="Type" value="icyhot"/>
    </Properties>
  </Object>
  <Object name="Spout6">
    <AbsoluteLocation value="22.261097 -1.022750"/>
    <Properties>
      <Property name="Angle" value="162.746"/>
      <Property name="Filename" value="/Objects/touch_spout.hs"/>
      <Property name="FluidType" value="Water"/>
      <Property name="Type" value="spout"/>
    </Properties>
  </Object>
  <Object name="Spout7">
    <AbsoluteLocation value="26.760035 -40.000610"/>
    <Properties>
      <Property name="Angle" value="505.042"/>
      <Property name="Filename" value="/Objects/touch_spout_steam.hs"/>
      <Property name="FluidType" value="Steam"/>
      <Property name="ParticleSpeed" value="70"/>
      <Property name="ParticlesPerSecond" value="3"/>
      <Property name="Type" value="spout"/>
    </Properties>
  </Object>
  <Object name="Switch8">
    <AbsoluteLocation value="28.802794 -14.297691"/>
    <Properties>
      <Property name="Angle" value="142.735"/>
      <Property name="ConnectedObject0" value="Fan3"/>
      <Property name="Filename" value="/Objects/switch.hs"/>
      <Property name="Type" value="switch"/>
    </Properties>
  </Object>
  <Object name="Switch9">
    <AbsoluteLocation value="-24.941732 -39.542999"/>
    <Properties>
      <Property name="Angle" value="298.852"/>
      <Property name="ConnectedObject0" value="Fan10"/>
      <Property name="Filename" value="/Objects/switch_blue.hs"/>
      <Property name="Type" value="switch"/>
    </Properties>
  </Object>
  <Object name="Fan10">
    <AbsoluteLocation value="-26.731993 15.001263"/>
    <Properties>
      <Property name="Angle" value="-106.453"/>
      <Property name="Filename" value="/Objects/fan_8x8_w_cable_gear3.hs"/>
      <Property name="Type" value="fan"/>
      <Property name="VacuumForce" value="300"/>
      <Property name="VacuumMaxD" value="80"/>
    </Properties>
  </Object>
  <Object name="Ducky11">
    <AbsoluteLocation value="-25.296690 -19.009476"/>
    <Properties>
      <Property name="Angle" value="0"/>
      <Property name="Filename" value="/Objects/star_steam_allie.hs"/>
      <Property name="StarType" value="allie"/>
      <Property name="Type" value="star"/>
    </Properties>
  </Object>
  <Object name="Ducky12">
    <AbsoluteLocation value="-2.831821 -18.678707"/>
    <Properties>
      <Property name="Angle" value="0"/>
      <Property name="Filename" value="/Objects/star_steam_allie.hs"/>
      <Property name="StarType" value="allie"/>
      <Property name="Type" value="star"/>
    </Properties>
  </Object>
  <Object name="Ducky13">
    <AbsoluteLocation value="-3.190105 -1.480907"/>
    <Properties>
      <Property name="Angle" value="0"/>
      <Property name="Filename" value="/Objects/star_steam_allie.hs"/>
      <Property name="StarType" value="allie"/>
      <Property name="Type" value="star"/>
    </Properties>
  </Object>
  <Object name="Object18">
    <AbsoluteLocation value="3.673968 38.064049"/>
    <Properties>
      <Property name="Angle" value="-42.7981"/>
      <Property name="Filename" value="/Objects/pipe_spout_base.hs"/>
    </Properties>
  </Object>
  <Object name="Object25">
    <AbsoluteLocation value="-14.291876 5.034069"/>
    <Properties>
      <Property name="Angle" value="0"/>
      <Property name="Filename" value="/Objects/icicle_large.hs"/>
      <Property name="Type" value="icyhot"/>
    </Properties>
  </Object>
  <Object name="Object19">
    <AbsoluteLocation value="28.733189 -47.630970"/>
    <Properties>
      <Property name="Angle" value="49.131"/>
      <Property name="Filename" value="/Objects/pipe_straight_short.hs"/>
    </Properties>
  </Object>
  <Object name="Object22">
    <AbsoluteLocation value="31.636562 2.525115"/>
    <Properties>
      <Property name="Angle" value="61.0664"/>
      <Property name="Filename" value="/Objects/pipe_straight_long.hs"/>
    </Properties>
  </Object>
  <Object name="Object23">
    <AbsoluteLocation value="34.878811 6.873694"/>
    <Properties>
      <Property name="Angle" value="58.9662"/>
      <Property name="Filename" value="/Objects/pipe_elbow_1.hs"/>
    </Properties>
  </Object>
  <Object name="Object27">
    <AbsoluteLocation value="12.909241 40.461018"/>
    <Properties>
      <Property name="Angle" value="-13.5583"/>
      <Property name="Filename" value="/Objects/pipe_straight.hs"/>
    </Properties>
  </Object>
  <Object name="Object29">
    <AbsoluteLocation value="16.807730 38.766750"/>
    <Properties>
      <Property name="Angle" value="-15.5403"/>
      <Property name="Filename" value="/Objects/pipe_elbow_1.hs"/>
    </Properties>
  </Object>
  <Object name="Object30">
    <AbsoluteLocation value="16.154364 37.032207"/>
    <Properties>
      <Property name="Angle" value="-113.339"/>
      <Property name="Filename" value="/Objects/pipe_elbow_1.hs"/>
    </Properties>
  </Object>
  <Object name="Object31">
    <AbsoluteLocation value="13.378920 36.440071"/>
    <Properties>
      <Property name="Angle" value="79.1648"/>
      <Property name="Filename" value="/Objects/pipe_elbow_2.hs"/>
    </Properties>
  </Object>
  <Room>
    <AbsoluteLocation value="-5.999998 27.599998"/>
  </Room>
</Objects>
