<?xml version="1.0"?>
<Objects>
  <Object name="Object77">
    <AbsoluteLocation value="31.043686 -4.750497"/>
    <Properties>
      <Property name="Angle" value="89.851"/>
      <Property name="Filename" value="/Objects/pipe_straight.hs"/>
    </Properties>
  </Object>
  <Object name="Object61">
    <AbsoluteLocation value="-5.070585 38.560127"/>
    <Properties>
      <Property name="Angle" value="49.9306"/>
      <Property name="Filename" value="/Objects/pipe_straight.hs"/>
    </Properties>
  </Object>
  <Object name="Object59">
    <AbsoluteLocation value="-1.065084 40.918945"/>
    <Properties>
      <Property name="Angle" value="0"/>
      <Property name="Filename" value="/Objects/pipe_straight_short.hs"/>
    </Properties>
  </Object>
  <Object name="Object47">
    <AbsoluteLocation value="12.972366 38.629314"/>
    <Properties>
      <Property name="Angle" value="-49.9518"/>
      <Property name="Filename" value="/Objects/pipe_straight.hs"/>
    </Properties>
  </Object>
  <Object name="Object46">
    <AbsoluteLocation value="28.447775 -0.005821"/>
    <Properties>
      <Property name="Angle" value="180.326"/>
      <Property name="Filename" value="/Objects/pipe_elbow_1.hs"/>
    </Properties>
  </Object>
  <Object name="Object41">
    <AbsoluteLocation value="31.345749 -22.002031"/>
    <Properties>
      <Property name="Angle" value="89.8491"/>
      <Property name="Filename" value="/Objects/pipe_straight_long.hs"/>
    </Properties>
  </Object>
  <Object name="Object39">
    <AbsoluteLocation value="30.665840 -31.112602"/>
    <Properties>
      <Property name="Angle" value="-89.153"/>
      <Property name="Filename" value="/Objects/pipe_elbow_2.hs"/>
    </Properties>
  </Object>
  <Object name="Object50">
    <AbsoluteLocation value="26.335979 -6.302074"/>
    <Properties>
      <Property name="Angle" value="-288.817"/>
      <Property name="Filename" value="/Objects/path_stopper.hs"/>
    </Properties>
  </Object>
  <Object name="Object44">
    <AbsoluteLocation value="13.515810 -33.707024"/>
    <Properties>
      <Property name="Angle" value="24.9439"/>
      <Property name="Filename" value="/Objects/path_stopper.hs"/>
    </Properties>
  </Object>
  <Object name="Object33">
    <AbsoluteLocation value="10.000000 -40.000000"/>
    <Properties>
      <Property name="Angle" value="90"/>
      <Property name="Filename" value="/Objects/pipe_straight_short.hs"/>
      <Property name="Parent" value="Object27"/>
    </Properties>
  </Object>
  <Object name="Object58">
    <AbsoluteLocation value="10.000000 -41.600002"/>
    <Properties>
      <Property name="Angle" value="0"/>
      <Property name="Filename" value="/Objects/pipe_spout_base.hs"/>
      <Property name="Parent" value="Object27"/>
    </Properties>
  </Object>
  <Object name="Object32">
    <AbsoluteLocation value="1.600000 -40.000000"/>
    <Properties>
      <Property name="Angle" value="91.8468"/>
      <Property name="Filename" value="/Objects/pipe_straight_short.hs"/>
      <Property name="Parent" value="Object26"/>
    </Properties>
  </Object>
  <Object name="Object57">
    <AbsoluteLocation value="1.600000 -41.600002"/>
    <Properties>
      <Property name="Angle" value="0"/>
      <Property name="Filename" value="/Objects/pipe_spout_base.hs"/>
      <Property name="Parent" value="Object26"/>
    </Properties>
  </Object>
  <Object name="Object31">
    <AbsoluteLocation value="-6.800000 -40.000000"/>
    <Properties>
      <Property name="Angle" value="90"/>
      <Property name="Filename" value="/Objects/pipe_straight_short.hs"/>
      <Property name="Parent" value="Object29"/>
    </Properties>
  </Object>
  <Object name="Object56">
    <AbsoluteLocation value="-6.800000 -41.600002"/>
    <Properties>
      <Property name="Angle" value="0"/>
      <Property name="Filename" value="/Objects/pipe_spout_base.hs"/>
      <Property name="Parent" value="Object29"/>
    </Properties>
  </Object>
  <Object name="WaterBalloon3">
    <AbsoluteLocation value="27.000000 -19.406250"/>
    <Properties>
      <Property name="Angle" value="0"/>
      <Property name="Filename" value="/Objects/balloon.hs"/>
      <Property name="InitialParticles" value="Water 12 Steam 10"/>
      <Property name="Type" value="waterballoon"/>
    </Properties>
  </Object>
  <Object name="WaterBalloon4">
    <AbsoluteLocation value="-15.845317 10.428249"/>
    <Properties>
      <Property name="Angle" value="0.00329706"/>
      <Property name="Filename" value="/Objects/balloon.hs"/>
      <Property name="InitialParticles" value="Water 12 Steam 10"/>
      <Property name="Type" value="waterballoon"/>
    </Properties>
  </Object>
  <Object name="Switch7">
    <AbsoluteLocation value="28.517538 -12.989056"/>
    <Properties>
      <Property name="Angle" value="59.3486"/>
      <Property name="ConnectedObject0" value="Object26"/>
      <Property name="ConnectedObject1" value="Object6"/>
      <Property name="Filename" value="/Objects/switch.hs"/>
      <Property name="Type" value="switch"/>
    </Properties>
  </Object>
  <Object name="Object8">
    <AbsoluteLocation value="-20.996460 -37.133415"/>
    <Properties>
      <Property name="Angle" value="-360"/>
      <Property name="Filename" value="/Objects/wall_16x8_blue.hs"/>
      <Property name="MotorMoveSpeed0" value="26"/>
      <Property name="MotorMoveSpeed1" value="26"/>
      <Property name="MotorWaitTime0" value="0.5"/>
      <Property name="MotorWaitTime1" value="0.8"/>
      <Property name="MotorWaitTurn0" value="0"/>
      <Property name="MotorWaitTurn1" value="-90"/>
      <Property name="PathPos0" value="0 0"/>
      <Property name="PathPos1" value="0 28"/>
      <Property name="PathPos2" value="-8 28"/>
    </Properties>
  </Object>
  <Object name="Spout10">
    <AbsoluteLocation value="16.109369 35.644787"/>
    <Properties>
      <Property name="Angle" value="-127.635"/>
      <Property name="ConnectedSpout0" value="SWAMPY_SPOUT"/>
      <Property name="ConnectedSpoutProbability0" value="1"/>
      <Property name="Filename" value="/Objects/broken_pipe_allie.hs"/>
      <Property name="Type" value="spout"/>
    </Properties>
  </Object>
  <Object name="Object12">
    <AbsoluteLocation value="-15.510994 -6.382126"/>
    <Properties>
      <Property name="Angle" value="-201.385"/>
      <Property name="Filename" value="/Objects/jagged_large.hs"/>
    </Properties>
  </Object>
  <Object name="Object14">
    <AbsoluteLocation value="4.744417 -11.940144"/>
    <Properties>
      <Property name="Angle" value="-197.987"/>
      <Property name="Filename" value="/Objects/jagged_large.hs"/>
    </Properties>
  </Object>
  <Object name="Spout16">
    <AbsoluteLocation value="-6.361908 -38.285721"/>
    <Properties>
      <Property name="Angle" value="75.9129"/>
      <Property name="Filename" value="/Objects/shower_head.hs"/>
      <Property name="FluidType" value="Steam"/>
      <Property name="OffsetVariation" value="2"/>
      <Property name="Parent" value="Object29"/>
      <Property name="ParticleSpeed" value="60"/>
      <Property name="ParticlesPerSecond" value="20"/>
      <Property name="Timer0" value="0 2.0"/>
      <Property name="Timer1" value="1 3.0"/>
      <Property name="Timer2" value="0 5.0"/>
      <Property name="Type" value="spout"/>
    </Properties>
  </Object>
  <Object name="Spout18">
    <AbsoluteLocation value="1.866642 -38.247635"/>
    <Properties>
      <Property name="Angle" value="83.8979"/>
      <Property name="Filename" value="/Objects/shower_head.hs"/>
      <Property name="FluidType" value="Steam"/>
      <Property name="OffsetVariation" value="2"/>
      <Property name="Parent" value="Object26"/>
      <Property name="ParticleSpeed" value="60"/>
      <Property name="ParticlesPerSecond" value="20"/>
      <Property name="Timer0" value="0 2.0"/>
      <Property name="Timer1" value="1 3.0"/>
      <Property name="Timer2" value="0 5.0"/>
      <Property name="Type" value="spout"/>
    </Properties>
  </Object>
  <Object name="Spout20">
    <AbsoluteLocation value="9.904770 -38.266682"/>
    <Properties>
      <Property name="Angle" value="99.3752"/>
      <Property name="Filename" value="/Objects/shower_head.hs"/>
      <Property name="FluidType" value="Steam"/>
      <Property name="Parent" value="Object27"/>
      <Property name="ParticleSpeed" value="60"/>
      <Property name="ParticlesPerSecond" value="20"/>
      <Property name="Timer0" value="0 2.0"/>
      <Property name="Timer1" value="1 3.0"/>
      <Property name="Timer2" value="0 5.0"/>
      <Property name="Type" value="spout"/>
    </Properties>
  </Object>
  <Object name="Object21">
    <AbsoluteLocation value="19.909256 19.407391"/>
    <Properties>
      <Property name="Angle" value="-40.5976"/>
      <Property name="Filename" value="/Objects/wall_24x8_pivot_green.hs"/>
      <Property name="MotorWaitTime" value="1"/>
      <Property name="MotorWaitTurn" value="-90"/>
      <Property name="PathPos0" value="0 0"/>
      <Property name="PathPos1" value="0 0"/>
    </Properties>
  </Object>
  <Object name="Switch21">
    <AbsoluteLocation value="-26.043221 -44.065220"/>
    <Properties>
      <Property name="Angle" value="-76.7961"/>
      <Property name="ConnectedObject0" value="Object21"/>
      <Property name="ConnectedObject1" value="Object27"/>
      <Property name="Filename" value="/Objects/switch_fan2.hs"/>
      <Property name="Type" value="switch"/>
    </Properties>
  </Object>
  <Object name="Ducky23">
    <AbsoluteLocation value="-26.800455 13.934504"/>
    <Properties>
      <Property name="Angle" value="0"/>
      <Property name="Filename" value="/Objects/star_steam_allie.hs"/>
      <Property name="StarType" value="allie"/>
      <Property name="Type" value="star"/>
    </Properties>
  </Object>
  <Object name="Ducky24">
    <AbsoluteLocation value="21.826475 -44.932945"/>
    <Properties>
      <Property name="Angle" value="0"/>
      <Property name="Filename" value="/Objects/star_steam_allie.hs"/>
      <Property name="StarType" value="allie"/>
      <Property name="Type" value="star"/>
    </Properties>
  </Object>
  <Object name="Ducky25">
    <AbsoluteLocation value="26.799999 32.000000"/>
    <Properties>
      <Property name="Angle" value="0"/>
      <Property name="Filename" value="/Objects/star_steam_allie.hs"/>
      <Property name="StarType" value="allie"/>
      <Property name="Type" value="star"/>
    </Properties>
  </Object>
  <Object name="Object27">
    <AbsoluteLocation value="10.000000 -44.799999"/>
    <Properties>
      <Property name="Angle" value="0"/>
      <Property name="Filename" value="/Objects/wall_8x8_green.hs"/>
      <Property name="MotorWaitTime" value="1"/>
      <Property name="MotorWaitTurn" value="-90"/>
      <Property name="PathPos0" value="0 0"/>
      <Property name="PathPos1" value="0 0"/>
    </Properties>
  </Object>
  <Object name="Object26">
    <AbsoluteLocation value="1.600000 -44.799999"/>
    <Properties>
      <Property name="Angle" value="0"/>
      <Property name="Filename" value="/Objects/wall_8x8.hs"/>
      <Property name="MotorMoveSpeed" value="20"/>
      <Property name="MotorWaitTime" value="0.05"/>
      <Property name="MotorWaitTurn" value="-70"/>
      <Property name="PathPos0" value="0 0"/>
      <Property name="PathPos1" value="-2 10"/>
    </Properties>
  </Object>
  <Object name="Object29">
    <AbsoluteLocation value="-6.800000 -44.799999"/>
    <Properties>
      <Property name="Angle" value="0"/>
      <Property name="Filename" value="/Objects/wall_8x8_blue.hs"/>
      <Property name="MotorWaitTime" value="1"/>
      <Property name="MotorWaitTurn" value="30"/>
      <Property name="PathPos0" value="0 0"/>
      <Property name="PathPos1" value="0 0"/>
    </Properties>
  </Object>
  <Object name="Object37">
    <AbsoluteLocation value="-6.850858 36.444244"/>
    <Properties>
      <Property name="Angle" value="-132.762"/>
      <Property name="Filename" value="/Objects/pipe_connector_end.hs"/>
    </Properties>
  </Object>
  <Object name="Object51">
    <AbsoluteLocation value="8.156250 12.187500"/>
    <Properties>
      <Property name="Angle" value="-297.567"/>
      <Property name="Filename" value="/Objects/path_stopper.hs"/>
    </Properties>
  </Object>
  <Object name="Object55">
    <AbsoluteLocation value="13.192123 -20.070473"/>
    <Properties>
      <Property name="Angle" value="-30.0869"/>
      <Property name="Filename" value="/Objects/path_stopper.hs"/>
    </Properties>
  </Object>
  <Object name="Object43">
    <AbsoluteLocation value="20.673374 -25.973335"/>
    <Properties>
      <Property name="Angle" value="-190.733"/>
      <Property name="Draggable" value="0"/>
      <Property name="Filename" value="/Objects/wall_24x8_locking_pivot.hs"/>
      <Property name="Interactive" value="0"/>
      <Property name="Parent" value="Object48"/>
    </Properties>
  </Object>
  <Object name="Object48">
    <AbsoluteLocation value="14.385324 -24.781502"/>
    <Properties>
      <Property name="Angle" value="-10.7325"/>
      <Property name="Filename" value="/Objects/wall_16x8_sliding_updown.hs"/>
      <Property name="PinMaxAngle" value="20"/>
      <Property name="PinMinAngle" value="0"/>
      <Property name="PinOffset" value="16 -2"/>
    </Properties>
  </Object>
  <Object name="Object6">
    <AbsoluteLocation value="21.520613 -15.418667"/>
    <Properties>
      <Property name="Angle" value="-188.104"/>
      <Property name="Filename" value="/Objects/wall_16x8.hs"/>
      <Property name="MotorWaitTime" value="1"/>
      <Property name="MotorWaitTurn" value="-85"/>
      <Property name="PathPos0" value="0 0"/>
      <Property name="PathPos1" value="0 0"/>
    </Properties>
  </Object>
  <Object name="Spout37">
    <AbsoluteLocation value="27.778412 -32.446663"/>
    <Properties>
      <Property name="Angle" value="107.751"/>
      <Property name="ConnectedSpout0" value="Spout38"/>
      <Property name="ConnectedSpoutProbability0" value="1"/>
      <Property name="Filename" value="/Objects/basic_drain.hs"/>
      <Property name="Type" value="spout"/>
    </Properties>
  </Object>
  <Object name="Object40">
    <AbsoluteLocation value="31.318970 -25.208712"/>
    <Properties>
      <Property name="Angle" value="89.8491"/>
      <Property name="Filename" value="/Objects/pipe_straight_long.hs"/>
    </Properties>
  </Object>
  <Object name="Object45">
    <AbsoluteLocation value="30.382462 -1.351415"/>
    <Properties>
      <Property name="Angle" value="-0.065563"/>
      <Property name="Filename" value="/Objects/pipe_elbow_2.hs"/>
    </Properties>
  </Object>
  <Object name="Spout38">
    <AbsoluteLocation value="27.785004 1.806637"/>
    <Properties>
      <Property name="Angle" value="96.003"/>
      <Property name="Filename" value="/Objects/shower_head.hs"/>
      <Property name="FluidType" value="Water"/>
      <Property name="NumberParticles" value="0"/>
      <Property name="ParticleSpeed" value="32"/>
      <Property name="ParticlesPerSecond" value="18"/>
      <Property name="Type" value="spout"/>
    </Properties>
  </Object>
  <Object name="Object49">
    <AbsoluteLocation value="11.070793 40.618935"/>
    <Properties>
      <Property name="Angle" value="1.3305"/>
      <Property name="Filename" value="/Objects/pipe_bend_2.hs"/>
    </Properties>
  </Object>
  <Object name="Object52">
    <AbsoluteLocation value="9.203110 40.944695"/>
    <Properties>
      <Property name="Angle" value="0"/>
      <Property name="Filename" value="/Objects/pipe_straight_short.hs"/>
    </Properties>
  </Object>
  <Object name="Object53">
    <AbsoluteLocation value="8.290987 40.922981"/>
    <Properties>
      <Property name="Angle" value="-179.577"/>
      <Property name="Filename" value="/Objects/pipe_into_wall_2.hs"/>
    </Properties>
  </Object>
  <Object name="Object54">
    <AbsoluteLocation value="1.276335 40.901257"/>
    <Properties>
      <Property name="Angle" value="0"/>
      <Property name="Filename" value="/Objects/pipe_into_wall_1.hs"/>
    </Properties>
  </Object>
  <Object name="Object60">
    <AbsoluteLocation value="-2.715586 40.788631"/>
    <Properties>
      <Property name="Angle" value="49.6418"/>
      <Property name="Filename" value="/Objects/pipe_bend_2.hs"/>
    </Properties>
  </Object>
  <Object name="Object62">
    <AbsoluteLocation value="-0.416757 -38.836464"/>
    <Properties>
      <Property name="Angle" value="-80"/>
      <Property name="Filename" value="/Objects/path_locking_end.hs"/>
    </Properties>
  </Object>
  <Object name="Object64">
    <AbsoluteLocation value="0.416757 -43.563538"/>
    <Properties>
      <Property name="Angle" value="-80"/>
      <Property name="Filename" value="/Objects/path_locking_end_right.hs"/>
    </Properties>
  </Object>
  <Object name="Object65">
    <AbsoluteLocation value="-22.600002 -17.560322"/>
    <Properties>
      <Property name="Angle" value="-180"/>
      <Property name="Filename" value="/Objects/path_locking_elbow_2.hs"/>
    </Properties>
  </Object>
  <Object name="Object66">
    <AbsoluteLocation value="-26.719877 -15.899616"/>
    <Properties>
      <Property name="Angle" value="0"/>
      <Property name="Filename" value="/Objects/path_locking_end.hs"/>
    </Properties>
  </Object>
  <Object name="Object67">
    <AbsoluteLocation value="-20.922554 -24.052523"/>
    <Properties>
      <Property name="Angle" value="0"/>
      <Property name="Filename" value="/Objects/path_vertical_locking_mid.hs"/>
    </Properties>
  </Object>
  <Object name="Object68">
    <AbsoluteLocation value="-20.922554 -28.852524"/>
    <Properties>
      <Property name="Angle" value="0"/>
      <Property name="Filename" value="/Objects/path_vertical_locking_mid.hs"/>
    </Properties>
  </Object>
  <Object name="Object69">
    <AbsoluteLocation value="-20.922554 -33.652527"/>
    <Properties>
      <Property name="Angle" value="0"/>
      <Property name="Filename" value="/Objects/path_vertical_locking_end_bottom.hs"/>
    </Properties>
  </Object>
  <Object name="Switch9">
    <AbsoluteLocation value="-28.038109 -33.689720"/>
    <Properties>
      <Property name="Angle" value="-67.0497"/>
      <Property name="ConnectedObject0" value="Object29"/>
      <Property name="ConnectedObject1" value="Object8"/>
      <Property name="Filename" value="/Objects/switch_fan3.hs"/>
      <Property name="Type" value="switch"/>
    </Properties>
  </Object>
  <Object name="WaterBalloon2">
    <AbsoluteLocation value="-25.319075 10.910140"/>
    <Properties>
      <Property name="Angle" value="0.00329706"/>
      <Property name="Filename" value="/Objects/balloon.hs"/>
      <Property name="InitialParticles" value="Water 12 Steam 10"/>
      <Property name="Type" value="waterballoon"/>
    </Properties>
  </Object>
  <Object name="Object63">
    <AbsoluteLocation value="-4.955029 -9.129135"/>
    <Properties>
      <Property name="Angle" value="-149.202"/>
      <Property name="Filename" value="/Objects/jagged_medium.hs"/>
    </Properties>
  </Object>
  <Object name="Object70">
    <AbsoluteLocation value="-9.118011 -8.762794"/>
    <Properties>
      <Property name="Angle" value="183.485"/>
      <Property name="Filename" value="/Objects/jagged_small.hs"/>
    </Properties>
  </Object>
  <Object name="Object71">
    <AbsoluteLocation value="-22.384851 -5.431240"/>
    <Properties>
      <Property name="Angle" value="171.357"/>
      <Property name="Filename" value="/Objects/jagged_small.hs"/>
    </Properties>
  </Object>
  <Object name="Object72">
    <AbsoluteLocation value="-11.916514 -41.113834"/>
    <Properties>
      <Property name="Angle" value="79.3142"/>
      <Property name="Filename" value="/Objects/path_stopper.hs"/>
    </Properties>
  </Object>
  <Object name="Object73">
    <AbsoluteLocation value="15.388365 -47.363632"/>
    <Properties>
      <Property name="Angle" value="30.3498"/>
      <Property name="Filename" value="/Objects/path_stopper.hs"/>
    </Properties>
  </Object>
  <Object name="Object75">
    <AbsoluteLocation value="31.386978 -17.654953"/>
    <Properties>
      <Property name="Angle" value="89.6715"/>
      <Property name="Filename" value="/Objects/pipe_into_wall_1.hs"/>
    </Properties>
  </Object>
  <Object name="Object76">
    <AbsoluteLocation value="31.112514 -8.347319"/>
    <Properties>
      <Property name="Angle" value="-90.1177"/>
      <Property name="Filename" value="/Objects/pipe_into_wall_2.hs"/>
    </Properties>
  </Object>
  <Room>
    <AbsoluteLocation value="-17.199997 27.599998"/>
  </Room>
</Objects>
