<?xml version="1.0"?>
<Objects>
  <Object name="Object52">
    <AbsoluteLocation value="24.741140 12.006506"/>
    <Properties>
      <Property name="Angle" value="179.9"/>
      <Property name="Filename" value="/Objects/path_locking_elbow_4.hs"/>
    </Properties>
  </Object>
  <Object name="Object39">
    <AbsoluteLocation value="12.900430 44.000904"/>
    <Properties>
      <Property name="Angle" value="-90.5051"/>
      <Property name="Filename" value="/Objects/pipe_straight.hs"/>
    </Properties>
  </Object>
  <Object name="Object32">
    <AbsoluteLocation value="3.441862 53.936501"/>
    <Properties>
      <Property name="Angle" value="89.8074"/>
      <Property name="Filename" value="/Objects/pipe_elbow_1.hs"/>
    </Properties>
  </Object>
  <Object name="Object28">
    <AbsoluteLocation value="30.315821 -60.493820"/>
    <Properties>
      <Property name="Angle" value="0"/>
      <Property name="Filename" value="/Objects/pipe_straight_short.hs"/>
    </Properties>
  </Object>
  <Object name="Object25">
    <AbsoluteLocation value="27.057434 -55.616810"/>
    <Properties>
      <Property name="Angle" value="0"/>
      <Property name="Filename" value="/Objects/pipe_elbow_1.hs"/>
    </Properties>
  </Object>
  <Object name="Object24">
    <AbsoluteLocation value="-14.379455 -69.607414"/>
    <Properties>
      <Property name="Angle" value="38.4602"/>
      <Property name="Filename" value="/Objects/pipe_straight_short.hs"/>
    </Properties>
  </Object>
  <Object name="Object14">
    <AbsoluteLocation value="-13.520307 -68.722900"/>
    <Properties>
      <Property name="Angle" value="-89.4646"/>
      <Property name="Filename" value="/Objects/pipe_bend_1.hs"/>
    </Properties>
  </Object>
  <Object name="Ducky10">
    <AbsoluteLocation value="13.811867 -9.337337"/>
    <Properties>
      <Property name="Angle" value="0"/>
      <Property name="Filename" value="/Objects/star_poison.hs"/>
      <Property name="Type" value="star"/>
    </Properties>
  </Object>
  <Object name="Ducky11">
    <AbsoluteLocation value="15.394461 60.162960"/>
    <Properties>
      <Property name="Angle" value="0"/>
      <Property name="Filename" value="/Objects/star_poison.hs"/>
      <Property name="Type" value="star"/>
    </Properties>
  </Object>
  <Object name="Spout12">
    <AbsoluteLocation value="-13.258120 -65.945641"/>
    <Properties>
      <Property name="Angle" value="0"/>
      <Property name="ConnectedSpout0" value="SWAMPY_SPOUT"/>
      <Property name="ConnectedSpoutProbability0" value="1"/>
      <Property name="Filename" value="/Objects/broken_pipe_cranky.hs"/>
      <Property name="Type" value="spout"/>
    </Properties>
  </Object>
  <Object name="Object13">
    <AbsoluteLocation value="-15.902308 -70.767303"/>
    <Properties>
      <Property name="Angle" value="-134.711"/>
      <Property name="Filename" value="/Objects/pipe_connector_end.hs"/>
    </Properties>
  </Object>
  <Object name="Switch15">
    <AbsoluteLocation value="26.853178 83.594406"/>
    <Properties>
      <Property name="Angle" value="89.747"/>
      <Property name="ConnectedObject0" value="Object16"/>
      <Property name="Filename" value="/Objects/switch_green.hs"/>
      <Property name="Type" value="switch"/>
    </Properties>
  </Object>
  <Object name="Object16">
    <AbsoluteLocation value="6.536336 37.180645"/>
    <Properties>
      <Property name="Angle" value="179.765"/>
      <Property name="Filename" value="/Objects/wall_16x8_green.hs"/>
      <Property name="MotorTurnSpeed" value="90"/>
      <Property name="PathPos0" value="0 0"/>
      <Property name="PathPos1" value="1 0"/>
    </Properties>
  </Object>
  <Object name="Spout16">
    <AbsoluteLocation value="2.749897 50.518978"/>
    <Properties>
      <Property name="Angle" value="180.456"/>
      <Property name="ConnectedSpout0" value="Spout17"/>
      <Property name="ConnectedSpoutProbability0" value="1"/>
      <Property name="Filename" value="/Objects/basic_drain.hs"/>
      <Property name="Type" value="spout"/>
    </Properties>
  </Object>
  <Object name="Spout17">
    <AbsoluteLocation value="24.052052 -54.854908"/>
    <Properties>
      <Property name="Angle" value="180"/>
      <Property name="Filename" value="/Objects/shower_head.hs"/>
      <Property name="FluidType" value="Water"/>
      <Property name="NumberParticles" value="0"/>
      <Property name="ParticleSpeed" value="50"/>
      <Property name="Type" value="spout"/>
    </Properties>
  </Object>
  <Object name="Object26">
    <AbsoluteLocation value="28.340101 -59.820480"/>
    <Properties>
      <Property name="Angle" value="179.932"/>
      <Property name="Filename" value="/Objects/pipe_elbow_2.hs"/>
    </Properties>
  </Object>
  <Object name="Object27">
    <AbsoluteLocation value="31.721218 -60.475376"/>
    <Properties>
      <Property name="Angle" value="0"/>
      <Property name="Filename" value="/Objects/pipe_into_wall_1.hs"/>
    </Properties>
  </Object>
  <Object name="Object29">
    <AbsoluteLocation value="27.703997 -58.129772"/>
    <Properties>
      <Property name="Angle" value="-90.1665"/>
      <Property name="Filename" value="/Objects/pipe_straight_short.hs"/>
    </Properties>
  </Object>
  <Object name="Object35">
    <AbsoluteLocation value="5.647530 54.312492"/>
    <Properties>
      <Property name="Angle" value="0"/>
      <Property name="Filename" value="/Objects/pipe_bend_2.hs"/>
    </Properties>
  </Object>
  <Object name="Object36">
    <AbsoluteLocation value="9.198277 50.664650"/>
    <Properties>
      <Property name="Angle" value="-47.2839"/>
      <Property name="Filename" value="/Objects/pipe_straight_long.hs"/>
    </Properties>
  </Object>
  <Object name="Object38">
    <AbsoluteLocation value="12.769016 46.537983"/>
    <Properties>
      <Property name="Angle" value="-40.6708"/>
      <Property name="Filename" value="/Objects/pipe_bend_2.hs"/>
    </Properties>
  </Object>
  <Object name="Object41">
    <AbsoluteLocation value="12.839364 41.073231"/>
    <Properties>
      <Property name="Angle" value="-89.7606"/>
      <Property name="Filename" value="/Objects/pipe_into_wall_1.hs"/>
    </Properties>
  </Object>
  <Object name="Object42">
    <AbsoluteLocation value="-17.380754 13.687983"/>
    <Properties>
      <Property name="Angle" value="-0.0485356"/>
      <Property name="Filename" value="/Objects/path_locking_end.hs"/>
    </Properties>
  </Object>
  <Object name="Object44">
    <AbsoluteLocation value="-12.493502 13.683844"/>
    <Properties>
      <Property name="Angle" value="-0.0485356"/>
      <Property name="Filename" value="/Objects/path_locking_mid.hs"/>
    </Properties>
  </Object>
  <Object name="Object45">
    <AbsoluteLocation value="-7.606367 13.679703"/>
    <Properties>
      <Property name="Angle" value="-0.0485356"/>
      <Property name="Filename" value="/Objects/path_locking_mid.hs"/>
    </Properties>
  </Object>
  <Object name="Object46">
    <AbsoluteLocation value="-2.719194 13.675562"/>
    <Properties>
      <Property name="Angle" value="-0.0485356"/>
      <Property name="Filename" value="/Objects/path_locking_mid.hs"/>
    </Properties>
  </Object>
  <Object name="Object47">
    <AbsoluteLocation value="2.168009 13.671421"/>
    <Properties>
      <Property name="Angle" value="-0.0485356"/>
      <Property name="Filename" value="/Objects/path_locking_mid.hs"/>
    </Properties>
  </Object>
  <Object name="Object48">
    <AbsoluteLocation value="7.055197 13.667284"/>
    <Properties>
      <Property name="Angle" value="-0.0485356"/>
      <Property name="Filename" value="/Objects/path_locking_mid.hs"/>
    </Properties>
  </Object>
  <Object name="Object49">
    <AbsoluteLocation value="11.942398 13.663143"/>
    <Properties>
      <Property name="Angle" value="-0.0485356"/>
      <Property name="Filename" value="/Objects/path_locking_mid.hs"/>
    </Properties>
  </Object>
  <Object name="Object50">
    <AbsoluteLocation value="16.829569 13.659004"/>
    <Properties>
      <Property name="Angle" value="-0.0485356"/>
      <Property name="Filename" value="/Objects/path_locking_mid.hs"/>
    </Properties>
  </Object>
  <Object name="Ducky46">
    <AbsoluteLocation value="-16.030819 -54.665955"/>
    <Properties>
      <Property name="Angle" value="0"/>
      <Property name="Filename" value="/Objects/star_poison.hs"/>
      <Property name="Type" value="star"/>
    </Properties>
  </Object>
  <Object name="Object53">
    <AbsoluteLocation value="20.894247 13.669020"/>
    <Properties>
      <Property name="Angle" value="-0.0485356"/>
      <Property name="Filename" value="/Objects/path_locking_mid.hs"/>
    </Properties>
  </Object>
  <Object name="Object55">
    <AbsoluteLocation value="26.382090 5.536031"/>
    <Properties>
      <Property name="Angle" value="90.1411"/>
      <Property name="Filename" value="/Objects/path_locking_mid.hs"/>
    </Properties>
  </Object>
  <Object name="Object57">
    <AbsoluteLocation value="26.394083 0.648836"/>
    <Properties>
      <Property name="Angle" value="90.1411"/>
      <Property name="Filename" value="/Objects/path_locking_mid.hs"/>
    </Properties>
  </Object>
  <Object name="Object59">
    <AbsoluteLocation value="26.387762 -4.158051"/>
    <Properties>
      <Property name="Angle" value="0"/>
      <Property name="Filename" value="/Objects/path_vertical_locking_end_bottom.hs"/>
    </Properties>
  </Object>
  <Object name="Object23">
    <AbsoluteLocation value="-19.846691 13.648355"/>
    <Properties>
      <Property name="Angle" value="-0.441667"/>
      <Property name="Filename" value="/Objects/pipe_straight.hs"/>
      <Property name="Parent" value="toolslider"/>
    </Properties>
  </Object>
  <Object name="Spout6">
    <AbsoluteLocation value="-26.079054 13.466028"/>
    <Properties>
      <Property name="Angle" value="183.418"/>
      <Property name="Filename" value="/Objects/touch_spout.hs"/>
      <Property name="FluidType" value="Water"/>
      <Property name="OffsetVariation" value="1.75"/>
      <Property name="Parent" value="toolslider"/>
      <Property name="ParticlesPetSecond" value="6"/>
      <Property name="Type" value="spout"/>
    </Properties>
  </Object>
  <Object name="Object19">
    <AbsoluteLocation value="-18.236374 17.846745"/>
    <Properties>
      <Property name="Angle" value="90.1705"/>
      <Property name="Filename" value="/Objects/pipe_straight.hs"/>
      <Property name="Parent" value="toolslider"/>
    </Properties>
  </Object>
  <Object name="Object20">
    <AbsoluteLocation value="-14.694572 16.611313"/>
    <Properties>
      <Property name="Angle" value="42.3404"/>
      <Property name="Filename" value="/Objects/pipe_straight.hs"/>
      <Property name="Parent" value="toolslider"/>
    </Properties>
  </Object>
  <Object name="Object21">
    <AbsoluteLocation value="-14.987862 10.250239"/>
    <Properties>
      <Property name="Angle" value="-44.2532"/>
      <Property name="Filename" value="/Objects/pipe_straight.hs"/>
      <Property name="Parent" value="toolslider"/>
    </Properties>
  </Object>
  <Object name="Object22">
    <AbsoluteLocation value="-18.277931 9.697121"/>
    <Properties>
      <Property name="Angle" value="90.1705"/>
      <Property name="Filename" value="/Objects/pipe_straight.hs"/>
      <Property name="Parent" value="toolslider"/>
    </Properties>
  </Object>
  <Object name="Spout11">
    <AbsoluteLocation value="-9.862324 21.210270"/>
    <Properties>
      <Property name="Angle" value="45"/>
      <Property name="Filename" value="/Objects/touch_spout_murky.hs"/>
      <Property name="FluidType" value="ContaminatedWater"/>
      <Property name="Parent" value="toolslider"/>
      <Property name="ParticleSpeed" value="80"/>
      <Property name="Type" value="spout"/>
    </Properties>
  </Object>
  <Object name="Spout3">
    <AbsoluteLocation value="-18.302170 24.646645"/>
    <Properties>
      <Property name="Angle" value="90"/>
      <Property name="ExpulsionAngleVariation" value="0.1"/>
      <Property name="Filename" value="/Objects/touch_spout.hs"/>
      <Property name="FluidType" value="Water"/>
      <Property name="Parent" value="toolslider"/>
      <Property name="ParticleSpeed" value="50"/>
      <Property name="Type" value="spout"/>
    </Properties>
  </Object>
  <Object name="Spout9">
    <AbsoluteLocation value="-10.295027 5.681039"/>
    <Properties>
      <Property name="Angle" value="-45"/>
      <Property name="Filename" value="/Objects/touch_spout_murky.hs"/>
      <Property name="FluidType" value="ContaminatedWater"/>
      <Property name="Parent" value="toolslider"/>
      <Property name="ParticlesPerSecond" value="20"/>
      <Property name="Type" value="spout"/>
    </Properties>
  </Object>
  <Object name="Spout4">
    <AbsoluteLocation value="-18.267347 2.741508"/>
    <Properties>
      <Property name="Angle" value="-90"/>
      <Property name="ExpulsionAngleVariation" value="0.25"/>
      <Property name="Filename" value="/Objects/touch_spout.hs"/>
      <Property name="FluidType" value="Water"/>
      <Property name="Parent" value="toolslider"/>
      <Property name="ParticlesPerSecond" value="10"/>
      <Property name="Type" value="spout"/>
    </Properties>
  </Object>
  <Object name="toolslider">
    <AbsoluteLocation value="-18.346951 13.758318"/>
    <Properties>
      <Property name="Angle" value="90"/>
      <Property name="Filename" value="/Objects/wall_8x8_locking.hs"/>
      <Property name="PathPos0" value="0 0"/>
      <Property name="PathPos1" value="56 0"/>
      <Property name="PathPos2" value="56 -24"/>
    </Properties>
  </Object>
  <Room>
    <AbsoluteLocation value="-18.799997 -82.000008"/>
  </Room>
</Objects>
