<?xml version="1.0"?>
<Objects>
  <Object name="Object12">
    <AbsoluteLocation value="3.380581 -46.915916"/>
    <Properties>
      <Property name="Angle" value="-100.802"/>
      <Property name="Filename" value="/Objects/pipe_elbow_2.hs"/>
    </Properties>
  </Object>
  <Object name="Spout2">
    <AbsoluteLocation value="4.150089 -44.927284"/>
    <Properties>
      <Property name="Angle" value="0"/>
      <Property name="ConnectedSpout0" value="SWAMPY_SPOUT"/>
      <Property name="ConnectedSpoutProbability0" value="1"/>
      <Property name="Filename" value="/Objects/broken_pipe.hs"/>
      <Property name="Type" value="spout"/>
    </Properties>
  </Object>
  <Object name="Ducky3">
    <AbsoluteLocation value="-24.868326 10.266968"/>
    <Properties>
      <Property name="Angle" value="0"/>
      <Property name="Filename" value="/Objects/star.hs"/>
      <Property name="Type" value="star"/>
    </Properties>
  </Object>
  <Object name="Ducky4">
    <AbsoluteLocation value="25.569700 10.232983"/>
    <Properties>
      <Property name="Angle" value="0"/>
      <Property name="Filename" value="/Objects/star.hs"/>
      <Property name="Type" value="star"/>
    </Properties>
  </Object>
  <Object name="Ducky5">
    <AbsoluteLocation value="10.145794 -34.741421"/>
    <Properties>
      <Property name="Angle" value="0"/>
      <Property name="Filename" value="/Objects/star.hs"/>
      <Property name="Type" value="star"/>
    </Properties>
  </Object>
  <Object name="Switch9">
    <AbsoluteLocation value="27.487415 -8.864822"/>
    <Properties>
      <Property name="Angle" value="69.9164"/>
      <Property name="ConnectedObject0" value="Object6"/>
      <Property name="Filename" value="/Objects/switch_fan1.hs"/>
      <Property name="Type" value="switch"/>
    </Properties>
  </Object>
  <Object name="Switch10">
    <AbsoluteLocation value="-27.407303 -16.127007"/>
    <Properties>
      <Property name="Angle" value="-70.4195"/>
      <Property name="ConnectedObject0" value="Object7"/>
      <Property name="Filename" value="/Objects/switch_blue.hs"/>
      <Property name="Type" value="switch"/>
    </Properties>
  </Object>
  <Object name="Object6">
    <AbsoluteLocation value="3.957096 -19.435947"/>
    <Properties>
      <Property name="Angle" value="0"/>
      <Property name="Filename" value="/Objects/wall_24x8_pivot.hs"/>
      <Property name="MotorMoveSpeed" value="18"/>
      <Property name="PathPos0" value="0 0"/>
      <Property name="PathPos1" value="21 0"/>
    </Properties>
  </Object>
  <Object name="Object7">
    <AbsoluteLocation value="3.957096 -29.411320"/>
    <Properties>
      <Property name="Angle" value="0"/>
      <Property name="Filename" value="/Objects/wall_24x8_pivot_blue.hs"/>
      <Property name="MotorMoveSpeed" value="18"/>
      <Property name="PathPos0" value="0 0"/>
      <Property name="PathPos1" value="21 0"/>
    </Properties>
  </Object>
  <Object name="Object8">
    <AbsoluteLocation value="3.957096 -39.971931"/>
    <Properties>
      <Property name="Angle" value="0"/>
      <Property name="Filename" value="/Objects/wall_24x8_pivot_green.hs"/>
      <Property name="MotorMoveSpeed" value="5"/>
      <Property name="PathPos0" value="0 0"/>
      <Property name="PathPos1" value="21 0"/>
    </Properties>
  </Object>
  <Object name="Switch11">
    <AbsoluteLocation value="22.127115 -34.592167"/>
    <Properties>
      <Property name="Angle" value="90.5851"/>
      <Property name="ConnectedObject0" value="Object8"/>
      <Property name="Filename" value="/Objects/switch_fan2.hs"/>
      <Property name="Type" value="switch"/>
    </Properties>
  </Object>
  <Object name="Object13">
    <AbsoluteLocation value="-0.449936 -46.441349"/>
    <Properties>
      <Property name="Angle" value="-18.2886"/>
      <Property name="Filename" value="/Objects/pipe_straight.hs"/>
    </Properties>
  </Object>
  <Object name="Object14">
    <AbsoluteLocation value="-2.642948 -39.238815"/>
    <Properties>
      <Property name="Angle" value="-99.1579"/>
      <Property name="Filename" value="/Objects/pipe_straight.hs"/>
    </Properties>
  </Object>
  <Object name="Object15">
    <AbsoluteLocation value="-2.468788 -44.700993"/>
    <Properties>
      <Property name="Angle" value="-13.6213"/>
      <Property name="Filename" value="/Objects/pipe_connector_90.hs"/>
    </Properties>
  </Object>
  <Object name="Object16">
    <AbsoluteLocation value="-1.817940 -33.217968"/>
    <Properties>
      <Property name="Angle" value="-97.0432"/>
      <Property name="Filename" value="/Objects/pipe_straight.hs"/>
    </Properties>
  </Object>
  <Object name="Object17">
    <AbsoluteLocation value="-7.046593 -24.018932"/>
    <Properties>
      <Property name="Angle" value="-23.5038"/>
      <Property name="Filename" value="/Objects/pipe_straight.hs"/>
    </Properties>
  </Object>
  <Object name="Object18">
    <AbsoluteLocation value="-2.043674 -27.238781"/>
    <Properties>
      <Property name="Angle" value="-194.996"/>
      <Property name="Filename" value="/Objects/pipe_connector_90.hs"/>
    </Properties>
  </Object>
  <Object name="Object19">
    <AbsoluteLocation value="-12.377571 -21.673866"/>
    <Properties>
      <Property name="Angle" value="-23.5038"/>
      <Property name="Filename" value="/Objects/pipe_straight.hs"/>
    </Properties>
  </Object>
  <Object name="Object20">
    <AbsoluteLocation value="-16.457138 -19.873764"/>
    <Properties>
      <Property name="Angle" value="-23.5038"/>
      <Property name="Filename" value="/Objects/pipe_straight.hs"/>
    </Properties>
  </Object>
  <Object name="Object21">
    <AbsoluteLocation value="-20.001846 -18.595148"/>
    <Properties>
      <Property name="Angle" value="31.6747"/>
      <Property name="Filename" value="/Objects/pipe_bend_2.hs"/>
    </Properties>
  </Object>
  <Object name="Object22">
    <AbsoluteLocation value="-23.682373 -20.400925"/>
    <Properties>
      <Property name="Angle" value="31.5327"/>
      <Property name="Filename" value="/Objects/pipe_straight.hs"/>
    </Properties>
  </Object>
  <Object name="Object23">
    <AbsoluteLocation value="-26.749523 -23.056187"/>
    <Properties>
      <Property name="Angle" value="122.16"/>
      <Property name="Filename" value="/Objects/pipe_elbow_1.hs"/>
    </Properties>
  </Object>
  <Object name="Object24">
    <AbsoluteLocation value="-26.473488 -25.064898"/>
    <Properties>
      <Property name="Angle" value="-56.3518"/>
      <Property name="Filename" value="/Objects/pipe_connector_end.hs"/>
    </Properties>
  </Object>
  <Object name="Object25">
    <AbsoluteLocation value="4.537315 -19.660408"/>
    <Properties>
      <Property name="Angle" value="0"/>
      <Property name="Filename" value="/Objects/path_locking_end.hs"/>
    </Properties>
  </Object>
  <Object name="Object26">
    <AbsoluteLocation value="9.390493 -19.660408"/>
    <Properties>
      <Property name="Angle" value="0"/>
      <Property name="Filename" value="/Objects/path_locking_mid.hs"/>
    </Properties>
  </Object>
  <Object name="Object27">
    <AbsoluteLocation value="14.249203 -19.660408"/>
    <Properties>
      <Property name="Angle" value="0"/>
      <Property name="Filename" value="/Objects/path_locking_mid.hs"/>
    </Properties>
  </Object>
  <Object name="Object28">
    <AbsoluteLocation value="19.192047 -19.660408"/>
    <Properties>
      <Property name="Angle" value="0"/>
      <Property name="Filename" value="/Objects/path_locking_end_right.hs"/>
    </Properties>
  </Object>
  <Object name="Object29">
    <AbsoluteLocation value="19.319637 -40.248196"/>
    <Properties>
      <Property name="Angle" value="0"/>
      <Property name="Filename" value="/Objects/path_locking_end_right.hs"/>
    </Properties>
  </Object>
  <Object name="Object30">
    <AbsoluteLocation value="9.518084 -40.248196"/>
    <Properties>
      <Property name="Angle" value="0"/>
      <Property name="Filename" value="/Objects/path_locking_mid.hs"/>
    </Properties>
  </Object>
  <Object name="Object31">
    <AbsoluteLocation value="14.376793 -40.248196"/>
    <Properties>
      <Property name="Angle" value="0"/>
      <Property name="Filename" value="/Objects/path_locking_mid.hs"/>
    </Properties>
  </Object>
  <Object name="Object32">
    <AbsoluteLocation value="4.664906 -40.060696"/>
    <Properties>
      <Property name="Angle" value="0"/>
      <Property name="Filename" value="/Objects/path_locking_end.hs"/>
    </Properties>
  </Object>
  <Object name="Object33">
    <AbsoluteLocation value="19.261841 -29.526821"/>
    <Properties>
      <Property name="Angle" value="0"/>
      <Property name="Filename" value="/Objects/path_locking_end_right.hs"/>
    </Properties>
  </Object>
  <Object name="Object34">
    <AbsoluteLocation value="9.460287 -29.526821"/>
    <Properties>
      <Property name="Angle" value="0"/>
      <Property name="Filename" value="/Objects/path_locking_mid.hs"/>
    </Properties>
  </Object>
  <Object name="Object35">
    <AbsoluteLocation value="14.318996 -29.526821"/>
    <Properties>
      <Property name="Angle" value="0"/>
      <Property name="Filename" value="/Objects/path_locking_mid.hs"/>
    </Properties>
  </Object>
  <Object name="Object36">
    <AbsoluteLocation value="4.607109 -29.526821"/>
    <Properties>
      <Property name="Angle" value="0"/>
      <Property name="Filename" value="/Objects/path_locking_end.hs"/>
    </Properties>
  </Object>
  <Object name="Object38">
    <AbsoluteLocation value="30.756027 -24.521297"/>
    <Properties>
      <Property name="Angle" value="0"/>
      <Property name="Filename" value="/Objects/pipe_straight.hs"/>
    </Properties>
  </Object>
  <Object name="Object39">
    <AbsoluteLocation value="24.508680 -24.521297"/>
    <Properties>
      <Property name="Angle" value="0"/>
      <Property name="Filename" value="/Objects/pipe_straight.hs"/>
    </Properties>
  </Object>
  <Object name="Object40">
    <AbsoluteLocation value="36.562279 -24.521297"/>
    <Properties>
      <Property name="Angle" value="0"/>
      <Property name="Filename" value="/Objects/pipe_straight.hs"/>
    </Properties>
  </Object>
  <Object name="Spout37">
    <AbsoluteLocation value="19.217857 -24.246811"/>
    <Properties>
      <Property name="Angle" value="-185.795"/>
      <Property name="Filename" value="/Objects/shower_head.hs"/>
      <Property name="FluidType" value="Lava"/>
      <Property name="NumberParticles" value="40"/>
      <Property name="ParticleSpeed" value="20"/>
      <Property name="Type" value="spout"/>
    </Properties>
  </Object>
  <Object name="Ducky41">
    <AbsoluteLocation value="-19.546875 -13.921875"/>
    <Properties>
      <Property name="Angle" value="0"/>
      <Property name="Filename" value="/Objects/star_teleport.hs"/>
      <Property name="StarType" value="teleport"/>
      <Property name="TeleportWaitTime" value="1.5"/>
      <Property name="Type" value="star"/>
    </Properties>
  </Object>
  <Object name="Ducky42">
    <AbsoluteLocation value="-17.609375 25.765625"/>
    <Properties>
      <Property name="Angle" value="0"/>
      <Property name="CutsDirt" value="1"/>
      <Property name="CutsRock" value="1"/>
      <Property name="Filename" value="/Objects/star_teleport.hs"/>
      <Property name="StarType" value="teleport"/>
      <Property name="TeleportMoveTime" value="7.5"/>
      <Property name="TeleportWaitTime" value="999"/>
      <Property name="Type" value="star"/>
    </Properties>
  </Object>
  <Room>
    <AbsoluteLocation value="-17.199997 -35.600006"/>
  </Room>
  <Properties>
    <Property name="HeavyIntro" value="1"/>
  </Properties>
</Objects>
