<?xml version="1.0"?>
<Objects>
  <Object name="Object13">
    <AbsoluteLocation value="14.568597 -38.522579"/>
    <Properties>
      <Property name="Angle" value="131.204"/>
      <Property name="Filename" value="/Objects/pipe_elbow_1.hs"/>
    </Properties>
  </Object>
  <Object name="Object8">
    <AbsoluteLocation value="12.569327 -45.010006"/>
    <Properties>
      <Property name="Angle" value="-141.081"/>
      <Property name="Filename" value="/Objects/pipe_elbow_2.hs"/>
    </Properties>
  </Object>
  <Object name="Ducky4">
    <AbsoluteLocation value="-6.488400 -9.756180"/>
    <Properties>
      <Property name="Angle" value="0"/>
      <Property name="Filename" value="/Objects/star.hs"/>
      <Property name="Type" value="star"/>
    </Properties>
  </Object>
  <Object name="Ducky5">
    <AbsoluteLocation value="4.996753 3.712220"/>
    <Properties>
      <Property name="Angle" value="0"/>
      <Property name="Filename" value="/Objects/star.hs"/>
      <Property name="Type" value="star"/>
    </Properties>
  </Object>
  <Object name="Ducky6">
    <AbsoluteLocation value="20.021826 -20.245043"/>
    <Properties>
      <Property name="Angle" value="0"/>
      <Property name="Filename" value="/Objects/star.hs"/>
      <Property name="Type" value="star"/>
    </Properties>
  </Object>
  <Object name="Spout7">
    <AbsoluteLocation value="16.215240 -35.875229"/>
    <Properties>
      <Property name="Angle" value="-42.8663"/>
      <Property name="ConnectedSpout0" value="SWAMPY_SPOUT"/>
      <Property name="ConnectedSpoutProbability0" value="1"/>
      <Property name="Filename" value="/Objects/broken_pipe.hs"/>
      <Property name="Type" value="spout"/>
    </Properties>
  </Object>
  <Object name="Object14">
    <AbsoluteLocation value="15.153800 -42.203300"/>
    <Properties>
      <Property name="Angle" value="128.913"/>
      <Property name="Filename" value="/Objects/pipe_connector_90.hs"/>
    </Properties>
  </Object>
  <Object name="Object15">
    <AbsoluteLocation value="8.864177 -42.299324"/>
    <Properties>
      <Property name="Angle" value="-41.6288"/>
      <Property name="Filename" value="/Objects/pipe_straight.hs"/>
    </Properties>
  </Object>
  <Object name="Object10">
    <AbsoluteLocation value="7.151618 -40.968544"/>
    <Properties>
      <Property name="Angle" value="-217.393"/>
      <Property name="Filename" value="/Objects/pipe_connector_end.hs"/>
    </Properties>
  </Object>
  <Object name="Object12">
    <AbsoluteLocation value="-7.724045 71.024460"/>
    <Properties>
      <Property name="Angle" value="-16.972"/>
      <Property name="Filename" value="/Objects/wall_24x8_no_gear.hs"/>
    </Properties>
  </Object>
  <Object name="Object16">
    <AbsoluteLocation value="5.816648 80.037735"/>
    <Properties>
      <Property name="Angle" value="85.9781"/>
      <Property name="Filename" value="/Objects/wall_24x8_no_gear.hs"/>
      <Property name="MotorMoveSpeed" value="2"/>
      <Property name="MotorOn" value="1"/>
      <Property name="PathPos0" value="0 0"/>
      <Property name="PathPos1" value="0 50"/>
    </Properties>
  </Object>
  <Object name="WaterBalloon2">
    <AbsoluteLocation value="-1.944660 77.615051"/>
    <Properties>
      <Property name="Angle" value="0.174432"/>
      <Property name="Filename" value="/Objects/balloon.hs"/>
      <Property name="InitialParticles" value="water 50"/>
      <Property name="Type" value="waterballoon"/>
    </Properties>
  </Object>
  <Object name="Ducky17">
    <AbsoluteLocation value="4.312500 2.812500"/>
    <Properties>
      <Property name="Angle" value="0"/>
      <Property name="Filename" value="/Objects/star_baby.hs"/>
      <Property name="StarType" value="baby"/>
      <Property name="Type" value="star"/>
    </Properties>
  </Object>
  <Object name="Ducky20">
    <AbsoluteLocation value="20.062500 -1.875000"/>
    <Properties>
      <Property name="Angle" value="0"/>
      <Property name="Filename" value="/Objects/star_baby.hs"/>
      <Property name="StarType" value="baby"/>
      <Property name="Type" value="star"/>
    </Properties>
  </Object>
  <Object name="Ducky23">
    <AbsoluteLocation value="24.375000 -10.687500"/>
    <Properties>
      <Property name="Angle" value="0"/>
      <Property name="Filename" value="/Objects/star_baby.hs"/>
      <Property name="StarType" value="baby"/>
      <Property name="Type" value="star"/>
    </Properties>
  </Object>
  <Object name="Ducky26">
    <AbsoluteLocation value="19.031250 -18.984375"/>
    <Properties>
      <Property name="Angle" value="0"/>
      <Property name="Filename" value="/Objects/star_baby.hs"/>
      <Property name="StarType" value="baby"/>
      <Property name="Type" value="star"/>
    </Properties>
  </Object>
  <Object name="Ducky19">
    <AbsoluteLocation value="10.250000 -12.593750"/>
    <Properties>
      <Property name="Angle" value="0"/>
      <Property name="Filename" value="/Objects/star_baby.hs"/>
      <Property name="StarType" value="baby"/>
      <Property name="Type" value="star"/>
    </Properties>
  </Object>
  <Object name="Ducky22">
    <AbsoluteLocation value="-2.125000 -11.046875"/>
    <Properties>
      <Property name="Angle" value="0"/>
      <Property name="Filename" value="/Objects/star_baby.hs"/>
      <Property name="StarType" value="baby"/>
      <Property name="Type" value="star"/>
    </Properties>
  </Object>
  <Object name="Ducky18">
    <AbsoluteLocation value="-16.109375 -14.265625"/>
    <Properties>
      <Property name="Angle" value="0"/>
      <Property name="Filename" value="/Objects/star_baby.hs"/>
      <Property name="StarType" value="baby"/>
      <Property name="Type" value="star"/>
    </Properties>
  </Object>
  <Object name="Ducky21">
    <AbsoluteLocation value="-21.734375 -8.828125"/>
    <Properties>
      <Property name="Angle" value="0"/>
      <Property name="Filename" value="/Objects/star_baby.hs"/>
      <Property name="StarType" value="baby"/>
      <Property name="Type" value="star"/>
    </Properties>
  </Object>
  <Object name="Ducky24">
    <AbsoluteLocation value="-27.403122 -15.056248"/>
    <Properties>
      <Property name="Angle" value="0"/>
      <Property name="Filename" value="/Objects/star_baby.hs"/>
      <Property name="StarType" value="baby"/>
      <Property name="Type" value="star"/>
    </Properties>
  </Object>
  <Object name="Ducky25">
    <AbsoluteLocation value="-21.553123 -20.540627"/>
    <Properties>
      <Property name="Angle" value="0"/>
      <Property name="Filename" value="/Objects/star_baby.hs"/>
      <Property name="StarType" value="baby"/>
      <Property name="Type" value="star"/>
    </Properties>
  </Object>
  <Room>
    <AbsoluteLocation value="-4.399997 -32.400002"/>
  </Room>
  <Properties>
    <Property name="HeavyIntro" value="1"/>
  </Properties>
</Objects>

