<?xml version="1.0"?>
<Objects>
  <Object name="Obj22">
    <AbsoluteLocation value="2.482410 3.132982"/>
    <Properties>
      <Property name="Angle" value="7.57435"/>
      <Property name="Filename" value="/Objects/pipe_elbow_1.hs"/>
    </Properties>
  </Object>
  <Object name="Obj11">
    <AbsoluteLocation value="14.668642 -17.522026"/>
    <Properties>
      <Property name="Angle" value="90.0006"/>
      <Property name="Filename" value="/Objects/pipe_straight.hs"/>
    </Properties>
  </Object>
  <Object name="Spout3">
    <AbsoluteLocation value="-2.600004 2.200005"/>
    <Properties>
      <Property name="Angle" value="-156.063"/>
      <Property name="Filename" value="/Objects/touch_spout.hs"/>
      <Property name="FluidType" value="Water"/>
      <Property name="OffsetVariation" value="0.5"/>
      <Property name="ParticlesPerSecond" value="12"/>
      <Property name="Type" value="spout"/>
    </Properties>
  </Object>
  <Object name="Switch6">
    <AbsoluteLocation value="-16.033676 -46.469772"/>
    <Properties>
      <Property name="Angle" value="-0.177961"/>
      <Property name="ConnectedObject0" value="Obj1"/>
      <Property name="Filename" value="/Objects/switch.hs"/>
      <Property name="Type" value="switch"/>
    </Properties>
  </Object>
  <Object name="Switch7">
    <AbsoluteLocation value="-3.389263 -38.712097"/>
    <Properties>
      <Property name="Angle" value="54.1044"/>
      <Property name="ConnectedObject0" value="Object26"/>
      <Property name="Filename" value="/Objects/switch_green.hs"/>
      <Property name="Type" value="switch"/>
    </Properties>
  </Object>
  <Object name="Star8">
    <AbsoluteLocation value="2.000002 -15.000000"/>
    <Properties>
      <Property name="Angle" value="0"/>
      <Property name="Filename" value="/Objects/star.hs"/>
      <Property name="Type" value="star"/>
    </Properties>
  </Object>
  <Object name="Star9">
    <AbsoluteLocation value="9.745634 5.875727"/>
    <Properties>
      <Property name="Angle" value="0"/>
      <Property name="Filename" value="/Objects/star.hs"/>
      <Property name="Type" value="star"/>
    </Properties>
  </Object>
  <Object name="Star10">
    <AbsoluteLocation value="-23.113857 -32.984207"/>
    <Properties>
      <Property name="Angle" value="-1.10891"/>
      <Property name="Filename" value="/Objects/star.hs"/>
      <Property name="Type" value="star"/>
    </Properties>
  </Object>
  <Object name="Spout11">
    <AbsoluteLocation value="14.750881 -13.305897"/>
    <Properties>
      <Property name="Angle" value="0"/>
      <Property name="ConnectedSpout0" value="SWAMPY_SPOUT"/>
      <Property name="ConnectedSpoutProbability0" value="1"/>
      <Property name="Filename" value="/Objects/broken_pipe.hs"/>
      <Property name="Type" value="spout"/>
    </Properties>
  </Object>
  <Object name="Obj12">
    <AbsoluteLocation value="14.797343 -20.932617"/>
    <Properties>
      <Property name="Angle" value="-80.63"/>
      <Property name="Filename" value="/Objects/pipe_connector_end.hs"/>
    </Properties>
  </Object>
  <Object name="Obj16">
    <AbsoluteLocation value="-17.550293 11.649754"/>
    <Properties>
      <Property name="Angle" value="-0.496063"/>
      <Property name="Filename" value="/Objects/path_vertical_locking_end_top.hs"/>
    </Properties>
  </Object>
  <Object name="Obj17">
    <AbsoluteLocation value="-17.573936 -12.429348"/>
    <Properties>
      <Property name="Angle" value="-0.545357"/>
      <Property name="Filename" value="/Objects/path_vertical_locking_end_bottom.hs"/>
    </Properties>
  </Object>
  <Object name="Obj18">
    <AbsoluteLocation value="-17.570000 -7.542156"/>
    <Properties>
      <Property name="Angle" value="89.9537"/>
      <Property name="Filename" value="/Objects/path_locking_mid.hs"/>
    </Properties>
  </Object>
  <Object name="Obj19">
    <AbsoluteLocation value="-17.566055 -2.654957"/>
    <Properties>
      <Property name="Angle" value="89.9537"/>
      <Property name="Filename" value="/Objects/path_locking_mid.hs"/>
    </Properties>
  </Object>
  <Object name="Obj20">
    <AbsoluteLocation value="-17.562111 2.232243"/>
    <Properties>
      <Property name="Angle" value="89.9537"/>
      <Property name="Filename" value="/Objects/path_locking_mid.hs"/>
    </Properties>
  </Object>
  <Object name="Obj21">
    <AbsoluteLocation value="-17.558174 7.119444"/>
    <Properties>
      <Property name="Angle" value="89.9537"/>
      <Property name="Filename" value="/Objects/path_locking_mid.hs"/>
    </Properties>
  </Object>
  <Object name="Obj1">
    <AbsoluteLocation value="-17.790573 -12.799992"/>
    <Properties>
      <Property name="Angle" value="0"/>
      <Property name="Filename" value="/Objects/wall_24x8.hs"/>
      <Property name="MotorMoveSpeed0" value="30"/>
      <Property name="MotorMoveSpeed1" value="40"/>
      <Property name="MotorMoveSpeed2" value="65"/>
      <Property name="PathPos0" value="0 0"/>
      <Property name="PathPos1" value="0 8"/>
      <Property name="PathPos2" value="0 16"/>
      <Property name="PathPos3" value="0 30"/>
    </Properties>
  </Object>
  <Object name="Obj23">
    <AbsoluteLocation value="3.560630 0.508659"/>
    <Properties>
      <Property name="Angle" value="-80.4307"/>
      <Property name="Filename" value="/Objects/pipe_straight_short.hs"/>
    </Properties>
  </Object>
  <Object name="Obj24">
    <AbsoluteLocation value="3.956257 -1.752056"/>
    <Properties>
      <Property name="Angle" value="-80.1414"/>
      <Property name="Filename" value="/Objects/pipe_into_wall_1.hs"/>
    </Properties>
  </Object>
  <Object name="Object26">
    <AbsoluteLocation value="13.218750 15.468750"/>
    <Properties>
      <Property name="Angle" value="-13.736"/>
      <Property name="Filename" value="/Objects/wall_24x8_green.hs"/>
      <Property name="MotorMoveSpeed0" value="32"/>
      <Property name="MotorMoveSpeed1" value="2"/>
      <Property name="PathPos0" value="0 0"/>
      <Property name="PathPos1" value="-40 10"/>
      <Property name="PathPos2" value="-39 15"/>
    </Properties>
  </Object>
  <Object name="Object24">
    <AbsoluteLocation value="11.140644 15.899059"/>
    <Properties>
      <Property name="Angle" value="-14.7326"/>
      <Property name="Filename" value="/Objects/path_locking_end_right.hs"/>
    </Properties>
  </Object>
  <Object name="Object25">
    <AbsoluteLocation value="-12.491978 22.113331"/>
    <Properties>
      <Property name="Angle" value="-14.7326"/>
      <Property name="Filename" value="/Objects/path_locking_mid.hs"/>
    </Properties>
  </Object>
  <Object name="Object27">
    <AbsoluteLocation value="-7.765465 20.870483"/>
    <Properties>
      <Property name="Angle" value="-14.7326"/>
      <Property name="Filename" value="/Objects/path_locking_mid.hs"/>
    </Properties>
  </Object>
  <Object name="Object28">
    <AbsoluteLocation value="-3.038948 19.627615"/>
    <Properties>
      <Property name="Angle" value="-14.7326"/>
      <Property name="Filename" value="/Objects/path_locking_mid.hs"/>
    </Properties>
  </Object>
  <Object name="Object29">
    <AbsoluteLocation value="1.687580 18.384766"/>
    <Properties>
      <Property name="Angle" value="-14.7326"/>
      <Property name="Filename" value="/Objects/path_locking_mid.hs"/>
    </Properties>
  </Object>
  <Object name="Object30">
    <AbsoluteLocation value="6.414089 17.141911"/>
    <Properties>
      <Property name="Angle" value="-14.7326"/>
      <Property name="Filename" value="/Objects/path_locking_mid.hs"/>
    </Properties>
  </Object>
  <Object name="Object31">
    <AbsoluteLocation value="-16.664963 24.830341"/>
    <Properties>
      <Property name="Angle" value="-14.0671"/>
      <Property name="Filename" value="/Objects/path_locking_elbow.hs"/>
    </Properties>
  </Object>
  <Object name="Object32">
    <AbsoluteLocation value="-17.372135 28.805187"/>
    <Properties>
      <Property name="Angle" value="-14.5868"/>
      <Property name="Filename" value="/Objects/path_vertical_locking_end_top.hs"/>
    </Properties>
  </Object>
  <Object name="Object33">
    <AbsoluteLocation value="-17.725899 27.307278"/>
    <Properties>
      <Property name="Angle" value="-13.9321"/>
      <Property name="Filename" value="/Objects/path_smooth_vertical_mid.hs"/>
    </Properties>
  </Object>
  <Object name="WaterBalloon2">
    <AbsoluteLocation value="-6.900005 0.993755"/>
    <Properties>
      <Property name="Angle" value="-71.5963"/>
      <Property name="ConnectedSpout" value="Spout3"/>
      <Property name="Filename" value="/Objects/balloon.hs"/>
      <Property name="Type" value="waterballoon"/>
    </Properties>
  </Object>
  <Object name="Ducky43">
    <AbsoluteLocation value="22.730667 1.165661"/>
    <Properties>
      <Property name="Angle" value="0"/>
      <Property name="CutsRock" value="1"/>
      <Property name="Filename" value="/Objects/star_teleport.hs"/>
      <Property name="StarType" value="teleport"/>
      <Property name="TeleportMoveTime" value="2"/>
      <Property name="Type" value="star"/>
    </Properties>
  </Object>
  <Object name="Ducky44">
    <AbsoluteLocation value="21.953117 9.377884"/>
    <Properties>
      <Property name="Angle" value="0"/>
      <Property name="CutsRock" value="1"/>
      <Property name="Filename" value="/Objects/star_teleport.hs"/>
      <Property name="StarType" value="teleport"/>
      <Property name="TeleportMoveTime" value="2"/>
      <Property name="Type" value="star"/>
    </Properties>
  </Object>
  <Object name="Ducky35">
    <AbsoluteLocation value="-5.201965 15.378868"/>
    <Properties>
      <Property name="Angle" value="0"/>
      <Property name="CutsRock" value="1"/>
      <Property name="Filename" value="/Objects/star_teleport.hs"/>
      <Property name="StarType" value="teleport"/>
      <Property name="TeleportMoveTime" value="2"/>
      <Property name="TeleportWaitTime" value="99999"/>
      <Property name="Type" value="star"/>
    </Properties>
  </Object>
  <Room>
    <AbsoluteLocation value="16.400003 -34.800003"/>
  </Room>
</Objects>
