<?xml version="1.0"?>
<Objects>
  <Object name="Bomb48">
    <AbsoluteLocation value="26.580456 -10.870937"/>
    <Properties>
      <Property name="Angle" value="6.09162"/>
      <Property name="BlastRadius" value="11"/>
      <Property name="Filename" value="/Objects/bomb.hs"/>
      <Property name="Type" value="bomb"/>
    </Properties>
  </Object>
  <Object name="Object55">
    <AbsoluteLocation value="-34.437538 -40.024742"/>
    <Properties>
      <Property name="Angle" value="0"/>
      <Property name="Filename" value="/Objects/pipe_straight_long.hs"/>
    </Properties>
  </Object>
  <Object name="Object54">
    <AbsoluteLocation value="-34.635395 -14.547775"/>
    <Properties>
      <Property name="Angle" value="0"/>
      <Property name="Filename" value="/Objects/pipe_straight_long.hs"/>
    </Properties>
  </Object>
  <Object name="Object53">
    <AbsoluteLocation value="-34.216690 26.446045"/>
    <Properties>
      <Property name="Angle" value="0"/>
      <Property name="Filename" value="/Objects/pipe_straight_long.hs"/>
    </Properties>
  </Object>
  <Object name="Object26">
    <AbsoluteLocation value="6.169697 -44.065929"/>
    <Properties>
      <Property name="Angle" value="191.275"/>
      <Property name="Filename" value="/Objects/pipe_bend_1.hs"/>
    </Properties>
  </Object>
  <Object name="Spout3">
    <AbsoluteLocation value="4.130007 -42.757622"/>
    <Properties>
      <Property name="Angle" value="52.3318"/>
      <Property name="ConnectedSpout0" value="SWAMPY_SPOUT"/>
      <Property name="ConnectedSpoutProbability0" value="1"/>
      <Property name="Filename" value="/Objects/broken_pipe.hs"/>
      <Property name="Type" value="spout"/>
    </Properties>
  </Object>
  <Object name="Ducky4">
    <AbsoluteLocation value="16.797129 -15.333939"/>
    <Properties>
      <Property name="Angle" value="0.157787"/>
      <Property name="Filename" value="/Objects/star.hs"/>
      <Property name="Type" value="star"/>
    </Properties>
  </Object>
  <Object name="Ducky5">
    <AbsoluteLocation value="-15.224728 -34.831017"/>
    <Properties>
      <Property name="Angle" value="0"/>
      <Property name="Filename" value="/Objects/star.hs"/>
      <Property name="Type" value="star"/>
    </Properties>
  </Object>
  <Object name="Ducky6">
    <AbsoluteLocation value="-22.806482 -7.819199"/>
    <Properties>
      <Property name="Angle" value="0.705245"/>
      <Property name="Filename" value="/Objects/star.hs"/>
      <Property name="Type" value="star"/>
    </Properties>
  </Object>
  <Object name="Spout6">
    <AbsoluteLocation value="-26.841240 -37.788223"/>
    <Properties>
      <Property name="Angle" value="39.4327"/>
      <Property name="Filename" value="/Objects/touch_spout.hs"/>
      <Property name="FluidType" value="Water"/>
      <Property name="ParticleSpeed" value="18"/>
      <Property name="Type" value="spout"/>
    </Properties>
  </Object>
  <Object name="Spout7">
    <AbsoluteLocation value="-26.328856 -12.426664"/>
    <Properties>
      <Property name="Angle" value="41.7722"/>
      <Property name="Filename" value="/Objects/touch_spout.hs"/>
      <Property name="FluidType" value="Water"/>
      <Property name="ParticleSpeed" value="25"/>
      <Property name="ParticlesPerSecond" value="4"/>
      <Property name="Type" value="spout"/>
    </Properties>
  </Object>
  <Object name="Spout9">
    <AbsoluteLocation value="-26.596746 27.645451"/>
    <Properties>
      <Property name="Angle" value="27.5144"/>
      <Property name="Filename" value="/Objects/touch_spout.hs"/>
      <Property name="FluidType" value="Water"/>
      <Property name="ParticleSpeed" value="40"/>
      <Property name="ParticlesPerSecond" value="4"/>
      <Property name="Type" value="spout"/>
    </Properties>
  </Object>
  <Object name="Object22">
    <AbsoluteLocation value="5.307046 34.751007"/>
    <Properties>
      <Property name="Angle" value="-0.117535"/>
      <Property name="Filename" value="/Objects/wall_24x8_locking_updown.hs"/>
      <Property name="PathPos0" value="0 0"/>
      <Property name="PathPos1" value="10 0"/>
      <Property name="PathPos2" value="-30 0"/>
    </Properties>
  </Object>
  <Object name="Object23">
    <AbsoluteLocation value="-7.486845 26.026495"/>
    <Properties>
      <Property name="Angle" value="0.531433"/>
      <Property name="Filename" value="/Objects/wall_24x8_locking_updown.hs"/>
      <Property name="PathPos0" value="0 0"/>
      <Property name="PathPos1" value="30 0"/>
      <Property name="PathPos2" value="-7 0"/>
    </Properties>
  </Object>
  <Object name="Bomb22">
    <AbsoluteLocation value="5.536297 -0.321793"/>
    <Properties>
      <Property name="Angle" value="-0.547458"/>
      <Property name="BlastRadius" value="11"/>
      <Property name="Filename" value="/Objects/bomb.hs"/>
      <Property name="Type" value="bomb"/>
    </Properties>
  </Object>
  <Object name="Switch23">
    <AbsoluteLocation value="30.535061 29.352709"/>
    <Properties>
      <Property name="Angle" value="90"/>
      <Property name="ConnectedObject0" value="Object13"/>
      <Property name="Filename" value="/Objects/switch.hs"/>
      <Property name="Type" value="switch"/>
    </Properties>
  </Object>
  <Object name="Switch24">
    <AbsoluteLocation value="30.019903 11.156099"/>
    <Properties>
      <Property name="Angle" value="90"/>
      <Property name="ConnectedObject0" value="Object29"/>
      <Property name="Filename" value="/Objects/switch_blue.hs"/>
      <Property name="Type" value="switch"/>
    </Properties>
  </Object>
  <Object name="Object13">
    <AbsoluteLocation value="-1.575230 -36.048595"/>
    <Properties>
      <Property name="Angle" value="90"/>
      <Property name="Filename" value="/Objects/wall_24x8.hs"/>
      <Property name="MotorMoveSpeed" value="2"/>
      <Property name="PathPos0" value="0 0"/>
      <Property name="PathPos1" value="0 -21"/>
    </Properties>
  </Object>
  <Object name="Object16">
    <AbsoluteLocation value="-1.684014 -23.335613"/>
    <Properties>
      <Property name="Angle" value="0"/>
      <Property name="Filename" value="/Objects/wall_8x8_plain.hs"/>
      <Property name="Parent" value="Object13"/>
    </Properties>
  </Object>
  <Object name="Object28">
    <AbsoluteLocation value="-10.364946 -36.118099"/>
    <Properties>
      <Property name="Angle" value="-90"/>
      <Property name="Filename" value="/Objects/wall_24x8_green.hs"/>
      <Property name="MotorMoveSpeed" value="2"/>
      <Property name="PathPos0" value="0 0"/>
      <Property name="PathPos1" value="0 -20"/>
    </Properties>
  </Object>
  <Object name="Object29">
    <AbsoluteLocation value="-19.205162 -35.960915"/>
    <Properties>
      <Property name="Angle" value="-89.8925"/>
      <Property name="Filename" value="/Objects/wall_24x8_blue.hs"/>
      <Property name="MotorMoveSpeed" value="3"/>
      <Property name="PathPos0" value="0 0"/>
      <Property name="PathPos1" value="0 -30"/>
    </Properties>
  </Object>
  <Object name="Object30">
    <AbsoluteLocation value="-19.172043 -23.362209"/>
    <Properties>
      <Property name="Angle" value="0"/>
      <Property name="Filename" value="/Objects/wall_8x8_plain_blue.hs"/>
      <Property name="Parent" value="Object29"/>
    </Properties>
  </Object>
  <Object name="Object32">
    <AbsoluteLocation value="8.619261 -43.908932"/>
    <Properties>
      <Property name="Angle" value="11.8316"/>
      <Property name="Filename" value="/Objects/pipe_straight_short.hs"/>
    </Properties>
  </Object>
  <Object name="Object27">
    <AbsoluteLocation value="10.031273 -42.685184"/>
    <Properties>
      <Property name="Angle" value="48.2751"/>
      <Property name="Filename" value="/Objects/pipe_connector_end.hs"/>
    </Properties>
  </Object>
  <Object name="Object25">
    <AbsoluteLocation value="-24.715645 34.097206"/>
    <Properties>
      <Property name="Angle" value="0.0947073"/>
      <Property name="Filename" value="/Objects/path_locking_end.hs"/>
    </Properties>
  </Object>
  <Object name="Object33">
    <AbsoluteLocation value="18.977463 34.169910"/>
    <Properties>
      <Property name="Angle" value="0.0947073"/>
      <Property name="Filename" value="/Objects/path_locking_end_right.hs"/>
    </Properties>
  </Object>
  <Object name="Object34">
    <AbsoluteLocation value="-20.120085 34.105286"/>
    <Properties>
      <Property name="Angle" value="0.0947073"/>
      <Property name="Filename" value="/Objects/path_locking_mid.hs"/>
    </Properties>
  </Object>
  <Object name="Object35">
    <AbsoluteLocation value="-15.232891 34.113361"/>
    <Properties>
      <Property name="Angle" value="0.0947073"/>
      <Property name="Filename" value="/Objects/path_locking_mid.hs"/>
    </Properties>
  </Object>
  <Object name="Object36">
    <AbsoluteLocation value="-10.345697 34.121441"/>
    <Properties>
      <Property name="Angle" value="0.0947073"/>
      <Property name="Filename" value="/Objects/path_locking_mid.hs"/>
    </Properties>
  </Object>
  <Object name="Object37">
    <AbsoluteLocation value="-5.458504 34.129520"/>
    <Properties>
      <Property name="Angle" value="0.0947073"/>
      <Property name="Filename" value="/Objects/path_locking_mid.hs"/>
    </Properties>
  </Object>
  <Object name="Object38">
    <AbsoluteLocation value="-0.571312 34.137596"/>
    <Properties>
      <Property name="Angle" value="0.0947073"/>
      <Property name="Filename" value="/Objects/path_locking_mid.hs"/>
    </Properties>
  </Object>
  <Object name="Object39">
    <AbsoluteLocation value="4.315884 34.145676"/>
    <Properties>
      <Property name="Angle" value="0.0947073"/>
      <Property name="Filename" value="/Objects/path_locking_mid.hs"/>
    </Properties>
  </Object>
  <Object name="Object40">
    <AbsoluteLocation value="9.203079 34.153755"/>
    <Properties>
      <Property name="Angle" value="0.0947073"/>
      <Property name="Filename" value="/Objects/path_locking_mid.hs"/>
    </Properties>
  </Object>
  <Object name="Object41">
    <AbsoluteLocation value="14.090271 34.161831"/>
    <Properties>
      <Property name="Angle" value="0.0947073"/>
      <Property name="Filename" value="/Objects/path_locking_mid.hs"/>
    </Properties>
  </Object>
  <Object name="Object43">
    <AbsoluteLocation value="-18.714993 25.856018"/>
    <Properties>
      <Property name="Angle" value="0.0947073"/>
      <Property name="Filename" value="/Objects/path_locking_end.hs"/>
    </Properties>
  </Object>
  <Object name="Object44">
    <AbsoluteLocation value="19.999023 25.928720"/>
    <Properties>
      <Property name="Angle" value="0.0947073"/>
      <Property name="Filename" value="/Objects/path_locking_end_right.hs"/>
    </Properties>
  </Object>
  <Object name="Object45">
    <AbsoluteLocation value="-9.232239 25.872173"/>
    <Properties>
      <Property name="Angle" value="0.0947073"/>
      <Property name="Filename" value="/Objects/path_locking_mid.hs"/>
    </Properties>
  </Object>
  <Object name="Object46">
    <AbsoluteLocation value="-4.345045 25.880253"/>
    <Properties>
      <Property name="Angle" value="0.0947073"/>
      <Property name="Filename" value="/Objects/path_locking_mid.hs"/>
    </Properties>
  </Object>
  <Object name="Object47">
    <AbsoluteLocation value="0.542148 25.888332"/>
    <Properties>
      <Property name="Angle" value="0.0947073"/>
      <Property name="Filename" value="/Objects/path_locking_mid.hs"/>
    </Properties>
  </Object>
  <Object name="Object48">
    <AbsoluteLocation value="10.316536 25.904488"/>
    <Properties>
      <Property name="Angle" value="0.0947073"/>
      <Property name="Filename" value="/Objects/path_locking_mid.hs"/>
    </Properties>
  </Object>
  <Object name="Object49">
    <AbsoluteLocation value="15.203732 25.912567"/>
    <Properties>
      <Property name="Angle" value="0.0947073"/>
      <Property name="Filename" value="/Objects/path_locking_mid.hs"/>
    </Properties>
  </Object>
  <Object name="Object50">
    <AbsoluteLocation value="5.429340 25.896408"/>
    <Properties>
      <Property name="Angle" value="0.0947073"/>
      <Property name="Filename" value="/Objects/path_locking_mid.hs"/>
    </Properties>
  </Object>
  <Object name="Object52">
    <AbsoluteLocation value="-14.119432 25.864098"/>
    <Properties>
      <Property name="Angle" value="0.0947073"/>
      <Property name="Filename" value="/Objects/path_locking_mid.hs"/>
    </Properties>
  </Object>
  <Object name="Bomb47">
    <AbsoluteLocation value="-14.902132 -8.514225"/>
    <Properties>
      <Property name="Angle" value="15.4634"/>
      <Property name="BlastRadius" value="11"/>
      <Property name="Filename" value="/Objects/bomb.hs"/>
      <Property name="Type" value="bomb"/>
    </Properties>
  </Object>
  <Object name="Object56">
    <AbsoluteLocation value="-10.372593 -23.444719"/>
    <Properties>
      <Property name="Angle" value="0"/>
      <Property name="Filename" value="/Objects/wall_8x8_plain_green.hs"/>
      <Property name="Parent" value="Object28"/>
    </Properties>
  </Object>
  <Object name="Object51">
    <AbsoluteLocation value="-19.469370 -56.187218"/>
    <Properties>
      <Property name="Angle" value="89.6116"/>
      <Property name="Filename" value="/Objects/path_locking_end.hs"/>
    </Properties>
  </Object>
  <Object name="Object57">
    <AbsoluteLocation value="-19.270607 -26.864666"/>
    <Properties>
      <Property name="Angle" value="89.6116"/>
      <Property name="Filename" value="/Objects/path_locking_end_right.hs"/>
    </Properties>
  </Object>
  <Object name="Object58">
    <AbsoluteLocation value="-19.436247 -51.300117"/>
    <Properties>
      <Property name="Angle" value="89.6116"/>
      <Property name="Filename" value="/Objects/path_locking_mid.hs"/>
    </Properties>
  </Object>
  <Object name="Object59">
    <AbsoluteLocation value="-19.403118 -46.413025"/>
    <Properties>
      <Property name="Angle" value="89.6116"/>
      <Property name="Filename" value="/Objects/path_locking_mid.hs"/>
    </Properties>
  </Object>
  <Object name="Object60">
    <AbsoluteLocation value="-19.369995 -41.525936"/>
    <Properties>
      <Property name="Angle" value="89.6116"/>
      <Property name="Filename" value="/Objects/path_locking_mid.hs"/>
    </Properties>
  </Object>
  <Object name="Object61">
    <AbsoluteLocation value="-19.336863 -36.638855"/>
    <Properties>
      <Property name="Angle" value="89.6116"/>
      <Property name="Filename" value="/Objects/path_locking_mid.hs"/>
    </Properties>
  </Object>
  <Object name="Object62">
    <AbsoluteLocation value="-19.303734 -31.751747"/>
    <Properties>
      <Property name="Angle" value="89.6116"/>
      <Property name="Filename" value="/Objects/path_locking_mid.hs"/>
    </Properties>
  </Object>
  <Object name="Object63">
    <AbsoluteLocation value="-10.147484 -31.720497"/>
    <Properties>
      <Property name="Angle" value="89.6116"/>
      <Property name="Filename" value="/Objects/path_locking_mid.hs"/>
    </Properties>
  </Object>
  <Object name="Object64">
    <AbsoluteLocation value="-10.279997 -51.268867"/>
    <Properties>
      <Property name="Angle" value="89.6116"/>
      <Property name="Filename" value="/Objects/path_locking_mid.hs"/>
    </Properties>
  </Object>
  <Object name="Object65">
    <AbsoluteLocation value="-10.114357 -26.833416"/>
    <Properties>
      <Property name="Angle" value="89.6116"/>
      <Property name="Filename" value="/Objects/path_locking_end_right.hs"/>
    </Properties>
  </Object>
  <Object name="Object66">
    <AbsoluteLocation value="-10.313120 -56.155968"/>
    <Properties>
      <Property name="Angle" value="89.6116"/>
      <Property name="Filename" value="/Objects/path_locking_end.hs"/>
    </Properties>
  </Object>
  <Object name="Object67">
    <AbsoluteLocation value="-10.180613 -36.607605"/>
    <Properties>
      <Property name="Angle" value="89.6116"/>
      <Property name="Filename" value="/Objects/path_locking_mid.hs"/>
    </Properties>
  </Object>
  <Object name="Object68">
    <AbsoluteLocation value="-10.246868 -46.381775"/>
    <Properties>
      <Property name="Angle" value="89.6116"/>
      <Property name="Filename" value="/Objects/path_locking_mid.hs"/>
    </Properties>
  </Object>
  <Object name="Object69">
    <AbsoluteLocation value="-10.213745 -41.494686"/>
    <Properties>
      <Property name="Angle" value="89.6116"/>
      <Property name="Filename" value="/Objects/path_locking_mid.hs"/>
    </Properties>
  </Object>
  <Object name="Object70">
    <AbsoluteLocation value="-1.411975 -26.520599"/>
    <Properties>
      <Property name="Angle" value="89.9198"/>
      <Property name="Filename" value="/Objects/path_locking_end_right.hs"/>
    </Properties>
  </Object>
  <Object name="Object71">
    <AbsoluteLocation value="-1.425652 -36.294991"/>
    <Properties>
      <Property name="Angle" value="89.9198"/>
      <Property name="Filename" value="/Objects/path_locking_mid.hs"/>
    </Properties>
  </Object>
  <Object name="Object72">
    <AbsoluteLocation value="-1.439329 -46.069389"/>
    <Properties>
      <Property name="Angle" value="89.9198"/>
      <Property name="Filename" value="/Objects/path_locking_mid.hs"/>
    </Properties>
  </Object>
  <Object name="Object73">
    <AbsoluteLocation value="-1.418812 -31.407782"/>
    <Properties>
      <Property name="Angle" value="89.9198"/>
      <Property name="Filename" value="/Objects/path_locking_mid.hs"/>
    </Properties>
  </Object>
  <Object name="Object74">
    <AbsoluteLocation value="-1.446168 -50.956589"/>
    <Properties>
      <Property name="Angle" value="89.9198"/>
      <Property name="Filename" value="/Objects/path_locking_mid.hs"/>
    </Properties>
  </Object>
  <Object name="Object75">
    <AbsoluteLocation value="-1.453002 -55.843784"/>
    <Properties>
      <Property name="Angle" value="89.9198"/>
      <Property name="Filename" value="/Objects/path_locking_end.hs"/>
    </Properties>
  </Object>
  <Object name="Object76">
    <AbsoluteLocation value="-1.432495 -41.182186"/>
    <Properties>
      <Property name="Angle" value="89.9198"/>
      <Property name="Filename" value="/Objects/path_locking_mid.hs"/>
    </Properties>
  </Object>
  <Object name="Switch69">
    <AbsoluteLocation value="30.375000 -5.250000"/>
    <Properties>
      <Property name="Angle" value="0"/>
      <Property name="ConnectedObject0" value="Object28"/>
      <Property name="Filename" value="/Objects/switch_green.hs"/>
      <Property name="Type" value="switch"/>
    </Properties>
  </Object>
  <Room>
    <AbsoluteLocation value="19.600002 -33.200005"/>
  </Room>
  <Properties>
    <Property name="ShowTopEdge" value="1"/>
  </Properties>
</Objects>
