<?xml version="1.0"?>
<Objects>
  <Object name="Ducky14">
    <AbsoluteLocation value="-23.815624 3.046875"/>
    <Properties>
      <Property name="Angle" value="0"/>
      <Property name="Filename" value="/Objects/star_mega.hs"/>
      <Property name="StarType" value="mega"/>
      <Property name="Type" value="star"/>
    </Properties>
  </Object>
  <Object name="Obj6">
    <AbsoluteLocation value="-30.088882 13.010092"/>
    <Properties>
      <Property name="Angle" value="47.2842"/>
      <Property name="Filename" value="/Objects/pipe_straight.hs"/>
    </Properties>
  </Object>
  <Object name="Obj2">
    <AbsoluteLocation value="0.687472 -44.391914"/>
    <Properties>
      <Property name="Angle" value="37.7154"/>
      <Property name="Filename" value="/Objects/pipe_straight.hs"/>
    </Properties>
  </Object>
  <Object name="Spout2">
    <AbsoluteLocation value="2.807259 -42.124725"/>
    <Properties>
      <Property name="Angle" value="-37.7222"/>
      <Property name="ConnectedSpout0" value="SWAMPY_SPOUT"/>
      <Property name="ConnectedSpoutProbability0" value="1"/>
      <Property name="Filename" value="/Objects/broken_pipe.hs"/>
      <Property name="Type" value="spout"/>
    </Properties>
  </Object>
  <Object name="Obj3">
    <AbsoluteLocation value="-3.206264 -46.424259"/>
    <Properties>
      <Property name="Angle" value="-145.818"/>
      <Property name="Filename" value="/Objects/pipe_elbow_2.hs"/>
    </Properties>
  </Object>
  <Object name="Obj4">
    <AbsoluteLocation value="-5.193605 -44.770206"/>
    <Properties>
      <Property name="Angle" value="126.461"/>
      <Property name="Filename" value="/Objects/pipe_connector_end.hs"/>
    </Properties>
  </Object>
  <Object name="Spout3">
    <AbsoluteLocation value="-26.864359 16.195976"/>
    <Properties>
      <Property name="Angle" value="41.2753"/>
      <Property name="Filename" value="/Objects/shower_head.hs"/>
      <Property name="FluidType" value="Lava"/>
      <Property name="NumberParticles" value="45"/>
      <Property name="ParticleSpeed" value="23"/>
      <Property name="ParticlesPerSecond" value="3"/>
      <Property name="Timer0" value="0 3"/>
      <Property name="Timer1" value="1 99"/>
      <Property name="Type" value="spout"/>
    </Properties>
  </Object>
  <Object name="Obj7">
    <AbsoluteLocation value="-34.413872 8.673729"/>
    <Properties>
      <Property name="Angle" value="43.0413"/>
      <Property name="Filename" value="/Objects/pipe_straight.hs"/>
    </Properties>
  </Object>
  <Object name="Star10">
    <AbsoluteLocation value="2.324310 -10.893929"/>
    <Properties>
      <Property name="Angle" value="0"/>
      <Property name="Filename" value="/Objects/star.hs"/>
      <Property name="Type" value="star"/>
    </Properties>
  </Object>
  <Object name="Star11">
    <AbsoluteLocation value="12.717976 11.226232"/>
    <Properties>
      <Property name="Angle" value="0"/>
      <Property name="Filename" value="/Objects/star.hs"/>
      <Property name="Type" value="star"/>
    </Properties>
  </Object>
  <Object name="Star12">
    <AbsoluteLocation value="-15.967997 8.156425"/>
    <Properties>
      <Property name="Angle" value="0"/>
      <Property name="Filename" value="/Objects/star.hs"/>
      <Property name="Type" value="star"/>
    </Properties>
  </Object>
  <Object name="Obj12">
    <AbsoluteLocation value="3.057466 40.282101"/>
    <Properties>
      <Property name="Angle" value="0"/>
      <Property name="Filename" value="/Objects/icicle_large.hs"/>
      <Property name="Type" value="icyhot"/>
    </Properties>
  </Object>
  <Object name="Obj12">
    <AbsoluteLocation value="21.281250 -19.781250"/>
    <Properties>
      <Property name="Angle" value="0"/>
      <Property name="Filename" value="/Objects/wall_24x8_locking_pivot.hs"/>
      <Property name="PinMaxAngle" value="1"/>
      <Property name="PinMinAngle" value="-107"/>
      <Property name="PinOffset" value="-8 0"/>
    </Properties>
  </Object>
  <Object name="Object15">
    <AbsoluteLocation value="7.106808 -30.822704"/>
    <Properties>
      <Property name="Angle" value="87.2045"/>
      <Property name="Filename" value="/Objects/path_stopper.hs"/>
    </Properties>
  </Object>
  <Room>
    <AbsoluteLocation value="-15.599998 -34.800003"/>
  </Room>
  <Properties>
    <Property name="ShowTopEdge" value="1"/>
  </Properties>
</Objects>
