<?xml version="1.0"?>
<Objects>
  <Object name="Object43">
    <AbsoluteLocation value="-21.516916 37.579762"/>
    <Properties>
      <Property name="Angle" value="17.1982"/>
      <Property name="Filename" value="/Objects/pipe_straight_long.hs"/>
    </Properties>
  </Object>
  <Object name="Ducky12">
    <AbsoluteLocation value="-23.100000 -3.824997"/>
    <Properties>
      <Property name="Angle" value="0"/>
      <Property name="Filename" value="/Objects/star_poison.hs"/>
      <Property name="Type" value="star"/>
    </Properties>
  </Object>
  <Object name="Ducky13">
    <AbsoluteLocation value="2.606249 23.212502"/>
    <Properties>
      <Property name="Angle" value="0"/>
      <Property name="Filename" value="/Objects/star_poison.hs"/>
      <Property name="Type" value="star"/>
    </Properties>
  </Object>
  <Object name="Ducky14">
    <AbsoluteLocation value="21.599998 -14.500000"/>
    <Properties>
      <Property name="Angle" value="0"/>
      <Property name="Filename" value="/Objects/star_poison.hs"/>
      <Property name="Type" value="star"/>
    </Properties>
  </Object>
  <Object name="Object15">
    <AbsoluteLocation value="-7.439290 9.239290"/>
    <Properties>
      <Property name="Angle" value="0"/>
      <Property name="Filename" value="/Objects/pipe_elbow_1.hs"/>
    </Properties>
  </Object>
  <Object name="Object16">
    <AbsoluteLocation value="-9.217865 10.239283"/>
    <Properties>
      <Property name="Angle" value="180"/>
      <Property name="Filename" value="/Objects/pipe_bend_1.hs"/>
    </Properties>
  </Object>
  <Object name="Object19">
    <AbsoluteLocation value="14.300001 13.999996"/>
    <Properties>
      <Property name="Angle" value="270"/>
      <Property name="Filename" value="/Objects/pipe_elbow_2.hs"/>
    </Properties>
  </Object>
  <Object name="Object20">
    <AbsoluteLocation value="12.199999 13.299992"/>
    <Properties>
      <Property name="Angle" value="180"/>
      <Property name="Filename" value="/Objects/pipe_into_wall_2.hs"/>
    </Properties>
  </Object>
  <Object name="Spout4">
    <AbsoluteLocation value="14.900000 16.599998"/>
    <Properties>
      <Property name="Angle" value="0"/>
      <Property name="ConnectedSpout0" value="Spout11"/>
      <Property name="ConnectedSpoutProbability0" value="1"/>
      <Property name="Filename" value="/Objects/basic_drain.hs"/>
      <Property name="Type" value="spout"/>
    </Properties>
  </Object>
  <Object name="Object21">
    <AbsoluteLocation value="14.100002 -5.900005"/>
    <Properties>
      <Property name="Angle" value="270"/>
      <Property name="Filename" value="/Objects/pipe_elbow_2.hs"/>
    </Properties>
  </Object>
  <Object name="Object22">
    <AbsoluteLocation value="12.000000 -6.600010"/>
    <Properties>
      <Property name="Angle" value="180"/>
      <Property name="Filename" value="/Objects/pipe_into_wall_2.hs"/>
    </Properties>
  </Object>
  <Object name="Object24">
    <AbsoluteLocation value="2.900003 -29.900009"/>
    <Properties>
      <Property name="Angle" value="270"/>
      <Property name="Filename" value="/Objects/pipe_elbow_2.hs"/>
    </Properties>
  </Object>
  <Object name="Object25">
    <AbsoluteLocation value="-16.199997 -16.400009"/>
    <Properties>
      <Property name="Angle" value="270"/>
      <Property name="Filename" value="/Objects/pipe_elbow_2.hs"/>
    </Properties>
  </Object>
  <Object name="Object26">
    <AbsoluteLocation value="-18.299999 -17.100014"/>
    <Properties>
      <Property name="Angle" value="180"/>
      <Property name="Filename" value="/Objects/pipe_into_wall_2.hs"/>
    </Properties>
  </Object>
  <Object name="Spout6">
    <AbsoluteLocation value="-15.599998 -13.800003"/>
    <Properties>
      <Property name="Angle" value="0"/>
      <Property name="ConnectedSpout0" value="Spout8"/>
      <Property name="ConnectedSpoutProbability0" value="1"/>
      <Property name="Filename" value="/Objects/basic_drain.hs"/>
      <Property name="Type" value="spout"/>
    </Properties>
  </Object>
  <Object name="Spout7">
    <AbsoluteLocation value="3.500000 -27.400002"/>
    <Properties>
      <Property name="Angle" value="0"/>
      <Property name="ConnectedSpout0" value="Spout10"/>
      <Property name="ConnectedSpoutProbability0" value="1"/>
      <Property name="Filename" value="/Objects/basic_drain.hs"/>
      <Property name="Type" value="spout"/>
    </Properties>
  </Object>
  <Object name="Spout5">
    <AbsoluteLocation value="14.800001 -3.500000"/>
    <Properties>
      <Property name="Angle" value="0"/>
      <Property name="ConnectedSpout0" value="Spout9"/>
      <Property name="ConnectedSpoutProbability0" value="1"/>
      <Property name="Filename" value="/Objects/basic_drain.hs"/>
      <Property name="Type" value="spout"/>
    </Properties>
  </Object>
  <Object name="Object31">
    <AbsoluteLocation value="18.499998 -36.099998"/>
    <Properties>
      <Property name="Angle" value="300"/>
      <Property name="Filename" value="/Objects/pipe_straight_short.hs"/>
    </Properties>
  </Object>
  <Object name="Object32">
    <AbsoluteLocation value="22.599997 -33.699997"/>
    <Properties>
      <Property name="Angle" value="300"/>
      <Property name="Filename" value="/Objects/pipe_straight_short.hs"/>
    </Properties>
  </Object>
  <Object name="Object33">
    <AbsoluteLocation value="26.599997 -33.800003"/>
    <Properties>
      <Property name="Angle" value="300"/>
      <Property name="Filename" value="/Objects/pipe_straight_short.hs"/>
    </Properties>
  </Object>
  <Object name="Object28">
    <AbsoluteLocation value="19.800001 -38.499992"/>
    <Properties>
      <Property name="Angle" value="300"/>
      <Property name="Filename" value="/Objects/pipe_into_wall_1.hs"/>
    </Properties>
  </Object>
  <Object name="Object30">
    <AbsoluteLocation value="28.000000 -36.199997"/>
    <Properties>
      <Property name="Angle" value="300"/>
      <Property name="Filename" value="/Objects/pipe_into_wall_1.hs"/>
    </Properties>
  </Object>
  <Object name="Spout9">
    <AbsoluteLocation value="17.799999 -34.599998"/>
    <Properties>
      <Property name="Angle" value="120"/>
      <Property name="Filename" value="/Objects/shower_head.hs"/>
      <Property name="FluidType" value="Water"/>
      <Property name="NumberParticles" value="0"/>
      <Property name="ParticleSpeed" value="25"/>
      <Property name="Type" value="spout"/>
    </Properties>
  </Object>
  <Object name="Spout8">
    <AbsoluteLocation value="22.000000 -32.199997"/>
    <Properties>
      <Property name="Angle" value="120"/>
      <Property name="Filename" value="/Objects/shower_head.hs"/>
      <Property name="FluidType" value="Water"/>
      <Property name="NumberParticles" value="0"/>
      <Property name="ParticleSpeed" value="40"/>
      <Property name="Type" value="spout"/>
    </Properties>
  </Object>
  <Object name="Spout11">
    <AbsoluteLocation value="26.000000 -32.299995"/>
    <Properties>
      <Property name="Angle" value="120"/>
      <Property name="Filename" value="/Objects/shower_head.hs"/>
      <Property name="FluidType" value="Water"/>
      <Property name="NumberParticles" value="0"/>
      <Property name="ParticleSpeed" value="18"/>
      <Property name="Type" value="spout"/>
    </Properties>
  </Object>
  <Object name="Object29">
    <AbsoluteLocation value="24.000000 -36.199997"/>
    <Properties>
      <Property name="Angle" value="300"/>
      <Property name="Filename" value="/Objects/pipe_into_wall_1.hs"/>
    </Properties>
  </Object>
  <Object name="Spout1">
    <AbsoluteLocation value="-5.768749 7.262519"/>
    <Properties>
      <Property name="Angle" value="208.698"/>
      <Property name="ConnectedSpout0" value="SWAMPY_SPOUT"/>
      <Property name="ConnectedSpoutProbability0" value="1"/>
      <Property name="Filename" value="/Objects/broken_pipe_cranky.hs"/>
      <Property name="Type" value="spout"/>
    </Properties>
  </Object>
  <Object name="Spout34">
    <AbsoluteLocation value="-9.623688 -42.663193"/>
    <Properties>
      <Property name="Angle" value="-0.950768"/>
      <Property name="ConnectedSpout0" value="Spout35"/>
      <Property name="ConnectedSpoutProbability0" value="1"/>
      <Property name="Filename" value="/Objects/basic_drain.hs"/>
      <Property name="Type" value="spout"/>
    </Properties>
  </Object>
  <Object name="Object23">
    <AbsoluteLocation value="0.800001 -30.600014"/>
    <Properties>
      <Property name="Angle" value="180"/>
      <Property name="Filename" value="/Objects/pipe_into_wall_2.hs"/>
    </Properties>
  </Object>
  <Object name="Object41">
    <AbsoluteLocation value="-33.161045 31.002028"/>
    <Properties>
      <Property name="Angle" value="41.6688"/>
      <Property name="Filename" value="/Objects/pipe_straight_long.hs"/>
    </Properties>
  </Object>
  <Object name="Spout35">
    <AbsoluteLocation value="-17.212500 39.068748"/>
    <Properties>
      <Property name="Angle" value="31.5492"/>
      <Property name="Filename" value="/Objects/shower_head.hs"/>
      <Property name="FluidType" value="Water"/>
      <Property name="NumberParticles" value="0"/>
      <Property name="ParticleSpeed" value="16"/>
      <Property name="Type" value="spout"/>
    </Properties>
  </Object>
  <Object name="Spout39">
    <AbsoluteLocation value="1.386318 -42.569218"/>
    <Properties>
      <Property name="Angle" value="-0.69559"/>
      <Property name="ConnectedSpout0" value="Spout35"/>
      <Property name="ConnectedSpoutProbability0" value="1"/>
      <Property name="Filename" value="/Objects/basic_drain.hs"/>
      <Property name="Type" value="spout"/>
    </Properties>
  </Object>
  <Object name="Object40">
    <AbsoluteLocation value="-9.738813 -46.586823"/>
    <Properties>
      <Property name="Angle" value="269.049"/>
      <Property name="Filename" value="/Objects/pipe_into_wall_2.hs"/>
    </Properties>
  </Object>
  <Object name="Object44">
    <AbsoluteLocation value="1.288677 -46.493305"/>
    <Properties>
      <Property name="Angle" value="269.304"/>
      <Property name="Filename" value="/Objects/pipe_into_wall_2.hs"/>
    </Properties>
  </Object>
  <Object name="Object45">
    <AbsoluteLocation value="-9.281250 10.687500"/>
    <Properties>
      <Property name="Angle" value="136.937"/>
      <Property name="Filename" value="/Objects/pipe_connector_end.hs"/>
    </Properties>
  </Object>
  <Object name="Object46">
    <AbsoluteLocation value="16.000000 -42.199989"/>
    <Properties>
      <Property name="Angle" value="300"/>
      <Property name="Filename" value="/Objects/pipe_straight_short.hs"/>
    </Properties>
  </Object>
  <Object name="Object47">
    <AbsoluteLocation value="17.000002 -44.099998"/>
    <Properties>
      <Property name="Angle" value="300"/>
      <Property name="Filename" value="/Objects/pipe_into_wall_1.hs"/>
    </Properties>
  </Object>
  <Object name="Spout10">
    <AbsoluteLocation value="14.787500 -40.368752"/>
    <Properties>
      <Property name="Angle" value="126.2"/>
      <Property name="Filename" value="/Objects/shower_head.hs"/>
      <Property name="FluidType" value="Water"/>
      <Property name="NumberParticles" value="0"/>
      <Property name="ParticleSpeed" value="30"/>
      <Property name="ParticlesPerSecond" value="10"/>
      <Property name="Type" value="spout"/>
    </Properties>
  </Object>
  <Object name="Object49">
    <AbsoluteLocation value="-28.351324 34.913277"/>
    <Properties>
      <Property name="Angle" value="31.6524"/>
      <Property name="Filename" value="/Objects/pipe_straight_short.hs"/>
    </Properties>
  </Object>
  <Object name="Object50">
    <AbsoluteLocation value="-25.706362 36.220501"/>
    <Properties>
      <Property name="Angle" value="19.9239"/>
      <Property name="Filename" value="/Objects/pipe_straight_short.hs"/>
    </Properties>
  </Object>
  <Object name="Collectible43">
    <AbsoluteLocation value="2.062500 12.281250"/>
    <Properties>
      <Property name="Angle" value="0"/>
      <Property name="Filename" value="/Objects/z_collectible_cranky_06.hs"/>
      <Property name="Type" value="collectible"/>
    </Properties>
  </Object>
  <Room>
    <AbsoluteLocation value="-17.199997 21.999998"/>
  </Room>
</Objects>
