<?xml version="1.0"?>
<Objects>
  <Object name="Obj28">
    <AbsoluteLocation value="-4.125000 39.937500"/>
    <Properties>
      <Property name="Angle" value="0"/>
      <Property name="Filename" value="/Objects/pipe_straight.hs"/>
    </Properties>
  </Object>
  <Object name="Obj39">
    <AbsoluteLocation value="11.468750 -31.343750"/>
    <Properties>
      <Property name="Angle" value="81.4756"/>
      <Property name="Filename" value="/Objects/pipe_straight.hs"/>
    </Properties>
  </Object>
  <Object name="WaterBalloon13">
    <AbsoluteLocation value="7.781248 32.437508"/>
    <Properties>
      <Property name="Angle" value="0"/>
      <Property name="ConnectedSpout" value="Spout11"/>
      <Property name="Filename" value="/Objects/balloon.hs"/>
      <Property name="InitialParticles" value="water 40"/>
      <Property name="Type" value="waterballoon"/>
    </Properties>
  </Object>
  <Object name="WaterBalloon14">
    <AbsoluteLocation value="20.343750 32.531250"/>
    <Properties>
      <Property name="Angle" value="0.00824264"/>
      <Property name="ConnectedSpout" value="Spout12"/>
      <Property name="Filename" value="/Objects/balloon.hs"/>
      <Property name="InitialParticles" value="water 40"/>
      <Property name="Type" value="waterballoon"/>
    </Properties>
  </Object>
  <Object name="Star19">
    <AbsoluteLocation value="-1.023735 28.503761"/>
    <Properties>
      <Property name="Angle" value="0"/>
      <Property name="Filename" value="/Objects/star_poison.hs"/>
      <Property name="Type" value="star"/>
    </Properties>
  </Object>
  <Object name="Star21">
    <AbsoluteLocation value="-19.848213 -40.744392"/>
    <Properties>
      <Property name="Angle" value="0"/>
      <Property name="Filename" value="/Objects/star_poison.hs"/>
      <Property name="Type" value="star"/>
    </Properties>
  </Object>
  <Object name="Star22">
    <AbsoluteLocation value="21.497498 -40.844055"/>
    <Properties>
      <Property name="Angle" value="0"/>
      <Property name="Filename" value="/Objects/star_poison.hs"/>
      <Property name="Type" value="star"/>
    </Properties>
  </Object>
  <Object name="Bomb18">
    <AbsoluteLocation value="0.750002 -17.299992"/>
    <Properties>
      <Property name="Angle" value="7.41848"/>
      <Property name="BlastPower" value="500"/>
      <Property name="BlastRadius" value="6.0"/>
      <Property name="Filename" value="/Objects/bomb.hs"/>
      <Property name="Type" value="bomb"/>
    </Properties>
  </Object>
  <Object name="Obj26">
    <AbsoluteLocation value="8.062500 43.875000"/>
    <Properties>
      <Property name="Angle" value="-90.8034"/>
      <Property name="Filename" value="/Objects/pipe_straight_long.hs"/>
    </Properties>
  </Object>
  <Object name="Obj27">
    <AbsoluteLocation value="20.406250 43.812500"/>
    <Properties>
      <Property name="Angle" value="-90.8034"/>
      <Property name="Filename" value="/Objects/pipe_straight_long.hs"/>
    </Properties>
  </Object>
  <Object name="Spout11">
    <AbsoluteLocation value="7.875000 37.125000"/>
    <Properties>
      <Property name="Angle" value="-88.8929"/>
      <Property name="Filename" value="/Objects/shower_head.hs"/>
      <Property name="FluidType" value="Water"/>
      <Property name="NumberParticles" value="0"/>
      <Property name="Type" value="spout"/>
    </Properties>
  </Object>
  <Object name="Spout12">
    <AbsoluteLocation value="20.343750 37.031250"/>
    <Properties>
      <Property name="Angle" value="-89.36"/>
      <Property name="Filename" value="/Objects/shower_head.hs"/>
      <Property name="FluidType" value="Water"/>
      <Property name="NumberParticles" value="0"/>
      <Property name="Type" value="spout"/>
    </Properties>
  </Object>
  <Object name="Obj29">
    <AbsoluteLocation value="-1.125000 39.281250"/>
    <Properties>
      <Property name="Angle" value="0"/>
      <Property name="Filename" value="/Objects/pipe_elbow_1.hs"/>
    </Properties>
  </Object>
  <Object name="Obj31">
    <AbsoluteLocation value="11.406250 -31.562500"/>
    <Properties>
      <Property name="Angle" value="0.609251"/>
      <Property name="Filename" value="/Objects/pipe_spout_base.hs"/>
    </Properties>
  </Object>
  <Object name="Spout20">
    <AbsoluteLocation value="-0.375000 36.187500"/>
    <Properties>
      <Property name="Angle" value="-178.658"/>
      <Property name="ConnectedSpout0" value="SWAMPY_SPOUT"/>
      <Property name="ConnectedSpoutProbability0" value="1"/>
      <Property name="Filename" value="/Objects/broken_pipe_cranky.hs"/>
      <Property name="Type" value="spout"/>
    </Properties>
  </Object>
  <Object name="Obj35">
    <AbsoluteLocation value="1.593750 -43.218750"/>
    <Properties>
      <Property name="Angle" value="-171.469"/>
      <Property name="Filename" value="/Objects/pipe_elbow_2.hs"/>
    </Properties>
  </Object>
  <Object name="Spout16">
    <AbsoluteLocation value="0.750000 -40.125000"/>
    <Properties>
      <Property name="Angle" value="0"/>
      <Property name="ConnectedConverter" value="FluidConverter17"/>
      <Property name="ConnectedSpout0" value="Spout18"/>
      <Property name="ConnectedSpoutProbability0" value="1"/>
      <Property name="Filename" value="/Objects/basic_drain.hs"/>
      <Property name="Type" value="spout"/>
    </Properties>
  </Object>
  <Object name="Obj36">
    <AbsoluteLocation value="6.750000 -42.281250"/>
    <Properties>
      <Property name="Angle" value="18.7668"/>
      <Property name="Filename" value="/Objects/pipe_straight_long.hs"/>
    </Properties>
  </Object>
  <Object name="Obj37">
    <AbsoluteLocation value="11.031250 -40.187500"/>
    <Properties>
      <Property name="Angle" value="-75.4978"/>
      <Property name="Filename" value="/Objects/pipe_elbow_2.hs"/>
    </Properties>
  </Object>
  <Object name="Obj32">
    <AbsoluteLocation value="11.468750 -38.375000"/>
    <Properties>
      <Property name="Angle" value="-178.46"/>
      <Property name="Filename" value="/Objects/pipe_spout_base.hs"/>
    </Properties>
  </Object>
  <Object name="FluidConverter17">
    <AbsoluteLocation value="11.437500 -35.062500"/>
    <Properties>
      <Property name="Angle" value="0"/>
      <Property name="Filename" value="/Objects/converter_static_murky.hs"/>
      <Property name="FluidType" value="contaminatedwater"/>
      <Property name="Type" value="fluidconverter"/>
    </Properties>
  </Object>
  <Object name="Obj40">
    <AbsoluteLocation value="12.093750 -27.656250"/>
    <Properties>
      <Property name="Angle" value="80.5411"/>
      <Property name="Filename" value="/Objects/pipe_into_wall_1.hs"/>
    </Properties>
  </Object>
  <Object name="Obj42">
    <AbsoluteLocation value="0.687500 -0.500000"/>
    <Properties>
      <Property name="Angle" value="-201.459"/>
      <Property name="Filename" value="/Objects/pipe_elbow_1.hs"/>
    </Properties>
  </Object>
  <Object name="Obj43">
    <AbsoluteLocation value="6.343750 -1.750000"/>
    <Properties>
      <Property name="Angle" value="-182.719"/>
      <Property name="Filename" value="/Objects/pipe_straight_long.hs"/>
    </Properties>
  </Object>
  <Object name="Obj44">
    <AbsoluteLocation value="12.250000 -2.593750"/>
    <Properties>
      <Property name="Angle" value="-358.267"/>
      <Property name="Filename" value="/Objects/pipe_elbow_2.hs"/>
    </Properties>
  </Object>
  <Object name="Obj45">
    <AbsoluteLocation value="13.062500 -7.625000"/>
    <Properties>
      <Property name="Angle" value="91.7475"/>
      <Property name="Filename" value="/Objects/pipe_straight_long.hs"/>
    </Properties>
  </Object>
  <Object name="Obj41">
    <AbsoluteLocation value="13.312500 -11.812500"/>
    <Properties>
      <Property name="Angle" value="-86.9714"/>
      <Property name="Filename" value="/Objects/pipe_into_wall_2.hs"/>
    </Properties>
  </Object>
  <Object name="Object45">
    <AbsoluteLocation value="28.218750 17.906250"/>
    <Properties>
      <Property name="Angle" value="0"/>
      <Property name="Filename" value="/Objects/pipe_elbow_1.hs"/>
      <Property name="Parent" value="Obj1"/>
    </Properties>
  </Object>
  <Object name="Object46">
    <AbsoluteLocation value="28.687500 14.531250"/>
    <Properties>
      <Property name="Angle" value="-93.2988"/>
      <Property name="Filename" value="/Objects/pipe_straight.hs"/>
      <Property name="Parent" value="Obj1"/>
    </Properties>
  </Object>
  <Object name="Object47">
    <AbsoluteLocation value="28.812500 15.062500"/>
    <Properties>
      <Property name="Angle" value="0.609253"/>
      <Property name="Filename" value="/Objects/pipe_spout_base.hs"/>
      <Property name="Parent" value="Obj1"/>
    </Properties>
  </Object>
  <Object name="Spout2">
    <AbsoluteLocation value="24.799999 17.943748"/>
    <Properties>
      <Property name="Angle" value="190"/>
      <Property name="Filename" value="/Objects/touch_spout.hs"/>
      <Property name="FluidType" value="Water"/>
      <Property name="Parent" value="Obj1"/>
      <Property name="ParticleSpeed" value="19"/>
      <Property name="Type" value="spout"/>
    </Properties>
  </Object>
  <Object name="Object42">
    <AbsoluteLocation value="-5.625000 -1.781250"/>
    <Properties>
      <Property name="Angle" value="0"/>
      <Property name="Filename" value="/Objects/jagged_large.hs"/>
    </Properties>
  </Object>
  <Object name="Object43">
    <AbsoluteLocation value="3.531250 -1.000000"/>
    <Properties>
      <Property name="Angle" value="-405.164"/>
      <Property name="Filename" value="/Objects/jagged_large.hs"/>
    </Properties>
  </Object>
  <Object name="Object48">
    <AbsoluteLocation value="12.468750 -0.375000"/>
    <Properties>
      <Property name="Angle" value="57.9524"/>
      <Property name="Filename" value="/Objects/jagged_medium.hs"/>
    </Properties>
  </Object>
  <Object name="Object50">
    <AbsoluteLocation value="-2.843750 -2.406250"/>
    <Properties>
      <Property name="Angle" value="57.9524"/>
      <Property name="Filename" value="/Objects/jagged_medium.hs"/>
    </Properties>
  </Object>
  <Object name="Object51">
    <AbsoluteLocation value="-9.656250 -0.750000"/>
    <Properties>
      <Property name="Angle" value="-110.765"/>
      <Property name="Filename" value="/Objects/jagged_overlay_flipped.hs"/>
    </Properties>
  </Object>
  <Object name="Object53">
    <AbsoluteLocation value="4.875000 0.843750"/>
    <Properties>
      <Property name="Angle" value="37.4858"/>
      <Property name="Filename" value="/Objects/jagged_overlay.hs"/>
    </Properties>
  </Object>
  <Object name="Spout18">
    <AbsoluteLocation value="0.656250 2.906250"/>
    <Properties>
      <Property name="Angle" value="91.8812"/>
      <Property name="Filename" value="/Objects/shower_head.hs"/>
      <Property name="FluidType" value="Water"/>
      <Property name="NumberParticles" value="0"/>
      <Property name="OffsetVariation" value="2"/>
      <Property name="ParticleSpeed" value="45"/>
      <Property name="Type" value="spout"/>
    </Properties>
  </Object>
  <Object name="Bomb48">
    <AbsoluteLocation value="0.676504 -26.020493"/>
    <Properties>
      <Property name="Angle" value="7.41848"/>
      <Property name="Filename" value="/Objects/bomb.hs"/>
      <Property name="Type" value="bomb"/>
    </Properties>
  </Object>
  <Object name="Object52">
    <AbsoluteLocation value="-8.384979 39.501289"/>
    <Properties>
      <Property name="Angle" value="17.4371"/>
      <Property name="Filename" value="/Objects/pipe_straight_short.hs"/>
    </Properties>
  </Object>
  <Object name="Obj1">
    <AbsoluteLocation value="28.500000 5.531250"/>
    <Properties>
      <Property name="Angle" value="89.8887"/>
      <Property name="Filename" value="/Objects/wall_16x8_sliding_updown.hs"/>
      <Property name="PathPos0" value="0 0"/>
      <Property name="PathPos1" value="0 12"/>
    </Properties>
  </Object>
  <Object name="Object60">
    <AbsoluteLocation value="28.628025 3.908131"/>
    <Properties>
      <Property name="Angle" value="90.396"/>
      <Property name="Filename" value="/Objects/path_locking_end.hs"/>
    </Properties>
  </Object>
  <Object name="Object61">
    <AbsoluteLocation value="28.492905 23.456465"/>
    <Properties>
      <Property name="Angle" value="90.396"/>
      <Property name="Filename" value="/Objects/path_locking_end_right.hs"/>
    </Properties>
  </Object>
  <Object name="Object62">
    <AbsoluteLocation value="28.594246 8.795214"/>
    <Properties>
      <Property name="Angle" value="90.396"/>
      <Property name="Filename" value="/Objects/path_locking_mid.hs"/>
    </Properties>
  </Object>
  <Object name="Object63">
    <AbsoluteLocation value="28.560463 13.682298"/>
    <Properties>
      <Property name="Angle" value="90.396"/>
      <Property name="Filename" value="/Objects/path_locking_mid.hs"/>
    </Properties>
  </Object>
  <Object name="Object64">
    <AbsoluteLocation value="28.526684 18.569382"/>
    <Properties>
      <Property name="Angle" value="90.396"/>
      <Property name="Filename" value="/Objects/path_locking_mid.hs"/>
    </Properties>
  </Object>
  <Object name="Object65">
    <AbsoluteLocation value="-10.572479 38.407539"/>
    <Properties>
      <Property name="Angle" value="32.0961"/>
      <Property name="Filename" value="/Objects/pipe_straight_short.hs"/>
    </Properties>
  </Object>
  <Object name="Obj30">
    <AbsoluteLocation value="-10.968750 38.062500"/>
    <Properties>
      <Property name="Angle" value="-44.645"/>
      <Property name="Filename" value="/Objects/pipe_spout_base.hs"/>
    </Properties>
  </Object>
  <Room>
    <AbsoluteLocation value="-19.599998 28.399998"/>
  </Room>
  <Properties>
    <Property name="ShowTopEdge" value="1"/>
  </Properties>
</Objects>
