<?xml version="1.0"?>
<Objects>
  <Object name="Object40">
    <AbsoluteLocation value="-27.531204 -15.567795"/>
    <Properties>
      <Property name="Angle" value="0.241043"/>
      <Property name="Filename" value="/Objects/pipe_elbow_1.hs"/>
    </Properties>
  </Object>
  <Object name="Object44">
    <AbsoluteLocation value="1.674846 -41.902863"/>
    <Properties>
      <Property name="Angle" value="0"/>
      <Property name="Filename" value="/Objects/pipe_straight_short.hs"/>
    </Properties>
  </Object>
  <Object name="Object26">
    <AbsoluteLocation value="23.768749 32.106258"/>
    <Properties>
      <Property name="Angle" value="-17.5791"/>
      <Property name="Filename" value="/Objects/pipe_straight_long.hs"/>
    </Properties>
  </Object>
  <Object name="Spout3">
    <AbsoluteLocation value="15.756250 32.956249"/>
    <Properties>
      <Property name="Angle" value="-166.443"/>
      <Property name="Filename" value="/Objects/touch_spout.hs"/>
      <Property name="FluidType" value="Water"/>
      <Property name="Type" value="spout"/>
    </Properties>
  </Object>
  <Object name="Bomb5">
    <AbsoluteLocation value="6.237501 15.168747"/>
    <Properties>
      <Property name="Angle" value="0"/>
      <Property name="Filename" value="/Objects/bomb.hs"/>
      <Property name="Type" value="bomb"/>
    </Properties>
  </Object>
  <Object name="Bomb6">
    <AbsoluteLocation value="-1.968750 4.143745"/>
    <Properties>
      <Property name="Angle" value="-28.7321"/>
      <Property name="Filename" value="/Objects/bomb.hs"/>
      <Property name="Type" value="bomb"/>
    </Properties>
  </Object>
  <Object name="Bomb8">
    <AbsoluteLocation value="-9.406252 17.418751"/>
    <Properties>
      <Property name="Angle" value="0"/>
      <Property name="Filename" value="/Objects/bomb.hs"/>
      <Property name="Type" value="bomb"/>
    </Properties>
  </Object>
  <Object name="Bomb9">
    <AbsoluteLocation value="-22.995483 18.462151"/>
    <Properties>
      <Property name="Angle" value="0"/>
      <Property name="Filename" value="/Objects/bomb.hs"/>
      <Property name="Type" value="bomb"/>
    </Properties>
  </Object>
  <Object name="Bomb10">
    <AbsoluteLocation value="-18.825001 5.381252"/>
    <Properties>
      <Property name="Angle" value="0"/>
      <Property name="Filename" value="/Objects/bomb.hs"/>
      <Property name="Type" value="bomb"/>
    </Properties>
  </Object>
  <Object name="Bomb11">
    <AbsoluteLocation value="-25.406250 -5.156250"/>
    <Properties>
      <Property name="Angle" value="-28.828"/>
      <Property name="Filename" value="/Objects/bomb.hs"/>
      <Property name="Type" value="bomb"/>
    </Properties>
  </Object>
  <Object name="Bomb12">
    <AbsoluteLocation value="-6.293753 -5.737499"/>
    <Properties>
      <Property name="Angle" value="1.0511"/>
      <Property name="Filename" value="/Objects/bomb.hs"/>
      <Property name="Type" value="bomb"/>
    </Properties>
  </Object>
  <Object name="Bomb13">
    <AbsoluteLocation value="-9.006250 -29.256252"/>
    <Properties>
      <Property name="Angle" value="8.48491"/>
      <Property name="Filename" value="/Objects/bomb.hs"/>
      <Property name="Type" value="bomb"/>
    </Properties>
  </Object>
  <Object name="Switch17">
    <AbsoluteLocation value="-16.500000 -23.062500"/>
    <Properties>
      <Property name="Angle" value="0"/>
      <Property name="ConnectedObject0" value="Object39"/>
      <Property name="Filename" value="/Objects/switch.hs"/>
      <Property name="Type" value="switch"/>
    </Properties>
  </Object>
  <Object name="Switch18">
    <AbsoluteLocation value="-5.484722 27.568401"/>
    <Properties>
      <Property name="Angle" value="-27.537"/>
      <Property name="ConnectedObject0" value="Object16"/>
      <Property name="Filename" value="/Objects/switch_momentary_blue.hs"/>
      <Property name="Type" value="switch"/>
    </Properties>
  </Object>
  <Object name="Bomb21">
    <AbsoluteLocation value="28.931248 -12.875000"/>
    <Properties>
      <Property name="Angle" value="38.445"/>
      <Property name="Filename" value="/Objects/bomb.hs"/>
      <Property name="Type" value="bomb"/>
    </Properties>
  </Object>
  <Object name="Object29">
    <AbsoluteLocation value="22.862499 27.412502"/>
    <Properties>
      <Property name="Angle" value="91.0491"/>
      <Property name="Filename" value="/Objects/pipe_elbow_1.hs"/>
    </Properties>
  </Object>
  <Object name="Object30">
    <AbsoluteLocation value="22.206249 24.318752"/>
    <Properties>
      <Property name="Angle" value="89.4946"/>
      <Property name="Filename" value="/Objects/pipe_straight.hs"/>
    </Properties>
  </Object>
  <Object name="Spout19">
    <AbsoluteLocation value="21.431250 19.556250"/>
    <Properties>
      <Property name="Angle" value="-100"/>
      <Property name="Filename" value="/Objects/touch_spout_murky.hs"/>
      <Property name="FluidType" value="ContaminatedWater"/>
      <Property name="Type" value="spout"/>
    </Properties>
  </Object>
  <Object name="Object31">
    <AbsoluteLocation value="32.831268 30.450003"/>
    <Properties>
      <Property name="Angle" value="-3.37238"/>
      <Property name="Filename" value="/Objects/pipe_straight_long.hs"/>
    </Properties>
  </Object>
  <Object name="Object32">
    <AbsoluteLocation value="28.924988 28.100002"/>
    <Properties>
      <Property name="Angle" value="-0.439323"/>
      <Property name="Filename" value="/Objects/pipe_straight_long.hs"/>
    </Properties>
  </Object>
  <Object name="Object37">
    <AbsoluteLocation value="-32.000000 -14.875000"/>
    <Properties>
      <Property name="Angle" value="-0.439323"/>
      <Property name="Filename" value="/Objects/pipe_straight_long.hs"/>
    </Properties>
  </Object>
  <Object name="Spout23">
    <AbsoluteLocation value="-26.254044 -18.322960"/>
    <Properties>
      <Property name="Angle" value="-70.1195"/>
      <Property name="Filename" value="/Objects/shower_head.hs"/>
      <Property name="FluidType" value="Water"/>
      <Property name="Type" value="spout"/>
    </Properties>
  </Object>
  <Object name="Object38">
    <AbsoluteLocation value="-0.892752 -41.237923"/>
    <Properties>
      <Property name="Angle" value="-178.263"/>
      <Property name="Filename" value="/Objects/pipe_elbow_2.hs"/>
    </Properties>
  </Object>
  <Object name="Ducky42">
    <AbsoluteLocation value="9.549306 1.986119"/>
    <Properties>
      <Property name="Angle" value="0"/>
      <Property name="Filename" value="/Objects/star_poison.hs"/>
      <Property name="Type" value="star"/>
    </Properties>
  </Object>
  <Object name="Ducky43">
    <AbsoluteLocation value="-7.937500 -20.000000"/>
    <Properties>
      <Property name="Angle" value="0"/>
      <Property name="Filename" value="/Objects/star_poison.hs"/>
      <Property name="Type" value="star"/>
    </Properties>
  </Object>
  <Object name="Object16">
    <AbsoluteLocation value="-22.687500 -32.062500"/>
    <Properties>
      <Property name="Angle" value="0"/>
      <Property name="Filename" value="/Objects/wall_8x8_blue.hs"/>
      <Property name="GravityScale" value="1.0"/>
      <Property name="MotorMoveSpeed" value="20"/>
      <Property name="PathPos0" value="0 0"/>
      <Property name="PathPos1" value="0 5"/>
    </Properties>
  </Object>
  <Object name="Bomb44">
    <AbsoluteLocation value="4.605497 -14.810829"/>
    <Properties>
      <Property name="Angle" value="2.12344"/>
      <Property name="Filename" value="/Objects/bomb.hs"/>
      <Property name="Type" value="bomb"/>
    </Properties>
  </Object>
  <Object name="Switch43">
    <AbsoluteLocation value="18.902779 -13.106594"/>
    <Properties>
      <Property name="Angle" value="26.0746"/>
      <Property name="ConnectedObject0" value="Object16"/>
      <Property name="Filename" value="/Objects/switch_momentary_blue.hs"/>
      <Property name="Type" value="switch"/>
    </Properties>
  </Object>
  <Object name="Object43">
    <AbsoluteLocation value="3.622003 -41.668983"/>
    <Properties>
      <Property name="Angle" value="1.60211"/>
      <Property name="Filename" value="/Objects/pipe_connector_end.hs"/>
    </Properties>
  </Object>
  <Object name="Spout64">
    <AbsoluteLocation value="-1.508542 -38.519855"/>
    <Properties>
      <Property name="Angle" value="0.532816"/>
      <Property name="ConnectedSpout0" value="SWAMPY_SPOUT"/>
      <Property name="ConnectedSpoutProbability0" value="1"/>
      <Property name="Filename" value="/Objects/broken_pipe_cranky.hs"/>
      <Property name="Type" value="spout"/>
    </Properties>
  </Object>
  <Object name="Object39">
    <AbsoluteLocation value="17.000000 8.500004"/>
    <Properties>
      <Property name="Angle" value="90"/>
      <Property name="Filename" value="/Objects/wall_24x8.hs"/>
      <Property name="MotorMoveSpeed" value="3"/>
      <Property name="MotorTurnSpeed" value="16"/>
      <Property name="PathPos0" value="0 0"/>
      <Property name="PathPos1" value="13 -13"/>
    </Properties>
  </Object>
  <Object name="Object41">
    <AbsoluteLocation value="20.400002 6.199993"/>
    <Properties>
      <Property name="Angle" value="-45"/>
      <Property name="Filename" value="/Objects/path_locking_end.hs"/>
    </Properties>
  </Object>
  <Object name="Object42">
    <AbsoluteLocation value="23.799999 2.799995"/>
    <Properties>
      <Property name="Angle" value="-45"/>
      <Property name="Filename" value="/Objects/path_locking_mid.hs"/>
    </Properties>
  </Object>
  <Object name="Object45">
    <AbsoluteLocation value="27.200001 -0.599991"/>
    <Properties>
      <Property name="Angle" value="-45"/>
      <Property name="Filename" value="/Objects/path_locking_end_right.hs"/>
    </Properties>
  </Object>
  <Object name="Object46">
    <AbsoluteLocation value="36.124992 28.100012"/>
    <Properties>
      <Property name="Angle" value="-0.439323"/>
      <Property name="Filename" value="/Objects/pipe_straight_long.hs"/>
    </Properties>
  </Object>
  <Object name="Object47">
    <AbsoluteLocation value="-22.673359 -25.689018"/>
    <Properties>
      <Property name="Angle" value="0"/>
      <Property name="Filename" value="/Objects/path_smooth_vertical_end_top.hs"/>
    </Properties>
  </Object>
  <Object name="Object49">
    <AbsoluteLocation value="-22.673359 -30.268372"/>
    <Properties>
      <Property name="Angle" value="0"/>
      <Property name="Filename" value="/Objects/path_smooth_vertical_end_bottom.hs"/>
    </Properties>
  </Object>
  <Object name="Ducky41">
    <AbsoluteLocation value="12.962500 -16.018753"/>
    <Properties>
      <Property name="Angle" value="0"/>
      <Property name="Filename" value="/Objects/star_poison.hs"/>
      <Property name="Type" value="star"/>
    </Properties>
  </Object>
  <Room>
    <AbsoluteLocation value="14.800001 -34.000000"/>
  </Room>
</Objects>
