<?xml version="1.0"?>
<Objects>
  <Object name="0">
    <AbsoluteLocation value="6.707398 -42.315460"/>
    <Properties>
      <Property name="Angle" value="56.6544"/>
      <Property name="Filename" value="/Objects/pipe_straight.hs"/>
    </Properties>
  </Object>
  <Object name="1">
    <AbsoluteLocation value="0.072742 -43.970585"/>
    <Properties>
      <Property name="Angle" value="-37.7487"/>
      <Property name="Filename" value="/Objects/pipe_straight.hs"/>
    </Properties>
  </Object>
  <Object name="2">
    <AbsoluteLocation value="-1.217349 16.661152"/>
    <Properties>
      <Property name="Angle" value="0"/>
      <Property name="BlastRadius" value="10"/>
      <Property name="Filename" value="/Objects/bomb.hs"/>
      <Property name="Type" value="bomb"/>
    </Properties>
  </Object>
  <Object name="3">
    <AbsoluteLocation value="-6.819352 4.567779"/>
    <Properties>
      <Property name="Angle" value="0"/>
      <Property name="BlastRadius" value="10"/>
      <Property name="Filename" value="/Objects/bomb.hs"/>
      <Property name="Type" value="bomb"/>
    </Properties>
  </Object>
  <Object name="4">
    <AbsoluteLocation value="4.279815 -6.270548"/>
    <Properties>
      <Property name="Angle" value="0"/>
      <Property name="BlastRadius" value="10"/>
      <Property name="Filename" value="/Objects/bomb.hs"/>
      <Property name="Type" value="bomb"/>
    </Properties>
  </Object>
  <Object name="5">
    <AbsoluteLocation value="6.518684 -24.109791"/>
    <Properties>
      <Property name="Angle" value="0"/>
      <Property name="Filename" value="/Objects/star.hs"/>
      <Property name="Type" value="star"/>
    </Properties>
  </Object>
  <Object name="6">
    <AbsoluteLocation value="-14.214542 35.930847"/>
    <Properties>
      <Property name="Angle" value="0"/>
      <Property name="Filename" value="/Objects/star.hs"/>
      <Property name="Type" value="star"/>
    </Properties>
  </Object>
  <Object name="7">
    <AbsoluteLocation value="19.934958 -31.184349"/>
    <Properties>
      <Property name="Angle" value="0"/>
      <Property name="Filename" value="/Objects/star.hs"/>
      <Property name="Type" value="star"/>
    </Properties>
  </Object>
  <Object name="8">
    <AbsoluteLocation value="17.906708 -12.045044"/>
    <Properties>
      <Property name="Angle" value="0"/>
      <Property name="BlastRadius" value="10"/>
      <Property name="Filename" value="/Objects/bomb.hs"/>
      <Property name="Type" value="bomb"/>
    </Properties>
  </Object>
  <Object name="9">
    <AbsoluteLocation value="-1.970192 -42.339020"/>
    <Properties>
      <Property name="Angle" value="142.661"/>
      <Property name="Filename" value="/Objects/pipe_connector_end.hs"/>
    </Properties>
  </Object>
  <Object name="10">
    <AbsoluteLocation value="3.916325 -45.236565"/>
    <Properties>
      <Property name="Angle" value="60.9764"/>
      <Property name="Filename" value="/Objects/pipe_connector_90.hs"/>
    </Properties>
  </Object>
  <Object name="Spout12">
    <AbsoluteLocation value="8.611080 -38.325851"/>
    <Properties>
      <Property name="Angle" value="-9.30493"/>
      <Property name="ConnectedSpout0" value="SWAMPY_SPOUT"/>
      <Property name="ConnectedSpoutProbability0" value="1"/>
      <Property name="Filename" value="/Objects/broken_pipe.hs"/>
      <Property name="Type" value="spout"/>
    </Properties>
  </Object>
  <Object name="Collectible14">
    <AbsoluteLocation value="-3.281250 -13.687500"/>
    <Properties>
      <Property name="Angle" value="0"/>
      <Property name="Filename" value="/Objects/z_collectible_13.hs"/>
      <Property name="PlatinumType" value="normal"/>
      <Property name="Type" value="collectible"/>
    </Properties>
  </Object>
  <Object name="Ducky16">
    <AbsoluteLocation value="27.600000 20.800001"/>
    <Properties>
      <Property name="Angle" value="0"/>
      <Property name="Filename" value="/Objects/star_baby.hs"/>
      <Property name="StarType" value="baby"/>
      <Property name="Type" value="star"/>
    </Properties>
  </Object>
  <Object name="Ducky24">
    <AbsoluteLocation value="-7.600000 22.393753"/>
    <Properties>
      <Property name="Angle" value="0"/>
      <Property name="Filename" value="/Objects/star_baby.hs"/>
      <Property name="StarType" value="baby"/>
      <Property name="Type" value="star"/>
    </Properties>
  </Object>
  <Object name="Ducky23">
    <AbsoluteLocation value="-14.224998 19.831251"/>
    <Properties>
      <Property name="Angle" value="0"/>
      <Property name="Filename" value="/Objects/star_baby.hs"/>
      <Property name="StarType" value="baby"/>
      <Property name="Type" value="star"/>
    </Properties>
  </Object>
  <Object name="Ducky17">
    <AbsoluteLocation value="-21.599998 16.800001"/>
    <Properties>
      <Property name="Angle" value="0"/>
      <Property name="Filename" value="/Objects/star_baby.hs"/>
      <Property name="StarType" value="baby"/>
      <Property name="Type" value="star"/>
    </Properties>
  </Object>
  <Object name="Ducky22">
    <AbsoluteLocation value="-28.170830 -33.179165"/>
    <Properties>
      <Property name="Angle" value="0"/>
      <Property name="Filename" value="/Objects/star_baby.hs"/>
      <Property name="StarType" value="baby"/>
      <Property name="Type" value="star"/>
    </Properties>
  </Object>
  <Object name="Ducky21">
    <AbsoluteLocation value="-23.412498 -22.431252"/>
    <Properties>
      <Property name="Angle" value="0"/>
      <Property name="Filename" value="/Objects/star_baby.hs"/>
      <Property name="StarType" value="baby"/>
      <Property name="Type" value="star"/>
    </Properties>
  </Object>
  <Object name="Ducky18">
    <AbsoluteLocation value="-0.664581 -20.035416"/>
    <Properties>
      <Property name="Angle" value="0"/>
      <Property name="Filename" value="/Objects/star_baby.hs"/>
      <Property name="StarType" value="baby"/>
      <Property name="Type" value="star"/>
    </Properties>
  </Object>
  <Object name="Ducky20">
    <AbsoluteLocation value="4.366667 -27.635416"/>
    <Properties>
      <Property name="Angle" value="0"/>
      <Property name="Filename" value="/Objects/star_baby.hs"/>
      <Property name="StarType" value="baby"/>
      <Property name="Type" value="star"/>
    </Properties>
  </Object>
  <Object name="Ducky25">
    <AbsoluteLocation value="18.431250 -29.606247"/>
    <Properties>
      <Property name="Angle" value="0"/>
      <Property name="Filename" value="/Objects/star_baby.hs"/>
      <Property name="StarType" value="baby"/>
      <Property name="Type" value="star"/>
    </Properties>
  </Object>
  <Object name="Ducky19">
    <AbsoluteLocation value="24.000000 -34.400002"/>
    <Properties>
      <Property name="Angle" value="0"/>
      <Property name="Filename" value="/Objects/star_baby.hs"/>
      <Property name="StarType" value="baby"/>
      <Property name="Type" value="star"/>
    </Properties>
  </Object>
  <Room>
    <AbsoluteLocation value="-11.599998 -32.400002"/>
  </Room>
</Objects>
