<?xml version="1.0"?>
<Objects>
  <Object name="Bomb0">
    <AbsoluteLocation value="11.527274 -86.327637"/>
    <Properties>
      <Property name="Angle" value="23.5201"/>
      <Property name="BlastPower" value="4000"/>
      <Property name="BlastRadius" value="19"/>
      <Property name="Filename" value="/Objects/bomb.hs"/>
      <Property name="Type" value="bomb"/>
    </Properties>
  </Object>
  <Object name="Bomb1">
    <AbsoluteLocation value="-15.158617 -58.288868"/>
    <Properties>
      <Property name="Angle" value="14.5937"/>
      <Property name="BlastPower" value="4000"/>
      <Property name="BlastRadius" value="19"/>
      <Property name="Filename" value="/Objects/bomb.hs"/>
      <Property name="Type" value="bomb"/>
    </Properties>
  </Object>
  <Object name="Bomb2">
    <AbsoluteLocation value="10.903311 -18.658346"/>
    <Properties>
      <Property name="Angle" value="15.6747"/>
      <Property name="BlastPower" value="4000"/>
      <Property name="BlastRadius" value="19"/>
      <Property name="Filename" value="/Objects/bomb.hs"/>
      <Property name="Type" value="bomb"/>
    </Properties>
  </Object>
  <Object name="Obj5">
    <AbsoluteLocation value="28.269983 62.645767"/>
    <Properties>
      <Property name="Angle" value="97.7323"/>
      <Property name="Filename" value="/Objects/pipe_straight.hs"/>
    </Properties>
  </Object>
  <Object name="Spout4">
    <AbsoluteLocation value="26.888645 67.523438"/>
    <Properties>
      <Property name="Angle" value="127.249"/>
      <Property name="Filename" value="/Objects/shower_head.hs"/>
      <Property name="FluidType" value="Water"/>
      <Property name="NumberParticles" value="0"/>
      <Property name="ParticleSpeed" value="30"/>
      <Property name="Type" value="spout"/>
    </Properties>
  </Object>
  <Object name="Obj7">
    <AbsoluteLocation value="28.062740 52.340809"/>
    <Properties>
      <Property name="Angle" value="-93.1376"/>
      <Property name="Filename" value="/Objects/pipe_bend_1.hs"/>
    </Properties>
  </Object>
  <Object name="Obj8">
    <AbsoluteLocation value="23.797529 49.191639"/>
    <Properties>
      <Property name="Angle" value="34.969"/>
      <Property name="Filename" value="/Objects/pipe_straight_long.hs"/>
    </Properties>
  </Object>
  <Object name="Obj10">
    <AbsoluteLocation value="11.130940 42.527969"/>
    <Properties>
      <Property name="Angle" value="-145.239"/>
      <Property name="Filename" value="/Objects/pipe_bend_1.hs"/>
    </Properties>
  </Object>
  <Object name="Obj11">
    <AbsoluteLocation value="5.631535 43.416149"/>
    <Properties>
      <Property name="Angle" value="-9.47731"/>
      <Property name="Filename" value="/Objects/pipe_straight_long.hs"/>
    </Properties>
  </Object>
  <Object name="Obj9">
    <AbsoluteLocation value="16.040268 44.691341"/>
    <Properties>
      <Property name="Angle" value="25.9449"/>
      <Property name="Filename" value="/Objects/pipe_straight_long.hs"/>
    </Properties>
  </Object>
  <Object name="Obj14">
    <AbsoluteLocation value="-3.628618 43.898129"/>
    <Properties>
      <Property name="Angle" value="3.96226"/>
      <Property name="Filename" value="/Objects/pipe_straight_long.hs"/>
    </Properties>
  </Object>
  <Object name="Obj15">
    <AbsoluteLocation value="-12.763634 42.734608"/>
    <Properties>
      <Property name="Angle" value="10.4579"/>
      <Property name="Filename" value="/Objects/pipe_straight_long.hs"/>
    </Properties>
  </Object>
  <Object name="Obj16">
    <AbsoluteLocation value="-20.356052 41.527977"/>
    <Properties>
      <Property name="Angle" value="7.81628"/>
      <Property name="Filename" value="/Objects/pipe_straight.hs"/>
    </Properties>
  </Object>
  <Object name="Obj17">
    <AbsoluteLocation value="-20.766098 24.456686"/>
    <Properties>
      <Property name="Angle" value="84.636"/>
      <Property name="Filename" value="/Objects/pipe_bend_2.hs"/>
    </Properties>
  </Object>
  <Object name="Obj18">
    <AbsoluteLocation value="-21.157991 20.258247"/>
    <Properties>
      <Property name="Angle" value="89.646"/>
      <Property name="Filename" value="/Objects/pipe_straight.hs"/>
    </Properties>
  </Object>
  <Object name="Obj19">
    <AbsoluteLocation value="-21.832506 15.754160"/>
    <Properties>
      <Property name="Angle" value="-89.3496"/>
      <Property name="Filename" value="/Objects/pipe_elbow_2.hs"/>
    </Properties>
  </Object>
  <Object name="Obj20">
    <AbsoluteLocation value="-25.636839 33.513023"/>
    <Properties>
      <Property name="Angle" value="89.9799"/>
      <Property name="Filename" value="/Objects/pipe_straight_long.hs"/>
    </Properties>
  </Object>
  <Object name="Spout3">
    <AbsoluteLocation value="-18.376350 26.210798"/>
    <Properties>
      <Property name="Angle" value="-54.8464"/>
      <Property name="ConnectedSpout0" value="Spout4"/>
      <Property name="ConnectedSpoutProbability0" value="1"/>
      <Property name="Filename" value="/Objects/basic_drain.hs"/>
      <Property name="Type" value="spout"/>
    </Properties>
  </Object>
  <Object name="Obj21">
    <AbsoluteLocation value="-25.913727 24.280073"/>
    <Properties>
      <Property name="Angle" value="86.4363"/>
      <Property name="Filename" value="/Objects/pipe_straight_long.hs"/>
    </Properties>
  </Object>
  <Object name="Obj22">
    <AbsoluteLocation value="-25.340849 16.612411"/>
    <Properties>
      <Property name="Angle" value="-5.79227"/>
      <Property name="Filename" value="/Objects/pipe_connector_90.hs"/>
    </Properties>
  </Object>
  <Object name="Obj12">
    <AbsoluteLocation value="-24.449480 39.909691"/>
    <Properties>
      <Property name="Angle" value="-88.3513"/>
      <Property name="Filename" value="/Objects/pipe_connector_90.hs"/>
    </Properties>
  </Object>
  <Object name="Obj26">
    <AbsoluteLocation value="-13.148073 49.112816"/>
    <Properties>
      <Property name="Angle" value="-117.423"/>
      <Property name="Filename" value="/Objects/pipe_bend_1.hs"/>
    </Properties>
  </Object>
  <Object name="Spout25">
    <AbsoluteLocation value="-11.403819 51.558971"/>
    <Properties>
      <Property name="Angle" value="-26.7222"/>
      <Property name="ConnectedSpout0" value="SWAMPY_SPOUT"/>
      <Property name="ConnectedSpoutProbability0" value="1"/>
      <Property name="Filename" value="/Objects/broken_pipe.hs"/>
      <Property name="Type" value="spout"/>
    </Properties>
  </Object>
  <Object name="Obj28">
    <AbsoluteLocation value="-21.495417 51.016598"/>
    <Properties>
      <Property name="Angle" value="-35.146"/>
      <Property name="Filename" value="/Objects/pipe_straight_long.hs"/>
    </Properties>
  </Object>
  <Object name="Obj27">
    <AbsoluteLocation value="-15.556313 47.811340"/>
    <Properties>
      <Property name="Angle" value="49.5262"/>
      <Property name="Filename" value="/Objects/pipe_connector_90.hs"/>
    </Properties>
  </Object>
  <Object name="Obj31">
    <AbsoluteLocation value="-25.136768 59.993637"/>
    <Properties>
      <Property name="Angle" value="55.1039"/>
      <Property name="Filename" value="/Objects/pipe_straight.hs"/>
    </Properties>
  </Object>
  <Object name="Obj30">
    <AbsoluteLocation value="-26.711483 56.043068"/>
    <Properties>
      <Property name="Angle" value="-36.736"/>
      <Property name="Filename" value="/Objects/pipe_connector_90.hs"/>
    </Properties>
  </Object>
  <Object name="Obj29">
    <AbsoluteLocation value="-23.663227 62.265759"/>
    <Properties>
      <Property name="Angle" value="50.1586"/>
      <Property name="Filename" value="/Objects/pipe_connector_end.hs"/>
    </Properties>
  </Object>
  <Object name="Star32">
    <AbsoluteLocation value="11.600760 -76.958252"/>
    <Properties>
      <Property name="Angle" value="0"/>
      <Property name="Filename" value="/Objects/star.hs"/>
      <Property name="Type" value="star"/>
    </Properties>
  </Object>
  <Object name="Star33">
    <AbsoluteLocation value="-7.300098 34.347633"/>
    <Properties>
      <Property name="Angle" value="0"/>
      <Property name="Filename" value="/Objects/star.hs"/>
      <Property name="Type" value="star"/>
    </Properties>
  </Object>
  <Object name="Star34">
    <AbsoluteLocation value="6.466144 84.662216"/>
    <Properties>
      <Property name="Angle" value="0"/>
      <Property name="Filename" value="/Objects/star.hs"/>
      <Property name="Type" value="star"/>
    </Properties>
  </Object>
  <Object name="Collectible35">
    <AbsoluteLocation value="-17.453917 37.711102"/>
    <Properties>
      <Property name="Angle" value="-35.9157"/>
      <Property name="Filename" value="/Objects/z_collectible_15.hs"/>
      <Property name="PlatinumType" value="normal"/>
      <Property name="Type" value="collectible"/>
    </Properties>
  </Object>
  <Object name="Bomb35">
    <AbsoluteLocation value="16.403311 -18.439596"/>
    <Properties>
      <Property name="Angle" value="-27.0741"/>
      <Property name="Filename" value="/Objects/bomb.hs"/>
      <Property name="Type" value="bomb"/>
    </Properties>
  </Object>
  <Object name="Obj34">
    <AbsoluteLocation value="28.612675 56.451382"/>
    <Properties>
      <Property name="Angle" value="87.8676"/>
      <Property name="Filename" value="/Objects/pipe_straight.hs"/>
    </Properties>
  </Object>
  <Object name="Ducky49">
    <AbsoluteLocation value="-6.832993 34.711903"/>
    <Properties>
      <Property name="Angle" value="0"/>
      <Property name="Filename" value="/Objects/star_baby.hs"/>
      <Property name="StarType" value="baby"/>
      <Property name="Type" value="star"/>
    </Properties>
  </Object>
  <Object name="Ducky48">
    <AbsoluteLocation value="5.857277 20.347664"/>
    <Properties>
      <Property name="Angle" value="0"/>
      <Property name="Filename" value="/Objects/star_baby.hs"/>
      <Property name="StarType" value="baby"/>
      <Property name="Type" value="star"/>
    </Properties>
  </Object>
  <Object name="Ducky53">
    <AbsoluteLocation value="24.334656 3.751289"/>
    <Properties>
      <Property name="Angle" value="0"/>
      <Property name="Filename" value="/Objects/star_baby.hs"/>
      <Property name="StarType" value="baby"/>
      <Property name="Type" value="star"/>
    </Properties>
  </Object>
  <Object name="Ducky47">
    <AbsoluteLocation value="-5.341507 13.808014"/>
    <Properties>
      <Property name="Angle" value="0"/>
      <Property name="Filename" value="/Objects/star_baby.hs"/>
      <Property name="StarType" value="baby"/>
      <Property name="Type" value="star"/>
    </Properties>
  </Object>
  <Object name="Ducky44">
    <AbsoluteLocation value="-12.721230 -12.002716"/>
    <Properties>
      <Property name="Angle" value="0"/>
      <Property name="Filename" value="/Objects/star_baby.hs"/>
      <Property name="StarType" value="baby"/>
      <Property name="Type" value="star"/>
    </Properties>
  </Object>
  <Object name="Ducky45">
    <AbsoluteLocation value="-25.693630 -19.680069"/>
    <Properties>
      <Property name="Angle" value="0"/>
      <Property name="Filename" value="/Objects/star_baby.hs"/>
      <Property name="StarType" value="baby"/>
      <Property name="Type" value="star"/>
    </Properties>
  </Object>
  <Object name="Ducky42">
    <AbsoluteLocation value="7.571848 -31.494179"/>
    <Properties>
      <Property name="Angle" value="0"/>
      <Property name="Filename" value="/Objects/star_baby.hs"/>
      <Property name="StarType" value="baby"/>
      <Property name="Type" value="star"/>
    </Properties>
  </Object>
  <Object name="Ducky41">
    <AbsoluteLocation value="19.471376 -66.249977"/>
    <Properties>
      <Property name="Angle" value="0"/>
      <Property name="Filename" value="/Objects/star_baby.hs"/>
      <Property name="StarType" value="baby"/>
      <Property name="Type" value="star"/>
    </Properties>
  </Object>
  <Object name="Ducky40">
    <AbsoluteLocation value="2.496246 -66.886559"/>
    <Properties>
      <Property name="Angle" value="0"/>
      <Property name="Filename" value="/Objects/star_baby.hs"/>
      <Property name="StarType" value="baby"/>
      <Property name="Type" value="star"/>
    </Properties>
  </Object>
  <Object name="Ducky39">
    <AbsoluteLocation value="-0.609859 -76.151978"/>
    <Properties>
      <Property name="Angle" value="0"/>
      <Property name="Filename" value="/Objects/star_baby.hs"/>
      <Property name="StarType" value="baby"/>
      <Property name="Type" value="star"/>
    </Properties>
  </Object>
  <Room>
    <AbsoluteLocation value="-14.799998 73.199997"/>
  </Room>
  <Properties>
    <Property name="ReversePan" value="1"/>
    <Property name="ShowTopEdge" value="1"/>
  </Properties>
</Objects>
