<?xml version="1.0"?>
<Objects>
  <Object name="Star0">
    <AbsoluteLocation value="14.583872 -6.555695"/>
    <Properties>
      <Property name="Angle" value="0"/>
      <Property name="Filename" value="/Objects/star.hs"/>
      <Property name="Type" value="star"/>
    </Properties>
  </Object>
  <Object name="Star1">
    <AbsoluteLocation value="-12.027105 31.920296"/>
    <Properties>
      <Property name="Angle" value="0"/>
      <Property name="Filename" value="/Objects/star.hs"/>
      <Property name="Type" value="star"/>
    </Properties>
  </Object>
  <Object name="Star2">
    <AbsoluteLocation value="-21.722427 -32.072811"/>
    <Properties>
      <Property name="Angle" value="0"/>
      <Property name="Filename" value="/Objects/star.hs"/>
      <Property name="Type" value="star"/>
    </Properties>
  </Object>
  <Object name="Bomb3">
    <AbsoluteLocation value="-14.718576 -18.891644"/>
    <Properties>
      <Property name="Angle" value="0"/>
      <Property name="Filename" value="/Objects/bomb.hs"/>
      <Property name="Type" value="bomb"/>
    </Properties>
  </Object>
  <Object name="Bomb4">
    <AbsoluteLocation value="-18.123444 3.829531"/>
    <Properties>
      <Property name="Angle" value="0"/>
      <Property name="Filename" value="/Objects/bomb.hs"/>
      <Property name="Type" value="bomb"/>
    </Properties>
  </Object>
  <Object name="Bomb7">
    <AbsoluteLocation value="-0.523785 35.482704"/>
    <Properties>
      <Property name="Angle" value="0"/>
      <Property name="Filename" value="/Objects/bomb.hs"/>
      <Property name="Type" value="bomb"/>
    </Properties>
  </Object>
  <Object name="Bomb8">
    <AbsoluteLocation value="17.629320 23.906912"/>
    <Properties>
      <Property name="Angle" value="0"/>
      <Property name="Filename" value="/Objects/bomb.hs"/>
      <Property name="Type" value="bomb"/>
    </Properties>
  </Object>
  <Object name="Bomb9">
    <AbsoluteLocation value="0.873711 -12.920645"/>
    <Properties>
      <Property name="Angle" value="0"/>
      <Property name="Filename" value="/Objects/bomb.hs"/>
      <Property name="Type" value="bomb"/>
    </Properties>
  </Object>
  <Room>
    <AbsoluteLocation value="-1.552672 -65.390808"/>
  </Room>
  <Properties>
    <Property name="BonusLevel" value="1"/>
    <Property name="ShowTopEdge" value="1"/>
    <Property name="BonusTimer" value="30"/>
  </Properties>
</Objects>
