<?xml version="1.0"?>
<Objects>
  <Object name="Star2">
    <AbsoluteLocation value="0.149958 16.002146"/>
    <Properties>
      <Property name="Angle" value="0"/>
      <Property name="Filename" value="/Objects/star.hs"/>
      <Property name="Type" value="star"/>
    </Properties>
  </Object>
  <Object name="Star3">
    <AbsoluteLocation value="-0.033933 26.642384"/>
    <Properties>
      <Property name="Angle" value="0"/>
      <Property name="Filename" value="/Objects/star.hs"/>
      <Property name="Type" value="star"/>
    </Properties>
  </Object>
  <Object name="Star4">
    <AbsoluteLocation value="-0.292745 36.336246"/>
    <Properties>
      <Property name="Angle" value="0"/>
      <Property name="Filename" value="/Objects/star.hs"/>
      <Property name="Type" value="star"/>
    </Properties>
  </Object>
  <Room>
    <AbsoluteLocation value="-14.555821 68.957306"/>
  </Room>
  <Properties>
    <Property name="BonusLevel" value="1"/>
    <Property name="BonusTimer" value="30"/>
    <Property name="ShowTopEdge" value="1"/>
  </Properties>
</Objects>
