<?xml version="1.0"?>
<Objects>
  <Object name="Object13">
    <AbsoluteLocation value="33.433731 -2.507553"/>
    <Properties>
      <Property name="Angle" value="0"/>
      <Property name="Filename" value="/Objects/pipe_straight_long.hs"/>
    </Properties>
  </Object>
  <Object name="Ducky4">
    <AbsoluteLocation value="-22.532238 21.960865"/>
    <Properties>
      <Property name="Angle" value="0"/>
      <Property name="Filename" value="/Objects/star.hs"/>
      <Property name="Type" value="star"/>
    </Properties>
  </Object>
  <Object name="Ducky5">
    <AbsoluteLocation value="-24.728838 -15.368248"/>
    <Properties>
      <Property name="Angle" value="0"/>
      <Property name="Filename" value="/Objects/star.hs"/>
      <Property name="Type" value="star"/>
    </Properties>
  </Object>
  <Object name="Ducky6">
    <AbsoluteLocation value="-19.448732 -36.139896"/>
    <Properties>
      <Property name="Angle" value="0"/>
      <Property name="Filename" value="/Objects/star.hs"/>
      <Property name="Type" value="star"/>
    </Properties>
  </Object>
  <Object name="Spout14">
    <AbsoluteLocation value="25.297092 -2.801124"/>
    <Properties>
      <Property name="Angle" value="184.746"/>
      <Property name="Filename" value="/Objects/touch_spout_sludge.hs"/>
      <Property name="FluidType" value="Lava"/>
      <Property name="ParticleSpeed" value="3"/>
      <Property name="ParticlesPerSecond" value="3"/>
      <Property name="Type" value="spout"/>
    </Properties>
  </Object>
  <Object name="WaterBalloon9">
    <AbsoluteLocation value="22.976555 30.616316"/>
    <Properties>
      <Property name="Angle" value="0"/>
      <Property name="Filename" value="/Objects/balloon.hs"/>
      <Property name="InitialParticles" value="contaminatedwater 20"/>
      <Property name="Type" value="waterballoon"/>
    </Properties>
  </Object>
  <Object name="WaterBalloon8">
    <AbsoluteLocation value="20.851158 26.807171"/>
    <Properties>
      <Property name="Angle" value="0.00164853"/>
      <Property name="Filename" value="/Objects/balloon.hs"/>
      <Property name="InitialParticles" value="contaminatedwater 20"/>
      <Property name="Type" value="waterballoon"/>
    </Properties>
  </Object>
  <Object name="WaterBalloon7">
    <AbsoluteLocation value="25.174910 24.577627"/>
    <Properties>
      <Property name="Angle" value="0.00164853"/>
      <Property name="Filename" value="/Objects/balloon.hs"/>
      <Property name="InitialParticles" value="contaminatedwater 20"/>
      <Property name="Type" value="waterballoon"/>
    </Properties>
  </Object>
  <Object name="WaterBalloon10">
    <AbsoluteLocation value="20.857862 21.703070"/>
    <Properties>
      <Property name="Angle" value="0.00466274"/>
      <Property name="Filename" value="/Objects/balloon.hs"/>
      <Property name="InitialParticles" value="contaminatedwater 20"/>
      <Property name="Type" value="waterballoon"/>
    </Properties>
  </Object>
  <Object name="WaterBalloon13">
    <AbsoluteLocation value="27.956511 -34.330429"/>
    <Properties>
      <Property name="Angle" value="0"/>
      <Property name="Filename" value="/Objects/balloon.hs"/>
      <Property name="Type" value="waterballoon"/>
    </Properties>
  </Object>
  <Object name="WaterBalloon15">
    <AbsoluteLocation value="21.557831 -33.597801"/>
    <Properties>
      <Property name="Angle" value="0"/>
      <Property name="Filename" value="/Objects/balloon.hs"/>
      <Property name="Type" value="waterballoon"/>
    </Properties>
  </Object>
  <Object name="WaterBalloon16">
    <AbsoluteLocation value="26.079342 -38.696777"/>
    <Properties>
      <Property name="Angle" value="0"/>
      <Property name="Filename" value="/Objects/balloon.hs"/>
      <Property name="Type" value="waterballoon"/>
    </Properties>
  </Object>
  <Object name="WaterBalloon14">
    <AbsoluteLocation value="21.478132 -39.133018"/>
    <Properties>
      <Property name="Angle" value="0"/>
      <Property name="Filename" value="/Objects/balloon.hs"/>
      <Property name="Type" value="waterballoon"/>
    </Properties>
  </Object>
  <Room>
    <AbsoluteLocation value="-1.000000 -1.000000"/>
  </Room>
  <Properties>
    <Property name="BonusLevel" value="1"/>
    <Property name="BonusTimer" value="105"/>
    <Property name="ShowTopEdge" value="1"/>
  </Properties>
</Objects>
