<?xml version="1.0"?>
<Objects>
  <Object name="Object57">
    <AbsoluteLocation value="-25.284964 -18.098312"/>
    <Properties>
      <Property name="Angle" value="0"/>
      <Property name="Filename" value="/Objects/pipe_elbow_2.hs"/>
    </Properties>
  </Object>
  <Object name="Object52">
    <AbsoluteLocation value="-29.288826 7.176494"/>
    <Properties>
      <Property name="Angle" value="81.6507"/>
      <Property name="Filename" value="/Objects/pipe_straight_long.hs"/>
    </Properties>
  </Object>
  <Object name="Object48">
    <AbsoluteLocation value="-30.767525 17.124882"/>
    <Properties>
      <Property name="Angle" value="0"/>
      <Property name="Filename" value="/Objects/pipe_straight_short.hs"/>
    </Properties>
  </Object>
  <Object name="Ducky4">
    <AbsoluteLocation value="-25.083508 -12.448242"/>
    <Properties>
      <Property name="Angle" value="0"/>
      <Property name="Filename" value="/Objects/star_poison.hs"/>
      <Property name="Type" value="star"/>
    </Properties>
  </Object>
  <Object name="Ducky5">
    <AbsoluteLocation value="-25.193705 34.310093"/>
    <Properties>
      <Property name="Angle" value="0"/>
      <Property name="Filename" value="/Objects/star_poison.hs"/>
      <Property name="Type" value="star"/>
    </Properties>
  </Object>
  <Object name="Object15">
    <AbsoluteLocation value="22.081612 -20.697510"/>
    <Properties>
      <Property name="Angle" value="89.94"/>
      <Property name="Filename" value="/Objects/pipe_straight_short.hs"/>
      <Property name="Parent" value="Object14"/>
    </Properties>
  </Object>
  <Object name="Object13">
    <AbsoluteLocation value="22.065096 -21.979523"/>
    <Properties>
      <Property name="Angle" value="-361.078"/>
      <Property name="Filename" value="/Objects/pipe_spout_base.hs"/>
      <Property name="Parent" value="Object14"/>
    </Properties>
  </Object>
  <Object name="Object10">
    <AbsoluteLocation value="23.628384 -31.569340"/>
    <Properties>
      <Property name="Angle" value="180.378"/>
      <Property name="Filename" value="/Objects/pipe_elbow_1.hs"/>
      <Property name="Parent" value="Object14"/>
    </Properties>
  </Object>
  <Object name="Object11">
    <AbsoluteLocation value="20.923038 -31.704586"/>
    <Properties>
      <Property name="Angle" value="-88.85"/>
      <Property name="Filename" value="/Objects/pipe_elbow_2.hs"/>
      <Property name="Parent" value="Object14"/>
    </Properties>
  </Object>
  <Object name="Object12">
    <AbsoluteLocation value="22.253328 -29.942852"/>
    <Properties>
      <Property name="Angle" value="-180.149"/>
      <Property name="Filename" value="/Objects/pipe_spout_base.hs"/>
      <Property name="Parent" value="Object14"/>
    </Properties>
  </Object>
  <Object name="Spout16">
    <AbsoluteLocation value="22.220753 -18.054232"/>
    <Properties>
      <Property name="Angle" value="89.8968"/>
      <Property name="Filename" value="/Objects/shower_head.hs"/>
      <Property name="FluidType" value="Water"/>
      <Property name="NumberParticles" value="0"/>
      <Property name="Parent" value="Object14"/>
      <Property name="ParticleQueueThreshold" value="5"/>
      <Property name="ParticleSpeed" value="35"/>
      <Property name="ParticlesPerSecond" value="8"/>
      <Property name="Type" value="spout"/>
    </Properties>
  </Object>
  <Object name="Spout8">
    <AbsoluteLocation value="17.811901 -32.245651"/>
    <Properties>
      <Property name="Angle" value="87.3345"/>
      <Property name="ConnectedSpout0" value="Spout16"/>
      <Property name="ConnectedSpoutProbability0" value="1"/>
      <Property name="Filename" value="/Objects/basic_drain.hs"/>
      <Property name="Parent" value="Object14"/>
      <Property name="Type" value="spout"/>
    </Properties>
  </Object>
  <Object name="Spout9">
    <AbsoluteLocation value="26.410999 -32.322906"/>
    <Properties>
      <Property name="Angle" value="-90.6694"/>
      <Property name="ConnectedSpout0" value="Spout16"/>
      <Property name="ConnectedSpoutProbability0" value="1"/>
      <Property name="Filename" value="/Objects/basic_drain.hs"/>
      <Property name="Parent" value="Object14"/>
      <Property name="Type" value="spout"/>
    </Properties>
  </Object>
  <Object name="Object19">
    <AbsoluteLocation value="-14.270699 7.179792"/>
    <Properties>
      <Property name="Angle" value="-1.25443"/>
      <Property name="Filename" value="/Objects/pipe_elbow_1.hs"/>
    </Properties>
  </Object>
  <Object name="Object22">
    <AbsoluteLocation value="-20.307791 7.886466"/>
    <Properties>
      <Property name="Angle" value="0"/>
      <Property name="Filename" value="/Objects/pipe_straight_long.hs"/>
    </Properties>
  </Object>
  <Object name="Object24">
    <AbsoluteLocation value="8.085251 11.992932"/>
    <Properties>
      <Property name="Angle" value="-3.71359"/>
      <Property name="Filename" value="/Objects/pipe_straight_long.hs"/>
    </Properties>
  </Object>
  <Object name="Object26">
    <AbsoluteLocation value="16.823246 11.580626"/>
    <Properties>
      <Property name="Angle" value="-2.07891"/>
      <Property name="Filename" value="/Objects/pipe_straight_long.hs"/>
    </Properties>
  </Object>
  <Object name="Object28">
    <AbsoluteLocation value="2.085875 12.869214"/>
    <Properties>
      <Property name="Angle" value="-177.536"/>
      <Property name="Filename" value="/Objects/pipe_elbow_2.hs"/>
    </Properties>
  </Object>
  <Object name="Object30">
    <AbsoluteLocation value="22.752359 12.005589"/>
    <Properties>
      <Property name="Angle" value="-92.273"/>
      <Property name="Filename" value="/Objects/pipe_elbow_2.hs"/>
    </Properties>
  </Object>
  <Object name="Object31">
    <AbsoluteLocation value="23.430782 14.385850"/>
    <Properties>
      <Property name="Angle" value="88.1307"/>
      <Property name="Filename" value="/Objects/pipe_connector_end.hs"/>
    </Properties>
  </Object>
  <Object name="Ducky3">
    <AbsoluteLocation value="24.681009 1.246517"/>
    <Properties>
      <Property name="Angle" value="0"/>
      <Property name="Filename" value="/Objects/star_poison.hs"/>
      <Property name="Type" value="star"/>
    </Properties>
  </Object>
  <Object name="Object32">
    <AbsoluteLocation value="22.120001 -27.400000"/>
    <Properties>
      <Property name="Angle" value="90"/>
      <Property name="Filename" value="/Objects/path_locking_end_right.hs"/>
    </Properties>
  </Object>
  <Object name="Object33">
    <AbsoluteLocation value="22.120001 -32.200001"/>
    <Properties>
      <Property name="Angle" value="0"/>
      <Property name="Filename" value="/Objects/path_vertical_locking_mid.hs"/>
    </Properties>
  </Object>
  <Object name="Object34">
    <AbsoluteLocation value="20.439749 -37.584011"/>
    <Properties>
      <Property name="Angle" value="90"/>
      <Property name="Filename" value="/Objects/path_locking_elbow_6.hs"/>
    </Properties>
  </Object>
  <Object name="Object35">
    <AbsoluteLocation value="13.994669 -39.216198"/>
    <Properties>
      <Property name="Angle" value="270"/>
      <Property name="Filename" value="/Objects/path_vertical_locking_mid.hs"/>
    </Properties>
  </Object>
  <Object name="Object36">
    <AbsoluteLocation value="9.066399 -39.216198"/>
    <Properties>
      <Property name="Angle" value="270"/>
      <Property name="Filename" value="/Objects/path_vertical_locking_mid.hs"/>
    </Properties>
  </Object>
  <Object name="Object37">
    <AbsoluteLocation value="-0.787739 -39.216198"/>
    <Properties>
      <Property name="Angle" value="270"/>
      <Property name="Filename" value="/Objects/path_vertical_locking_mid.hs"/>
    </Properties>
  </Object>
  <Object name="Object38">
    <AbsoluteLocation value="4.140532 -39.216198"/>
    <Properties>
      <Property name="Angle" value="270"/>
      <Property name="Filename" value="/Objects/path_vertical_locking_mid.hs"/>
    </Properties>
  </Object>
  <Object name="Object39">
    <AbsoluteLocation value="-5.734217 -39.216198"/>
    <Properties>
      <Property name="Angle" value="270"/>
      <Property name="Filename" value="/Objects/path_vertical_locking_mid.hs"/>
    </Properties>
  </Object>
  <Object name="Switch6">
    <AbsoluteLocation value="2.150964 8.086386"/>
    <Properties>
      <Property name="Angle" value="-179.561"/>
      <Property name="ConnectedObject0" value="Object58"/>
      <Property name="Filename" value="/Objects/switch.hs"/>
      <Property name="Type" value="switch"/>
    </Properties>
  </Object>
  <Object name="Spout43">
    <AbsoluteLocation value="-13.637781 3.626762"/>
    <Properties>
      <Property name="Angle" value="-179.36"/>
      <Property name="ConnectedSpout0" value="Spout17"/>
      <Property name="ConnectedSpoutProbability0" value="1"/>
      <Property name="Filename" value="/Objects/basic_drain.hs"/>
      <Property name="Type" value="spout"/>
    </Properties>
  </Object>
  <Object name="Object47">
    <AbsoluteLocation value="-32.730675 17.133995"/>
    <Properties>
      <Property name="Angle" value="-179.164"/>
      <Property name="Filename" value="/Objects/pipe_into_wall_2.hs"/>
    </Properties>
  </Object>
  <Object name="Object46">
    <AbsoluteLocation value="-25.533518 7.952282"/>
    <Properties>
      <Property name="Angle" value="-181.371"/>
      <Property name="Filename" value="/Objects/pipe_into_wall_2.hs"/>
    </Properties>
  </Object>
  <Object name="Spout17">
    <AbsoluteLocation value="-28.246283 17.200216"/>
    <Properties>
      <Property name="Angle" value="3.41223"/>
      <Property name="Filename" value="/Objects/shower_head.hs"/>
      <Property name="FluidType" value="Water"/>
      <Property name="NumberParticles" value="0"/>
      <Property name="ParticleSpeed" value="35"/>
      <Property name="ParticlesPerSecond" value="8"/>
      <Property name="Type" value="spout"/>
    </Properties>
  </Object>
  <Object name="Object14">
    <AbsoluteLocation value="22.140146 -25.929157"/>
    <Properties>
      <Property name="Angle" value="0"/>
      <Property name="Filename" value="/Objects/wall_8x8_locking.hs"/>
      <Property name="PathPos0" value="0 0"/>
      <Property name="PathPos1" value="0 -16"/>
      <Property name="PathPos2" value="-45 -16"/>
      <Property name="PathPos3" value="-45 -5"/>
    </Properties>
  </Object>
  <Object name="Object49">
    <AbsoluteLocation value="-12.235203 -37.551949"/>
    <Properties>
      <Property name="Angle" value="0"/>
      <Property name="Filename" value="/Objects/path_locking_elbow_3.hs"/>
    </Properties>
  </Object>
  <Object name="Object51">
    <AbsoluteLocation value="-13.921951 -31.633987"/>
    <Properties>
      <Property name="Angle" value="0"/>
      <Property name="Filename" value="/Objects/path_vertical_locking_end_top.hs"/>
    </Properties>
  </Object>
  <Object name="Object53">
    <AbsoluteLocation value="-30.002993 -2.206902"/>
    <Properties>
      <Property name="Angle" value="89.7262"/>
      <Property name="Filename" value="/Objects/pipe_straight_long.hs"/>
    </Properties>
  </Object>
  <Object name="Object54">
    <AbsoluteLocation value="-30.067005 -11.629493"/>
    <Properties>
      <Property name="Angle" value="89.7262"/>
      <Property name="Filename" value="/Objects/pipe_straight_long.hs"/>
    </Properties>
  </Object>
  <Object name="Object56">
    <AbsoluteLocation value="-29.029068 -16.188141"/>
    <Properties>
      <Property name="Angle" value="0"/>
      <Property name="Filename" value="/Objects/pipe_connector_90.hs"/>
    </Properties>
  </Object>
  <Object name="Spout55">
    <AbsoluteLocation value="-24.968769 -21.577209"/>
    <Properties>
      <Property name="Angle" value="-97.7338"/>
      <Property name="Filename" value="/Objects/shower_head.hs"/>
      <Property name="FluidType" value="Water"/>
      <Property name="NumberParticles" value="0"/>
      <Property name="Type" value="spout"/>
    </Properties>
  </Object>
  <Object name="Object55">
    <AbsoluteLocation value="-28.166809 12.340894"/>
    <Properties>
      <Property name="Angle" value="80.3635"/>
      <Property name="Filename" value="/Objects/pipe_bend_2.hs"/>
    </Properties>
  </Object>
  <Object name="Spout45">
    <AbsoluteLocation value="-25.380880 13.484884"/>
    <Properties>
      <Property name="Angle" value="-436.509"/>
      <Property name="ConnectedSpout0" value="Spout55"/>
      <Property name="ConnectedSpoutProbability0" value="1"/>
      <Property name="Filename" value="/Objects/basic_drain.hs"/>
      <Property name="Type" value="spout"/>
    </Properties>
  </Object>
  <Object name="Object58">
    <AbsoluteLocation value="-23.657309 20.670650"/>
    <Properties>
      <Property name="Angle" value="-45.404"/>
      <Property name="Filename" value="/Objects/wall_16x8.hs"/>
      <Property name="MotorMoveSpeed" value="4"/>
      <Property name="MotorTurnSpeed" value="45"/>
      <Property name="PathPos0" value="0 0"/>
      <Property name="PathPos1" value="-4 4"/>
    </Properties>
  </Object>
  <Object name="Object60">
    <AbsoluteLocation value="1.234287 16.731262"/>
    <Properties>
      <Property name="Angle" value="-87.1323"/>
      <Property name="Filename" value="/Objects/pipe_straight.hs"/>
    </Properties>
  </Object>
  <Object name="Spout2">
    <AbsoluteLocation value="1.260598 20.698494"/>
    <Properties>
      <Property name="Angle" value="0.50701"/>
      <Property name="ConnectedSpout0" value="SWAMPY_SPOUT"/>
      <Property name="ConnectedSpoutProbability0" value="1"/>
      <Property name="Filename" value="/Objects/broken_pipe_cranky.hs"/>
      <Property name="Type" value="spout"/>
    </Properties>
  </Object>
  <Object name="Object62">
    <AbsoluteLocation value="-27.884678 24.578743"/>
    <Properties>
      <Property name="Angle" value="-43.9114"/>
      <Property name="Filename" value="/Objects/path_locking_end.hs"/>
    </Properties>
  </Object>
  <Object name="Object63">
    <AbsoluteLocation value="-24.976400 21.733673"/>
    <Properties>
      <Property name="Angle" value="-43.9114"/>
      <Property name="Filename" value="/Objects/path_locking_end_right.hs"/>
    </Properties>
  </Object>
  <Room>
    <AbsoluteLocation value="18.000002 26.799999"/>
  </Room>
</Objects>
