<?xml version="1.0"?>
<Objects>
  <Object name="Object32">
    <AbsoluteLocation value="4.921265 -3.879116"/>
    <Properties>
      <Property name="Angle" value="-213.433"/>
      <Property name="Filename" value="/Objects/pipe_straight.hs"/>
    </Properties>
  </Object>
  <Object name="Obj16">
    <AbsoluteLocation value="6.507431 -5.700966"/>
    <Properties>
      <Property name="Angle" value="-32.7365"/>
      <Property name="Filename" value="/Objects/pipe_elbow_2.hs"/>
    </Properties>
  </Object>
  <Object name="2">
    <AbsoluteLocation value="3.200001 -2.799999"/>
    <Properties>
      <Property name="Angle" value="147.723"/>
      <Property name="Filename" value="/Objects/touch_spout.hs"/>
      <Property name="FluidType" value="Water"/>
      <Property name="ParticleSpeed" value="46"/>
      <Property name="ParticlesPerSecond" value="15"/>
      <Property name="SprinklerSteps" value="3"/>
      <Property name="SprinklerWidth" value="2"/>
      <Property name="Type" value="spout"/>
    </Properties>
  </Object>
  <Object name="Object33">
    <AbsoluteLocation value="-25.203735 -23.160366"/>
    <Properties>
      <Property name="Angle" value="-302.595"/>
      <Property name="Filename" value="/Objects/pipe_straight.hs"/>
    </Properties>
  </Object>
  <Object name="Object31">
    <AbsoluteLocation value="1.863700 -17.103586"/>
    <Properties>
      <Property name="Angle" value="-221.002"/>
      <Property name="Filename" value="/Objects/pipe_straight.hs"/>
    </Properties>
  </Object>
  <Object name="Object28">
    <AbsoluteLocation value="-3.062281 44.185837"/>
    <Properties>
      <Property name="Angle" value="-0.897848"/>
      <Property name="Filename" value="/Objects/pipe_elbow_2.hs"/>
    </Properties>
  </Object>
  <Object name="Object27">
    <AbsoluteLocation value="-27.039091 -24.800150"/>
    <Properties>
      <Property name="Angle" value="-123.222"/>
      <Property name="Filename" value="/Objects/pipe_elbow_2.hs"/>
    </Properties>
  </Object>
  <Object name="Object23">
    <AbsoluteLocation value="3.010350 -18.950666"/>
    <Properties>
      <Property name="Angle" value="-37.6039"/>
      <Property name="Filename" value="/Objects/pipe_elbow_2.hs"/>
    </Properties>
  </Object>
  <Object name="Obj10">
    <AbsoluteLocation value="-25.596647 37.363045"/>
    <Properties>
      <Property name="Angle" value="-89.8112"/>
      <Property name="Filename" value="/Objects/pipe_straight_long.hs"/>
    </Properties>
  </Object>
  <Object name="4">
    <AbsoluteLocation value="-25.386288 31.305336"/>
    <Properties>
      <Property name="Angle" value="-90.013"/>
      <Property name="ExpulsionAngleVariation" value="2"/>
      <Property name="Filename" value="/Objects/touch_spout_sludge.hs"/>
      <Property name="FluidType" value="Lava"/>
      <Property name="OffsetVariation" value="0.5"/>
      <Property name="ParticleSpeed" value="4"/>
      <Property name="ParticlesPerSecond" value="4"/>
      <Property name="Type" value="spout"/>
    </Properties>
  </Object>
  <Object name="5">
    <AbsoluteLocation value="25.483765 -17.785366"/>
    <Properties>
      <Property name="Angle" value="-84.0274"/>
      <Property name="Filename" value="/Objects/pipe_straight.hs"/>
    </Properties>
  </Object>
  <Object name="Obj6">
    <AbsoluteLocation value="25.329643 -19.966492"/>
    <Properties>
      <Property name="Angle" value="-114.168"/>
      <Property name="Filename" value="/Objects/pipe_connector_end.hs"/>
    </Properties>
  </Object>
  <Object name="Star8">
    <AbsoluteLocation value="-4.423090 -34.439934"/>
    <Properties>
      <Property name="Angle" value="0"/>
      <Property name="Filename" value="/Objects/star_poison.hs"/>
      <Property name="Type" value="star"/>
    </Properties>
  </Object>
  <Object name="Star9">
    <AbsoluteLocation value="28.352259 0.987464"/>
    <Properties>
      <Property name="Angle" value="0"/>
      <Property name="Filename" value="/Objects/star_poison.hs"/>
      <Property name="Type" value="star"/>
    </Properties>
  </Object>
  <Object name="Star10">
    <AbsoluteLocation value="-17.159132 -33.916531"/>
    <Properties>
      <Property name="Angle" value="0"/>
      <Property name="Filename" value="/Objects/star_poison.hs"/>
      <Property name="Type" value="star"/>
    </Properties>
  </Object>
  <Object name="Obj11">
    <AbsoluteLocation value="-25.847527 45.090313"/>
    <Properties>
      <Property name="Angle" value="-85.5535"/>
      <Property name="Filename" value="/Objects/pipe_straight.hs"/>
    </Properties>
  </Object>
  <Object name="Obj12">
    <AbsoluteLocation value="-15.145139 45.934982"/>
    <Properties>
      <Property name="Angle" value="-102.628"/>
      <Property name="Filename" value="/Objects/pipe_straight.hs"/>
    </Properties>
  </Object>
  <Object name="Obj13">
    <AbsoluteLocation value="-16.180321 38.292789"/>
    <Properties>
      <Property name="Angle" value="-94.5456"/>
      <Property name="Filename" value="/Objects/pipe_straight_long.hs"/>
    </Properties>
  </Object>
  <Object name="3">
    <AbsoluteLocation value="-16.339630 31.051010"/>
    <Properties>
      <Property name="Angle" value="-88.7216"/>
      <Property name="ExpulsionAngleVariation" value="2"/>
      <Property name="Filename" value="/Objects/touch_spout_murky.hs"/>
      <Property name="FluidType" value="contaminatedwater"/>
      <Property name="OffsetVariation" value="0.75"/>
      <Property name="ParticleSpeed" value="26"/>
      <Property name="Type" value="spout"/>
    </Properties>
  </Object>
  <Object name="Obj14">
    <AbsoluteLocation value="5.685463 -8.137497"/>
    <Properties>
      <Property name="Angle" value="-123.359"/>
      <Property name="Filename" value="/Objects/pipe_into_wall_2.hs"/>
    </Properties>
  </Object>
  <Object name="Spout11">
    <AbsoluteLocation value="24.849863 -14.575937"/>
    <Properties>
      <Property name="Angle" value="24.5676"/>
      <Property name="ConnectedSpout0" value="SWAMPY_SPOUT"/>
      <Property name="ConnectedSpoutProbability0" value="1"/>
      <Property name="Filename" value="/Objects/broken_pipe_cranky.hs"/>
      <Property name="Type" value="spout"/>
    </Properties>
  </Object>
  <Object name="Spout21">
    <AbsoluteLocation value="-1.503444 39.332069"/>
    <Properties>
      <Property name="Angle" value="285.953"/>
      <Property name="Filename" value="/Objects/touch_spout.hs"/>
      <Property name="FluidType" value="Water"/>
      <Property name="Type" value="spout"/>
    </Properties>
  </Object>
  <Object name="Object22">
    <AbsoluteLocation value="1.868071 -21.421549"/>
    <Properties>
      <Property name="Angle" value="-127.443"/>
      <Property name="Filename" value="/Objects/pipe_into_wall_2.hs"/>
    </Properties>
  </Object>
  <Object name="Object26">
    <AbsoluteLocation value="-29.468565 -23.957563"/>
    <Properties>
      <Property name="Angle" value="-213.845"/>
      <Property name="Filename" value="/Objects/pipe_into_wall_2.hs"/>
    </Properties>
  </Object>
  <Object name="Object29">
    <AbsoluteLocation value="-5.502667 44.820927"/>
    <Properties>
      <Property name="Angle" value="-177.786"/>
      <Property name="Filename" value="/Objects/pipe_into_wall_2.hs"/>
    </Properties>
  </Object>
  <Object name="Spout19">
    <AbsoluteLocation value="-0.137860 -14.874349"/>
    <Properties>
      <Property name="Angle" value="132.721"/>
      <Property name="Filename" value="/Objects/touch_spout.hs"/>
      <Property name="FluidType" value="Water"/>
      <Property name="ParticleSpeed" value="46"/>
      <Property name="ParticlesPerSecond" value="15"/>
      <Property name="SprinklerSteps" value="3"/>
      <Property name="SprinklerWidth" value="2"/>
      <Property name="Type" value="spout"/>
    </Properties>
  </Object>
  <Object name="Spout20">
    <AbsoluteLocation value="-23.303898 -20.464087"/>
    <Properties>
      <Property name="Angle" value="63.1474"/>
      <Property name="Filename" value="/Objects/touch_spout.hs"/>
      <Property name="FluidType" value="Water"/>
      <Property name="ParticleSpeed" value="46"/>
      <Property name="ParticlesPerSecond" value="15"/>
      <Property name="SprinklerSteps" value="3"/>
      <Property name="SprinklerWidth" value="2"/>
      <Property name="Type" value="spout"/>
    </Properties>
  </Object>
  <Room>
    <AbsoluteLocation value="17.200003 -30.800003"/>
  </Room>
  <Properties>
    <Property name="ShowTopEdge" value="1"/>
  </Properties>
</Objects>
