<?xml version="1.0"?>
<Objects>
  <Object name="Obj8">
    <AbsoluteLocation value="-0.231251 9.058237"/>
    <Properties>
      <Property name="Angle" value="90"/>
      <Property name="Filename" value="/Objects/pipe_straight.hs"/>
      <Property name="Parent" value="Obj2"/>
    </Properties>
  </Object>
  <Object name="Obj2">
    <AbsoluteLocation value="-0.231251 8.409071"/>
    <Properties>
      <Property name="Angle" value="-90.2383"/>
      <Property name="Filename" value="/Objects/pipe_connector_end.hs"/>
      <Property name="Parent" value="Obj0"/>
    </Properties>
  </Object>
  <Object name="Obj22">
    <AbsoluteLocation value="-30.143833 -41.064934"/>
    <Properties>
      <Property name="Angle" value="44.1569"/>
      <Property name="Filename" value="/Objects/pipe_straight_long.hs"/>
    </Properties>
  </Object>
  <Object name="Obj21">
    <AbsoluteLocation value="29.806826 -40.732826"/>
    <Properties>
      <Property name="Angle" value="144.055"/>
      <Property name="Filename" value="/Objects/pipe_straight_long.hs"/>
    </Properties>
  </Object>
  <Object name="Obj19">
    <AbsoluteLocation value="15.278412 -35.775021"/>
    <Properties>
      <Property name="Angle" value="90.3881"/>
      <Property name="Filename" value="/Objects/pipe_straight_long.hs"/>
    </Properties>
  </Object>
  <Object name="Obj17">
    <AbsoluteLocation value="17.787640 -31.035362"/>
    <Properties>
      <Property name="Angle" value="0.35463"/>
      <Property name="Filename" value="/Objects/pipe_bend_2.hs"/>
    </Properties>
  </Object>
  <Object name="Obj15">
    <AbsoluteLocation value="0.780651 -47.452297"/>
    <Properties>
      <Property name="Angle" value="-89.574"/>
      <Property name="Filename" value="/Objects/pipe_straight_long.hs"/>
    </Properties>
  </Object>
  <Object name="Obj11">
    <AbsoluteLocation value="-18.464546 -30.991806"/>
    <Properties>
      <Property name="Angle" value="30.8493"/>
      <Property name="Filename" value="/Objects/pipe_bend_2.hs"/>
    </Properties>
  </Object>
  <Object name="Obj0">
    <AbsoluteLocation value="-0.231251 5.593754"/>
    <Properties>
      <Property name="Angle" value="0"/>
      <Property name="Filename" value="/Objects/wall_8x8.hs"/>
      <Property name="MotorMoveSpeed" value=".125"/>
      <Property name="MotorOn" value="0"/>
      <Property name="MotorTurnSpeed" value="15"/>
      <Property name="PathIsClosed" value="1"/>
      <Property name="PathPos0" value="0 0"/>
      <Property name="PathPos1" value="0 .25"/>
    </Properties>
  </Object>
  <Object name="Spout2">
    <AbsoluteLocation value="-21.000002 -32.715572"/>
    <Properties>
      <Property name="Angle" value="135"/>
      <Property name="ConnectedSpout0" value="Spout1"/>
      <Property name="ConnectedSpoutProbability0" value="1"/>
      <Property name="Filename" value="/Objects/basic_drain.hs"/>
      <Property name="Type" value="spout"/>
    </Properties>
  </Object>
  <Object name="Spout3">
    <AbsoluteLocation value="19.887453 -32.896461"/>
    <Properties>
      <Property name="Angle" value="-131.175"/>
      <Property name="ConnectedSpout0" value="Spout1"/>
      <Property name="ConnectedSpoutProbability0" value="1"/>
      <Property name="Filename" value="/Objects/basic_drain.hs"/>
      <Property name="Type" value="spout"/>
    </Properties>
  </Object>
  <Object name="Spout4">
    <AbsoluteLocation value="24.221857 -36.440392"/>
    <Properties>
      <Property name="Angle" value="143.105"/>
      <Property name="Filename" value="/Objects/touch_spout.hs"/>
      <Property name="FluidType" value="Water"/>
      <Property name="ParticlesPerSecond" value="15"/>
      <Property name="Type" value="spout"/>
    </Properties>
  </Object>
  <Object name="Spout5">
    <AbsoluteLocation value="-24.959383 -36.159157"/>
    <Properties>
      <Property name="Angle" value="42.7972"/>
      <Property name="Filename" value="/Objects/touch_spout_sludge.hs"/>
      <Property name="FluidType" value="Lava"/>
      <Property name="ParticlesPerSecond" value="15"/>
      <Property name="Type" value="spout"/>
    </Properties>
  </Object>
  <Object name="Spout1">
    <AbsoluteLocation value="-0.231251 12.858248"/>
    <Properties>
      <Property name="Angle" value="90"/>
      <Property name="ExpulsionAngleVariation" value="5"/>
      <Property name="Filename" value="/Objects/shower_head.hs"/>
      <Property name="FluidType" value="Water"/>
      <Property name="NumberParticles" value="0"/>
      <Property name="Parent" value="Obj8"/>
      <Property name="ParticleSpeed" value="25"/>
      <Property name="ParticlesPerSecond" value="15"/>
      <Property name="Type" value="spout"/>
    </Properties>
  </Object>
  <Object name="Switch10">
    <AbsoluteLocation value="0.799999 -32.000000"/>
    <Properties>
      <Property name="Angle" value="0"/>
      <Property name="ConnectedObject0" value="Obj0"/>
      <Property name="Filename" value="/Objects/switch_momentary.hs"/>
      <Property name="Type" value="switch"/>
    </Properties>
  </Object>
  <Object name="Spout11">
    <AbsoluteLocation value="0.800003 -40.199989"/>
    <Properties>
      <Property name="Angle" value="89.5423"/>
      <Property name="Filename" value="/Objects/touch_spout.hs"/>
      <Property name="FluidType" value="Water"/>
      <Property name="Type" value="spout"/>
    </Properties>
  </Object>
  <Object name="Obj12">
    <AbsoluteLocation value="-16.895481 -31.757826"/>
    <Properties>
      <Property name="Angle" value="-21.6919"/>
      <Property name="Filename" value="/Objects/pipe_bend_2.hs"/>
    </Properties>
  </Object>
  <Object name="Obj13">
    <AbsoluteLocation value="-16.616665 -36.887783"/>
    <Properties>
      <Property name="Angle" value="-90.0942"/>
      <Property name="Filename" value="/Objects/pipe_straight_long.hs"/>
    </Properties>
  </Object>
  <Object name="Obj14">
    <AbsoluteLocation value="-16.616665 -44.720028"/>
    <Properties>
      <Property name="Angle" value="-90.1376"/>
      <Property name="Filename" value="/Objects/pipe_straight_long.hs"/>
    </Properties>
  </Object>
  <Object name="Obj16">
    <AbsoluteLocation value="0.836411 -55.872158"/>
    <Properties>
      <Property name="Angle" value="-90.0134"/>
      <Property name="Filename" value="/Objects/pipe_straight_long.hs"/>
    </Properties>
  </Object>
  <Object name="Obj18">
    <AbsoluteLocation value="16.059061 -30.868090"/>
    <Properties>
      <Property name="Angle" value="49.6473"/>
      <Property name="Filename" value="/Objects/pipe_bend_2.hs"/>
    </Properties>
  </Object>
  <Object name="Obj20">
    <AbsoluteLocation value="15.278410 -43.214485"/>
    <Properties>
      <Property name="Angle" value="89.8647"/>
      <Property name="Filename" value="/Objects/pipe_straight_long.hs"/>
    </Properties>
  </Object>
  <Object name="Star24">
    <AbsoluteLocation value="-18.802383 -9.020245"/>
    <Properties>
      <Property name="Angle" value="0"/>
      <Property name="Filename" value="/Objects/star.hs"/>
      <Property name="Type" value="star"/>
    </Properties>
  </Object>
  <Object name="Star25">
    <AbsoluteLocation value="-0.267359 27.264435"/>
    <Properties>
      <Property name="Angle" value="0"/>
      <Property name="Filename" value="/Objects/star.hs"/>
      <Property name="Type" value="star"/>
    </Properties>
  </Object>
  <Object name="Star26">
    <AbsoluteLocation value="18.986002 -9.176074"/>
    <Properties>
      <Property name="Angle" value="0"/>
      <Property name="Filename" value="/Objects/star.hs"/>
      <Property name="Type" value="star"/>
    </Properties>
  </Object>
  <Object name="Obj25">
    <AbsoluteLocation value="-35.665947 -46.398033"/>
    <Properties>
      <Property name="Angle" value="44.1569"/>
      <Property name="Filename" value="/Objects/pipe_straight_long.hs"/>
    </Properties>
  </Object>
  <Object name="Obj26">
    <AbsoluteLocation value="35.901688 -45.208931"/>
    <Properties>
      <Property name="Angle" value="144.055"/>
      <Property name="Filename" value="/Objects/pipe_straight_long.hs"/>
    </Properties>
  </Object>
  <Room>
    <AbsoluteLocation value="-1.000000 -1.000000"/>
  </Room>
  <Properties>
    <Property name="BonusLevel" value="1"/>
    <Property name="BonusTimer" value="75"/>
    <Property name="ShowTopEdge" value="1"/>
  </Properties>
</Objects>
