<?xml version="1.0"?>
<Objects>
  <Object name="Obj19">
    <AbsoluteLocation value="-18.879393 37.246460"/>
    <Properties>
      <Property name="Angle" value="5.16839"/>
      <Property name="Filename" value="/Objects/icicle_large.hs"/>
      <Property name="Type" value="icyhot"/>
    </Properties>
  </Object>
  <Object name="Star6">
    <AbsoluteLocation value="-3.930379 41.822762"/>
    <Properties>
      <Property name="Angle" value="0"/>
      <Property name="Filename" value="/Objects/star.hs"/>
      <Property name="Type" value="star"/>
    </Properties>
  </Object>
  <Object name="Star8">
    <AbsoluteLocation value="-15.875002 -0.753885"/>
    <Properties>
      <Property name="Angle" value="0"/>
      <Property name="Filename" value="/Objects/star.hs"/>
      <Property name="Type" value="star"/>
    </Properties>
  </Object>
  <Object name="Star7">
    <AbsoluteLocation value="21.546108 -6.899630"/>
    <Properties>
      <Property name="Angle" value="0"/>
      <Property name="Filename" value="/Objects/star.hs"/>
      <Property name="Type" value="star"/>
    </Properties>
  </Object>
  <Object name="Obj2">
    <AbsoluteLocation value="6.514976 10.305119"/>
    <Properties>
      <Property name="Angle" value="0"/>
      <Property name="Draggable" value="0"/>
      <Property name="Filename" value="/Objects/wall_24x8_locking_pivot.hs"/>
      <Property name="Parent" value="L_BRACKET"/>
    </Properties>
  </Object>
  <Object name="Obj18">
    <AbsoluteLocation value="25.691969 3.823861"/>
    <Properties>
      <Property name="Angle" value="-89.6905"/>
      <Property name="Draggable" value="0"/>
      <Property name="Filename" value="/Objects/wall_24x8_sliding_updown.hs"/>
      <Property name="Parent" value="L_BRACKET"/>
    </Properties>
  </Object>
  <Object name="L_BRACKET">
    <AbsoluteLocation value="19.263763 10.296337"/>
    <Properties>
      <Property name="Angle" value="-180.222"/>
      <Property name="Filename" value="/Objects/wall_24x8_L_sliding.hs"/>
      <Property name="PinMaxAngle" value="200"/>
      <Property name="PinMinAngle" value="-200"/>
      <Property name="PinOffset" value="-24 0"/>
    </Properties>
  </Object>
  <Object name="Obj13">
    <AbsoluteLocation value="-23.219625 -25.913467"/>
    <Properties>
      <Property name="Angle" value="34.3233"/>
      <Property name="Filename" value="/Objects/pipe_straight.hs"/>
    </Properties>
  </Object>
  <Object name="Obj10">
    <AbsoluteLocation value="0.048573 -42.493774"/>
    <Properties>
      <Property name="Angle" value="-173.307"/>
      <Property name="Filename" value="/Objects/pipe_elbow_2.hs"/>
    </Properties>
  </Object>
  <Object name="Spout4">
    <AbsoluteLocation value="-17.156513 -22.549767"/>
    <Properties>
      <Property name="Angle" value="23.0169"/>
      <Property name="Filename" value="/Objects/touch_spout_steam.hs"/>
      <Property name="FluidType" value="Steam"/>
      <Property name="Type" value="spout"/>
    </Properties>
  </Object>
  <Object name="Spout9">
    <AbsoluteLocation value="-1.021885 -39.667793"/>
    <Properties>
      <Property name="Angle" value="8.46476"/>
      <Property name="ConnectedSpout0" value="SWAMPY_SPOUT"/>
      <Property name="ConnectedSpoutProbability0" value="1"/>
      <Property name="Filename" value="/Objects/broken_pipe.hs"/>
      <Property name="Type" value="spout"/>
    </Properties>
  </Object>
  <Object name="Obj11">
    <AbsoluteLocation value="4.498786 -42.340317"/>
    <Properties>
      <Property name="Angle" value="12.1373"/>
      <Property name="Filename" value="/Objects/pipe_straight.hs"/>
    </Properties>
  </Object>
  <Object name="Obj12">
    <AbsoluteLocation value="6.340255 -41.675343"/>
    <Properties>
      <Property name="Angle" value="19.0348"/>
      <Property name="Filename" value="/Objects/pipe_connector_end.hs"/>
    </Properties>
  </Object>
  <Object name="Obj14">
    <AbsoluteLocation value="-28.353725 -29.161251"/>
    <Properties>
      <Property name="Angle" value="30.2318"/>
      <Property name="Filename" value="/Objects/pipe_straight.hs"/>
    </Properties>
  </Object>
  <Object name="Obj15">
    <AbsoluteLocation value="-29.223911 -36.670212"/>
    <Properties>
      <Property name="Angle" value="113.105"/>
      <Property name="Filename" value="/Objects/pipe_straight.hs"/>
    </Properties>
  </Object>
  <Object name="Obj16">
    <AbsoluteLocation value="-30.490772 -31.292658"/>
    <Properties>
      <Property name="Angle" value="-65.5543"/>
      <Property name="Filename" value="/Objects/pipe_connector_90.hs"/>
    </Properties>
  </Object>
  <Object name="Obj17">
    <AbsoluteLocation value="-27.467468 -42.524445"/>
    <Properties>
      <Property name="Angle" value="100.199"/>
      <Property name="Filename" value="/Objects/pipe_straight.hs"/>
    </Properties>
  </Object>
  <Object name="Obj18">
    <AbsoluteLocation value="-26.485027 -48.672535"/>
    <Properties>
      <Property name="Angle" value="97.6518"/>
      <Property name="Filename" value="/Objects/pipe_straight.hs"/>
    </Properties>
  </Object>
  <Object name="Ducky41">
    <AbsoluteLocation value="-18.189022 -29.244179"/>
    <Properties>
      <Property name="Angle" value="0"/>
      <Property name="Filename" value="/Objects/star_baby.hs"/>
      <Property name="StarType" value="baby"/>
      <Property name="Type" value="star"/>
    </Properties>
  </Object>
  <Object name="Ducky31">
    <AbsoluteLocation value="-26.875000 -12.687500"/>
    <Properties>
      <Property name="Angle" value="0"/>
      <Property name="Filename" value="/Objects/star_baby.hs"/>
      <Property name="StarType" value="baby"/>
      <Property name="Type" value="star"/>
    </Properties>
  </Object>
  <Object name="Ducky30">
    <AbsoluteLocation value="-1.250000 -11.687500"/>
    <Properties>
      <Property name="Angle" value="0"/>
      <Property name="Filename" value="/Objects/star_baby.hs"/>
      <Property name="StarType" value="baby"/>
      <Property name="Type" value="star"/>
    </Properties>
  </Object>
  <Object name="Ducky40">
    <AbsoluteLocation value="21.468750 -7.312500"/>
    <Properties>
      <Property name="Angle" value="0"/>
      <Property name="Filename" value="/Objects/star_baby.hs"/>
      <Property name="StarType" value="baby"/>
      <Property name="Type" value="star"/>
    </Properties>
  </Object>
  <Object name="Ducky39">
    <AbsoluteLocation value="-15.812500 -0.125000"/>
    <Properties>
      <Property name="Angle" value="0"/>
      <Property name="Filename" value="/Objects/star_baby.hs"/>
      <Property name="StarType" value="baby"/>
      <Property name="Type" value="star"/>
    </Properties>
  </Object>
  <Object name="Ducky25">
    <AbsoluteLocation value="-9.718750 17.593750"/>
    <Properties>
      <Property name="Angle" value="0"/>
      <Property name="Filename" value="/Objects/star_baby.hs"/>
      <Property name="StarType" value="baby"/>
      <Property name="Type" value="star"/>
    </Properties>
  </Object>
  <Object name="Ducky23">
    <AbsoluteLocation value="14.437500 18.000000"/>
    <Properties>
      <Property name="Angle" value="0"/>
      <Property name="Filename" value="/Objects/star_baby.hs"/>
      <Property name="StarType" value="baby"/>
      <Property name="Type" value="star"/>
    </Properties>
  </Object>
  <Object name="Ducky21">
    <AbsoluteLocation value="-0.406250 27.312500"/>
    <Properties>
      <Property name="Angle" value="0"/>
      <Property name="Filename" value="/Objects/star_baby.hs"/>
      <Property name="StarType" value="baby"/>
      <Property name="Type" value="star"/>
    </Properties>
  </Object>
  <Object name="Ducky36">
    <AbsoluteLocation value="-5.125000 39.062500"/>
    <Properties>
      <Property name="Angle" value="0"/>
      <Property name="Filename" value="/Objects/star_baby.hs"/>
      <Property name="StarType" value="baby"/>
      <Property name="Type" value="star"/>
    </Properties>
  </Object>
  <Object name="Ducky37">
    <AbsoluteLocation value="22.406250 36.468750"/>
    <Properties>
      <Property name="Angle" value="0"/>
      <Property name="Filename" value="/Objects/star_baby.hs"/>
      <Property name="StarType" value="baby"/>
      <Property name="Type" value="star"/>
    </Properties>
  </Object>
  <Room>
    <AbsoluteLocation value="18.000002 -34.000000"/>
  </Room>
</Objects>
