<?xml version="1.0"?>
<Objects>
  <Object name="Obj16">
    <AbsoluteLocation value="-20.758526 -11.819418"/>
    <Properties>
      <Property name="Angle" value="-185.738"/>
      <Property name="Filename" value="/Objects/pipe_elbow_2.hs"/>
    </Properties>
  </Object>
  <Object name="Obj15">
    <AbsoluteLocation value="-16.536350 -12.979116"/>
    <Properties>
      <Property name="Angle" value="-6.34335"/>
      <Property name="Filename" value="/Objects/pipe_straight.hs"/>
    </Properties>
  </Object>
  <Object name="Obj10">
    <AbsoluteLocation value="-14.043440 8.139177"/>
    <Properties>
      <Property name="Angle" value="90.7593"/>
      <Property name="Filename" value="/Objects/pipe_bend_2.hs"/>
    </Properties>
  </Object>
  <Object name="Star5">
    <AbsoluteLocation value="3.978318 -2.354792"/>
    <Properties>
      <Property name="Angle" value="0"/>
      <Property name="Filename" value="/Objects/star.hs"/>
      <Property name="Type" value="star"/>
    </Properties>
  </Object>
  <Object name="Star6">
    <AbsoluteLocation value="6.500137 -31.290442"/>
    <Properties>
      <Property name="Angle" value="0"/>
      <Property name="Filename" value="/Objects/star.hs"/>
      <Property name="Type" value="star"/>
    </Properties>
  </Object>
  <Object name="Star7">
    <AbsoluteLocation value="-21.466972 -3.525993"/>
    <Properties>
      <Property name="Angle" value="0"/>
      <Property name="Filename" value="/Objects/star.hs"/>
      <Property name="Type" value="star"/>
    </Properties>
  </Object>
  <Object name="Obj9">
    <AbsoluteLocation value="17.603943 36.960514"/>
    <Properties>
      <Property name="Angle" value="-0.779232"/>
      <Property name="Filename" value="/Objects/icicle_small.hs"/>
      <Property name="Type" value="icyhot"/>
    </Properties>
  </Object>
  <Object name="Obj6">
    <AbsoluteLocation value="17.062168 6.492205"/>
    <Properties>
      <Property name="Angle" value="-17.5721"/>
      <Property name="Filename" value="/Objects/wall_24x8.hs"/>
      <Property name="MotorMoveSpeed" value="12"/>
      <Property name="PathPos0" value="0 0"/>
      <Property name="PathPos1" value="-20 8"/>
    </Properties>
  </Object>
  <Object name="Switch13">
    <AbsoluteLocation value="14.547234 24.150339"/>
    <Properties>
      <Property name="Angle" value="-42.7103"/>
      <Property name="ConnectedObject0" value="Obj6"/>
      <Property name="Filename" value="/Objects/switch.hs"/>
      <Property name="Type" value="switch"/>
    </Properties>
  </Object>
  <Object name="Spout9">
    <AbsoluteLocation value="-21.364553 -8.417240"/>
    <Properties>
      <Property name="Angle" value="0"/>
      <Property name="ConnectedSpout0" value="Spout10"/>
      <Property name="ConnectedSpoutProbability0" value="1"/>
      <Property name="Filename" value="/Objects/basic_drain.hs"/>
      <Property name="Type" value="spout"/>
    </Properties>
  </Object>
  <Object name="Spout10">
    <AbsoluteLocation value="-11.669371 9.582224"/>
    <Properties>
      <Property name="Angle" value="16.178"/>
      <Property name="Filename" value="/Objects/shower_head.hs"/>
      <Property name="FluidType" value="Water"/>
      <Property name="NumberParticles" value="0"/>
      <Property name="ParticleSpeed" value="13"/>
      <Property name="ParticlesPerSecond" value="3"/>
      <Property name="Type" value="spout"/>
    </Properties>
  </Object>
  <Object name="Obj11">
    <AbsoluteLocation value="-14.017891 4.401798"/>
    <Properties>
      <Property name="Angle" value="95.0466"/>
      <Property name="Filename" value="/Objects/pipe_straight.hs"/>
    </Properties>
  </Object>
  <Object name="Obj12">
    <AbsoluteLocation value="-13.522454 -1.626515"/>
    <Properties>
      <Property name="Angle" value="94.2606"/>
      <Property name="Filename" value="/Objects/pipe_straight.hs"/>
    </Properties>
  </Object>
  <Object name="Obj13">
    <AbsoluteLocation value="-13.133368 -7.971429"/>
    <Properties>
      <Property name="Angle" value="92.8704"/>
      <Property name="Filename" value="/Objects/pipe_straight.hs"/>
    </Properties>
  </Object>
  <Object name="Obj14">
    <AbsoluteLocation value="-14.168894 -12.058939"/>
    <Properties>
      <Property name="Angle" value="90.7693"/>
      <Property name="Filename" value="/Objects/pipe_connector_90.hs"/>
    </Properties>
  </Object>
  <Object name="Obj20">
    <AbsoluteLocation value="-0.957138 -38.154037"/>
    <Properties>
      <Property name="Angle" value="-18.5734"/>
      <Property name="Filename" value="/Objects/pipe_straight.hs"/>
    </Properties>
  </Object>
  <Object name="Obj21">
    <AbsoluteLocation value="-3.698355 -37.216473"/>
    <Properties>
      <Property name="Angle" value="159.696"/>
      <Property name="Filename" value="/Objects/pipe_connector_end.hs"/>
    </Properties>
  </Object>
  <Object name="Obj22">
    <AbsoluteLocation value="-1.674148 13.526643"/>
    <Properties>
      <Property name="Angle" value="-20.7617"/>
      <Property name="Filename" value="/Objects/path_locking_end.hs"/>
    </Properties>
  </Object>
  <Object name="Obj23">
    <AbsoluteLocation value="16.605141 6.596951"/>
    <Properties>
      <Property name="Angle" value="-20.7617"/>
      <Property name="Filename" value="/Objects/path_locking_end_right.hs"/>
    </Properties>
  </Object>
  <Object name="Obj24">
    <AbsoluteLocation value="2.895676 11.794219"/>
    <Properties>
      <Property name="Angle" value="-20.7617"/>
      <Property name="Filename" value="/Objects/path_locking_mid.hs"/>
    </Properties>
  </Object>
  <Object name="Obj25">
    <AbsoluteLocation value="7.465499 10.061796"/>
    <Properties>
      <Property name="Angle" value="-20.7617"/>
      <Property name="Filename" value="/Objects/path_locking_mid.hs"/>
    </Properties>
  </Object>
  <Object name="Obj26">
    <AbsoluteLocation value="12.035336 8.329373"/>
    <Properties>
      <Property name="Angle" value="-20.7617"/>
      <Property name="Filename" value="/Objects/path_locking_mid.hs"/>
    </Properties>
  </Object>
  <Object name="Obj27">
    <AbsoluteLocation value="2.936820 -39.779743"/>
    <Properties>
      <Property name="Angle" value="-18.7413"/>
      <Property name="Filename" value="/Objects/pipe_bend_2.hs"/>
    </Properties>
  </Object>
  <Object name="Obj28">
    <AbsoluteLocation value="3.748224 -41.163914"/>
    <Properties>
      <Property name="Angle" value="-198.889"/>
      <Property name="Filename" value="/Objects/pipe_bend_1.hs"/>
    </Properties>
  </Object>
  <Object name="Obj27">
    <AbsoluteLocation value="8.998505 -42.929909"/>
    <Properties>
      <Property name="Angle" value="-14.4618"/>
      <Property name="Filename" value="/Objects/pipe_straight_long.hs"/>
    </Properties>
  </Object>
  <Object name="Obj17">
    <AbsoluteLocation value="13.851974 -43.503670"/>
    <Properties>
      <Property name="Angle" value="-103.801"/>
      <Property name="Filename" value="/Objects/pipe_elbow_2.hs"/>
    </Properties>
  </Object>
  <Object name="Spout8">
    <AbsoluteLocation value="15.065256 -41.349186"/>
    <Properties>
      <Property name="Angle" value="-13.3802"/>
      <Property name="ConnectedSpout0" value="SWAMPY_SPOUT"/>
      <Property name="ConnectedSpoutProbability0" value="1"/>
      <Property name="Filename" value="/Objects/broken_pipe.hs"/>
      <Property name="Type" value="spout"/>
    </Properties>
  </Object>
  <Object name="Ducky29">
    <AbsoluteLocation value="13.383812 -10.737705"/>
    <Properties>
      <Property name="Angle" value="0"/>
      <Property name="Filename" value="/Objects/star_mega.hs"/>
      <Property name="StarType" value="mega"/>
      <Property name="Type" value="star"/>
    </Properties>
  </Object>
  <Room>
    <AbsoluteLocation value="-16.399998 -30.000000"/>
  </Room>
  <Properties>
    <Property name="HeavyIntro" value="1"/>
  </Properties>
</Objects>
