<?xml version="1.0"?>
<Objects>
  <Object name="Object37">
    <AbsoluteLocation value="-8.202534 39.859806"/>
    <Properties>
      <Property name="Angle" value="-11.951"/>
      <Property name="Filename" value="/Objects/pipe_straight_long.hs"/>
    </Properties>
  </Object>
  <Object name="Object38">
    <AbsoluteLocation value="-12.657209 40.070641"/>
    <Properties>
      <Property name="Angle" value="79.5146"/>
      <Property name="Filename" value="/Objects/pipe_elbow_1.hs"/>
    </Properties>
  </Object>
  <Object name="Object36">
    <AbsoluteLocation value="-7.718750 -19.000000"/>
    <Properties>
      <Property name="Angle" value="1.9266"/>
      <Property name="Filename" value="/Objects/pipe_straight_short.hs"/>
    </Properties>
  </Object>
  <Object name="Object35">
    <AbsoluteLocation value="-7.500000 -5.343750"/>
    <Properties>
      <Property name="Angle" value="0"/>
      <Property name="Filename" value="/Objects/pipe_straight_short.hs"/>
    </Properties>
  </Object>
  <Object name="Object31">
    <AbsoluteLocation value="-11.125000 -4.812500"/>
    <Properties>
      <Property name="Angle" value="-90.9779"/>
      <Property name="Filename" value="/Objects/pipe_straight_long.hs"/>
    </Properties>
  </Object>
  <Object name="Object14">
    <AbsoluteLocation value="-24.750000 11.437500"/>
    <Properties>
      <Property name="Angle" value="0"/>
      <Property name="Filename" value="/Objects/pipe_straight.hs"/>
    </Properties>
  </Object>
  <Object name="Object27">
    <AbsoluteLocation value="-14.218750 10.468750"/>
    <Properties>
      <Property name="Angle" value="87.2744"/>
      <Property name="Filename" value="/Objects/pipe_elbow_1.hs"/>
    </Properties>
  </Object>
  <Object name="Object22">
    <AbsoluteLocation value="-18.031250 -38.406250"/>
    <Properties>
      <Property name="Angle" value="0"/>
      <Property name="Filename" value="/Objects/pipe_straight.hs"/>
    </Properties>
  </Object>
  <Object name="Object21">
    <AbsoluteLocation value="-20.656250 -37.750000"/>
    <Properties>
      <Property name="Angle" value="-179.264"/>
      <Property name="Filename" value="/Objects/pipe_elbow_2.hs"/>
    </Properties>
  </Object>
  <Object name="Object20">
    <AbsoluteLocation value="-14.718750 -37.781250"/>
    <Properties>
      <Property name="Angle" value="-91.1773"/>
      <Property name="Filename" value="/Objects/pipe_elbow_2.hs"/>
    </Properties>
  </Object>
  <Object name="Object16">
    <AbsoluteLocation value="-27.781250 10.718750"/>
    <Properties>
      <Property name="Angle" value="91.1471"/>
      <Property name="Filename" value="/Objects/pipe_elbow_1.hs"/>
    </Properties>
  </Object>
  <Object name="Object15">
    <AbsoluteLocation value="-22.031250 10.781250"/>
    <Properties>
      <Property name="Angle" value="2.10763"/>
      <Property name="Filename" value="/Objects/pipe_elbow_1.hs"/>
    </Properties>
  </Object>
  <Object name="Spout2">
    <AbsoluteLocation value="-13.687500 37.125000"/>
    <Properties>
      <Property name="Angle" value="-178.309"/>
      <Property name="ConnectedSpout0" value="SWAMPY_SPOUT"/>
      <Property name="ConnectedSpoutProbability0" value="1"/>
      <Property name="Filename" value="/Objects/broken_pipe_allie.hs"/>
      <Property name="Type" value="spout"/>
    </Properties>
  </Object>
  <Object name="Spout3">
    <AbsoluteLocation value="-4.968750 -5.437500"/>
    <Properties>
      <Property name="Angle" value="0"/>
      <Property name="Filename" value="/Objects/shower_head.hs"/>
      <Property name="FluidType" value="Water"/>
      <Property name="NumberParticles" value="0"/>
      <Property name="ParticleSpeed" value="40"/>
      <Property name="Type" value="spout"/>
    </Properties>
  </Object>
  <Object name="Spout4">
    <AbsoluteLocation value="-5.281250 -19.093750"/>
    <Properties>
      <Property name="Angle" value="0"/>
      <Property name="Filename" value="/Objects/shower_head.hs"/>
      <Property name="FluidType" value="Water"/>
      <Property name="NumberParticles" value="0"/>
      <Property name="ParticleSpeed" value="40"/>
      <Property name="Type" value="spout"/>
    </Properties>
  </Object>
  <Object name="Spout6">
    <AbsoluteLocation value="-21.468750 7.500000"/>
    <Properties>
      <Property name="Angle" value="-90.3209"/>
      <Property name="Filename" value="/Objects/shower_head.hs"/>
      <Property name="FluidType" value="Water"/>
      <Property name="NumberParticles" value="0"/>
      <Property name="ParticleSpeed" value="40"/>
      <Property name="Type" value="spout"/>
    </Properties>
  </Object>
  <Object name="Spout7">
    <AbsoluteLocation value="-13.906250 -34.656250"/>
    <Properties>
      <Property name="Angle" value="91.0092"/>
      <Property name="Filename" value="/Objects/shower_head.hs"/>
      <Property name="FluidType" value="Water"/>
      <Property name="NumberParticles" value="0"/>
      <Property name="ParticleSpeed" value="40"/>
      <Property name="Type" value="spout"/>
    </Properties>
  </Object>
  <Object name="Spout8">
    <AbsoluteLocation value="-28.406250 7.968750"/>
    <Properties>
      <Property name="Angle" value="-179.794"/>
      <Property name="ConnectedSpout0" value="Spout6"/>
      <Property name="ConnectedSpoutProbability0" value="1"/>
      <Property name="Filename" value="/Objects/basic_drain.hs"/>
      <Property name="Type" value="spout"/>
    </Properties>
  </Object>
  <Object name="Spout9">
    <AbsoluteLocation value="-14.843750 7.718750"/>
    <Properties>
      <Property name="Angle" value="-179.794"/>
      <Property name="ConnectedSpout0" value="Spout3"/>
      <Property name="ConnectedSpout1" value="Spout4"/>
      <Property name="ConnectedSpoutProbability0" value="0.5"/>
      <Property name="ConnectedSpoutProbability1" value="0.5"/>
      <Property name="Filename" value="/Objects/basic_drain.hs"/>
      <Property name="Type" value="spout"/>
    </Properties>
  </Object>
  <Object name="Spout10">
    <AbsoluteLocation value="-21.343750 -34.906250"/>
    <Properties>
      <Property name="Angle" value="-360.544"/>
      <Property name="ConnectedSpout0" value="Spout7"/>
      <Property name="ConnectedSpoutProbability0" value="1"/>
      <Property name="Filename" value="/Objects/basic_drain.hs"/>
      <Property name="Type" value="spout"/>
    </Properties>
  </Object>
  <Object name="Ducky11">
    <AbsoluteLocation value="14.718750 -19.875000"/>
    <Properties>
      <Property name="Angle" value="0"/>
      <Property name="Filename" value="/Objects/star_steam_allie.hs"/>
      <Property name="StarType" value="allie"/>
      <Property name="Type" value="star"/>
    </Properties>
  </Object>
  <Object name="Ducky12">
    <AbsoluteLocation value="3.718750 18.500000"/>
    <Properties>
      <Property name="Angle" value="0"/>
      <Property name="Filename" value="/Objects/star_steam_allie.hs"/>
      <Property name="StarType" value="allie"/>
      <Property name="Type" value="star"/>
    </Properties>
  </Object>
  <Object name="Ducky13">
    <AbsoluteLocation value="10.468750 -37.562500"/>
    <Properties>
      <Property name="Angle" value="0"/>
      <Property name="Filename" value="/Objects/star_steam_allie.hs"/>
      <Property name="StarType" value="allie"/>
      <Property name="Type" value="star"/>
    </Properties>
  </Object>
  <Object name="Object24">
    <AbsoluteLocation value="-29.000000 -38.125000"/>
    <Properties>
      <Property name="Angle" value="-91.1773"/>
      <Property name="Filename" value="/Objects/pipe_elbow_2.hs"/>
    </Properties>
  </Object>
  <Object name="Spout5">
    <AbsoluteLocation value="-28.093750 -35.000000"/>
    <Properties>
      <Property name="Angle" value="89.5944"/>
      <Property name="Filename" value="/Objects/shower_head.hs"/>
      <Property name="FluidType" value="Water"/>
      <Property name="NumberParticles" value="70"/>
      <Property name="ParticleSpeed" value="40"/>
      <Property name="Type" value="spout"/>
    </Properties>
  </Object>
  <Object name="Object26">
    <AbsoluteLocation value="-34.968750 -38.343750"/>
    <Properties>
      <Property name="Angle" value="-5.50399"/>
      <Property name="Filename" value="/Objects/pipe_straight_long.hs"/>
    </Properties>
  </Object>
  <Object name="Object29">
    <AbsoluteLocation value="-11.531250 10.406250"/>
    <Properties>
      <Property name="Angle" value="0.203554"/>
      <Property name="Filename" value="/Objects/pipe_elbow_1.hs"/>
    </Properties>
  </Object>
  <Object name="Object30">
    <AbsoluteLocation value="-10.906250 4.343750"/>
    <Properties>
      <Property name="Angle" value="-91.1842"/>
      <Property name="Filename" value="/Objects/pipe_straight_long.hs"/>
    </Properties>
  </Object>
  <Object name="Object32">
    <AbsoluteLocation value="-11.250000 -13.968750"/>
    <Properties>
      <Property name="Angle" value="-90.4709"/>
      <Property name="Filename" value="/Objects/pipe_straight_long.hs"/>
    </Properties>
  </Object>
  <Object name="Object33">
    <AbsoluteLocation value="-10.218750 -5.156250"/>
    <Properties>
      <Property name="Angle" value="-92.4925"/>
      <Property name="Filename" value="/Objects/pipe_t_joint.hs"/>
    </Properties>
  </Object>
  <Object name="Object34">
    <AbsoluteLocation value="-10.593750 -17.625000"/>
    <Properties>
      <Property name="Angle" value="-8.55157"/>
      <Property name="Filename" value="/Objects/pipe_connector_90.hs"/>
    </Properties>
  </Object>
  <Object name="Object39">
    <AbsoluteLocation value="0.109742 37.663303"/>
    <Properties>
      <Property name="Angle" value="-17.5946"/>
      <Property name="Filename" value="/Objects/pipe_straight_long.hs"/>
    </Properties>
  </Object>
  <Object name="Object40">
    <AbsoluteLocation value="2.718750 37.125000"/>
    <Properties>
      <Property name="Angle" value="69.9717"/>
      <Property name="Filename" value="/Objects/pipe_spout_base.hs"/>
    </Properties>
  </Object>
  <Room>
    <AbsoluteLocation value="16.000002 31.999998"/>
  </Room>
</Objects>
