<?xml version="1.0"?>
<Objects>
  <Object name="Obj22">
    <AbsoluteLocation value="2.145926 -26.276825"/>
    <Properties>
      <Property name="Angle" value="3.26674"/>
      <Property name="Filename" value="/Objects/pipe_straight.hs"/>
    </Properties>
  </Object>
  <Object name="Obj17">
    <AbsoluteLocation value="9.389717 12.209360"/>
    <Properties>
      <Property name="Angle" value="90.307"/>
      <Property name="Filename" value="/Objects/pipe_straight.hs"/>
    </Properties>
  </Object>
  <Object name="Obj14">
    <AbsoluteLocation value="13.960181 -40.186073"/>
    <Properties>
      <Property name="Angle" value="-11.4606"/>
      <Property name="Filename" value="/Objects/pipe_straight.hs"/>
    </Properties>
  </Object>
  <Object name="Obj12">
    <AbsoluteLocation value="18.102680 -33.069225"/>
    <Properties>
      <Property name="Angle" value="92.6243"/>
      <Property name="Filename" value="/Objects/pipe_straight_long.hs"/>
    </Properties>
  </Object>
  <Object name="Obj7">
    <AbsoluteLocation value="4.935327 1.611955"/>
    <Properties>
      <Property name="Angle" value="360.154"/>
      <Property name="Filename" value="/Objects/pipe_straight.hs"/>
    </Properties>
  </Object>
  <Object name="Obj6">
    <AbsoluteLocation value="9.475780 6.291372"/>
    <Properties>
      <Property name="Angle" value="89.3344"/>
      <Property name="Filename" value="/Objects/pipe_straight.hs"/>
    </Properties>
  </Object>
  <Object name="Spout2">
    <AbsoluteLocation value="9.289633 16.398987"/>
    <Properties>
      <Property name="Angle" value="2.24948"/>
      <Property name="ConnectedSpout0" value="Spout4"/>
      <Property name="ConnectedSpoutProbability0" value="1"/>
      <Property name="Filename" value="/Objects/basic_drain.hs"/>
      <Property name="Type" value="spout"/>
    </Properties>
  </Object>
  <Object name="Obj5">
    <AbsoluteLocation value="8.164280 2.577664"/>
    <Properties>
      <Property name="Angle" value="87.6884"/>
      <Property name="Filename" value="/Objects/pipe_connector_90.hs"/>
    </Properties>
  </Object>
  <Object name="Spout4">
    <AbsoluteLocation value="1.695277 1.812193"/>
    <Properties>
      <Property name="Angle" value="-180.182"/>
      <Property name="ConnectedConverter" value="FluidConverter3"/>
      <Property name="Filename" value="/Objects/shower_head.hs"/>
      <Property name="FluidType" value="Water"/>
      <Property name="NumberParticles" value="0"/>
      <Property name="ParticleSpeed" value="52"/>
      <Property name="Type" value="spout"/>
    </Properties>
  </Object>
  <Object name="Spout5">
    <AbsoluteLocation value="17.989439 -26.899759"/>
    <Properties>
      <Property name="Angle" value="0"/>
      <Property name="ConnectedSpout0" value="SWAMPY_SPOUT"/>
      <Property name="ConnectedSpoutProbability0" value="1"/>
      <Property name="Filename" value="/Objects/broken_pipe.hs"/>
      <Property name="Type" value="spout"/>
    </Properties>
  </Object>
  <Object name="Star10">
    <AbsoluteLocation value="-25.558561 20.492224"/>
    <Properties>
      <Property name="Angle" value="0"/>
      <Property name="Filename" value="/Objects/star.hs"/>
      <Property name="Type" value="star"/>
    </Properties>
  </Object>
  <Object name="Star11">
    <AbsoluteLocation value="-7.687304 1.730492"/>
    <Properties>
      <Property name="Angle" value="0"/>
      <Property name="Filename" value="/Objects/star.hs"/>
      <Property name="Type" value="star"/>
    </Properties>
  </Object>
  <Object name="Star12">
    <AbsoluteLocation value="-4.969607 14.559421"/>
    <Properties>
      <Property name="Angle" value="0"/>
      <Property name="Filename" value="/Objects/star.hs"/>
      <Property name="Type" value="star"/>
    </Properties>
  </Object>
  <Object name="Obj13">
    <AbsoluteLocation value="17.127031 -39.174965"/>
    <Properties>
      <Property name="Angle" value="90.6567"/>
      <Property name="Filename" value="/Objects/pipe_connector_90.hs"/>
    </Properties>
  </Object>
  <Object name="Obj16">
    <AbsoluteLocation value="6.978925 -29.765673"/>
    <Properties>
      <Property name="Angle" value="-81.418"/>
      <Property name="Filename" value="/Objects/pipe_straight.hs"/>
    </Properties>
  </Object>
  <Object name="Obj17">
    <AbsoluteLocation value="0.209725 -26.490759"/>
    <Properties>
      <Property name="Angle" value="-168.337"/>
      <Property name="Filename" value="/Objects/pipe_connector_end.hs"/>
    </Properties>
  </Object>
  <Object name="Obj18">
    <AbsoluteLocation value="9.421481 13.090219"/>
    <Properties>
      <Property name="Angle" value="0"/>
      <Property name="Filename" value="/Objects/pipe_spout_base.hs"/>
    </Properties>
  </Object>
  <Object name="Obj19">
    <AbsoluteLocation value="9.484005 6.527143"/>
    <Properties>
      <Property name="Angle" value="-181.058"/>
      <Property name="Filename" value="/Objects/pipe_spout_base.hs"/>
    </Properties>
  </Object>
  <Object name="FluidConverter3">
    <AbsoluteLocation value="9.392813 9.823523"/>
    <Properties>
      <Property name="Angle" value="0.125683"/>
      <Property name="Filename" value="/Objects/converter_static_water.hs"/>
      <Property name="FluidType" value="water"/>
      <Property name="Type" value="fluidconverter"/>
    </Properties>
  </Object>
  <Object name="Obj20">
    <AbsoluteLocation value="10.025098 -38.986485"/>
    <Properties>
      <Property name="Angle" value="-193.935"/>
      <Property name="Filename" value="/Objects/pipe_bend_1.hs"/>
    </Properties>
  </Object>
  <Object name="Obj15">
    <AbsoluteLocation value="8.571355 -35.653572"/>
    <Properties>
      <Property name="Angle" value="-68.953"/>
      <Property name="Filename" value="/Objects/pipe_straight.hs"/>
    </Properties>
  </Object>
  <Object name="Obj21">
    <AbsoluteLocation value="5.518413 -27.099997"/>
    <Properties>
      <Property name="Angle" value="181.764"/>
      <Property name="Filename" value="/Objects/pipe_connector_90.hs"/>
    </Properties>
  </Object>
  <Object name="Ducky31">
    <AbsoluteLocation value="-26.343750 3.281250"/>
    <Properties>
      <Property name="Angle" value="0"/>
      <Property name="Filename" value="/Objects/star_teleport.hs"/>
      <Property name="StarType" value="teleport"/>
      <Property name="TeleportMoveEase" value="both"/>
      <Property name="TeleportMoveTime" value="1"/>
      <Property name="TeleportWaitTime" value="4"/>
      <Property name="Type" value="star"/>
    </Properties>
  </Object>
  <Object name="Ducky32">
    <AbsoluteLocation value="-15.734375 3.125000"/>
    <Properties>
      <Property name="Angle" value="0"/>
      <Property name="Filename" value="/Objects/star_teleport.hs"/>
      <Property name="StarType" value="teleport"/>
      <Property name="TeleportMoveEase" value="both"/>
      <Property name="TeleportMoveTime" value="2"/>
      <Property name="TeleportWaitTime" value="0.001"/>
      <Property name="Type" value="star"/>
    </Properties>
  </Object>
  <Object name="Ducky33">
    <AbsoluteLocation value="-16.515625 -4.109375"/>
    <Properties>
      <Property name="Angle" value="0"/>
      <Property name="Filename" value="/Objects/star_teleport.hs"/>
      <Property name="StarType" value="teleport"/>
      <Property name="TeleportMoveEase" value="both"/>
      <Property name="TeleportMoveTime" value="1"/>
      <Property name="TeleportWaitTime" value="0.001"/>
      <Property name="Type" value="star"/>
    </Properties>
  </Object>
  <Room>
    <AbsoluteLocation value="-11.599998 -32.400002"/>
  </Room>
</Objects>
