<?xml version="1.0"?>
<Objects>
  <Object name="Object37">
    <AbsoluteLocation value="-25.057194 22.654972"/>
    <Properties>
      <Property name="Angle" value="18.9933"/>
      <Property name="Filename" value="/Objects/pipe_straight_short.hs"/>
    </Properties>
  </Object>
  <Object name="Object31">
    <AbsoluteLocation value="-24.543228 -36.994564"/>
    <Properties>
      <Property name="Angle" value="102.758"/>
      <Property name="Filename" value="/Objects/pipe_elbow_1.hs"/>
    </Properties>
  </Object>
  <Object name="Object30">
    <AbsoluteLocation value="-5.240904 -13.556995"/>
    <Properties>
      <Property name="Angle" value="-68.0564"/>
      <Property name="Filename" value="/Objects/pipe_straight_short.hs"/>
    </Properties>
  </Object>
  <Object name="Spout2">
    <AbsoluteLocation value="-4.624844 -15.965775"/>
    <Properties>
      <Property name="Angle" value="-166.276"/>
      <Property name="ConnectedSpout0" value="SWAMPY_SPOUT"/>
      <Property name="ConnectedSpoutProbability0" value="1"/>
      <Property name="Filename" value="/Objects/broken_pipe_allie.hs"/>
      <Property name="Type" value="spout"/>
    </Properties>
  </Object>
  <Object name="Switch3">
    <AbsoluteLocation value="27.585022 -23.323586"/>
    <Properties>
      <Property name="Angle" value="17.214"/>
      <Property name="ConnectedObject0" value="Object5"/>
      <Property name="ConnectedObject1" value="Object6"/>
      <Property name="Filename" value="/Objects/switch_momentary.hs"/>
      <Property name="Type" value="switch"/>
    </Properties>
  </Object>
  <Object name="Switch4">
    <AbsoluteLocation value="11.437500 33.187500"/>
    <Properties>
      <Property name="Angle" value="0"/>
      <Property name="ConnectedObject0" value="Object7"/>
      <Property name="Filename" value="/Objects/switch_momentary_blue.hs"/>
      <Property name="Type" value="switch"/>
    </Properties>
  </Object>
  <Object name="Object5">
    <AbsoluteLocation value="0.764915 2.080313"/>
    <Properties>
      <Property name="Angle" value="90.1641"/>
      <Property name="Filename" value="/Objects/wall_24x8_pivot.hs"/>
      <Property name="MotorMoveSpeed" value="4"/>
      <Property name="PathPos0" value="0 0"/>
      <Property name="PathPos1" value="0 20"/>
    </Properties>
  </Object>
  <Object name="Object6">
    <AbsoluteLocation value="-5.655905 51.159519"/>
    <Properties>
      <Property name="Angle" value="270.14"/>
      <Property name="Filename" value="/Objects/wall_24x8_pivot.hs"/>
      <Property name="MotorMoveSpeed" value="4"/>
      <Property name="PathPos0" value="0 0"/>
      <Property name="PathPos1" value="0 -20"/>
    </Properties>
  </Object>
  <Object name="Object7">
    <AbsoluteLocation value="-8.345879 -38.086720"/>
    <Properties>
      <Property name="Angle" value="-134.699"/>
      <Property name="Filename" value="/Objects/wall_16x8_blue.hs"/>
      <Property name="GravityScale" value="8"/>
      <Property name="MotorMoveSpeed" value="80"/>
      <Property name="PathPos0" value="0 0"/>
      <Property name="PathPos1" value="16 16"/>
    </Properties>
  </Object>
  <Object name="Ducky9">
    <AbsoluteLocation value="25.422588 11.624863"/>
    <Properties>
      <Property name="Angle" value="0"/>
      <Property name="Filename" value="/Objects/star_steam_allie.hs"/>
      <Property name="StarType" value="allie"/>
      <Property name="Type" value="star"/>
    </Properties>
  </Object>
  <Object name="Ducky10">
    <AbsoluteLocation value="-15.538349 37.692883"/>
    <Properties>
      <Property name="Angle" value="0"/>
      <Property name="Filename" value="/Objects/star_steam_allie.hs"/>
      <Property name="StarType" value="allie"/>
      <Property name="Type" value="star"/>
    </Properties>
  </Object>
  <Object name="Ducky11">
    <AbsoluteLocation value="13.552925 -26.809837"/>
    <Properties>
      <Property name="Angle" value="0"/>
      <Property name="Filename" value="/Objects/star_steam_allie.hs"/>
      <Property name="StarType" value="allie"/>
      <Property name="Type" value="star"/>
    </Properties>
  </Object>
  <Object name="Spout14">
    <AbsoluteLocation value="-21.674137 -36.362221"/>
    <Properties>
      <Property name="Angle" value="-13.136"/>
      <Property name="Filename" value="/Objects/shower_head.hs"/>
      <Property name="FluidType" value="Water"/>
      <Property name="ParticleSpeed" value="45"/>
      <Property name="Type" value="spout"/>
    </Properties>
  </Object>
  <Object name="Spout15">
    <AbsoluteLocation value="-22.036438 23.461185"/>
    <Properties>
      <Property name="Angle" value="10.5691"/>
      <Property name="Filename" value="/Objects/shower_head.hs"/>
      <Property name="FluidType" value="Steam"/>
      <Property name="ParticleSpeed" value="60"/>
      <Property name="Type" value="spout"/>
    </Properties>
  </Object>
  <Object name="Object14">
    <AbsoluteLocation value="0.830622 21.589325"/>
    <Properties>
      <Property name="Angle" value="0"/>
      <Property name="Filename" value="/Objects/path_vertical_locking_end_top.hs"/>
    </Properties>
  </Object>
  <Object name="Object15">
    <AbsoluteLocation value="0.787146 2.016754"/>
    <Properties>
      <Property name="Angle" value="0"/>
      <Property name="Filename" value="/Objects/path_vertical_locking_end_bottom.hs"/>
    </Properties>
  </Object>
  <Object name="Object16">
    <AbsoluteLocation value="0.785500 6.926674"/>
    <Properties>
      <Property name="Angle" value="0"/>
      <Property name="Filename" value="/Objects/path_vertical_locking_mid.hs"/>
    </Properties>
  </Object>
  <Object name="Object17">
    <AbsoluteLocation value="0.786596 11.888502"/>
    <Properties>
      <Property name="Angle" value="0"/>
      <Property name="Filename" value="/Objects/path_vertical_locking_mid.hs"/>
    </Properties>
  </Object>
  <Object name="Object18">
    <AbsoluteLocation value="-5.602864 50.762772"/>
    <Properties>
      <Property name="Angle" value="0"/>
      <Property name="Filename" value="/Objects/path_vertical_locking_end_top.hs"/>
    </Properties>
  </Object>
  <Object name="Object19">
    <AbsoluteLocation value="-5.602859 30.842342"/>
    <Properties>
      <Property name="Angle" value="0"/>
      <Property name="Filename" value="/Objects/path_vertical_locking_end_bottom.hs"/>
    </Properties>
  </Object>
  <Object name="Object20">
    <AbsoluteLocation value="-5.603412 45.842377"/>
    <Properties>
      <Property name="Angle" value="0"/>
      <Property name="Filename" value="/Objects/path_vertical_locking_mid.hs"/>
    </Properties>
  </Object>
  <Object name="Object21">
    <AbsoluteLocation value="-5.604508 40.880550"/>
    <Properties>
      <Property name="Angle" value="0"/>
      <Property name="Filename" value="/Objects/path_vertical_locking_mid.hs"/>
    </Properties>
  </Object>
  <Object name="Object22">
    <AbsoluteLocation value="-4.488129 -34.261364"/>
    <Properties>
      <Property name="Angle" value="-44.7284"/>
      <Property name="Filename" value="/Objects/path_vertical_locking_mid.hs"/>
    </Properties>
  </Object>
  <Object name="Object23">
    <AbsoluteLocation value="-1.134002 -30.875519"/>
    <Properties>
      <Property name="Angle" value="-44.7284"/>
      <Property name="Filename" value="/Objects/path_vertical_locking_mid.hs"/>
    </Properties>
  </Object>
  <Object name="Object24">
    <AbsoluteLocation value="2.300605 -27.419947"/>
    <Properties>
      <Property name="Angle" value="-44.7284"/>
      <Property name="Filename" value="/Objects/path_vertical_locking_end_top.hs"/>
    </Properties>
  </Object>
  <Object name="Object25">
    <AbsoluteLocation value="-7.942298 -37.750778"/>
    <Properties>
      <Property name="Angle" value="-44.7284"/>
      <Property name="Filename" value="/Objects/path_vertical_locking_end_bottom.hs"/>
    </Properties>
  </Object>
  <Object name="Object26">
    <AbsoluteLocation value="0.812036 16.686975"/>
    <Properties>
      <Property name="Angle" value="0"/>
      <Property name="Filename" value="/Objects/path_vertical_locking_mid.hs"/>
    </Properties>
  </Object>
  <Object name="Object27">
    <AbsoluteLocation value="-5.593758 35.768475"/>
    <Properties>
      <Property name="Angle" value="0"/>
      <Property name="Filename" value="/Objects/path_vertical_locking_mid.hs"/>
    </Properties>
  </Object>
  <Object name="Object28">
    <AbsoluteLocation value="-6.463320 -11.728268"/>
    <Properties>
      <Property name="Angle" value="135.811"/>
      <Property name="Filename" value="/Objects/pipe_connector_end.hs"/>
    </Properties>
  </Object>
  <Object name="Object32">
    <AbsoluteLocation value="-23.688517 -41.841595"/>
    <Properties>
      <Property name="Angle" value="108.685"/>
      <Property name="Filename" value="/Objects/pipe_straight_long.hs"/>
    </Properties>
  </Object>
  <Object name="Object33">
    <AbsoluteLocation value="-21.657196 -50.531677"/>
    <Properties>
      <Property name="Angle" value="98.0748"/>
      <Property name="Filename" value="/Objects/pipe_straight_long.hs"/>
    </Properties>
  </Object>
  <Object name="Object35">
    <AbsoluteLocation value="-27.196316 21.132523"/>
    <Properties>
      <Property name="Angle" value="111.758"/>
      <Property name="Filename" value="/Objects/pipe_elbow_1.hs"/>
    </Properties>
  </Object>
  <Object name="Object36">
    <AbsoluteLocation value="-27.364904 18.233917"/>
    <Properties>
      <Property name="Angle" value="-62.7738"/>
      <Property name="Filename" value="/Objects/pipe_elbow_2.hs"/>
    </Properties>
  </Object>
  <Object name="Object38">
    <AbsoluteLocation value="-32.495667 15.690426"/>
    <Properties>
      <Property name="Angle" value="18.0064"/>
      <Property name="Filename" value="/Objects/pipe_straight_long.hs"/>
    </Properties>
  </Object>
  <Room>
    <AbsoluteLocation value="-17.199997 -3.600002"/>
  </Room>
</Objects>
