<?xml version="1.0"?>
<Objects>
  <Object name="Obj30">
    <AbsoluteLocation value="-25.297453 -18.361828"/>
    <Properties>
      <Property name="Angle" value="38.3467"/>
      <Property name="Filename" value="/Objects/pipe_straight.hs"/>
    </Properties>
  </Object>
  <Object name="Obj28">
    <AbsoluteLocation value="21.723225 -31.081097"/>
    <Properties>
      <Property name="Angle" value="91.4459"/>
      <Property name="Filename" value="/Objects/pipe_straight.hs"/>
    </Properties>
  </Object>
  <Object name="Obj22">
    <AbsoluteLocation value="18.602375 -35.875038"/>
    <Properties>
      <Property name="Angle" value="-178.685"/>
      <Property name="Filename" value="/Objects/pipe_bend_1.hs"/>
    </Properties>
  </Object>
  <Object name="Obj22">
    <AbsoluteLocation value="-5.612058 14.566884"/>
    <Properties>
      <Property name="Angle" value="-181.319"/>
      <Property name="Filename" value="/Objects/pipe_bend_1.hs"/>
    </Properties>
  </Object>
  <Object name="Obj22">
    <AbsoluteLocation value="21.136677 -35.532684"/>
    <Properties>
      <Property name="Angle" value="-89.5474"/>
      <Property name="Filename" value="/Objects/pipe_elbow_2.hs"/>
    </Properties>
  </Object>
  <Object name="Obj21">
    <AbsoluteLocation value="22.169464 -21.202217"/>
    <Properties>
      <Property name="Angle" value="85.1774"/>
      <Property name="Filename" value="/Objects/pipe_bend_2.hs"/>
    </Properties>
  </Object>
  <Object name="Obj6">
    <AbsoluteLocation value="-4.244126 14.185028"/>
    <Properties>
      <Property name="Angle" value="-269.511"/>
      <Property name="Filename" value="/Objects/pipe_spout_base.hs"/>
    </Properties>
  </Object>
  <Object name="Obj4">
    <AbsoluteLocation value="-0.385383 17.946346"/>
    <Properties>
      <Property name="Angle" value="138.562"/>
      <Property name="Filename" value="/Objects/pipe_bend_2.hs"/>
    </Properties>
  </Object>
  <Object name="Obj5">
    <AbsoluteLocation value="-0.561471 17.443523"/>
    <Properties>
      <Property name="Angle" value="0"/>
      <Property name="Filename" value="/Objects/pipe_spout_base.hs"/>
    </Properties>
  </Object>
  <Object name="FluidConverter3">
    <AbsoluteLocation value="-0.684570 14.121298"/>
    <Properties>
      <Property name="Angle" value="0.00456542"/>
      <Property name="Filename" value="/Objects/converter_static_murky.hs"/>
      <Property name="FluidType" value="contaminatedwater"/>
      <Property name="Type" value="fluidconverter"/>
    </Properties>
  </Object>
  <Object name="Obj8">
    <AbsoluteLocation value="-9.650486 15.628962"/>
    <Properties>
      <Property name="Angle" value="0"/>
      <Property name="Filename" value="/Objects/pipe_straight.hs"/>
    </Properties>
  </Object>
  <Object name="Spout2">
    <AbsoluteLocation value="-0.580156 20.891144"/>
    <Properties>
      <Property name="Angle" value="1.1137"/>
      <Property name="ConnectedSpout0" value="Spout4"/>
      <Property name="ConnectedSpoutProbability0" value="1"/>
      <Property name="Filename" value="/Objects/basic_drain.hs"/>
      <Property name="Type" value="spout"/>
    </Properties>
  </Object>
  <Object name="Spout5">
    <AbsoluteLocation value="-22.121027 -16.171646"/>
    <Properties>
      <Property name="Angle" value="-62.2416"/>
      <Property name="ConnectedSpout0" value="SWAMPY_SPOUT"/>
      <Property name="ConnectedSpoutProbability0" value="1"/>
      <Property name="Filename" value="/Objects/broken_pipe.hs"/>
      <Property name="Type" value="spout"/>
    </Properties>
  </Object>
  <Object name="Spout18">
    <AbsoluteLocation value="16.726810 -34.231201"/>
    <Properties>
      <Property name="Angle" value="137.309"/>
      <Property name="ConnectedConverter" value="FluidConverter19"/>
      <Property name="Filename" value="/Objects/shower_head.hs"/>
      <Property name="FluidType" value="Water"/>
      <Property name="NumberParticles" value="0"/>
      <Property name="ParticleSpeed" value="35"/>
      <Property name="Type" value="spout"/>
    </Properties>
  </Object>
  <Object name="Obj19">
    <AbsoluteLocation value="21.775181 -23.007250"/>
    <Properties>
      <Property name="Angle" value="0"/>
      <Property name="Filename" value="/Objects/pipe_spout_base.hs"/>
    </Properties>
  </Object>
  <Object name="Obj20">
    <AbsoluteLocation value="21.650608 -30.313210"/>
    <Properties>
      <Property name="Angle" value="-179.678"/>
      <Property name="Filename" value="/Objects/pipe_spout_base.hs"/>
    </Properties>
  </Object>
  <Object name="FluidConverter19">
    <AbsoluteLocation value="21.657219 -26.686796"/>
    <Properties>
      <Property name="Angle" value="0"/>
      <Property name="Filename" value="/Objects/converter_static_water.hs"/>
      <Property name="FluidType" value="water"/>
      <Property name="Type" value="fluidconverter"/>
    </Properties>
  </Object>
  <Object name="Star24">
    <AbsoluteLocation value="19.653049 28.830523"/>
    <Properties>
      <Property name="Angle" value="0"/>
      <Property name="Filename" value="/Objects/star.hs"/>
      <Property name="Type" value="star"/>
    </Properties>
  </Object>
  <Object name="Star25">
    <AbsoluteLocation value="-12.851955 25.681164"/>
    <Properties>
      <Property name="Angle" value="0"/>
      <Property name="Filename" value="/Objects/star.hs"/>
      <Property name="Type" value="star"/>
    </Properties>
  </Object>
  <Object name="Star26">
    <AbsoluteLocation value="-3.242873 -14.487452"/>
    <Properties>
      <Property name="Angle" value="0"/>
      <Property name="Filename" value="/Objects/star.hs"/>
      <Property name="Type" value="star"/>
    </Properties>
  </Object>
  <Object name="Obj23">
    <AbsoluteLocation value="-6.663755 15.298864"/>
    <Properties>
      <Property name="Angle" value="1.4363"/>
      <Property name="Filename" value="/Objects/pipe_bend_2.hs"/>
    </Properties>
  </Object>
  <Object name="Spout4">
    <AbsoluteLocation value="-12.658406 15.898056"/>
    <Properties>
      <Property name="Angle" value="177.527"/>
      <Property name="ConnectedConverter" value="FluidConverter3"/>
      <Property name="Filename" value="/Objects/shower_head.hs"/>
      <Property name="FluidType" value="Water"/>
      <Property name="NumberParticles" value="0"/>
      <Property name="ParticleSpeed" value="15"/>
      <Property name="Type" value="spout"/>
    </Properties>
  </Object>
  <Object name="Obj23">
    <AbsoluteLocation value="23.222778 -20.139259"/>
    <Properties>
      <Property name="Angle" value="-93.7004"/>
      <Property name="Filename" value="/Objects/pipe_bend_1.hs"/>
    </Properties>
  </Object>
  <Object name="Obj24">
    <AbsoluteLocation value="23.262598 -3.979683"/>
    <Properties>
      <Property name="Angle" value="-22.409"/>
      <Property name="Filename" value="/Objects/pipe_straight.hs"/>
    </Properties>
  </Object>
  <Object name="Spout17">
    <AbsoluteLocation value="19.168949 -2.494396"/>
    <Properties>
      <Property name="Angle" value="75.7851"/>
      <Property name="ConnectedSpout0" value="Spout18"/>
      <Property name="ConnectedSpoutProbability0" value="1"/>
      <Property name="Filename" value="/Objects/basic_drain.hs"/>
      <Property name="Type" value="spout"/>
    </Properties>
  </Object>
  <Object name="Obj26">
    <AbsoluteLocation value="23.950394 -16.161255"/>
    <Properties>
      <Property name="Angle" value="84.8598"/>
      <Property name="Filename" value="/Objects/pipe_straight.hs"/>
    </Properties>
  </Object>
  <Object name="Obj27">
    <AbsoluteLocation value="24.795837 -10.322478"/>
    <Properties>
      <Property name="Angle" value="79.2754"/>
      <Property name="Filename" value="/Objects/pipe_straight.hs"/>
    </Properties>
  </Object>
  <Object name="Obj29">
    <AbsoluteLocation value="-27.972887 -21.500023"/>
    <Properties>
      <Property name="Angle" value="133.904"/>
      <Property name="Filename" value="/Objects/pipe_elbow_1.hs"/>
    </Properties>
  </Object>
  <Object name="Obj15">
    <AbsoluteLocation value="-27.022625 -23.638979"/>
    <Properties>
      <Property name="Angle" value="-408.308"/>
      <Property name="Filename" value="/Objects/pipe_connector_end.hs"/>
    </Properties>
  </Object>
  <Object name="Obj25">
    <AbsoluteLocation value="25.007040 -5.942174"/>
    <Properties>
      <Property name="Angle" value="157.872"/>
      <Property name="Filename" value="/Objects/pipe_connector_90.hs"/>
    </Properties>
  </Object>
  <Object name="Ducky36">
    <AbsoluteLocation value="21.562500 38.250000"/>
    <Properties>
      <Property name="Angle" value="0"/>
      <Property name="Filename" value="/Objects/star_baby.hs"/>
      <Property name="StarType" value="baby"/>
      <Property name="Type" value="star"/>
    </Properties>
  </Object>
  <Object name="Ducky45">
    <AbsoluteLocation value="19.937500 27.406250"/>
    <Properties>
      <Property name="Angle" value="0"/>
      <Property name="Filename" value="/Objects/star_baby.hs"/>
      <Property name="StarType" value="baby"/>
      <Property name="Type" value="star"/>
    </Properties>
  </Object>
  <Object name="Ducky39">
    <AbsoluteLocation value="9.843750 24.375000"/>
    <Properties>
      <Property name="Angle" value="0"/>
      <Property name="Filename" value="/Objects/star_baby.hs"/>
      <Property name="StarType" value="baby"/>
      <Property name="Type" value="star"/>
    </Properties>
  </Object>
  <Object name="Ducky37">
    <AbsoluteLocation value="-16.718750 36.500000"/>
    <Properties>
      <Property name="Angle" value="0"/>
      <Property name="Filename" value="/Objects/star_baby.hs"/>
      <Property name="StarType" value="baby"/>
      <Property name="Type" value="star"/>
    </Properties>
  </Object>
  <Object name="Ducky38">
    <AbsoluteLocation value="-21.625000 27.531250"/>
    <Properties>
      <Property name="Angle" value="0"/>
      <Property name="Filename" value="/Objects/star_baby.hs"/>
      <Property name="StarType" value="baby"/>
      <Property name="Type" value="star"/>
    </Properties>
  </Object>
  <Object name="Ducky44">
    <AbsoluteLocation value="-12.250000 -13.343750"/>
    <Properties>
      <Property name="Angle" value="0"/>
      <Property name="Filename" value="/Objects/star_baby.hs"/>
      <Property name="StarType" value="baby"/>
      <Property name="Type" value="star"/>
    </Properties>
  </Object>
  <Object name="Ducky43">
    <AbsoluteLocation value="-4.250000 -16.937500"/>
    <Properties>
      <Property name="Angle" value="0"/>
      <Property name="Filename" value="/Objects/star_baby.hs"/>
      <Property name="StarType" value="baby"/>
      <Property name="Type" value="star"/>
    </Properties>
  </Object>
  <Object name="Ducky42">
    <AbsoluteLocation value="2.531250 -19.875000"/>
    <Properties>
      <Property name="Angle" value="0"/>
      <Property name="Filename" value="/Objects/star_baby.hs"/>
      <Property name="StarType" value="baby"/>
      <Property name="Type" value="star"/>
    </Properties>
  </Object>
  <Object name="Ducky40">
    <AbsoluteLocation value="0.000000 -30.400002"/>
    <Properties>
      <Property name="Angle" value="0"/>
      <Property name="Filename" value="/Objects/star_baby.hs"/>
      <Property name="StarType" value="baby"/>
      <Property name="Type" value="star"/>
    </Properties>
  </Object>
  <Object name="Ducky41">
    <AbsoluteLocation value="2.187500 -40.250000"/>
    <Properties>
      <Property name="Angle" value="0"/>
      <Property name="Filename" value="/Objects/star_baby.hs"/>
      <Property name="StarType" value="baby"/>
      <Property name="Type" value="star"/>
    </Properties>
  </Object>
  <Room>
    <AbsoluteLocation value="-17.199997 -34.000000"/>
  </Room>
  <Properties>
    <Property name="HeavyIntro" value="1"/>
  </Properties>
</Objects>
