<?xml version="1.0"?>
<Objects>
  <Object name="Object68">
    <AbsoluteLocation value="-56.090488 36.203339"/>
    <Properties>
      <Property name="Angle" value="-0.220287"/>
      <Property name="Filename" value="/Objects/pipe_straight_long.hs"/>
      <Property name="Parent" value="MainWall"/>
    </Properties>
  </Object>
  <Object name="Object47">
    <AbsoluteLocation value="-24.432755 36.001049"/>
    <Properties>
      <Property name="Angle" value="0"/>
      <Property name="Filename" value="/Objects/path_locking_mid.hs"/>
    </Properties>
  </Object>
  <Object name="Object39">
    <AbsoluteLocation value="10.697456 -46.289448"/>
    <Properties>
      <Property name="Angle" value="-121.792"/>
      <Property name="Filename" value="/Objects/pipe_elbow_2.hs"/>
    </Properties>
  </Object>
  <Object name="Object36">
    <AbsoluteLocation value="-18.140751 11.605160"/>
    <Properties>
      <Property name="Angle" value="85.6238"/>
      <Property name="Filename" value="/Objects/pipe_elbow_1.hs"/>
    </Properties>
  </Object>
  <Object name="Object35">
    <AbsoluteLocation value="-1.468750 6.062500"/>
    <Properties>
      <Property name="Angle" value="52.0232"/>
      <Property name="Filename" value="/Objects/pipe_straight_short.hs"/>
    </Properties>
  </Object>
  <Object name="Object30">
    <AbsoluteLocation value="1.468750 -7.187500"/>
    <Properties>
      <Property name="Angle" value="67.6026"/>
      <Property name="Filename" value="/Objects/pipe_straight.hs"/>
    </Properties>
  </Object>
  <Object name="Object23">
    <AbsoluteLocation value="-26.343750 -1.968750"/>
    <Properties>
      <Property name="Angle" value="-194.273"/>
      <Property name="Filename" value="/Objects/pipe_elbow_1.hs"/>
    </Properties>
  </Object>
  <Object name="Object22">
    <AbsoluteLocation value="-6.500000 10.625000"/>
    <Properties>
      <Property name="Angle" value="-98.6105"/>
      <Property name="Filename" value="/Objects/pipe_elbow_2.hs"/>
    </Properties>
  </Object>
  <Object name="Object20">
    <AbsoluteLocation value="-2.579286 -19.625170"/>
    <Properties>
      <Property name="Angle" value="-173.569"/>
      <Property name="Filename" value="/Objects/pipe_elbow_2.hs"/>
    </Properties>
  </Object>
  <Object name="Ducky5">
    <AbsoluteLocation value="-27.750000 -44.156250"/>
    <Properties>
      <Property name="Angle" value="0"/>
      <Property name="Filename" value="/Objects/star_poison.hs"/>
      <Property name="Type" value="star"/>
    </Properties>
  </Object>
  <Object name="Spout6">
    <AbsoluteLocation value="-5.625000 13.875000"/>
    <Properties>
      <Property name="Angle" value="0"/>
      <Property name="ConnectedSpout0" value="ShootWater01"/>
      <Property name="ConnectedSpoutProbability0" value="1"/>
      <Property name="Filename" value="/Objects/basic_drain.hs"/>
      <Property name="Type" value="spout"/>
    </Properties>
  </Object>
  <Object name="Spout7">
    <AbsoluteLocation value="12.656250 -44.156250"/>
    <Properties>
      <Property name="Angle" value="-26.6703"/>
      <Property name="ConnectedSpout0" value="SWAMPY_SPOUT"/>
      <Property name="ConnectedSpoutProbability0" value="1"/>
      <Property name="Filename" value="/Objects/broken_pipe_cranky.hs"/>
      <Property name="Type" value="spout"/>
    </Properties>
  </Object>
  <Object name="Spout9">
    <AbsoluteLocation value="-26.656250 1.437500"/>
    <Properties>
      <Property name="Angle" value="0"/>
      <Property name="ConnectedSpout0" value="Spout17"/>
      <Property name="ConnectedSpoutProbability0" value="1"/>
      <Property name="Filename" value="/Objects/basic_drain.hs"/>
      <Property name="Type" value="spout"/>
    </Properties>
  </Object>
  <Object name="Object14">
    <AbsoluteLocation value="-32.609501 41.355160"/>
    <Properties>
      <Property name="Angle" value="0"/>
      <Property name="Filename" value="/Objects/pipe_straight_long.hs"/>
      <Property name="Parent" value="MainWall"/>
    </Properties>
  </Object>
  <Object name="ShootWater01">
    <AbsoluteLocation value="-18.656250 8.437500"/>
    <Properties>
      <Property name="Angle" value="-86.7086"/>
      <Property name="Filename" value="/Objects/shower_head.hs"/>
      <Property name="FluidType" value="Water"/>
      <Property name="NumberParticles" value="0"/>
      <Property name="Type" value="spout"/>
    </Properties>
  </Object>
  <Object name="Spout17">
    <AbsoluteLocation value="-22.875000 -3.281250"/>
    <Properties>
      <Property name="Angle" value="4.52485"/>
      <Property name="Filename" value="/Objects/touch_spout_generic.hs"/>
      <Property name="FluidType" value="ContaminatedWater"/>
      <Property name="Type" value="spout"/>
    </Properties>
  </Object>
  <Object name="Spout19">
    <AbsoluteLocation value="-3.218750 -17.125000"/>
    <Properties>
      <Property name="Angle" value="0"/>
      <Property name="ConnectedSpout0" value="Spout18"/>
      <Property name="ConnectedSpoutProbability0" value="1"/>
      <Property name="Filename" value="/Objects/basic_drain.hs"/>
      <Property name="Type" value="spout"/>
    </Properties>
  </Object>
  <Object name="Ducky20">
    <AbsoluteLocation value="10.937500 -22.000000"/>
    <Properties>
      <Property name="Angle" value="0"/>
      <Property name="Filename" value="/Objects/star_poison.hs"/>
      <Property name="Type" value="star"/>
    </Properties>
  </Object>
  <Object name="Ducky21">
    <AbsoluteLocation value="16.343750 16.093750"/>
    <Properties>
      <Property name="Angle" value="0"/>
      <Property name="Filename" value="/Objects/star_poison.hs"/>
      <Property name="Type" value="star"/>
    </Properties>
  </Object>
  <Object name="Spout18">
    <AbsoluteLocation value="1.000000 9.312500"/>
    <Properties>
      <Property name="Angle" value="43.0168"/>
      <Property name="Filename" value="/Objects/touch_spout_generic.hs"/>
      <Property name="FluidType" value="ContaminatedWater"/>
      <Property name="ParticleSpeed" value="18"/>
      <Property name="Type" value="spout"/>
    </Properties>
  </Object>
  <Object name="Object26">
    <AbsoluteLocation value="3.041206 -18.664448"/>
    <Properties>
      <Property name="Angle" value="-77.2161"/>
      <Property name="Filename" value="/Objects/pipe_elbow_2.hs"/>
    </Properties>
  </Object>
  <Object name="Object27">
    <AbsoluteLocation value="3.093750 -16.781250"/>
    <Properties>
      <Property name="Angle" value="108.296"/>
      <Property name="Filename" value="/Objects/pipe_into_wall_1.hs"/>
    </Properties>
  </Object>
  <Object name="Object28">
    <AbsoluteLocation value="0.281250 -19.875000"/>
    <Properties>
      <Property name="Angle" value="9.16547"/>
      <Property name="Filename" value="/Objects/pipe_straight_short.hs"/>
    </Properties>
  </Object>
  <Object name="Object29">
    <AbsoluteLocation value="-0.281250 -11.343750"/>
    <Properties>
      <Property name="Angle" value="-113.351"/>
      <Property name="Filename" value="/Objects/pipe_into_wall_2.hs"/>
    </Properties>
  </Object>
  <Object name="Object31">
    <AbsoluteLocation value="2.906250 -1.406250"/>
    <Properties>
      <Property name="Angle" value="154.676"/>
      <Property name="Filename" value="/Objects/pipe_connector_90.hs"/>
    </Properties>
  </Object>
  <Object name="Object32">
    <AbsoluteLocation value="-2.359501 3.323910"/>
    <Properties>
      <Property name="Angle" value="154.445"/>
      <Property name="Filename" value="/Objects/pipe_elbow_1.hs"/>
    </Properties>
  </Object>
  <Object name="Object34">
    <AbsoluteLocation value="-0.125000 1.531250"/>
    <Properties>
      <Property name="Angle" value="155.431"/>
      <Property name="Filename" value="/Objects/pipe_straight_short.hs"/>
    </Properties>
  </Object>
  <Object name="Object37">
    <AbsoluteLocation value="-12.578251 11.198910"/>
    <Properties>
      <Property name="Angle" value="-12.2344"/>
      <Property name="Filename" value="/Objects/pipe_straight_long.hs"/>
    </Properties>
  </Object>
  <Object name="Object38">
    <AbsoluteLocation value="6.875000 -44.562500"/>
    <Properties>
      <Property name="Angle" value="-33.1756"/>
      <Property name="Filename" value="/Objects/pipe_straight.hs"/>
    </Properties>
  </Object>
  <Object name="Object40">
    <AbsoluteLocation value="5.437500 -43.593750"/>
    <Properties>
      <Property name="Angle" value="141.01"/>
      <Property name="Filename" value="/Objects/pipe_connector_end.hs"/>
    </Properties>
  </Object>
  <Object name="Object41">
    <AbsoluteLocation value="22.956018 36.000061"/>
    <Properties>
      <Property name="Angle" value="0"/>
      <Property name="Filename" value="/Objects/path_locking_end_right.hs"/>
    </Properties>
  </Object>
  <Object name="Object42">
    <AbsoluteLocation value="-48.707767 36.001049"/>
    <Properties>
      <Property name="Angle" value="0"/>
      <Property name="Filename" value="/Objects/path_locking_end.hs"/>
    </Properties>
  </Object>
  <Object name="Object43">
    <AbsoluteLocation value="-43.820560 36.001049"/>
    <Properties>
      <Property name="Angle" value="0"/>
      <Property name="Filename" value="/Objects/path_locking_mid.hs"/>
    </Properties>
  </Object>
  <Object name="Object44">
    <AbsoluteLocation value="-38.891651 36.001049"/>
    <Properties>
      <Property name="Angle" value="0"/>
      <Property name="Filename" value="/Objects/path_locking_mid.hs"/>
    </Properties>
  </Object>
  <Object name="Object45">
    <AbsoluteLocation value="-34.171146 36.001049"/>
    <Properties>
      <Property name="Angle" value="0"/>
      <Property name="Filename" value="/Objects/path_locking_mid.hs"/>
    </Properties>
  </Object>
  <Object name="Object46">
    <AbsoluteLocation value="-29.283939 36.001049"/>
    <Properties>
      <Property name="Angle" value="0"/>
      <Property name="Filename" value="/Objects/path_locking_mid.hs"/>
    </Properties>
  </Object>
  <Object name="Object48">
    <AbsoluteLocation value="-19.509552 36.001049"/>
    <Properties>
      <Property name="Angle" value="0"/>
      <Property name="Filename" value="/Objects/path_locking_mid.hs"/>
    </Properties>
  </Object>
  <Object name="Object49">
    <AbsoluteLocation value="-15.215809 35.997875"/>
    <Properties>
      <Property name="Angle" value="0"/>
      <Property name="Filename" value="/Objects/path_locking_mid.hs"/>
    </Properties>
  </Object>
  <Object name="Object50">
    <AbsoluteLocation value="-10.415806 35.997875"/>
    <Properties>
      <Property name="Angle" value="0"/>
      <Property name="Filename" value="/Objects/path_locking_mid.hs"/>
    </Properties>
  </Object>
  <Object name="Object51">
    <AbsoluteLocation value="-5.615807 35.997875"/>
    <Properties>
      <Property name="Angle" value="0"/>
      <Property name="Filename" value="/Objects/path_locking_mid.hs"/>
    </Properties>
  </Object>
  <Object name="Object52">
    <AbsoluteLocation value="-0.815807 35.997875"/>
    <Properties>
      <Property name="Angle" value="0"/>
      <Property name="Filename" value="/Objects/path_locking_mid.hs"/>
    </Properties>
  </Object>
  <Object name="Object53">
    <AbsoluteLocation value="3.796200 36.000301"/>
    <Properties>
      <Property name="Angle" value="0"/>
      <Property name="Filename" value="/Objects/path_locking_mid.hs"/>
    </Properties>
  </Object>
  <Object name="Object54">
    <AbsoluteLocation value="8.515469 36.000252"/>
    <Properties>
      <Property name="Angle" value="0"/>
      <Property name="Filename" value="/Objects/path_locking_mid.hs"/>
    </Properties>
  </Object>
  <Object name="Object55">
    <AbsoluteLocation value="13.223049 36.000210"/>
    <Properties>
      <Property name="Angle" value="0"/>
      <Property name="Filename" value="/Objects/path_locking_mid.hs"/>
    </Properties>
  </Object>
  <Object name="Object56">
    <AbsoluteLocation value="18.023052 36.000210"/>
    <Properties>
      <Property name="Angle" value="0"/>
      <Property name="Filename" value="/Objects/path_locking_mid.hs"/>
    </Properties>
  </Object>
  <Object name="Object13">
    <AbsoluteLocation value="-26.572683 40.684879"/>
    <Properties>
      <Property name="Angle" value="0"/>
      <Property name="Filename" value="/Objects/pipe_elbow_1.hs"/>
      <Property name="Parent" value="MainWall"/>
    </Properties>
  </Object>
  <Object name="Object17">
    <AbsoluteLocation value="-25.859501 38.073910"/>
    <Properties>
      <Property name="Angle" value="-88.8599"/>
      <Property name="Filename" value="/Objects/pipe_straight_short.hs"/>
      <Property name="Parent" value="MainWall"/>
    </Properties>
  </Object>
  <Object name="Object61">
    <AbsoluteLocation value="-46.590488 36.172089"/>
    <Properties>
      <Property name="Angle" value="-0.220287"/>
      <Property name="Filename" value="/Objects/pipe_straight_long.hs"/>
      <Property name="Parent" value="MainWall"/>
    </Properties>
  </Object>
  <Object name="Object62">
    <AbsoluteLocation value="-65.453186 36.228043"/>
    <Properties>
      <Property name="Angle" value="0"/>
      <Property name="Filename" value="/Objects/pipe_straight_long.hs"/>
      <Property name="Parent" value="MainWall"/>
    </Properties>
  </Object>
  <Object name="Object63">
    <AbsoluteLocation value="-74.734604 36.212204"/>
    <Properties>
      <Property name="Angle" value="0"/>
      <Property name="Filename" value="/Objects/pipe_straight_long.hs"/>
      <Property name="Parent" value="MainWall"/>
    </Properties>
  </Object>
  <Object name="Object64">
    <AbsoluteLocation value="-84.184113 36.084789"/>
    <Properties>
      <Property name="Angle" value="1.04554"/>
      <Property name="Filename" value="/Objects/pipe_straight_long.hs"/>
      <Property name="Parent" value="MainWall"/>
    </Properties>
  </Object>
  <Object name="Object65">
    <AbsoluteLocation value="-37.915459 40.695309"/>
    <Properties>
      <Property name="Angle" value="89.5396"/>
      <Property name="Filename" value="/Objects/pipe_elbow_1.hs"/>
      <Property name="Parent" value="MainWall"/>
    </Properties>
  </Object>
  <Object name="Object67">
    <AbsoluteLocation value="-93.653938 35.959946"/>
    <Properties>
      <Property name="Angle" value="0.677604"/>
      <Property name="Filename" value="/Objects/pipe_straight_long.hs"/>
      <Property name="Parent" value="MainWall"/>
    </Properties>
  </Object>
  <Object name="Object70">
    <AbsoluteLocation value="-62.204193 36.178860"/>
    <Properties>
      <Property name="Angle" value="90"/>
      <Property name="Filename" value="/Objects/pipe_spout_base.hs"/>
      <Property name="Parent" value="SecondWall"/>
    </Properties>
  </Object>
  <Object name="Object71">
    <AbsoluteLocation value="-81.611145 35.979549"/>
    <Properties>
      <Property name="Angle" value="-89.4329"/>
      <Property name="Filename" value="/Objects/pipe_spout_base.hs"/>
      <Property name="Parent" value="FinalWall"/>
    </Properties>
  </Object>
  <Object name="Object72">
    <AbsoluteLocation value="-88.566711 35.930737"/>
    <Properties>
      <Property name="Angle" value="-270.96"/>
      <Property name="Filename" value="/Objects/pipe_spout_base.hs"/>
      <Property name="Parent" value="FinalWall"/>
    </Properties>
  </Object>
  <Object name="MainSpout">
    <AbsoluteLocation value="-25.984501 35.855160"/>
    <Properties>
      <Property name="Angle" value="-86.7086"/>
      <Property name="Filename" value="/Objects/shower_head.hs"/>
      <Property name="FluidType" value="Water"/>
      <Property name="Parent" value="MainWall"/>
      <Property name="Timer0" value="0 3.0"/>
      <Property name="Timer1" value="1 3.0"/>
      <Property name="Timer2" value="0 7.0"/>
      <Property name="Timer3" value="1 3.0"/>
      <Property name="Timer4" value="0 5.0"/>
      <Property name="Timer5" value="1 3.0"/>
      <Property name="Timer6" value="0 10.0"/>
      <Property name="Timer7" value="1 9999.0"/>
      <Property name="Type" value="spout"/>
    </Properties>
  </Object>
  <Object name="Object16">
    <AbsoluteLocation value="-38.515766 39.198910"/>
    <Properties>
      <Property name="Angle" value="0"/>
      <Property name="Filename" value="/Objects/pipe_spout_base.hs"/>
      <Property name="Parent" value="MainWall"/>
    </Properties>
  </Object>
  <Object name="Object69">
    <AbsoluteLocation value="-55.112686 36.159492"/>
    <Properties>
      <Property name="Angle" value="-89.745"/>
      <Property name="Filename" value="/Objects/pipe_spout_base.hs"/>
      <Property name="Parent" value="SecondWall"/>
    </Properties>
  </Object>
  <Object name="SecondWall">
    <AbsoluteLocation value="-58.799999 36.000000"/>
    <Properties>
      <Property name="Angle" value="0"/>
      <Property name="Filename" value="/Objects/wall_8x8.hs"/>
      <Property name="MotorMoveSpeed" value="4"/>
      <Property name="MotorOn" value="1"/>
      <Property name="MotorWaitTime" value="5"/>
      <Property name="MotorWaitTime0" value="0"/>
      <Property name="MotorWaitTime1" value="4"/>
      <Property name="PathPos0" value="0 0"/>
      <Property name="PathPos1" value="8 0"/>
      <Property name="PathPos2" value="25 0"/>
      <Property name="PathPos3" value="38 0"/>
      <Property name="PathPos4" value="67 0"/>
    </Properties>
  </Object>
  <Object name="FinalWall">
    <AbsoluteLocation value="-85.200005 36.000000"/>
    <Properties>
      <Property name="Angle" value="0"/>
      <Property name="Filename" value="/Objects/wall_8x8.hs"/>
      <Property name="MotorMoveSpeed" value="4"/>
      <Property name="MotorOn" value="1"/>
      <Property name="MotorWaitTime" value="5"/>
      <Property name="MotorWaitTime0" value="0"/>
      <Property name="MotorWaitTime1" value="3"/>
      <Property name="PathPos0" value="0 0"/>
      <Property name="PathPos1" value="8 0"/>
      <Property name="PathPos2" value="25 0"/>
      <Property name="PathPos3" value="38 0"/>
      <Property name="PathPos4" value="67 0"/>
    </Properties>
  </Object>
  <Object name="Object66">
    <AbsoluteLocation value="-48.018936 36.190742"/>
    <Properties>
      <Property name="Angle" value="-269.952"/>
      <Property name="Filename" value="/Objects/pipe_spout_base.hs"/>
      <Property name="Parent" value="MainWall"/>
    </Properties>
  </Object>
  <Object name="MainWall">
    <AbsoluteLocation value="-38.422016 36.105160"/>
    <Properties>
      <Property name="Angle" value="0"/>
      <Property name="Filename" value="/Objects/wall_24x8.hs"/>
      <Property name="MotorMoveSpeed" value="4"/>
      <Property name="MotorOn" value="1"/>
      <Property name="MotorWaitTime" value="5"/>
      <Property name="MotorWaitTime0" value="0"/>
      <Property name="PathPos0" value="0 0"/>
      <Property name="PathPos1" value="8 0"/>
      <Property name="PathPos2" value="25 0"/>
      <Property name="PathPos3" value="38 0"/>
      <Property name="PathPos4" value="67 0"/>
    </Properties>
  </Object>
  <Room>
    <AbsoluteLocation value="-5.999998 -34.800003"/>
  </Room>
</Objects>
