<?xml version="1.0"?>
<Objects>
  <Object name="Obj62">
    <AbsoluteLocation value="16.154409 -44.704002"/>
    <Properties>
      <Property name="Angle" value="-3.16246"/>
      <Property name="Filename" value="/Objects/pipe_straight.hs"/>
    </Properties>
  </Object>
  <Object name="Obj60">
    <AbsoluteLocation value="11.548521 -38.454506"/>
    <Properties>
      <Property name="Angle" value="82.5579"/>
      <Property name="Filename" value="/Objects/pipe_straight.hs"/>
    </Properties>
  </Object>
  <Object name="Obj56">
    <AbsoluteLocation value="-7.614564 -35.174614"/>
    <Properties>
      <Property name="Angle" value="-129.303"/>
      <Property name="Filename" value="/Objects/pipe_bend_1.hs"/>
    </Properties>
  </Object>
  <Object name="Obj53">
    <AbsoluteLocation value="-12.292068 -35.337864"/>
    <Properties>
      <Property name="Angle" value="0.833704"/>
      <Property name="Filename" value="/Objects/pipe_straight_long.hs"/>
    </Properties>
  </Object>
  <Object name="Obj51">
    <AbsoluteLocation value="-19.865334 -30.653847"/>
    <Properties>
      <Property name="Angle" value="90.7873"/>
      <Property name="Filename" value="/Objects/pipe_straight.hs"/>
    </Properties>
  </Object>
  <Object name="Obj46">
    <AbsoluteLocation value="-6.819358 -38.104084"/>
    <Properties>
      <Property name="Angle" value="-0.40658"/>
      <Property name="Filename" value="/Objects/pipe_straight_long.hs"/>
    </Properties>
  </Object>
  <Object name="Obj45">
    <AbsoluteLocation value="9.868538 -38.212315"/>
    <Properties>
      <Property name="Angle" value="-0.310659"/>
      <Property name="Filename" value="/Objects/pipe_straight_long.hs"/>
    </Properties>
  </Object>
  <Object name="Obj44">
    <AbsoluteLocation value="18.560047 -31.351219"/>
    <Properties>
      <Property name="Angle" value="87.3886"/>
      <Property name="Filename" value="/Objects/pipe_straight_long.hs"/>
    </Properties>
  </Object>
  <Object name="Obj42">
    <AbsoluteLocation value="0.109507 -45.883133"/>
    <Properties>
      <Property name="Angle" value="90.0552"/>
      <Property name="Filename" value="/Objects/pipe_bend_2.hs"/>
    </Properties>
  </Object>
  <Object name="Obj41">
    <AbsoluteLocation value="0.809588 -44.984718"/>
    <Properties>
      <Property name="Angle" value="-91.1309"/>
      <Property name="Filename" value="/Objects/pipe_bend_1.hs"/>
    </Properties>
  </Object>
  <Object name="Obj39">
    <AbsoluteLocation value="-0.185035 -49.254883"/>
    <Properties>
      <Property name="Angle" value="89.8048"/>
      <Property name="Filename" value="/Objects/pipe_straight.hs"/>
    </Properties>
  </Object>
  <Object name="Obj40">
    <AbsoluteLocation value="1.180285 -40.980572"/>
    <Properties>
      <Property name="Angle" value="89.8048"/>
      <Property name="Filename" value="/Objects/pipe_straight.hs"/>
    </Properties>
  </Object>
  <Object name="Obj38">
    <AbsoluteLocation value="1.281645 -32.119705"/>
    <Properties>
      <Property name="Angle" value="90.0968"/>
      <Property name="Filename" value="/Objects/pipe_straight_long.hs"/>
    </Properties>
  </Object>
  <Object name="Obj75">
    <AbsoluteLocation value="-5.256176 54.966980"/>
    <Properties>
      <Property name="Angle" value="-0.883303"/>
      <Property name="Filename" value="/Objects/pipe_straight.hs"/>
    </Properties>
  </Object>
  <Object name="Obj76">
    <AbsoluteLocation value="-10.769254 43.696552"/>
    <Properties>
      <Property name="Angle" value="-98.2447"/>
      <Property name="Filename" value="/Objects/pipe_bend_1.hs"/>
    </Properties>
  </Object>
  <Object name="Obj74">
    <AbsoluteLocation value="0.122934 -90.244125"/>
    <Properties>
      <Property name="Angle" value="23.9905"/>
      <Property name="Filename" value="/Objects/pipe_straight.hs"/>
    </Properties>
  </Object>
  <Object name="Obj30">
    <AbsoluteLocation value="-2.259300 -38.084423"/>
    <Properties>
      <Property name="Angle" value="-270.544"/>
      <Property name="Filename" value="/Objects/pipe_spout_base.hs"/>
    </Properties>
  </Object>
  <Object name="Obj29">
    <AbsoluteLocation value="1.271234 -41.642540"/>
    <Properties>
      <Property name="Angle" value="-179.839"/>
      <Property name="Filename" value="/Objects/pipe_spout_base.hs"/>
    </Properties>
  </Object>
  <Object name="Obj28">
    <AbsoluteLocation value="4.719012 -38.249386"/>
    <Properties>
      <Property name="Angle" value="-90.9219"/>
      <Property name="Filename" value="/Objects/pipe_spout_base.hs"/>
    </Properties>
  </Object>
  <Object name="Obj27">
    <AbsoluteLocation value="1.436206 -34.828674"/>
    <Properties>
      <Property name="Angle" value="0"/>
      <Property name="Filename" value="/Objects/pipe_spout_base.hs"/>
    </Properties>
  </Object>
  <Object name="Obj16">
    <AbsoluteLocation value="1.912418 7.429663"/>
    <Properties>
      <Property name="Angle" value="89.4394"/>
      <Property name="Filename" value="/Objects/pipe_straight.hs"/>
    </Properties>
  </Object>
  <Object name="Obj18">
    <AbsoluteLocation value="1.912420 6.665611"/>
    <Properties>
      <Property name="Angle" value="-179.744"/>
      <Property name="Filename" value="/Objects/pipe_spout_base.hs"/>
    </Properties>
  </Object>
  <Object name="Obj15">
    <AbsoluteLocation value="2.202916 13.075338"/>
    <Properties>
      <Property name="Angle" value="88.3511"/>
      <Property name="Filename" value="/Objects/pipe_straight.hs"/>
    </Properties>
  </Object>
  <Object name="Obj17">
    <AbsoluteLocation value="2.085369 13.486755"/>
    <Properties>
      <Property name="Angle" value="0"/>
      <Property name="Filename" value="/Objects/pipe_spout_base.hs"/>
    </Properties>
  </Object>
  <Object name="Obj5">
    <AbsoluteLocation value="-9.961382 47.836971"/>
    <Properties>
      <Property name="Angle" value="84.0967"/>
      <Property name="Filename" value="/Objects/pipe_straight.hs"/>
    </Properties>
  </Object>
  <Object name="Obj7">
    <AbsoluteLocation value="-3.339845 55.145264"/>
    <Properties>
      <Property name="Angle" value="88.3011"/>
      <Property name="Filename" value="/Objects/pipe_spout_base.hs"/>
    </Properties>
  </Object>
  <Object name="Obj4">
    <AbsoluteLocation value="0.372318 59.739029"/>
    <Properties>
      <Property name="Angle" value="89.3568"/>
      <Property name="Filename" value="/Objects/pipe_straight.hs"/>
    </Properties>
  </Object>
  <Object name="Obj6">
    <AbsoluteLocation value="0.282604 58.533020"/>
    <Properties>
      <Property name="Angle" value="-0.629959"/>
      <Property name="Filename" value="/Objects/pipe_spout_base.hs"/>
    </Properties>
  </Object>
  <Object name="Spout2">
    <AbsoluteLocation value="0.482687 64.759598"/>
    <Properties>
      <Property name="Angle" value="-0.83931"/>
      <Property name="ConnectedSpout0" value="Spout4"/>
      <Property name="ConnectedSpoutProbability0" value="1"/>
      <Property name="Filename" value="/Objects/basic_drain.hs"/>
      <Property name="Type" value="spout"/>
    </Properties>
  </Object>
  <Object name="FluidConverter3">
    <AbsoluteLocation value="0.052588 55.079018"/>
    <Properties>
      <Property name="Angle" value="-1.08416"/>
      <Property name="Filename" value="/Objects/converter_static_murky.hs"/>
      <Property name="FluidType" value="contaminatedwater"/>
      <Property name="Type" value="fluidconverter"/>
    </Properties>
  </Object>
  <Object name="Spout4">
    <AbsoluteLocation value="-12.514557 41.946720"/>
    <Properties>
      <Property name="Angle" value="-136.782"/>
      <Property name="ConnectedConverter" value="FluidConverter3"/>
      <Property name="Filename" value="/Objects/shower_head.hs"/>
      <Property name="FluidType" value="Water"/>
      <Property name="NumberParticles" value="0"/>
      <Property name="ParticleSpeed" value="20"/>
      <Property name="Type" value="spout"/>
    </Properties>
  </Object>
  <Object name="Spout7">
    <AbsoluteLocation value="2.331057 17.577988"/>
    <Properties>
      <Property name="Angle" value="-2.12465"/>
      <Property name="ConnectedSpout0" value="Spout9"/>
      <Property name="ConnectedSpoutProbability0" value="1"/>
      <Property name="Filename" value="/Objects/basic_drain.hs"/>
      <Property name="Type" value="spout"/>
    </Properties>
  </Object>
  <Object name="FluidConverter8">
    <AbsoluteLocation value="1.967819 10.136639"/>
    <Properties>
      <Property name="Angle" value="0"/>
      <Property name="Filename" value="/Objects/converter_static_sludge.hs"/>
      <Property name="FluidType" value="lava"/>
      <Property name="Type" value="fluidconverter"/>
    </Properties>
  </Object>
  <Object name="Spout9">
    <AbsoluteLocation value="1.732725 3.024994"/>
    <Properties>
      <Property name="Angle" value="-88.5879"/>
      <Property name="ConnectedConverter" value="FluidConverter8"/>
      <Property name="Filename" value="/Objects/shower_head.hs"/>
      <Property name="FluidType" value="Water"/>
      <Property name="NumberParticles" value="0"/>
      <Property name="ParticleSpeed" value="15"/>
      <Property name="Type" value="spout"/>
    </Properties>
  </Object>
  <Object name="Spout21">
    <AbsoluteLocation value="1.248217 -25.360302"/>
    <Properties>
      <Property name="Angle" value="-1.14513"/>
      <Property name="ConnectedSpout0" value="Spout24"/>
      <Property name="ConnectedSpoutProbability0" value="1"/>
      <Property name="Filename" value="/Objects/basic_drain.hs"/>
      <Property name="Type" value="spout"/>
    </Properties>
  </Object>
  <Object name="Spout23">
    <AbsoluteLocation value="-19.728571 -25.939770"/>
    <Properties>
      <Property name="Angle" value="-1.14513"/>
      <Property name="ConnectedSpout0" value="Spout25"/>
      <Property name="ConnectedSpoutProbability0" value="1"/>
      <Property name="Filename" value="/Objects/basic_drain.hs"/>
      <Property name="Type" value="spout"/>
    </Properties>
  </Object>
  <Object name="FluidConverter27">
    <AbsoluteLocation value="1.356208 -38.238960"/>
    <Properties>
      <Property name="Angle" value="-0.57609"/>
      <Property name="Filename" value="/Objects/converter_static_water.hs"/>
      <Property name="FluidType" value="water"/>
      <Property name="Type" value="fluidconverter"/>
    </Properties>
  </Object>
  <Object name="Spout22">
    <AbsoluteLocation value="18.828388 -25.507324"/>
    <Properties>
      <Property name="Angle" value="-1.14513"/>
      <Property name="ConnectedSpout0" value="Spout26"/>
      <Property name="ConnectedSpoutProbability0" value="1"/>
      <Property name="Filename" value="/Objects/basic_drain.hs"/>
      <Property name="Type" value="spout"/>
    </Properties>
  </Object>
  <Object name="Obj73">
    <AbsoluteLocation value="-5.787171 -87.351341"/>
    <Properties>
      <Property name="Angle" value="-66.8777"/>
      <Property name="Filename" value="/Objects/pipe_straight.hs"/>
    </Properties>
  </Object>
  <Object name="Obj72">
    <AbsoluteLocation value="-3.282425 -90.291130"/>
    <Properties>
      <Property name="Angle" value="-338.437"/>
      <Property name="Filename" value="/Objects/pipe_connector_90.hs"/>
    </Properties>
  </Object>
  <Object name="Spout28">
    <AbsoluteLocation value="-6.772149 -84.291794"/>
    <Properties>
      <Property name="Angle" value="9.31819"/>
      <Property name="ConnectedSpout0" value="SWAMPY_SPOUT"/>
      <Property name="ConnectedSpoutProbability0" value="1"/>
      <Property name="Filename" value="/Objects/broken_pipe.hs"/>
      <Property name="Type" value="spout"/>
    </Properties>
  </Object>
  <Object name="Obj75">
    <AbsoluteLocation value="3.271534 -88.824760"/>
    <Properties>
      <Property name="Angle" value="27.2565"/>
      <Property name="Filename" value="/Objects/pipe_connector_end.hs"/>
    </Properties>
  </Object>
  <Object name="Star77">
    <AbsoluteLocation value="-23.341511 -56.849628"/>
    <Properties>
      <Property name="Angle" value="0"/>
      <Property name="Filename" value="/Objects/star.hs"/>
      <Property name="Type" value="star"/>
    </Properties>
  </Object>
  <Object name="Star78">
    <AbsoluteLocation value="-8.071972 -65.450851"/>
    <Properties>
      <Property name="Angle" value="0"/>
      <Property name="Filename" value="/Objects/star.hs"/>
      <Property name="Type" value="star"/>
    </Properties>
  </Object>
  <Object name="Star79">
    <AbsoluteLocation value="-18.903193 76.159309"/>
    <Properties>
      <Property name="Angle" value="0"/>
      <Property name="Filename" value="/Objects/star.hs"/>
      <Property name="Type" value="star"/>
    </Properties>
  </Object>
  <Object name="Collectible80">
    <AbsoluteLocation value="16.500708 -6.263615"/>
    <Properties>
      <Property name="Angle" value="0"/>
      <Property name="Filename" value="/Objects/z_collectible_25.hs"/>
      <Property name="PlatinumType" value="normal"/>
      <Property name="Type" value="collectible"/>
    </Properties>
  </Object>
  <Object name="Obj77">
    <AbsoluteLocation value="-8.435641 53.620647"/>
    <Properties>
      <Property name="Angle" value="-90.8876"/>
      <Property name="Filename" value="/Objects/pipe_connector_90.hs"/>
    </Properties>
  </Object>
  <Object name="Spout24">
    <AbsoluteLocation value="-0.202108 -52.556774"/>
    <Properties>
      <Property name="Angle" value="-95.8579"/>
      <Property name="ConnectedConverter" value="FluidConverter27"/>
      <Property name="Filename" value="/Objects/shower_head.hs"/>
      <Property name="FluidType" value="Water"/>
      <Property name="NumberParticles" value="0"/>
      <Property name="ParticleSpeed" value="15"/>
      <Property name="Type" value="spout"/>
    </Properties>
  </Object>
  <Object name="Obj43">
    <AbsoluteLocation value="17.026314 -37.323174"/>
    <Properties>
      <Property name="Angle" value="87.957"/>
      <Property name="Filename" value="/Objects/pipe_connector_90.hs"/>
    </Properties>
  </Object>
  <Object name="Obj47">
    <AbsoluteLocation value="-12.831753 -38.790417"/>
    <Properties>
      <Property name="Angle" value="91.0436"/>
      <Property name="Filename" value="/Objects/pipe_elbow_1.hs"/>
    </Properties>
  </Object>
  <Object name="Obj48">
    <AbsoluteLocation value="-13.424949 -43.204380"/>
    <Properties>
      <Property name="Angle" value="91.0709"/>
      <Property name="Filename" value="/Objects/pipe_straight.hs"/>
    </Properties>
  </Object>
  <Object name="Obj49">
    <AbsoluteLocation value="-13.677469 -47.297409"/>
    <Properties>
      <Property name="Angle" value="-88.9441"/>
      <Property name="Filename" value="/Objects/pipe_bend_1.hs"/>
    </Properties>
  </Object>
  <Object name="Obj50">
    <AbsoluteLocation value="-15.939188 -50.432281"/>
    <Properties>
      <Property name="Angle" value="54.9952"/>
      <Property name="Filename" value="/Objects/pipe_straight.hs"/>
    </Properties>
  </Object>
  <Object name="Spout26">
    <AbsoluteLocation value="-19.484024 -53.921486"/>
    <Properties>
      <Property name="Angle" value="-148.663"/>
      <Property name="ConnectedConverter" value="FluidConverter27"/>
      <Property name="Filename" value="/Objects/shower_head.hs"/>
      <Property name="FluidType" value="Water"/>
      <Property name="NumberParticles" value="0"/>
      <Property name="ParticleSpeed" value="15"/>
      <Property name="Type" value="spout"/>
    </Properties>
  </Object>
  <Object name="Obj52">
    <AbsoluteLocation value="-18.797735 -34.073654"/>
    <Properties>
      <Property name="Angle" value="-2.0828"/>
      <Property name="Filename" value="/Objects/pipe_connector_90.hs"/>
    </Properties>
  </Object>
  <Object name="Obj54">
    <AbsoluteLocation value="-2.013650 -30.124495"/>
    <Properties>
      <Property name="Angle" value="43.8365"/>
      <Property name="Filename" value="/Objects/pipe_bend_2.hs"/>
    </Properties>
  </Object>
  <Object name="Obj55">
    <AbsoluteLocation value="-4.745353 -32.567009"/>
    <Properties>
      <Property name="Angle" value="46.6234"/>
      <Property name="Filename" value="/Objects/pipe_straight.hs"/>
    </Properties>
  </Object>
  <Object name="Obj57">
    <AbsoluteLocation value="1.602146 -30.454508"/>
    <Properties>
      <Property name="Angle" value="-7.0595"/>
      <Property name="Filename" value="/Objects/pipe_straight.hs"/>
    </Properties>
  </Object>
  <Object name="Obj58">
    <AbsoluteLocation value="7.392811 -31.106745"/>
    <Properties>
      <Property name="Angle" value="-5.50212"/>
      <Property name="Filename" value="/Objects/pipe_straight.hs"/>
    </Properties>
  </Object>
  <Object name="Obj59">
    <AbsoluteLocation value="11.205807 -32.779518"/>
    <Properties>
      <Property name="Angle" value="-187.591"/>
      <Property name="Filename" value="/Objects/pipe_connector_90.hs"/>
    </Properties>
  </Object>
  <Object name="Obj61">
    <AbsoluteLocation value="12.013756 -43.319328"/>
    <Properties>
      <Property name="Angle" value="-2.71998"/>
      <Property name="Filename" value="/Objects/pipe_connector_90.hs"/>
    </Properties>
  </Object>
  <Object name="Obj63">
    <AbsoluteLocation value="20.084972 -45.533371"/>
    <Properties>
      <Property name="Angle" value="-2.21776"/>
      <Property name="Filename" value="/Objects/pipe_elbow_1.hs"/>
    </Properties>
  </Object>
  <Object name="Obj64">
    <AbsoluteLocation value="20.700745 -49.013996"/>
    <Properties>
      <Property name="Angle" value="-90.5609"/>
      <Property name="Filename" value="/Objects/pipe_straight.hs"/>
    </Properties>
  </Object>
  <Object name="Spout25">
    <AbsoluteLocation value="21.382589 -52.673489"/>
    <Properties>
      <Property name="Angle" value="-62.1001"/>
      <Property name="Filename" value="/Objects/shower_head.hs"/>
      <Property name="FluidType" value="Water"/>
      <Property name="NumberParticles" value="0"/>
      <Property name="ParticleSpeed" value="15"/>
      <Property name="Type" value="spout"/>
    </Properties>
  </Object>
  <Object name="Ducky79">
    <AbsoluteLocation value="-26.448719 -90.973000"/>
    <Properties>
      <Property name="Angle" value="0"/>
      <Property name="Filename" value="/Objects/star_baby.hs"/>
      <Property name="StarType" value="baby"/>
      <Property name="Type" value="star"/>
    </Properties>
  </Object>
  <Object name="Ducky78">
    <AbsoluteLocation value="-19.054424 -81.850601"/>
    <Properties>
      <Property name="Angle" value="0"/>
      <Property name="Filename" value="/Objects/star_baby.hs"/>
      <Property name="StarType" value="baby"/>
      <Property name="Type" value="star"/>
    </Properties>
  </Object>
  <Object name="Ducky76">
    <AbsoluteLocation value="-15.108311 -68.762436"/>
    <Properties>
      <Property name="Angle" value="0"/>
      <Property name="Filename" value="/Objects/star_baby.hs"/>
      <Property name="StarType" value="baby"/>
      <Property name="Type" value="star"/>
    </Properties>
  </Object>
  <Object name="Ducky81">
    <AbsoluteLocation value="29.251606 -67.821335"/>
    <Properties>
      <Property name="Angle" value="0"/>
      <Property name="Filename" value="/Objects/star_baby.hs"/>
      <Property name="StarType" value="baby"/>
      <Property name="Type" value="star"/>
    </Properties>
  </Object>
  <Object name="Ducky74">
    <AbsoluteLocation value="-6.358486 -65.758003"/>
    <Properties>
      <Property name="Angle" value="0"/>
      <Property name="Filename" value="/Objects/star_baby.hs"/>
      <Property name="StarType" value="baby"/>
      <Property name="Type" value="star"/>
    </Properties>
  </Object>
  <Object name="Ducky80">
    <AbsoluteLocation value="25.264835 -64.872635"/>
    <Properties>
      <Property name="Angle" value="0"/>
      <Property name="Filename" value="/Objects/star_baby.hs"/>
      <Property name="StarType" value="baby"/>
      <Property name="Type" value="star"/>
    </Properties>
  </Object>
  <Object name="Ducky73">
    <AbsoluteLocation value="-26.667530 -59.994865"/>
    <Properties>
      <Property name="Angle" value="0"/>
      <Property name="Filename" value="/Objects/star_baby.hs"/>
      <Property name="StarType" value="baby"/>
      <Property name="Type" value="star"/>
    </Properties>
  </Object>
  <Object name="Ducky72">
    <AbsoluteLocation value="-23.174183 -56.141792"/>
    <Properties>
      <Property name="Angle" value="0"/>
      <Property name="Filename" value="/Objects/star_baby.hs"/>
      <Property name="StarType" value="baby"/>
      <Property name="Type" value="star"/>
    </Properties>
  </Object>
  <Object name="Ducky67">
    <AbsoluteLocation value="21.503288 75.353073"/>
    <Properties>
      <Property name="Angle" value="0"/>
      <Property name="Filename" value="/Objects/star_baby.hs"/>
      <Property name="StarType" value="baby"/>
      <Property name="Type" value="star"/>
    </Properties>
  </Object>
  <Object name="Ducky70">
    <AbsoluteLocation value="-20.281246 85.531250"/>
    <Properties>
      <Property name="Angle" value="0"/>
      <Property name="Filename" value="/Objects/star_baby.hs"/>
      <Property name="StarType" value="baby"/>
      <Property name="Type" value="star"/>
    </Properties>
  </Object>
  <Room>
    <AbsoluteLocation value="15.600002 -82.000008"/>
  </Room>
</Objects>
