<?xml version="1.0"?>
<Objects>
  <Object name="Obj12">
    <AbsoluteLocation value="-22.741001 -6.493512"/>
    <Properties>
      <Property name="Angle" value="-88.5865"/>
      <Property name="Filename" value="/Objects/pipe_elbow_2.hs"/>
    </Properties>
  </Object>
  <Object name="Obj11">
    <AbsoluteLocation value="-26.352686 -7.254686"/>
    <Properties>
      <Property name="Angle" value="1.63067"/>
      <Property name="Filename" value="/Objects/pipe_straight.hs"/>
    </Properties>
  </Object>
  <Object name="Obj10">
    <AbsoluteLocation value="-30.686138 -22.762350"/>
    <Properties>
      <Property name="Angle" value="91.9858"/>
      <Property name="Filename" value="/Objects/pipe_straight_long.hs"/>
    </Properties>
  </Object>
  <Object name="Obj8">
    <AbsoluteLocation value="-21.959066 -28.422478"/>
    <Properties>
      <Property name="Angle" value="240.689"/>
      <Property name="Filename" value="/Objects/pipe_straight_long.hs"/>
    </Properties>
  </Object>
  <Object name="4">
    <AbsoluteLocation value="13.410286 -21.745573"/>
    <Properties>
      <Property name="Angle" value="102.898"/>
      <Property name="Filename" value="/Objects/pipe_straight.hs"/>
    </Properties>
  </Object>
  <Object name="Spout6">
    <AbsoluteLocation value="13.353899 -18.149847"/>
    <Properties>
      <Property name="Angle" value="-17.2663"/>
      <Property name="ConnectedSpout0" value="SWAMPY_SPOUT"/>
      <Property name="ConnectedSpoutProbability0" value="1"/>
      <Property name="Filename" value="/Objects/broken_pipe.hs"/>
      <Property name="Type" value="spout"/>
    </Properties>
  </Object>
  <Object name="Spout9">
    <AbsoluteLocation value="-18.822649 -23.136509"/>
    <Properties>
      <Property name="Angle" value="62.7972"/>
      <Property name="Filename" value="/Objects/shower_head.hs"/>
      <Property name="FluidType" value="Water"/>
      <Property name="NumberParticles" value="0"/>
      <Property name="ParticleSpeed" value="55"/>
      <Property name="Type" value="spout"/>
    </Properties>
  </Object>
  <Object name="Star7">
    <AbsoluteLocation value="27.146738 35.116665"/>
    <Properties>
      <Property name="Angle" value="0"/>
      <Property name="Filename" value="/Objects/star.hs"/>
      <Property name="Type" value="star"/>
    </Properties>
  </Object>
  <Object name="Star8">
    <AbsoluteLocation value="-13.602805 19.157654"/>
    <Properties>
      <Property name="Angle" value="0"/>
      <Property name="Filename" value="/Objects/star.hs"/>
      <Property name="Type" value="star"/>
    </Properties>
  </Object>
  <Object name="Star9">
    <AbsoluteLocation value="26.390167 -3.877254"/>
    <Properties>
      <Property name="Angle" value="0"/>
      <Property name="Filename" value="/Objects/star.hs"/>
      <Property name="Type" value="star"/>
    </Properties>
  </Object>
  <Object name="Spout10">
    <AbsoluteLocation value="-22.222992 -4.016352"/>
    <Properties>
      <Property name="Angle" value="0"/>
      <Property name="ConnectedSpout0" value="Spout9"/>
      <Property name="ConnectedSpoutProbability0" value="1"/>
      <Property name="Filename" value="/Objects/basic_drain.hs"/>
      <Property name="Type" value="spout"/>
    </Properties>
  </Object>
  <Object name="Obj13">
    <AbsoluteLocation value="-31.091988 -13.553484"/>
    <Properties>
      <Property name="Angle" value="92.8552"/>
      <Property name="Filename" value="/Objects/pipe_straight_long.hs"/>
    </Properties>
  </Object>
  <Object name="Obj14">
    <AbsoluteLocation value="-30.663038 -8.096012"/>
    <Properties>
      <Property name="Angle" value="91.997"/>
      <Property name="Filename" value="/Objects/pipe_elbow_1.hs"/>
    </Properties>
  </Object>
  <Object name="Obj14">
    <AbsoluteLocation value="-30.354069 -28.056242"/>
    <Properties>
      <Property name="Angle" value="146.623"/>
      <Property name="Filename" value="/Objects/pipe_bend_2.hs"/>
    </Properties>
  </Object>
  <Object name="Obj15">
    <AbsoluteLocation value="-27.414391 -30.078053"/>
    <Properties>
      <Property name="Angle" value="150.958"/>
      <Property name="Filename" value="/Objects/pipe_straight.hs"/>
    </Properties>
  </Object>
  <Object name="Obj16">
    <AbsoluteLocation value="-24.214542 -31.048485"/>
    <Properties>
      <Property name="Angle" value="-118.382"/>
      <Property name="Filename" value="/Objects/pipe_elbow_1.hs"/>
    </Properties>
  </Object>
  <Object name="Ducky18">
    <AbsoluteLocation value="24.799999 34.400002"/>
    <Properties>
      <Property name="Angle" value="-2.0142"/>
      <Property name="Filename" value="/Objects/star_teleport.hs"/>
      <Property name="StarType" value="teleport"/>
      <Property name="Type" value="star"/>
    </Properties>
  </Object>
  <Object name="Ducky19">
    <AbsoluteLocation value="27.200001 -0.400000"/>
    <Properties>
      <Property name="Angle" value="0"/>
      <Property name="Filename" value="/Objects/star_teleport.hs"/>
      <Property name="StarType" value="teleport"/>
      <Property name="Type" value="star"/>
    </Properties>
  </Object>
  <Object name="Ducky20">
    <AbsoluteLocation value="22.420815 -6.669868"/>
    <Properties>
      <Property name="Angle" value="0"/>
      <Property name="Filename" value="/Objects/star_teleport.hs"/>
      <Property name="StarType" value="teleport"/>
      <Property name="Type" value="star"/>
    </Properties>
  </Object>
  <Object name="Ducky21">
    <AbsoluteLocation value="-3.230242 -33.477180"/>
    <Properties>
      <Property name="Angle" value="0"/>
      <Property name="Filename" value="/Objects/star_teleport.hs"/>
      <Property name="StarType" value="teleport"/>
      <Property name="Type" value="star"/>
    </Properties>
  </Object>
  <Object name="Ducky22">
    <AbsoluteLocation value="-17.560368 -34.156090"/>
    <Properties>
      <Property name="Angle" value="0"/>
      <Property name="Filename" value="/Objects/star_teleport.hs"/>
      <Property name="StarType" value="teleport"/>
      <Property name="Type" value="star"/>
    </Properties>
  </Object>
  <Object name="Ducky23">
    <AbsoluteLocation value="18.400000 38.400002"/>
    <Properties>
      <Property name="Angle" value="-3.91979"/>
      <Property name="Filename" value="/Objects/star_teleport.hs"/>
      <Property name="StarType" value="teleport"/>
      <Property name="Type" value="star"/>
    </Properties>
  </Object>
  <Room>
    <AbsoluteLocation value="18.800001 -34.000000"/>
  </Room>
</Objects>
