<?xml version="1.0"?>
<Objects>
  <Object name="Ducky53">
    <AbsoluteLocation value="-11.250000 15.843750"/>
    <Properties>
      <Property name="Angle" value="0"/>
      <Property name="Filename" value="/Objects/star_teleport.hs"/>
      <Property name="StarType" value="teleport"/>
      <Property name="TeleportWaitTime" value="6.0"/>
      <Property name="Type" value="star"/>
    </Properties>
  </Object>
  <Object name="Ducky55">
    <AbsoluteLocation value="4.456409 5.537973"/>
    <Properties>
      <Property name="Angle" value="0"/>
      <Property name="CutsRock" value="1"/>
      <Property name="Filename" value="/Objects/star_teleport.hs"/>
      <Property name="StarType" value="teleport"/>
      <Property name="Type" value="star"/>
    </Properties>
  </Object>
  <Object name="Ducky54">
    <AbsoluteLocation value="16.292065 6.833103"/>
    <Properties>
      <Property name="Angle" value="0"/>
      <Property name="Filename" value="/Objects/star_teleport.hs"/>
      <Property name="StarType" value="teleport"/>
      <Property name="TeleportWaitTime" value="6.0"/>
      <Property name="Type" value="star"/>
    </Properties>
  </Object>
  <Object name="Star17">
    <AbsoluteLocation value="22.095556 6.846548"/>
    <Properties>
      <Property name="Angle" value="0"/>
      <Property name="Filename" value="/Objects/star.hs"/>
      <Property name="Type" value="star"/>
    </Properties>
  </Object>
  <Object name="Obj3">
    <AbsoluteLocation value="21.845798 8.337052"/>
    <Properties>
      <Property name="Angle" value="0.189659"/>
      <Property name="Filename" value="/Objects/wall_24x8.hs"/>
      <Property name="MotorMoveSpeed" value="20"/>
      <Property name="PathPos0" value="0 0"/>
      <Property name="PathPos1" value="20 0"/>
    </Properties>
  </Object>
  <Object name="Obj44">
    <AbsoluteLocation value="21.992609 8.864521"/>
    <Properties>
      <Property name="Angle" value="-0.330248"/>
      <Property name="Filename" value="/Objects/path_locking_end.hs"/>
    </Properties>
  </Object>
  <Object name="Obj43">
    <AbsoluteLocation value="-26.698458 -1.162424"/>
    <Properties>
      <Property name="Angle" value="78.2669"/>
      <Property name="Filename" value="/Objects/pipe_into_wall_1.hs"/>
    </Properties>
  </Object>
  <Object name="Obj37">
    <AbsoluteLocation value="3.719089 -6.922916"/>
    <Properties>
      <Property name="Angle" value="1.35446"/>
      <Property name="Filename" value="/Objects/pipe_straight.hs"/>
    </Properties>
  </Object>
  <Object name="Obj36">
    <AbsoluteLocation value="10.783121 -12.664083"/>
    <Properties>
      <Property name="Angle" value="92.1685"/>
      <Property name="Filename" value="/Objects/pipe_straight.hs"/>
    </Properties>
  </Object>
  <Object name="Obj34">
    <AbsoluteLocation value="10.322123 -20.793165"/>
    <Properties>
      <Property name="Angle" value="-81.5295"/>
      <Property name="Filename" value="/Objects/pipe_bend_1.hs"/>
    </Properties>
  </Object>
  <Object name="Obj12">
    <AbsoluteLocation value="0.145699 -45.064602"/>
    <Properties>
      <Property name="Angle" value="-95.8447"/>
      <Property name="Filename" value="/Objects/pipe_elbow_2.hs"/>
    </Properties>
  </Object>
  <Object name="Obj17">
    <AbsoluteLocation value="24.885515 -18.844931"/>
    <Properties>
      <Property name="Angle" value="84.4046"/>
      <Property name="Filename" value="/Objects/pipe_straight.hs"/>
    </Properties>
  </Object>
  <Object name="Switch2">
    <AbsoluteLocation value="-19.197428 -1.863952"/>
    <Properties>
      <Property name="Angle" value="-89.2526"/>
      <Property name="ConnectedObject0" value="Obj3"/>
      <Property name="Filename" value="/Objects/switch.hs"/>
      <Property name="Type" value="switch"/>
    </Properties>
  </Object>
  <Object name="Switch3">
    <AbsoluteLocation value="2.210175 -2.023270"/>
    <Properties>
      <Property name="Angle" value="0.071807"/>
      <Property name="ConnectedObject0" value="Obj4"/>
      <Property name="Filename" value="/Objects/switch_blue.hs"/>
      <Property name="Type" value="switch"/>
    </Properties>
  </Object>
  <Object name="Obj4">
    <AbsoluteLocation value="21.704536 2.018023"/>
    <Properties>
      <Property name="Angle" value="0"/>
      <Property name="Filename" value="/Objects/wall_24x8_blue.hs"/>
      <Property name="MotorMoveSpeed" value="20"/>
      <Property name="PathPos0" value="0 0"/>
      <Property name="PathPos1" value="20 0"/>
    </Properties>
  </Object>
  <Object name="Spout4">
    <AbsoluteLocation value="-2.449611 -44.264153"/>
    <Properties>
      <Property name="Angle" value="51.97"/>
      <Property name="ConnectedSpout0" value="Spout6"/>
      <Property name="ConnectedSpoutProbability0" value="1"/>
      <Property name="Filename" value="/Objects/basic_drain.hs"/>
      <Property name="Type" value="spout"/>
    </Properties>
  </Object>
  <Object name="Obj12">
    <AbsoluteLocation value="1.111978 31.066797"/>
    <Properties>
      <Property name="Angle" value="-179.63"/>
      <Property name="Filename" value="/Objects/pipe_spout_base.hs"/>
      <Property name="Parent" value="SLIDER"/>
    </Properties>
  </Object>
  <Object name="Spout6">
    <AbsoluteLocation value="1.024801 28.920288"/>
    <Properties>
      <Property name="Angle" value="-87.8159"/>
      <Property name="ConnectedConverter" value="FluidConverter5"/>
      <Property name="ExpulsionAngleVariation" value="12"/>
      <Property name="Filename" value="/Objects/shower_head.hs"/>
      <Property name="FluidType" value="Water"/>
      <Property name="NumberParticles" value="0"/>
      <Property name="Parent" value="SLIDER"/>
      <Property name="Type" value="spout"/>
    </Properties>
  </Object>
  <Object name="SLIDER">
    <AbsoluteLocation value="1.241156 34.734058"/>
    <Properties>
      <Property name="Angle" value="-0.140909"/>
      <Property name="Filename" value="/Objects/wall_24x8_locking_updown.hs"/>
      <Property name="PathPos0" value="-30 0"/>
      <Property name="PathPos1" value="30 0"/>
    </Properties>
  </Object>
  <Object name="Obj13">
    <AbsoluteLocation value="3.683311 -27.657232"/>
    <Properties>
      <Property name="Angle" value="43.924"/>
      <Property name="Filename" value="/Objects/pipe_straight.hs"/>
    </Properties>
  </Object>
  <Object name="Obj15">
    <AbsoluteLocation value="9.516374 -8.152698"/>
    <Properties>
      <Property name="Angle" value="-178.554"/>
      <Property name="Filename" value="/Objects/pipe_connector_90.hs"/>
    </Properties>
  </Object>
  <Object name="Spout15">
    <AbsoluteLocation value="25.236217 -13.964722"/>
    <Properties>
      <Property name="Angle" value="0.431875"/>
      <Property name="ConnectedSpout0" value="SWAMPY_SPOUT"/>
      <Property name="ConnectedSpoutProbability0" value="1"/>
      <Property name="Filename" value="/Objects/broken_pipe.hs"/>
      <Property name="Type" value="spout"/>
    </Properties>
  </Object>
  <Object name="Obj18">
    <AbsoluteLocation value="24.459036 -21.699005"/>
    <Properties>
      <Property name="Angle" value="-103.418"/>
      <Property name="Filename" value="/Objects/pipe_connector_end.hs"/>
    </Properties>
  </Object>
  <Object name="Star16">
    <AbsoluteLocation value="16.548458 13.929337"/>
    <Properties>
      <Property name="Angle" value="0"/>
      <Property name="Filename" value="/Objects/star.hs"/>
      <Property name="Type" value="star"/>
    </Properties>
  </Object>
  <Object name="Star18">
    <AbsoluteLocation value="-5.581461 -30.241066"/>
    <Properties>
      <Property name="Angle" value="0"/>
      <Property name="Filename" value="/Objects/star.hs"/>
      <Property name="Type" value="star"/>
    </Properties>
  </Object>
  <Object name="Obj22">
    <AbsoluteLocation value="10.798010 -19.467430"/>
    <Properties>
      <Property name="Angle" value="-180.16"/>
      <Property name="Filename" value="/Objects/pipe_spout_base.hs"/>
    </Properties>
  </Object>
  <Object name="Obj23">
    <AbsoluteLocation value="10.532222 -12.588440"/>
    <Properties>
      <Property name="Angle" value="-359.703"/>
      <Property name="Filename" value="/Objects/pipe_spout_base.hs"/>
    </Properties>
  </Object>
  <Object name="FluidConverter5">
    <AbsoluteLocation value="10.640525 -15.958017"/>
    <Properties>
      <Property name="Angle" value="-360.029"/>
      <Property name="Filename" value="/Objects/converter_dynamic_all.hs"/>
      <Property name="FluidType0" value="water"/>
      <Property name="FluidType1" value="contaminatedwater"/>
      <Property name="FluidType2" value="lava"/>
      <Property name="Type" value="fluidconverter"/>
    </Properties>
  </Object>
  <Object name="Obj24">
    <AbsoluteLocation value="-21.856293 34.916241"/>
    <Properties>
      <Property name="Angle" value="-0.120057"/>
      <Property name="Filename" value="/Objects/path_locking_end.hs"/>
    </Properties>
  </Object>
  <Object name="Obj25">
    <AbsoluteLocation value="22.128395 34.824036"/>
    <Properties>
      <Property name="Angle" value="-0.120057"/>
      <Property name="Filename" value="/Objects/path_locking_end_right.hs"/>
    </Properties>
  </Object>
  <Object name="Obj26">
    <AbsoluteLocation value="-16.969101 34.905972"/>
    <Properties>
      <Property name="Angle" value="-0.120057"/>
      <Property name="Filename" value="/Objects/path_locking_mid.hs"/>
    </Properties>
  </Object>
  <Object name="Obj27">
    <AbsoluteLocation value="-12.081913 34.895756"/>
    <Properties>
      <Property name="Angle" value="-0.120057"/>
      <Property name="Filename" value="/Objects/path_locking_mid.hs"/>
    </Properties>
  </Object>
  <Object name="Obj28">
    <AbsoluteLocation value="-7.194733 34.885517"/>
    <Properties>
      <Property name="Angle" value="-0.120057"/>
      <Property name="Filename" value="/Objects/path_locking_mid.hs"/>
    </Properties>
  </Object>
  <Object name="Obj29">
    <AbsoluteLocation value="-2.307541 34.875252"/>
    <Properties>
      <Property name="Angle" value="-0.120057"/>
      <Property name="Filename" value="/Objects/path_locking_mid.hs"/>
    </Properties>
  </Object>
  <Object name="Obj30">
    <AbsoluteLocation value="2.579643 34.865025"/>
    <Properties>
      <Property name="Angle" value="-0.120057"/>
      <Property name="Filename" value="/Objects/path_locking_mid.hs"/>
    </Properties>
  </Object>
  <Object name="Obj31">
    <AbsoluteLocation value="7.466835 34.854759"/>
    <Properties>
      <Property name="Angle" value="-0.120057"/>
      <Property name="Filename" value="/Objects/path_locking_mid.hs"/>
    </Properties>
  </Object>
  <Object name="Obj32">
    <AbsoluteLocation value="12.354018 34.844521"/>
    <Properties>
      <Property name="Angle" value="-0.120057"/>
      <Property name="Filename" value="/Objects/path_locking_mid.hs"/>
    </Properties>
  </Object>
  <Object name="Obj33">
    <AbsoluteLocation value="17.241205 34.834305"/>
    <Properties>
      <Property name="Angle" value="-0.120057"/>
      <Property name="Filename" value="/Objects/path_locking_mid.hs"/>
    </Properties>
  </Object>
  <Object name="Obj33">
    <AbsoluteLocation value="1.099076 -30.301172"/>
    <Properties>
      <Property name="Angle" value="93.0061"/>
      <Property name="Filename" value="/Objects/pipe_bend_2.hs"/>
    </Properties>
  </Object>
  <Object name="Obj14">
    <AbsoluteLocation value="7.792719 -23.573545"/>
    <Properties>
      <Property name="Angle" value="45.6069"/>
      <Property name="Filename" value="/Objects/pipe_straight.hs"/>
    </Properties>
  </Object>
  <Object name="Obj35">
    <AbsoluteLocation value="0.946910 -34.403770"/>
    <Properties>
      <Property name="Angle" value="91.2129"/>
      <Property name="Filename" value="/Objects/pipe_straight.hs"/>
    </Properties>
  </Object>
  <Object name="Obj38">
    <AbsoluteLocation value="-2.447904 -6.895990"/>
    <Properties>
      <Property name="Angle" value="-1.49467"/>
      <Property name="Filename" value="/Objects/pipe_straight.hs"/>
    </Properties>
  </Object>
  <Object name="Obj39">
    <AbsoluteLocation value="-8.694637 -6.829192"/>
    <Properties>
      <Property name="Angle" value="0.266452"/>
      <Property name="Filename" value="/Objects/pipe_straight.hs"/>
    </Properties>
  </Object>
  <Object name="Obj40">
    <AbsoluteLocation value="-14.941370 -6.882004"/>
    <Properties>
      <Property name="Angle" value="0.266452"/>
      <Property name="Filename" value="/Objects/pipe_straight.hs"/>
    </Properties>
  </Object>
  <Object name="Obj41">
    <AbsoluteLocation value="-21.188101 -6.894947"/>
    <Properties>
      <Property name="Angle" value="0.266452"/>
      <Property name="Filename" value="/Objects/pipe_straight.hs"/>
    </Properties>
  </Object>
  <Object name="Obj42">
    <AbsoluteLocation value="-26.443132 -5.420444"/>
    <Properties>
      <Property name="Angle" value="-369.613"/>
      <Property name="Filename" value="/Objects/pipe_connector_90.hs"/>
    </Properties>
  </Object>
  <Object name="Obj45">
    <AbsoluteLocation value="36.653961 8.780014"/>
    <Properties>
      <Property name="Angle" value="-0.330248"/>
      <Property name="Filename" value="/Objects/path_locking_end_right.hs"/>
    </Properties>
  </Object>
  <Object name="Obj46">
    <AbsoluteLocation value="26.879728 8.836352"/>
    <Properties>
      <Property name="Angle" value="-0.330248"/>
      <Property name="Filename" value="/Objects/path_locking_mid.hs"/>
    </Properties>
  </Object>
  <Object name="Obj47">
    <AbsoluteLocation value="31.766848 8.808184"/>
    <Properties>
      <Property name="Angle" value="-0.330248"/>
      <Property name="Filename" value="/Objects/path_locking_mid.hs"/>
    </Properties>
  </Object>
  <Object name="Obj48">
    <AbsoluteLocation value="22.143333 1.808909"/>
    <Properties>
      <Property name="Angle" value="-0.330248"/>
      <Property name="Filename" value="/Objects/path_locking_end.hs"/>
    </Properties>
  </Object>
  <Object name="Obj49">
    <AbsoluteLocation value="36.804688 1.724401"/>
    <Properties>
      <Property name="Angle" value="-0.330248"/>
      <Property name="Filename" value="/Objects/path_locking_end_right.hs"/>
    </Properties>
  </Object>
  <Object name="Obj50">
    <AbsoluteLocation value="31.917570 1.752571"/>
    <Properties>
      <Property name="Angle" value="-0.330248"/>
      <Property name="Filename" value="/Objects/path_locking_mid.hs"/>
    </Properties>
  </Object>
  <Object name="Obj51">
    <AbsoluteLocation value="27.030453 1.780740"/>
    <Properties>
      <Property name="Angle" value="-0.330248"/>
      <Property name="Filename" value="/Objects/path_locking_mid.hs"/>
    </Properties>
  </Object>
  <Object name="Obj52">
    <AbsoluteLocation value="0.968909 -40.629036"/>
    <Properties>
      <Property name="Angle" value="89.2031"/>
      <Property name="Filename" value="/Objects/pipe_straight.hs"/>
    </Properties>
  </Object>
  <Object name="Ducky56">
    <AbsoluteLocation value="-22.682602 25.856659"/>
    <Properties>
      <Property name="Angle" value="0"/>
      <Property name="Filename" value="/Objects/star_note_1.hs"/>
      <Property name="StarType" value="note"/>
      <Property name="Type" value="star"/>
    </Properties>
  </Object>
  <Object name="Ducky57">
    <AbsoluteLocation value="16.534138 15.438862"/>
    <Properties>
      <Property name="Angle" value="0"/>
      <Property name="Filename" value="/Objects/star_note_2.hs"/>
      <Property name="StarType" value="note"/>
      <Property name="Type" value="star"/>
    </Properties>
  </Object>
  <Object name="Ducky58">
    <AbsoluteLocation value="-16.400000 -29.599998"/>
    <Properties>
      <Property name="Angle" value="0"/>
      <Property name="Filename" value="/Objects/star_note_4.hs"/>
      <Property name="StarType" value="note"/>
      <Property name="Type" value="star"/>
    </Properties>
  </Object>
  <Object name="Ducky59">
    <AbsoluteLocation value="-25.600000 -34.799999"/>
    <Properties>
      <Property name="Angle" value="0"/>
      <Property name="Filename" value="/Objects/star_note_3.hs"/>
      <Property name="StarType" value="note"/>
      <Property name="Type" value="star"/>
    </Properties>
  </Object>
  <Object name="Ducky60">
    <AbsoluteLocation value="24.000000 -4.000000"/>
    <Properties>
      <Property name="Angle" value="0"/>
      <Property name="Filename" value="/Objects/star_note_5.hs"/>
      <Property name="StarType" value="note"/>
      <Property name="Type" value="star"/>
    </Properties>
  </Object>
  <Room>
    <AbsoluteLocation value="19.600002 -34.800003"/>
  </Room>
</Objects>
