<?xml version="1.0"?>
<Objects>
  <Object name="Object48">
    <AbsoluteLocation value="31.899609 11.511884"/>
    <Properties>
      <Property name="Angle" value="-31.9798"/>
      <Property name="Filename" value="/Objects/pipe_elbow_1.hs"/>
    </Properties>
  </Object>
  <Object name="Object47">
    <AbsoluteLocation value="15.784216 -57.697746"/>
    <Properties>
      <Property name="Angle" value="42.2184"/>
      <Property name="Filename" value="/Objects/pipe_straight_short.hs"/>
    </Properties>
  </Object>
  <Object name="Object43">
    <AbsoluteLocation value="13.124896 -61.251839"/>
    <Properties>
      <Property name="Angle" value="57.2931"/>
      <Property name="Filename" value="/Objects/pipe_straight.hs"/>
    </Properties>
  </Object>
  <Object name="Object42">
    <AbsoluteLocation value="5.844302 -64.065536"/>
    <Properties>
      <Property name="Angle" value="-38.7202"/>
      <Property name="Filename" value="/Objects/pipe_straight.hs"/>
    </Properties>
  </Object>
  <Object name="Obj47">
    <AbsoluteLocation value="29.814819 -4.206944"/>
    <Properties>
      <Property name="Angle" value="-74.1639"/>
      <Property name="Filename" value="/Objects/pipe_straight_long.hs"/>
    </Properties>
  </Object>
  <Object name="Obj45">
    <AbsoluteLocation value="28.010609 -0.282837"/>
    <Properties>
      <Property name="Angle" value="16.8385"/>
      <Property name="Filename" value="/Objects/pipe_elbow_1.hs"/>
    </Properties>
  </Object>
  <Object name="Obj33">
    <AbsoluteLocation value="-0.631140 -55.035042"/>
    <Properties>
      <Property name="Angle" value="269.634"/>
      <Property name="Filename" value="/Objects/pipe_straight.hs"/>
    </Properties>
  </Object>
  <Object name="Obj30">
    <AbsoluteLocation value="2.422843 -61.511978"/>
    <Properties>
      <Property name="Angle" value="-36.0831"/>
      <Property name="Filename" value="/Objects/pipe_straight.hs"/>
    </Properties>
  </Object>
  <Object name="Obj27">
    <AbsoluteLocation value="12.985410 -18.155590"/>
    <Properties>
      <Property name="Angle" value="-32.6372"/>
      <Property name="Filename" value="/Objects/pipe_bend_2.hs"/>
    </Properties>
  </Object>
  <Object name="Obj23">
    <AbsoluteLocation value="8.730018 58.873890"/>
    <Properties>
      <Property name="Angle" value="-54.7242"/>
      <Property name="Filename" value="/Objects/pipe_straight.hs"/>
    </Properties>
  </Object>
  <Object name="Obj23">
    <AbsoluteLocation value="6.956991 61.220310"/>
    <Properties>
      <Property name="Angle" value="-4.04054"/>
      <Property name="Filename" value="/Objects/pipe_bend_2.hs"/>
    </Properties>
  </Object>
  <Object name="Obj20">
    <AbsoluteLocation value="-0.127204 60.918056"/>
    <Properties>
      <Property name="Angle" value="90.3954"/>
      <Property name="Filename" value="/Objects/pipe_elbow_1.hs"/>
    </Properties>
  </Object>
  <Object name="dumbwall">
    <AbsoluteLocation value="-17.061914 41.885509"/>
    <Properties>
      <Property name="Angle" value="90"/>
      <Property name="Filename" value="/Objects/wall_24x8_locking.hs"/>
      <Property name="PathPos0" value="0 0"/>
      <Property name="PathPos1" value="0 -14"/>
    </Properties>
  </Object>
  <Object name="Spout17">
    <AbsoluteLocation value="-0.554870 -50.000000"/>
    <Properties>
      <Property name="Angle" value="90"/>
      <Property name="Filename" value="/Objects/shower_head.hs"/>
      <Property name="FluidType" value="Water"/>
      <Property name="NumberParticles" value="0"/>
      <Property name="ParticleSpeed" value="75"/>
      <Property name="Type" value="spout"/>
    </Properties>
  </Object>
  <Object name="Spout16">
    <AbsoluteLocation value="18.018814 -55.729229"/>
    <Properties>
      <Property name="Angle" value="-48.2861"/>
      <Property name="ConnectedSpout0" value="Spout17"/>
      <Property name="ConnectedSpoutProbability0" value="1"/>
      <Property name="Filename" value="/Objects/basic_drain.hs"/>
      <Property name="Type" value="spout"/>
    </Properties>
  </Object>
  <Object name="Obj22">
    <AbsoluteLocation value="9.584332 58.152969"/>
    <Properties>
      <Property name="Angle" value="-52.7975"/>
      <Property name="Filename" value="/Objects/pipe_connector_end.hs"/>
    </Properties>
  </Object>
  <Object name="Obj24">
    <AbsoluteLocation value="3.184177 61.593483"/>
    <Properties>
      <Property name="Angle" value="-0.105981"/>
      <Property name="Filename" value="/Objects/pipe_straight.hs"/>
    </Properties>
  </Object>
  <Object name="MyWall">
    <AbsoluteLocation value="21.475100 -31.276585"/>
    <Properties>
      <Property name="Angle" value="0"/>
      <Property name="Filename" value="/Objects/wall_24x8_sliding.hs"/>
      <Property name="PathPos0" value="0 0"/>
      <Property name="PathPos1" value="-24 0"/>
    </Properties>
  </Object>
  <Object name="Obj25">
    <AbsoluteLocation value="31.029549 8.982761"/>
    <Properties>
      <Property name="Angle" value="-122.828"/>
      <Property name="Filename" value="/Objects/pipe_into_wall_1.hs"/>
    </Properties>
  </Object>
  <Object name="Obj32">
    <AbsoluteLocation value="9.211508 -65.176537"/>
    <Properties>
      <Property name="Angle" value="55.5438"/>
      <Property name="Filename" value="/Objects/pipe_connector_90.hs"/>
    </Properties>
  </Object>
  <Object name="Obj34">
    <AbsoluteLocation value="1.954621 -31.313122"/>
    <Properties>
      <Property name="Angle" value="0.383741"/>
      <Property name="Filename" value="/Objects/path_locking_end.hs"/>
    </Properties>
  </Object>
  <Object name="Obj35">
    <AbsoluteLocation value="21.502983 -31.182194"/>
    <Properties>
      <Property name="Angle" value="0.383741"/>
      <Property name="Filename" value="/Objects/path_locking_end_right.hs"/>
    </Properties>
  </Object>
  <Object name="Obj36">
    <AbsoluteLocation value="6.839638 -31.293560"/>
    <Properties>
      <Property name="Angle" value="0.383741"/>
      <Property name="Filename" value="/Objects/path_locking_mid.hs"/>
    </Properties>
  </Object>
  <Object name="Obj37">
    <AbsoluteLocation value="11.728802 -31.247654"/>
    <Properties>
      <Property name="Angle" value="0.383741"/>
      <Property name="Filename" value="/Objects/path_locking_mid.hs"/>
    </Properties>
  </Object>
  <Object name="Obj38">
    <AbsoluteLocation value="16.615892 -31.214924"/>
    <Properties>
      <Property name="Angle" value="0.383741"/>
      <Property name="Filename" value="/Objects/path_locking_mid.hs"/>
    </Properties>
  </Object>
  <Object name="Obj39">
    <AbsoluteLocation value="-17.241436 28.416914"/>
    <Properties>
      <Property name="Angle" value="90.135"/>
      <Property name="Filename" value="/Objects/path_locking_end.hs"/>
    </Properties>
  </Object>
  <Object name="Spout42">
    <AbsoluteLocation value="-0.799582 57.694096"/>
    <Properties>
      <Property name="Angle" value="180.604"/>
      <Property name="ConnectedSpout0" value="SWAMPY_SPOUT"/>
      <Property name="ConnectedSpoutProbability0" value="1"/>
      <Property name="Filename" value="/Objects/broken_pipe_cranky.hs"/>
      <Property name="Type" value="spout"/>
    </Properties>
  </Object>
  <Object name="Star44">
    <AbsoluteLocation value="-14.810107 18.872601"/>
    <Properties>
      <Property name="Angle" value="0"/>
      <Property name="Filename" value="/Objects/star_poison.hs"/>
      <Property name="Type" value="star"/>
    </Properties>
  </Object>
  <Object name="Star45">
    <AbsoluteLocation value="-16.530737 -58.881786"/>
    <Properties>
      <Property name="Angle" value="0"/>
      <Property name="Filename" value="/Objects/star_poison.hs"/>
      <Property name="Type" value="star"/>
    </Properties>
  </Object>
  <Object name="Spout43">
    <AbsoluteLocation value="23.324152 -1.096996"/>
    <Properties>
      <Property name="Angle" value="-160.328"/>
      <Property name="Filename" value="/Objects/touch_spout_murky.hs"/>
      <Property name="FluidType" value="ContaminatedWater"/>
      <Property name="Type" value="spout"/>
    </Properties>
  </Object>
  <Object name="Obj46">
    <AbsoluteLocation value="30.830240 -8.902843"/>
    <Properties>
      <Property name="Angle" value="-75.8598"/>
      <Property name="Filename" value="/Objects/pipe_bend_2.hs"/>
    </Properties>
  </Object>
  <Object name="Obj44">
    <AbsoluteLocation value="29.850851 -10.371539"/>
    <Properties>
      <Property name="Angle" value="-129.308"/>
      <Property name="Filename" value="/Objects/pipe_into_wall_1.hs"/>
    </Properties>
  </Object>
  <Object name="Object41">
    <AbsoluteLocation value="-0.526862 -58.889061"/>
    <Properties>
      <Property name="Angle" value="142.495"/>
      <Property name="Filename" value="/Objects/pipe_bend_1.hs"/>
    </Properties>
  </Object>
  <Object name="Object44">
    <AbsoluteLocation value="-17.275970 43.078476"/>
    <Properties>
      <Property name="Angle" value="90.135"/>
      <Property name="Filename" value="/Objects/path_locking_end_right.hs"/>
    </Properties>
  </Object>
  <Object name="Object45">
    <AbsoluteLocation value="-17.252947 33.304100"/>
    <Properties>
      <Property name="Angle" value="90.135"/>
      <Property name="Filename" value="/Objects/path_locking_mid.hs"/>
    </Properties>
  </Object>
  <Object name="Object46">
    <AbsoluteLocation value="-17.264460 38.191288"/>
    <Properties>
      <Property name="Angle" value="90.135"/>
      <Property name="Filename" value="/Objects/path_locking_mid.hs"/>
    </Properties>
  </Object>
  <Object name="Ducky44">
    <AbsoluteLocation value="21.381908 -37.147408"/>
    <Properties>
      <Property name="Angle" value="0"/>
      <Property name="Filename" value="/Objects/star_poison.hs"/>
      <Property name="Type" value="star"/>
    </Properties>
  </Object>
  <Object name="Spout7">
    <AbsoluteLocation value="11.118905 -16.392054"/>
    <Properties>
      <Property name="Angle" value="152.981"/>
      <Property name="Filename" value="/Objects/shower_head.hs"/>
      <Property name="FluidType" value="Water"/>
      <Property name="NumberParticles" value="0"/>
      <Property name="ParticleSpeed" value="46"/>
      <Property name="ParticlesPerSecond" value="15"/>
      <Property name="SprinklerSteps" value="3"/>
      <Property name="SprinklerWidth" value="2"/>
      <Property name="Type" value="spout"/>
    </Properties>
  </Object>
  <Object name="Object50">
    <AbsoluteLocation value="29.832294 12.953126"/>
    <Properties>
      <Property name="Angle" value="-8.33658"/>
      <Property name="Filename" value="/Objects/pipe_straight_short.hs"/>
    </Properties>
  </Object>
  <Object name="Spout8">
    <AbsoluteLocation value="27.756592 14.441053"/>
    <Properties>
      <Property name="Angle" value="44.446"/>
      <Property name="ConnectedSpout0" value="Spout7"/>
      <Property name="ConnectedSpoutProbability0" value="1"/>
      <Property name="Filename" value="/Objects/basic_drain.hs"/>
      <Property name="Type" value="spout"/>
    </Properties>
  </Object>
  <Object name="Object51">
    <AbsoluteLocation value="15.328526 -21.999121"/>
    <Properties>
      <Property name="Angle" value="-139.909"/>
      <Property name="Filename" value="/Objects/pipe_elbow_2.hs"/>
    </Properties>
  </Object>
  <Object name="Obj26">
    <AbsoluteLocation value="17.147888 -21.057049"/>
    <Properties>
      <Property name="Angle" value="52.6217"/>
      <Property name="Filename" value="/Objects/pipe_into_wall_1.hs"/>
    </Properties>
  </Object>
  <Object name="Object52">
    <AbsoluteLocation value="13.651911 -20.083426"/>
    <Properties>
      <Property name="Angle" value="-73.4448"/>
      <Property name="Filename" value="/Objects/pipe_straight_short.hs"/>
    </Properties>
  </Object>
  <Room>
    <AbsoluteLocation value="18.000002 47.599998"/>
  </Room>
  <Properties>
    <Property name="ShowTopEdge" value="1"/>
  </Properties>
</Objects>
