<?xml version="1.0"?>
<Objects>
  <Object name="Object71">
    <AbsoluteLocation value="-4.308281 -44.752602"/>
    <Properties>
      <Property name="Angle" value="-89.0475"/>
      <Property name="Filename" value="/Objects/pipe_straight_short.hs"/>
    </Properties>
  </Object>
  <Object name="Object64">
    <AbsoluteLocation value="6.848326 -15.793293"/>
    <Properties>
      <Property name="Angle" value="4.76951"/>
      <Property name="Filename" value="/Objects/pipe_straight.hs"/>
    </Properties>
  </Object>
  <Object name="Object55">
    <AbsoluteLocation value="25.750086 -11.797705"/>
    <Properties>
      <Property name="Angle" value="1.33396"/>
      <Property name="Filename" value="/Objects/pipe_straight_long.hs"/>
    </Properties>
  </Object>
  <Object name="Object51">
    <AbsoluteLocation value="33.016071 -25.496176"/>
    <Properties>
      <Property name="Angle" value="52.5425"/>
      <Property name="Filename" value="/Objects/pipe_straight_short.hs"/>
    </Properties>
  </Object>
  <Object name="Object44">
    <AbsoluteLocation value="30.290668 -39.015430"/>
    <Properties>
      <Property name="Angle" value="53.2166"/>
      <Property name="Filename" value="/Objects/pipe_straight_long.hs"/>
    </Properties>
  </Object>
  <Object name="Object40">
    <AbsoluteLocation value="22.196640 -47.065815"/>
    <Properties>
      <Property name="Angle" value="-0.315747"/>
      <Property name="Filename" value="/Objects/pipe_straight.hs"/>
    </Properties>
  </Object>
  <Object name="Object25">
    <AbsoluteLocation value="24.430468 23.509174"/>
    <Properties>
      <Property name="Angle" value="90.2591"/>
      <Property name="Filename" value="/Objects/pipe_straight_short.hs"/>
    </Properties>
  </Object>
  <Object name="Object23">
    <AbsoluteLocation value="-20.524704 34.228333"/>
    <Properties>
      <Property name="Angle" value="-63.0725"/>
      <Property name="Filename" value="/Objects/pipe_straight_short.hs"/>
    </Properties>
  </Object>
  <Object name="Object22">
    <AbsoluteLocation value="-24.984320 35.091614"/>
    <Properties>
      <Property name="Angle" value="29.0392"/>
      <Property name="Filename" value="/Objects/pipe_straight_short.hs"/>
    </Properties>
  </Object>
  <Object name="Bomb17">
    <AbsoluteLocation value="16.733734 -1.521853"/>
    <Properties>
      <Property name="Angle" value="8.11831"/>
      <Property name="Filename" value="/Objects/bomb.hs"/>
      <Property name="Type" value="bomb"/>
    </Properties>
  </Object>
  <Object name="Switch2">
    <AbsoluteLocation value="3.656048 3.360570"/>
    <Properties>
      <Property name="Angle" value="43.2308"/>
      <Property name="ConnectedObject0" value="DOOR_BLUE"/>
      <Property name="ConnectedObject1" value="Object9"/>
      <Property name="Filename" value="/Objects/switch_momentary.hs"/>
      <Property name="Type" value="switch"/>
    </Properties>
  </Object>
  <Object name="Spout4">
    <AbsoluteLocation value="-18.064247 30.434460"/>
    <Properties>
      <Property name="Angle" value="-53.6133"/>
      <Property name="AngleVariation" value="15"/>
      <Property name="Filename" value="/Objects/touch_spout_sludge.hs"/>
      <Property name="FluidType" value="Lava"/>
      <Property name="OffsetVariation" value="0.3"/>
      <Property name="ParticleSpeed" value="15"/>
      <Property name="ParticlesPerSecond" value="15"/>
      <Property name="Type" value="spout"/>
    </Properties>
  </Object>
  <Object name="DOOR_BLUE">
    <AbsoluteLocation value="-4.754912 20.231670"/>
    <Properties>
      <Property name="Angle" value="-90.1428"/>
      <Property name="Filename" value="/Objects/wall_8x8.hs"/>
      <Property name="GravityScale" value="1"/>
      <Property name="MotorMoveSpeed" value="8"/>
      <Property name="PathPos0" value="0 0"/>
      <Property name="PathPos1" value="0 7"/>
    </Properties>
  </Object>
  <Object name="Spout8">
    <AbsoluteLocation value="-4.375318 -42.752598"/>
    <Properties>
      <Property name="Angle" value="0"/>
      <Property name="ConnectedSpout0" value="SWAMPY_SPOUT"/>
      <Property name="ConnectedSpoutProbability0" value="1"/>
      <Property name="Filename" value="/Objects/broken_pipe_cranky.hs"/>
      <Property name="Type" value="spout"/>
    </Properties>
  </Object>
  <Object name="Object9">
    <AbsoluteLocation value="-4.391851 -36.393208"/>
    <Properties>
      <Property name="Angle" value="0"/>
      <Property name="Filename" value="/Objects/wall_8x8.hs"/>
      <Property name="GravityScale" value="1"/>
      <Property name="MotorMoveSpeed" value="8"/>
      <Property name="PathPos0" value="0 0"/>
      <Property name="PathPos1" value="0 15"/>
    </Properties>
  </Object>
  <Object name="Ducky11">
    <AbsoluteLocation value="-28.157318 6.364429"/>
    <Properties>
      <Property name="Angle" value="0"/>
      <Property name="Filename" value="/Objects/star_poison.hs"/>
      <Property name="Type" value="star"/>
    </Properties>
  </Object>
  <Object name="Object10">
    <AbsoluteLocation value="23.108269 5.172976"/>
    <Properties>
      <Property name="Angle" value="90.2009"/>
      <Property name="Filename" value="/Objects/wall_8x8_locking.hs"/>
      <Property name="PathPos0" value="0 0"/>
      <Property name="PathPos1" value="-6.5 0"/>
    </Properties>
  </Object>
  <Object name="Ducky10">
    <AbsoluteLocation value="22.960958 -1.980906"/>
    <Properties>
      <Property name="Angle" value="0"/>
      <Property name="Filename" value="/Objects/star_poison.hs"/>
      <Property name="Type" value="star"/>
    </Properties>
  </Object>
  <Object name="Bomb19">
    <AbsoluteLocation value="28.535646 11.367370"/>
    <Properties>
      <Property name="Angle" value="7.53136"/>
      <Property name="Filename" value="/Objects/bomb.hs"/>
      <Property name="Type" value="bomb"/>
    </Properties>
  </Object>
  <Object name="Bomb20">
    <AbsoluteLocation value="29.662138 -1.760164"/>
    <Properties>
      <Property name="Angle" value="7.19939"/>
      <Property name="Filename" value="/Objects/bomb.hs"/>
      <Property name="Type" value="bomb"/>
    </Properties>
  </Object>
  <Object name="Bomb21">
    <AbsoluteLocation value="-11.932646 -41.794003"/>
    <Properties>
      <Property name="Angle" value="0"/>
      <Property name="Filename" value="/Objects/bomb.hs"/>
      <Property name="Type" value="bomb"/>
    </Properties>
  </Object>
  <Object name="Bomb22">
    <AbsoluteLocation value="2.906432 -42.343513"/>
    <Properties>
      <Property name="Angle" value="0"/>
      <Property name="Filename" value="/Objects/bomb.hs"/>
      <Property name="Type" value="bomb"/>
    </Properties>
  </Object>
  <Object name="Ducky23">
    <AbsoluteLocation value="-22.123230 -15.069553"/>
    <Properties>
      <Property name="Angle" value="0"/>
      <Property name="Filename" value="/Objects/star_poison.hs"/>
      <Property name="Type" value="star"/>
    </Properties>
  </Object>
  <Object name="Bomb16">
    <AbsoluteLocation value="17.550415 11.415617"/>
    <Properties>
      <Property name="Angle" value="8.11831"/>
      <Property name="Filename" value="/Objects/bomb.hs"/>
      <Property name="Type" value="bomb"/>
    </Properties>
  </Object>
  <Object name="Object18">
    <AbsoluteLocation value="-36.294563 38.441357"/>
    <Properties>
      <Property name="Angle" value="-15.3172"/>
      <Property name="Filename" value="/Objects/pipe_straight_long.hs"/>
    </Properties>
  </Object>
  <Object name="Object19">
    <AbsoluteLocation value="-31.392439 36.772869"/>
    <Properties>
      <Property name="Angle" value="-17.0526"/>
      <Property name="Filename" value="/Objects/pipe_bend_2.hs"/>
    </Properties>
  </Object>
  <Object name="Object20">
    <AbsoluteLocation value="-28.938816 34.425209"/>
    <Properties>
      <Property name="Angle" value="25.2935"/>
      <Property name="Filename" value="/Objects/pipe_connector_90.hs"/>
    </Properties>
  </Object>
  <Object name="Object21">
    <AbsoluteLocation value="-22.169643 35.911896"/>
    <Properties>
      <Property name="Angle" value="30.0626"/>
      <Property name="Filename" value="/Objects/pipe_elbow_1.hs"/>
    </Properties>
  </Object>
  <Object name="Object29">
    <AbsoluteLocation value="19.055561 5.213414"/>
    <Properties>
      <Property name="Angle" value="0"/>
      <Property name="Filename" value="/Objects/path_locking_end.hs"/>
    </Properties>
  </Object>
  <Object name="Object30">
    <AbsoluteLocation value="22.431181 5.216723"/>
    <Properties>
      <Property name="Angle" value="0"/>
      <Property name="Filename" value="/Objects/path_locking_end_right.hs"/>
    </Properties>
  </Object>
  <Object name="Object33">
    <AbsoluteLocation value="-4.735837 20.675434"/>
    <Properties>
      <Property name="Angle" value="90.3655"/>
      <Property name="Filename" value="/Objects/path_smooth_end.hs"/>
    </Properties>
  </Object>
  <Object name="Object35">
    <AbsoluteLocation value="-4.733137 24.937052"/>
    <Properties>
      <Property name="Angle" value="0"/>
      <Property name="Filename" value="/Objects/path_smooth_vertical_end_top.hs"/>
    </Properties>
  </Object>
  <Object name="Object36">
    <AbsoluteLocation value="-4.340132 -35.308102"/>
    <Properties>
      <Property name="Angle" value="90.4118"/>
      <Property name="Filename" value="/Objects/path_smooth_end.hs"/>
    </Properties>
  </Object>
  <Object name="Object37">
    <AbsoluteLocation value="-4.371096 -25.819777"/>
    <Properties>
      <Property name="Angle" value="-0.311157"/>
      <Property name="Filename" value="/Objects/path_smooth_vertical_end_top.hs"/>
    </Properties>
  </Object>
  <Object name="Object38">
    <AbsoluteLocation value="-4.375231 -30.421093"/>
    <Properties>
      <Property name="Angle" value="90.4118"/>
      <Property name="Filename" value="/Objects/path_smooth_mid.hs"/>
    </Properties>
  </Object>
  <Object name="Object41">
    <AbsoluteLocation value="18.120192 -47.096119"/>
    <Properties>
      <Property name="Angle" value="-0.182625"/>
      <Property name="Filename" value="/Objects/pipe_straight_long.hs"/>
    </Properties>
  </Object>
  <Object name="Object42">
    <AbsoluteLocation value="27.202183 -45.478573"/>
    <Properties>
      <Property name="Angle" value="-77.0629"/>
      <Property name="Filename" value="/Objects/pipe_bend_1.hs"/>
    </Properties>
  </Object>
  <Object name="Object43">
    <AbsoluteLocation value="27.278835 -43.231918"/>
    <Properties>
      <Property name="Angle" value="103.455"/>
      <Property name="Filename" value="/Objects/pipe_bend_2.hs"/>
    </Properties>
  </Object>
  <Object name="Object45">
    <AbsoluteLocation value="33.244873 -34.828777"/>
    <Properties>
      <Property name="Angle" value="-77.0629"/>
      <Property name="Filename" value="/Objects/pipe_bend_1.hs"/>
    </Properties>
  </Object>
  <Object name="Object47">
    <AbsoluteLocation value="32.714809 -30.792049"/>
    <Properties>
      <Property name="Angle" value="101.859"/>
      <Property name="Filename" value="/Objects/pipe_straight.hs"/>
    </Properties>
  </Object>
  <Object name="Object48">
    <AbsoluteLocation value="32.142345 -26.871464"/>
    <Properties>
      <Property name="Angle" value="103.455"/>
      <Property name="Filename" value="/Objects/pipe_bend_2.hs"/>
    </Properties>
  </Object>
  <Object name="Object49">
    <AbsoluteLocation value="33.832047 -24.206144"/>
    <Properties>
      <Property name="Angle" value="-77.0629"/>
      <Property name="Filename" value="/Objects/pipe_bend_1.hs"/>
    </Properties>
  </Object>
  <Object name="Object53">
    <AbsoluteLocation value="33.316574 -19.053265"/>
    <Properties>
      <Property name="Angle" value="98.0672"/>
      <Property name="Filename" value="/Objects/pipe_straight_long.hs"/>
    </Properties>
  </Object>
  <Object name="Object54">
    <AbsoluteLocation value="31.559380 -12.864988"/>
    <Properties>
      <Property name="Angle" value="183.721"/>
      <Property name="Filename" value="/Objects/pipe_connector_90.hs"/>
    </Properties>
  </Object>
  <Object name="Object56">
    <AbsoluteLocation value="20.227442 -12.619223"/>
    <Properties>
      <Property name="Angle" value="93.4319"/>
      <Property name="Filename" value="/Objects/pipe_elbow_1.hs"/>
    </Properties>
  </Object>
  <Object name="Object57">
    <AbsoluteLocation value="18.979618 -14.292605"/>
    <Properties>
      <Property name="Angle" value="-86.3078"/>
      <Property name="Filename" value="/Objects/pipe_elbow_2.hs"/>
    </Properties>
  </Object>
  <Object name="Object58">
    <AbsoluteLocation value="14.061015 -15.263445"/>
    <Properties>
      <Property name="Angle" value="3.81494"/>
      <Property name="Filename" value="/Objects/pipe_straight_long.hs"/>
    </Properties>
  </Object>
  <Object name="Object59">
    <AbsoluteLocation value="1.331926 -22.912600"/>
    <Properties>
      <Property name="Angle" value="90.7493"/>
      <Property name="Filename" value="/Objects/pipe_straight.hs"/>
    </Properties>
  </Object>
  <Object name="Object60">
    <AbsoluteLocation value="2.066137 -27.032543"/>
    <Properties>
      <Property name="Angle" value="181.658"/>
      <Property name="Filename" value="/Objects/pipe_elbow_1.hs"/>
    </Properties>
  </Object>
  <Object name="Object62">
    <AbsoluteLocation value="4.039903 -27.577778"/>
    <Properties>
      <Property name="Angle" value="0.0282859"/>
      <Property name="Filename" value="/Objects/pipe_connector_end.hs"/>
    </Properties>
  </Object>
  <Object name="Object63">
    <AbsoluteLocation value="2.165504 -17.526323"/>
    <Properties>
      <Property name="Angle" value="276.176"/>
      <Property name="Filename" value="/Objects/pipe_connector_90.hs"/>
    </Properties>
  </Object>
  <Object name="Object65">
    <AbsoluteLocation value="25.010252 21.932081"/>
    <Properties>
      <Property name="Angle" value="-180.722"/>
      <Property name="Filename" value="/Objects/pipe_elbow_2.hs"/>
    </Properties>
  </Object>
  <Object name="Spout7">
    <AbsoluteLocation value="24.466967 28.529463"/>
    <Properties>
      <Property name="Angle" value="90"/>
      <Property name="Filename" value="/Objects/touch_spout.hs"/>
      <Property name="FluidType" value="Water"/>
      <Property name="ParticleSpeed" value="50"/>
      <Property name="ParticlesPerSecond" value="15"/>
      <Property name="Type" value="spout"/>
    </Properties>
  </Object>
  <Object name="Object66">
    <AbsoluteLocation value="31.135969 21.262886"/>
    <Properties>
      <Property name="Angle" value="0"/>
      <Property name="Filename" value="/Objects/pipe_straight_long.hs"/>
    </Properties>
  </Object>
  <Object name="Object61">
    <AbsoluteLocation value="9.088942 -47.064869"/>
    <Properties>
      <Property name="Angle" value="-0.182625"/>
      <Property name="Filename" value="/Objects/pipe_straight_long.hs"/>
    </Properties>
  </Object>
  <Object name="Object67">
    <AbsoluteLocation value="1.088942 -47.033619"/>
    <Properties>
      <Property name="Angle" value="-0.182625"/>
      <Property name="Filename" value="/Objects/pipe_straight_long.hs"/>
    </Properties>
  </Object>
  <Object name="Object68">
    <AbsoluteLocation value="10.120192 -47.064869"/>
    <Properties>
      <Property name="Angle" value="-0.182625"/>
      <Property name="Filename" value="/Objects/pipe_straight_long.hs"/>
    </Properties>
  </Object>
  <Object name="Object69">
    <AbsoluteLocation value="25.918873 -46.875000"/>
    <Properties>
      <Property name="Angle" value="-126.387"/>
      <Property name="Filename" value="/Objects/pipe_bend_1.hs"/>
    </Properties>
  </Object>
  <Object name="Object70">
    <AbsoluteLocation value="-3.636190 -46.320778"/>
    <Properties>
      <Property name="Angle" value="-181.097"/>
      <Property name="Filename" value="/Objects/pipe_elbow_2.hs"/>
    </Properties>
  </Object>
  <Room>
    <AbsoluteLocation value="18.000002 -29.200005"/>
  </Room>
</Objects>
