<?xml version="1.0"?>
<Objects>
  <Object name="Obj17">
    <AbsoluteLocation value="-18.474955 -100.057045"/>
    <Properties>
      <Property name="Angle" value="180.306"/>
      <Property name="Filename" value="/Objects/pipe_straight.hs"/>
    </Properties>
  </Object>
  <Object name="Obj16">
    <AbsoluteLocation value="24.701576 -94.806419"/>
    <Properties>
      <Property name="Angle" value="89.8296"/>
      <Property name="Filename" value="/Objects/pipe_straight.hs"/>
    </Properties>
  </Object>
  <Object name="Obj19">
    <AbsoluteLocation value="19.397966 -99.816605"/>
    <Properties>
      <Property name="Angle" value="0"/>
      <Property name="Filename" value="/Objects/pipe_straight_long.hs"/>
    </Properties>
  </Object>
  <Object name="Obj12">
    <AbsoluteLocation value="-21.971407 -92.087997"/>
    <Properties>
      <Property name="Angle" value="90.2989"/>
      <Property name="Filename" value="/Objects/pipe_elbow_1.hs"/>
    </Properties>
  </Object>
  <Object name="Obj15">
    <AbsoluteLocation value="-22.101362 -99.406212"/>
    <Properties>
      <Property name="Angle" value="180.235"/>
      <Property name="Filename" value="/Objects/pipe_elbow_1.hs"/>
    </Properties>
  </Object>
  <Object name="Obj14">
    <AbsoluteLocation value="-22.657743 -94.938377"/>
    <Properties>
      <Property name="Angle" value="89.077"/>
      <Property name="Filename" value="/Objects/pipe_straight_short.hs"/>
    </Properties>
  </Object>
  <Object name="Obj7">
    <AbsoluteLocation value="16.469481 -63.027977"/>
    <Properties>
      <Property name="Angle" value="0"/>
      <Property name="Filename" value="/Objects/wall_8x8_locking.hs"/>
      <Property name="PathPos0" value="0 0"/>
      <Property name="PathPos1" value="0 -16"/>
    </Properties>
  </Object>
  <Object name="Obj11">
    <AbsoluteLocation value="-2.161207 94.566849"/>
    <Properties>
      <Property name="Angle" value="0"/>
      <Property name="Filename" value="/Objects/icicle_medium.hs"/>
      <Property name="Type" value="icyhot"/>
    </Properties>
  </Object>
  <Object name="Obj10">
    <AbsoluteLocation value="-4.732281 -14.433886"/>
    <Properties>
      <Property name="Angle" value="90"/>
      <Property name="Filename" value="/Objects/wall_8x8_locking.hs"/>
      <Property name="PathPos0" value="0 0"/>
      <Property name="PathPos1" value="5.5 0"/>
    </Properties>
  </Object>
  <Object name="Obj13">
    <AbsoluteLocation value="-19.212545 -90.750130"/>
    <Properties>
      <Property name="Angle" value="-90.1319"/>
      <Property name="Filename" value="/Objects/pipe_elbow_2.hs"/>
    </Properties>
  </Object>
  <Object name="Spout12">
    <AbsoluteLocation value="24.757746 -89.905930"/>
    <Properties>
      <Property name="Angle" value="0"/>
      <Property name="ConnectedSpout0" value="Spout13"/>
      <Property name="ConnectedSpoutProbability0" value="1"/>
      <Property name="Filename" value="/Objects/basic_drain.hs"/>
      <Property name="Type" value="spout"/>
    </Properties>
  </Object>
  <Object name="Obj16">
    <AbsoluteLocation value="24.006145 -99.197304"/>
    <Properties>
      <Property name="Angle" value="-90.5691"/>
      <Property name="Filename" value="/Objects/pipe_elbow_2.hs"/>
    </Properties>
  </Object>
  <Object name="Spout13">
    <AbsoluteLocation value="14.414505 -99.748970"/>
    <Properties>
      <Property name="Angle" value="180"/>
      <Property name="Filename" value="/Objects/shower_head.hs"/>
      <Property name="FluidType" value="Water"/>
      <Property name="NumberParticles" value="0"/>
      <Property name="ParticleSpeed" value="70"/>
      <Property name="Type" value="spout"/>
    </Properties>
  </Object>
  <Object name="Obj23">
    <AbsoluteLocation value="16.432844 -64.524612"/>
    <Properties>
      <Property name="Angle" value="89.9493"/>
      <Property name="Filename" value="/Objects/path_locking_end_right.hs"/>
    </Properties>
  </Object>
  <Object name="Obj24">
    <AbsoluteLocation value="16.481754 -69.414642"/>
    <Properties>
      <Property name="Angle" value="90.9186"/>
      <Property name="Filename" value="/Objects/path_locking_mid.hs"/>
    </Properties>
  </Object>
  <Object name="Obj25">
    <AbsoluteLocation value="24.606768 -83.269142"/>
    <Properties>
      <Property name="Angle" value="90"/>
      <Property name="Filename" value="/Objects/wall_8x8_locking.hs"/>
      <Property name="PathPos0" value="0 0"/>
      <Property name="PathPos1" value="-5.5 0"/>
    </Properties>
  </Object>
  <Object name="Spout28">
    <AbsoluteLocation value="-14.039168 -99.989868"/>
    <Properties>
      <Property name="Angle" value="-89.8667"/>
      <Property name="ConnectedSpout0" value="SWAMPY_SPOUT"/>
      <Property name="ConnectedSpoutProbability0" value="1"/>
      <Property name="Filename" value="/Objects/broken_pipe_cranky.hs"/>
      <Property name="Type" value="spout"/>
    </Properties>
  </Object>
  <Object name="Star31">
    <AbsoluteLocation value="13.506653 30.697639"/>
    <Properties>
      <Property name="Angle" value="0"/>
      <Property name="Filename" value="/Objects/star_poison.hs"/>
      <Property name="Type" value="star"/>
    </Properties>
  </Object>
  <Object name="Star28">
    <AbsoluteLocation value="0.317715 -100.333763"/>
    <Properties>
      <Property name="Angle" value="0"/>
      <Property name="Filename" value="/Objects/star_poison.hs"/>
      <Property name="Type" value="star"/>
    </Properties>
  </Object>
  <Object name="Obj27">
    <AbsoluteLocation value="-5.104978 -90.333481"/>
    <Properties>
      <Property name="Angle" value="90"/>
      <Property name="Filename" value="/Objects/wall_8x8_locking.hs"/>
      <Property name="PathPos0" value="0 0"/>
      <Property name="PathPos1" value="6.5 0"/>
    </Properties>
  </Object>
  <Object name="Object30">
    <AbsoluteLocation value="15.536146 93.941116"/>
    <Properties>
      <Property name="Angle" value="0"/>
      <Property name="Filename" value="/Objects/icicle_medium.hs"/>
      <Property name="Type" value="icyhot"/>
    </Properties>
  </Object>
  <Object name="Object32">
    <AbsoluteLocation value="6.631439 94.698959"/>
    <Properties>
      <Property name="Angle" value="0"/>
      <Property name="Filename" value="/Objects/icicle_large.hs"/>
      <Property name="Type" value="icyhot"/>
    </Properties>
  </Object>
  <Object name="Object33">
    <AbsoluteLocation value="-21.526897 -41.476738"/>
    <Properties>
      <Property name="Angle" value="90"/>
      <Property name="Filename" value="/Objects/wall_24x8_locking.hs"/>
      <Property name="PathPos0" value="0 0"/>
      <Property name="PathPos1" value="0 -13"/>
    </Properties>
  </Object>
  <Object name="Object34">
    <AbsoluteLocation value="-4.732812 -90.314423"/>
    <Properties>
      <Property name="Angle" value="360.339"/>
      <Property name="Filename" value="/Objects/path_locking_end.hs"/>
    </Properties>
  </Object>
  <Object name="Object38">
    <AbsoluteLocation value="0.077139 -90.294151"/>
    <Properties>
      <Property name="Angle" value="0"/>
      <Property name="Filename" value="/Objects/path_locking_end_right.hs"/>
    </Properties>
  </Object>
  <Object name="Object39">
    <AbsoluteLocation value="16.481602 -74.269363"/>
    <Properties>
      <Property name="Angle" value="0"/>
      <Property name="Filename" value="/Objects/path_vertical_locking_end_bottom.hs"/>
    </Properties>
  </Object>
  <Object name="Object40">
    <AbsoluteLocation value="24.494743 -83.260368"/>
    <Properties>
      <Property name="Angle" value="0"/>
      <Property name="Filename" value="/Objects/path_locking_end_right.hs"/>
    </Properties>
  </Object>
  <Object name="Object41">
    <AbsoluteLocation value="19.624592 -83.260269"/>
    <Properties>
      <Property name="Angle" value="0.258741"/>
      <Property name="Filename" value="/Objects/path_locking_end.hs"/>
    </Properties>
  </Object>
  <Object name="Object42">
    <AbsoluteLocation value="-21.640032 -52.119068"/>
    <Properties>
      <Property name="Angle" value="0"/>
      <Property name="Filename" value="/Objects/path_vertical_locking_end_bottom.hs"/>
    </Properties>
  </Object>
  <Object name="Object43">
    <AbsoluteLocation value="-21.639879 -47.264351"/>
    <Properties>
      <Property name="Angle" value="90.9186"/>
      <Property name="Filename" value="/Objects/path_locking_mid.hs"/>
    </Properties>
  </Object>
  <Object name="Object44">
    <AbsoluteLocation value="-21.688789 -42.374321"/>
    <Properties>
      <Property name="Angle" value="89.9493"/>
      <Property name="Filename" value="/Objects/path_locking_end_right.hs"/>
    </Properties>
  </Object>
  <Object name="Object45">
    <AbsoluteLocation value="-0.224130 -14.414595"/>
    <Properties>
      <Property name="Angle" value="0"/>
      <Property name="Filename" value="/Objects/path_locking_end_right.hs"/>
    </Properties>
  </Object>
  <Object name="Object46">
    <AbsoluteLocation value="-5.094281 -14.414503"/>
    <Properties>
      <Property name="Angle" value="0.258741"/>
      <Property name="Filename" value="/Objects/path_locking_end.hs"/>
    </Properties>
  </Object>
  <Object name="Ducky38">
    <AbsoluteLocation value="-21.519674 48.821583"/>
    <Properties>
      <Property name="Angle" value="0"/>
      <Property name="Filename" value="/Objects/star_poison.hs"/>
      <Property name="Type" value="star"/>
    </Properties>
  </Object>
  <Object name="Object47">
    <AbsoluteLocation value="-18.637766 -87.953499"/>
    <Properties>
      <Property name="Angle" value="91.2227"/>
      <Property name="Filename" value="/Objects/pipe_connector_end.hs"/>
    </Properties>
  </Object>
  <Object name="Object48">
    <AbsoluteLocation value="-22.735497 -96.967926"/>
    <Properties>
      <Property name="Angle" value="87.6938"/>
      <Property name="Filename" value="/Objects/pipe_straight_short.hs"/>
    </Properties>
  </Object>
  <Room>
    <AbsoluteLocation value="-17.999998 -74.000008"/>
  </Room>
  <Properties>
    <Property name="ShowTopEdge" value="1"/>
  </Properties>
</Objects>
