<?xml version="1.0"?>
<Objects>
  <Object name="Object14">
    <AbsoluteLocation value="-18.576738 -44.180946"/>
    <Properties>
      <Property name="Angle" value="7.11655"/>
      <Property name="Filename" value="/Objects/pipe_straight_short.hs"/>
    </Properties>
  </Object>
  <Object name="Object13">
    <AbsoluteLocation value="-21.507998 -43.823009"/>
    <Properties>
      <Property name="Angle" value="-175.518"/>
      <Property name="Filename" value="/Objects/pipe_elbow_2.hs"/>
    </Properties>
  </Object>
  <Object name="Spout2">
    <AbsoluteLocation value="-15.269426 -43.906765"/>
    <Properties>
      <Property name="Angle" value="-89.7561"/>
      <Property name="ConnectedSpout0" value="SWAMPY_SPOUT"/>
      <Property name="ConnectedSpoutProbability0" value="1"/>
      <Property name="Filename" value="/Objects/broken_pipe_cranky.hs"/>
      <Property name="Type" value="spout"/>
    </Properties>
  </Object>
  <Object name="Object6">
    <AbsoluteLocation value="1.224229 -33.223866"/>
    <Properties>
      <Property name="Angle" value="89.6849"/>
      <Property name="Filename" value="/Objects/wall_24x8.hs"/>
      <Property name="MotorMoveSpeed" value="4.5"/>
      <Property name="PathPos0" value="0 0"/>
      <Property name="PathPos1" value="0 -4.5"/>
    </Properties>
  </Object>
  <Object name="Switch8">
    <AbsoluteLocation value="5.579423 -8.680691"/>
    <Properties>
      <Property name="Angle" value="360.099"/>
      <Property name="ConnectedObject0" value="Object6"/>
      <Property name="Filename" value="/Objects/switch.hs"/>
      <Property name="Type" value="switch"/>
    </Properties>
  </Object>
  <Object name="Ducky17">
    <AbsoluteLocation value="23.379818 -42.684254"/>
    <Properties>
      <Property name="Angle" value="0"/>
      <Property name="Filename" value="/Objects/star_poison.hs"/>
      <Property name="Type" value="star"/>
    </Properties>
  </Object>
  <Object name="Ducky18">
    <AbsoluteLocation value="8.209798 -27.519009"/>
    <Properties>
      <Property name="Angle" value="0"/>
      <Property name="Filename" value="/Objects/star_poison.hs"/>
      <Property name="Type" value="star"/>
    </Properties>
  </Object>
  <Object name="Ducky19">
    <AbsoluteLocation value="-5.531967 3.265015"/>
    <Properties>
      <Property name="Angle" value="0"/>
      <Property name="Filename" value="/Objects/star_poison.hs"/>
      <Property name="Type" value="star"/>
    </Properties>
  </Object>
  <Object name="Object3">
    <AbsoluteLocation value="-14.557428 36.973511"/>
    <Properties>
      <Property name="Angle" value="0"/>
      <Property name="Filename" value="/Objects/icicle_large.hs"/>
      <Property name="ParticleSpeed" value="10"/>
      <Property name="ParticlesPerSecond" value="15"/>
      <Property name="Type" value="icyhot"/>
    </Properties>
  </Object>
  <Object name="Object12">
    <AbsoluteLocation value="-22.065536 -41.153442"/>
    <Properties>
      <Property name="Angle" value="81.6534"/>
      <Property name="Filename" value="/Objects/pipe_connector_end.hs"/>
    </Properties>
  </Object>
  <Object name="Bomb5">
    <AbsoluteLocation value="18.099970 -16.692167"/>
    <Properties>
      <Property name="Angle" value="0"/>
      <Property name="BlastPower" value="11000"/>
      <Property name="BlastRadius" value="6.0"/>
      <Property name="Filename" value="/Objects/bomb.hs"/>
      <Property name="Type" value="bomb"/>
    </Properties>
  </Object>
  <Room>
    <AbsoluteLocation value="-18.799997 -27.600004"/>
  </Room>
  <Properties>
    <Property name="ShowTopEdge" value="1"/>
  </Properties>
</Objects>
