<?xml version="1.0"?>
<Objects>
  <Object name="Object25">
    <AbsoluteLocation value="36.062500 -13.375000"/>
    <Properties>
      <Property name="Angle" value="-8.36265"/>
      <Property name="Filename" value="/Objects/pipe_straight_long.hs"/>
    </Properties>
  </Object>
  <Object name="Object24">
    <AbsoluteLocation value="29.250000 -6.468750"/>
    <Properties>
      <Property name="Angle" value="92.8795"/>
      <Property name="Filename" value="/Objects/pipe_straight_long.hs"/>
    </Properties>
  </Object>
  <Object name="Object23">
    <AbsoluteLocation value="28.281250 -0.531250"/>
    <Properties>
      <Property name="Angle" value="3.36528"/>
      <Property name="Filename" value="/Objects/pipe_elbow_2.hs"/>
    </Properties>
  </Object>
  <Object name="Object19">
    <AbsoluteLocation value="-27.718750 24.343750"/>
    <Properties>
      <Property name="Angle" value="97.3163"/>
      <Property name="Filename" value="/Objects/pipe_straight_long.hs"/>
    </Properties>
  </Object>
  <Object name="Object16">
    <AbsoluteLocation value="-23.093750 32.000000"/>
    <Properties>
      <Property name="Angle" value="3.91622"/>
      <Property name="Filename" value="/Objects/pipe_straight_long.hs"/>
    </Properties>
  </Object>
  <Object name="Object13">
    <AbsoluteLocation value="-17.718750 29.531250"/>
    <Properties>
      <Property name="Angle" value="92.9686"/>
      <Property name="Filename" value="/Objects/pipe_straight_long.hs"/>
    </Properties>
  </Object>
  <Object name="Spout6">
    <AbsoluteLocation value="-17.468750 23.656250"/>
    <Properties>
      <Property name="Angle" value="-81.8042"/>
      <Property name="ConnectedConverter" value="FluidConverter6"/>
      <Property name="Filename" value="/Objects/shower_head.hs"/>
      <Property name="FluidType" value="Water"/>
      <Property name="Type" value="spout"/>
    </Properties>
  </Object>
  <Object name="Ducky7">
    <AbsoluteLocation value="14.625000 33.375000"/>
    <Properties>
      <Property name="Angle" value="0"/>
      <Property name="Filename" value="/Objects/star_poison.hs"/>
      <Property name="Type" value="star"/>
    </Properties>
  </Object>
  <Object name="Ducky8">
    <AbsoluteLocation value="0.675671 0.766052"/>
    <Properties>
      <Property name="Angle" value="-7.55085"/>
      <Property name="Filename" value="/Objects/star_poison.hs"/>
      <Property name="Type" value="star"/>
    </Properties>
  </Object>
  <Object name="Ducky9">
    <AbsoluteLocation value="11.250862 -35.060814"/>
    <Properties>
      <Property name="Angle" value="-7.55085"/>
      <Property name="Filename" value="/Objects/star_poison.hs"/>
      <Property name="Type" value="star"/>
    </Properties>
  </Object>
  <Object name="Spout4">
    <AbsoluteLocation value="24.937500 0.375000"/>
    <Properties>
      <Property name="Angle" value="-180.117"/>
      <Property name="Filename" value="/Objects/shower_head.hs"/>
      <Property name="FluidType" value="ContaminatedWater"/>
      <Property name="ParticleSpeed" value="60"/>
      <Property name="ParticlesPerSecond" value="12"/>
      <Property name="Type" value="spout"/>
    </Properties>
  </Object>
  <Object name="Object14">
    <AbsoluteLocation value="-17.625000 28.781250"/>
    <Properties>
      <Property name="Angle" value="181.722"/>
      <Property name="Filename" value="/Objects/pipe_spout_base.hs"/>
    </Properties>
  </Object>
  <Object name="Object15">
    <AbsoluteLocation value="-21.031250 32.093750"/>
    <Properties>
      <Property name="Angle" value="94.6761"/>
      <Property name="Filename" value="/Objects/pipe_spout_base.hs"/>
    </Properties>
  </Object>
  <Object name="FluidConverter6">
    <AbsoluteLocation value="-17.531250 32.156250"/>
    <Properties>
      <Property name="Angle" value="0"/>
      <Property name="Filename" value="/Objects/converter_dynamic_all.hs"/>
      <Property name="FluidType0" value="water"/>
      <Property name="FluidType1" value="lava"/>
      <Property name="Type" value="fluidconverter"/>
    </Properties>
  </Object>
  <Object name="Object18">
    <AbsoluteLocation value="-27.468750 30.281250"/>
    <Properties>
      <Property name="Angle" value="-80.0272"/>
      <Property name="Filename" value="/Objects/pipe_connector_90.hs"/>
    </Properties>
  </Object>
  <Object name="Object20">
    <AbsoluteLocation value="-27.750000 18.562500"/>
    <Properties>
      <Property name="Angle" value="-85.5521"/>
      <Property name="Filename" value="/Objects/pipe_elbow_2.hs"/>
    </Properties>
  </Object>
  <Object name="Object21">
    <AbsoluteLocation value="-33.750000 17.906250"/>
    <Properties>
      <Property name="Angle" value="-0.935118"/>
      <Property name="Filename" value="/Objects/pipe_straight_long.hs"/>
    </Properties>
  </Object>
  <Object name="Object22">
    <AbsoluteLocation value="30.437500 -11.875000"/>
    <Properties>
      <Property name="Angle" value="0.757456"/>
      <Property name="Filename" value="/Objects/pipe_connector_90.hs"/>
    </Properties>
  </Object>
  <Object name="Object27">
    <AbsoluteLocation value="-26.659544 -24.612146"/>
    <Properties>
      <Property name="Angle" value="159.779"/>
      <Property name="Filename" value="/Objects/pipe_elbow_1.hs"/>
    </Properties>
  </Object>
  <Object name="Object28">
    <AbsoluteLocation value="-25.184206 -25.919104"/>
    <Properties>
      <Property name="Angle" value="-20.8252"/>
      <Property name="Filename" value="/Objects/pipe_connector_end.hs"/>
    </Properties>
  </Object>
  <Object name="Object26">
    <AbsoluteLocation value="-25.687500 -20.156250"/>
    <Properties>
      <Property name="Angle" value="69.0236"/>
      <Property name="Filename" value="/Objects/pipe_straight.hs"/>
    </Properties>
  </Object>
  <Object name="Spout3">
    <AbsoluteLocation value="-24.000000 -15.937500"/>
    <Properties>
      <Property name="Angle" value="-25.3908"/>
      <Property name="ConnectedSpout0" value="SWAMPY_SPOUT"/>
      <Property name="ConnectedSpoutProbability0" value="1"/>
      <Property name="Filename" value="/Objects/broken_pipe_cranky.hs"/>
      <Property name="Type" value="spout"/>
    </Properties>
  </Object>
  <Object name="Collectible26">
    <AbsoluteLocation value="6.799999 7.700005"/>
    <Properties>
      <Property name="Angle" value="0"/>
      <Property name="Filename" value="/Objects/z_collectible_cranky_20.hs"/>
      <Property name="Type" value="collectible"/>
    </Properties>
  </Object>
  <Object name="Note01">
    <AbsoluteLocation value="15.200001 30.800001"/>
    <Properties>
      <Property name="Angle" value="0"/>
      <Property name="Filename" value="/Objects/star_note_cranky_1.hs"/>
      <Property name="StarType" value="note"/>
      <Property name="Type" value="star"/>
    </Properties>
  </Object>
  <Object name="Note02">
    <AbsoluteLocation value="5.600000 12.000000"/>
    <Properties>
      <Property name="Angle" value="0"/>
      <Property name="Filename" value="/Objects/star_note_cranky_2.hs"/>
      <Property name="StarType" value="note"/>
      <Property name="Type" value="star"/>
    </Properties>
  </Object>
  <Object name="Note03">
    <AbsoluteLocation value="15.800001 -25.000002"/>
    <Properties>
      <Property name="Angle" value="0"/>
      <Property name="Filename" value="/Objects/star_note_cranky_3.hs"/>
      <Property name="StarType" value="note"/>
      <Property name="Type" value="star"/>
    </Properties>
  </Object>
  <Object name="Note04">
    <AbsoluteLocation value="8.800001 -35.600002"/>
    <Properties>
      <Property name="Angle" value="0"/>
      <Property name="Filename" value="/Objects/star_note_cranky_4.hs"/>
      <Property name="StarType" value="note"/>
      <Property name="Type" value="star"/>
    </Properties>
  </Object>
  <Object name="Note05">
    <AbsoluteLocation value="21.200001 -37.200001"/>
    <Properties>
      <Property name="Angle" value="0"/>
      <Property name="Filename" value="/Objects/star_note_cranky_5.hs"/>
      <Property name="StarType" value="note"/>
      <Property name="Type" value="star"/>
    </Properties>
  </Object>
  <Room>
    <AbsoluteLocation value="-13.199998 -33.200005"/>
  </Room>
</Objects>
