<?xml version="1.0"?>
<Objects>
  <Object name="Object11">
    <AbsoluteLocation value="-19.362432 -44.740906"/>
    <Properties>
      <Property name="Angle" value="-32.906"/>
      <Property name="Filename" value="/Objects/pipe_straight_short.hs"/>
    </Properties>
  </Object>
  <Object name="Object4">
    <AbsoluteLocation value="-25.432924 23.933121"/>
    <Properties>
      <Property name="Angle" value="90.0061"/>
      <Property name="Filename" value="/Objects/wall_16x8_locking_pivot.hs"/>
      <Property name="PinMaxAngle" value="1"/>
      <Property name="PinMinAngle" value="-90"/>
      <Property name="PinOffset" value="0 -8"/>
    </Properties>
  </Object>
  <Object name="Object5">
    <AbsoluteLocation value="-0.610531 8.623913"/>
    <Properties>
      <Property name="Angle" value="0"/>
      <Property name="Filename" value="/Objects/wall_24x8.hs"/>
      <Property name="MotorMoveSpeed" value="48"/>
      <Property name="PathPos0" value="0 0"/>
      <Property name="PathPos1" value="-20 0"/>
    </Properties>
  </Object>
  <Object name="Switch6">
    <AbsoluteLocation value="17.119427 -42.348427"/>
    <Properties>
      <Property name="Angle" value="-81.0331"/>
      <Property name="ConnectedObject0" value="Object5"/>
      <Property name="Filename" value="/Objects/switch.hs"/>
      <Property name="Type" value="switch"/>
    </Properties>
  </Object>
  <Object name="Spout7">
    <AbsoluteLocation value="-20.636469 -42.567211"/>
    <Properties>
      <Property name="Angle" value="18.4829"/>
      <Property name="ConnectedSpout0" value="SWAMPY_SPOUT"/>
      <Property name="ConnectedSpoutProbability0" value="1"/>
      <Property name="Filename" value="/Objects/broken_pipe.hs"/>
      <Property name="Type" value="spout"/>
    </Properties>
  </Object>
  <Object name="Ducky8">
    <AbsoluteLocation value="21.435291 -23.144855"/>
    <Properties>
      <Property name="Angle" value="0"/>
      <Property name="Filename" value="/Objects/star.hs"/>
      <Property name="Type" value="star"/>
    </Properties>
  </Object>
  <Object name="Ducky9">
    <AbsoluteLocation value="18.465530 29.007729"/>
    <Properties>
      <Property name="Angle" value="0"/>
      <Property name="Filename" value="/Objects/star.hs"/>
      <Property name="Type" value="star"/>
    </Properties>
  </Object>
  <Object name="Ducky10">
    <AbsoluteLocation value="-17.774965 -7.736988"/>
    <Properties>
      <Property name="Angle" value="0"/>
      <Property name="Filename" value="/Objects/star.hs"/>
      <Property name="Type" value="star"/>
    </Properties>
  </Object>
  <Object name="Object12">
    <AbsoluteLocation value="-16.704277 -45.865955"/>
    <Properties>
      <Property name="Angle" value="-14.0772"/>
      <Property name="Filename" value="/Objects/pipe_straight_short.hs"/>
    </Properties>
  </Object>
  <Object name="Object13">
    <AbsoluteLocation value="-13.836106 -46.163006"/>
    <Properties>
      <Property name="Angle" value="1.24276"/>
      <Property name="Filename" value="/Objects/pipe_straight_short.hs"/>
    </Properties>
  </Object>
  <Object name="Object14">
    <AbsoluteLocation value="-10.856152 -45.797829"/>
    <Properties>
      <Property name="Angle" value="11.0302"/>
      <Property name="Filename" value="/Objects/pipe_straight_short.hs"/>
    </Properties>
  </Object>
  <Object name="Object15">
    <AbsoluteLocation value="-8.816895 -45.257881"/>
    <Properties>
      <Property name="Angle" value="14.7295"/>
      <Property name="Filename" value="/Objects/pipe_connector_end.hs"/>
    </Properties>
  </Object>
  <Object name="Object16">
    <AbsoluteLocation value="-20.251060 8.428681"/>
    <Properties>
      <Property name="Angle" value="-0.382309"/>
      <Property name="Filename" value="/Objects/path_locking_end.hs"/>
    </Properties>
  </Object>
  <Object name="Object17">
    <AbsoluteLocation value="-0.702706 8.298242"/>
    <Properties>
      <Property name="Angle" value="-0.382309"/>
      <Property name="Filename" value="/Objects/path_locking_end_right.hs"/>
    </Properties>
  </Object>
  <Object name="Object18">
    <AbsoluteLocation value="-15.363969 8.396070"/>
    <Properties>
      <Property name="Angle" value="-0.382309"/>
      <Property name="Filename" value="/Objects/path_locking_mid.hs"/>
    </Properties>
  </Object>
  <Object name="Object19">
    <AbsoluteLocation value="-10.476879 8.363461"/>
    <Properties>
      <Property name="Angle" value="-0.382309"/>
      <Property name="Filename" value="/Objects/path_locking_mid.hs"/>
    </Properties>
  </Object>
  <Object name="Object20">
    <AbsoluteLocation value="-5.589792 8.330853"/>
    <Properties>
      <Property name="Angle" value="-0.382309"/>
      <Property name="Filename" value="/Objects/path_locking_mid.hs"/>
    </Properties>
  </Object>
  <Object name="WaterBalloon5">
    <AbsoluteLocation value="-15.898536 49.370476"/>
    <Properties>
      <Property name="Angle" value="0"/>
      <Property name="Filename" value="/Objects/balloon.hs"/>
      <Property name="InitialParticles" value="contaminatedwater 20"/>
      <Property name="Type" value="waterballoon"/>
    </Properties>
  </Object>
  <Object name="WaterBalloon6">
    <AbsoluteLocation value="-1.628981 42.614437"/>
    <Properties>
      <Property name="Angle" value="0"/>
      <Property name="Filename" value="/Objects/balloon.hs"/>
      <Property name="InitialParticles" value="water 50"/>
      <Property name="Type" value="waterballoon"/>
    </Properties>
  </Object>
  <Object name="Ducky31">
    <AbsoluteLocation value="-2.387499 -0.187500"/>
    <Properties>
      <Property name="Angle" value="0"/>
      <Property name="Filename" value="/Objects/star_mega.hs"/>
      <Property name="StarType" value="mega"/>
      <Property name="Type" value="star"/>
    </Properties>
  </Object>
  <Room>
    <AbsoluteLocation value="0.400003 -34.800003"/>
  </Room>
</Objects>
