<?xml version="1.0"?>
<Objects>
  <Object name="Object71">
    <AbsoluteLocation value="21.855436 -26.391500"/>
    <Properties>
      <Property name="Angle" value="92.0907"/>
      <Property name="Filename" value="/Objects/pipe_straight_short.hs"/>
    </Properties>
  </Object>
  <Object name="Object65">
    <AbsoluteLocation value="-30.875181 -36.961365"/>
    <Properties>
      <Property name="Angle" value="40.2231"/>
      <Property name="Filename" value="/Objects/pipe_straight.hs"/>
    </Properties>
  </Object>
  <Object name="Object63">
    <AbsoluteLocation value="-28.823708 -31.185532"/>
    <Properties>
      <Property name="Angle" value="91.0555"/>
      <Property name="Filename" value="/Objects/pipe_straight.hs"/>
    </Properties>
  </Object>
  <Object name="Object57">
    <AbsoluteLocation value="-30.779356 -42.844242"/>
    <Properties>
      <Property name="Angle" value="-136.174"/>
      <Property name="Filename" value="/Objects/pipe_elbow_1.hs"/>
    </Properties>
  </Object>
  <Object name="Object49">
    <AbsoluteLocation value="-16.734959 30.220634"/>
    <Properties>
      <Property name="Angle" value="89.9854"/>
      <Property name="Filename" value="/Objects/pipe_straight_long.hs"/>
    </Properties>
  </Object>
  <Object name="Object43">
    <AbsoluteLocation value="-30.642941 34.254467"/>
    <Properties>
      <Property name="Angle" value="179.511"/>
      <Property name="Filename" value="/Objects/pipe_elbow_1.hs"/>
    </Properties>
  </Object>
  <Object name="Object42">
    <AbsoluteLocation value="29.904066 20.064249"/>
    <Properties>
      <Property name="Angle" value="137.866"/>
      <Property name="Filename" value="/Objects/pipe_straight_short.hs"/>
    </Properties>
  </Object>
  <Object name="Object38">
    <AbsoluteLocation value="7.449266 -42.110809"/>
    <Properties>
      <Property name="Angle" value="42.1106"/>
      <Property name="Filename" value="/Objects/pipe_straight_short.hs"/>
    </Properties>
  </Object>
  <Object name="Object37">
    <AbsoluteLocation value="7.169343 -46.399734"/>
    <Properties>
      <Property name="Angle" value="131.064"/>
      <Property name="Filename" value="/Objects/pipe_straight.hs"/>
    </Properties>
  </Object>
  <Object name="Object35">
    <AbsoluteLocation value="9.389977 -47.957481"/>
    <Properties>
      <Property name="Angle" value="-138.709"/>
      <Property name="Filename" value="/Objects/pipe_elbow_1.hs"/>
    </Properties>
  </Object>
  <Object name="Object32">
    <AbsoluteLocation value="12.213873 -42.602024"/>
    <Properties>
      <Property name="Angle" value="120.751"/>
      <Property name="Filename" value="/Objects/pipe_elbow_1.hs"/>
    </Properties>
  </Object>
  <Object name="Object24">
    <AbsoluteLocation value="26.808132 -4.960498"/>
    <Properties>
      <Property name="Angle" value="-90.0384"/>
      <Property name="Filename" value="/Objects/pipe_straight_short.hs"/>
    </Properties>
  </Object>
  <Object name="Object23">
    <AbsoluteLocation value="26.144779 -2.625134"/>
    <Properties>
      <Property name="Angle" value="0"/>
      <Property name="Filename" value="/Objects/pipe_elbow_1.hs"/>
    </Properties>
  </Object>
  <Object name="Object19">
    <AbsoluteLocation value="22.556665 -14.043796"/>
    <Properties>
      <Property name="Angle" value="89.3754"/>
      <Property name="Filename" value="/Objects/pipe_straight_long.hs"/>
    </Properties>
  </Object>
  <Object name="Object18">
    <AbsoluteLocation value="21.833559 -20.017466"/>
    <Properties>
      <Property name="Angle" value="-90.0126"/>
      <Property name="Filename" value="/Objects/pipe_elbow_2.hs"/>
    </Properties>
  </Object>
  <Object name="Object17">
    <AbsoluteLocation value="-5.261917 9.422947"/>
    <Properties>
      <Property name="Angle" value="90.0219"/>
      <Property name="Filename" value="/Objects/pipe_straight.hs"/>
    </Properties>
  </Object>
  <Object name="Spout2">
    <AbsoluteLocation value="-5.206989 14.483934"/>
    <Properties>
      <Property name="Angle" value="0.0029936"/>
      <Property name="ConnectedSpout0" value="Spout8"/>
      <Property name="ConnectedSpoutProbability0" value="1"/>
      <Property name="Filename" value="/Objects/basic_drain.hs"/>
      <Property name="Type" value="spout"/>
    </Properties>
  </Object>
  <Object name="Spout9">
    <AbsoluteLocation value="14.657972 -40.428051"/>
    <Properties>
      <Property name="Angle" value="-60.2219"/>
      <Property name="ConnectedSpout0" value="Spout6"/>
      <Property name="ConnectedSpoutProbability0" value="1"/>
      <Property name="Filename" value="/Objects/basic_drain.hs"/>
      <Property name="Type" value="spout"/>
    </Properties>
  </Object>
  <Object name="Spout12">
    <AbsoluteLocation value="-28.779066 -26.147991"/>
    <Properties>
      <Property name="Angle" value="358.396"/>
      <Property name="ConnectedSpout0" value="Spout7"/>
      <Property name="ConnectedSpoutProbability0" value="1"/>
      <Property name="Filename" value="/Objects/basic_drain.hs"/>
      <Property name="Type" value="spout"/>
    </Properties>
  </Object>
  <Object name="Object13">
    <AbsoluteLocation value="20.496288 -39.978786"/>
    <Properties>
      <Property name="Angle" value="0"/>
      <Property name="Filename" value="/Objects/wall_8x8_locking.hs"/>
      <Property name="PathPos0" value="0 0"/>
      <Property name="PathPos1" value="0 6"/>
    </Properties>
  </Object>
  <Object name="Ducky14">
    <AbsoluteLocation value="11.627691 11.320835"/>
    <Properties>
      <Property name="Angle" value="0"/>
      <Property name="Filename" value="/Objects/star.hs"/>
      <Property name="Type" value="star"/>
    </Properties>
  </Object>
  <Object name="Spout11">
    <AbsoluteLocation value="-27.400736 33.469189"/>
    <Properties>
      <Property name="Angle" value="-359.176"/>
      <Property name="Filename" value="/Objects/shower_head.hs"/>
      <Property name="FluidType" value="Water"/>
      <Property name="NumberParticles" value="0"/>
      <Property name="ParticleSpeed" value="10"/>
      <Property name="Type" value="spout"/>
    </Properties>
  </Object>
  <Object name="Spout7">
    <AbsoluteLocation value="-28.322020 -41.536793"/>
    <Properties>
      <Property name="Angle" value="48.3954"/>
      <Property name="Filename" value="/Objects/shower_head.hs"/>
      <Property name="FluidType" value="Water"/>
      <Property name="NumberParticles" value="0"/>
      <Property name="ParticleSpeed" value="65"/>
      <Property name="ParticlesPerSecond" value="4"/>
      <Property name="Type" value="spout"/>
    </Properties>
  </Object>
  <Object name="Ducky15">
    <AbsoluteLocation value="6.926284 -16.007982"/>
    <Properties>
      <Property name="Angle" value="0"/>
      <Property name="Filename" value="/Objects/star.hs"/>
      <Property name="Type" value="star"/>
    </Properties>
  </Object>
  <Object name="Ducky16">
    <AbsoluteLocation value="-6.368109 -37.343285"/>
    <Properties>
      <Property name="Angle" value="0"/>
      <Property name="Filename" value="/Objects/star.hs"/>
      <Property name="Type" value="star"/>
    </Properties>
  </Object>
  <Object name="Object21">
    <AbsoluteLocation value="22.603230 -6.179956"/>
    <Properties>
      <Property name="Angle" value="89.8548"/>
      <Property name="Filename" value="/Objects/pipe_straight.hs"/>
    </Properties>
  </Object>
  <Object name="Object22">
    <AbsoluteLocation value="23.692419 -3.394944"/>
    <Properties>
      <Property name="Angle" value="-89.2168"/>
      <Property name="Filename" value="/Objects/pipe_connector_90.hs"/>
    </Properties>
  </Object>
  <Object name="Object30">
    <AbsoluteLocation value="18.052938 -31.835724"/>
    <Properties>
      <Property name="Angle" value="44.3375"/>
      <Property name="Filename" value="/Objects/pipe_straight_long.hs"/>
    </Properties>
  </Object>
  <Object name="Object31">
    <AbsoluteLocation value="11.788791 -37.948261"/>
    <Properties>
      <Property name="Angle" value="44.3375"/>
      <Property name="Filename" value="/Objects/pipe_straight_long.hs"/>
    </Properties>
  </Object>
  <Object name="Object33">
    <AbsoluteLocation value="11.860702 -45.813156"/>
    <Properties>
      <Property name="Angle" value="120.785"/>
      <Property name="Filename" value="/Objects/pipe_connector_90.hs"/>
    </Properties>
  </Object>
  <Object name="Object36">
    <AbsoluteLocation value="6.117838 -44.162945"/>
    <Properties>
      <Property name="Angle" value="131.368"/>
      <Property name="Filename" value="/Objects/pipe_elbow_1.hs"/>
    </Properties>
  </Object>
  <Object name="Object40">
    <AbsoluteLocation value="25.678673 12.766310"/>
    <Properties>
      <Property name="Angle" value="-46.6469"/>
      <Property name="Filename" value="/Objects/pipe_elbow_2.hs"/>
    </Properties>
  </Object>
  <Object name="Object39">
    <AbsoluteLocation value="25.225645 14.571323"/>
    <Properties>
      <Property name="Angle" value="124.207"/>
      <Property name="Filename" value="/Objects/pipe_connector_end.hs"/>
    </Properties>
  </Object>
  <Object name="Object44">
    <AbsoluteLocation value="-30.637905 36.894493"/>
    <Properties>
      <Property name="Angle" value="89.408"/>
      <Property name="Filename" value="/Objects/pipe_elbow_1.hs"/>
    </Properties>
  </Object>
  <Object name="Object45">
    <AbsoluteLocation value="-24.707903 37.556412"/>
    <Properties>
      <Property name="Angle" value="0"/>
      <Property name="Filename" value="/Objects/pipe_straight_long.hs"/>
    </Properties>
  </Object>
  <Object name="Object46">
    <AbsoluteLocation value="-19.295004 37.559620"/>
    <Properties>
      <Property name="Angle" value="0"/>
      <Property name="Filename" value="/Objects/pipe_straight_short.hs"/>
    </Properties>
  </Object>
  <Object name="Object48">
    <AbsoluteLocation value="-17.943943 36.417282"/>
    <Properties>
      <Property name="Angle" value="180.533"/>
      <Property name="Filename" value="/Objects/pipe_connector_90.hs"/>
    </Properties>
  </Object>
  <Object name="Object50">
    <AbsoluteLocation value="-16.746803 20.935677"/>
    <Properties>
      <Property name="Angle" value="89.9854"/>
      <Property name="Filename" value="/Objects/pipe_straight_long.hs"/>
    </Properties>
  </Object>
  <Object name="Object52">
    <AbsoluteLocation value="-17.224079 9.680802"/>
    <Properties>
      <Property name="Angle" value="-86.1798"/>
      <Property name="Filename" value="/Objects/pipe_bend_1.hs"/>
    </Properties>
  </Object>
  <Object name="Object53">
    <AbsoluteLocation value="-16.818039 13.364686"/>
    <Properties>
      <Property name="Angle" value="88.8669"/>
      <Property name="Filename" value="/Objects/pipe_straight.hs"/>
    </Properties>
  </Object>
  <Object name="Object54">
    <AbsoluteLocation value="-20.752522 5.960904"/>
    <Properties>
      <Property name="Angle" value="44.9171"/>
      <Property name="Filename" value="/Objects/pipe_straight_long.hs"/>
    </Properties>
  </Object>
  <Object name="Object55">
    <AbsoluteLocation value="-23.408562 2.500571"/>
    <Properties>
      <Property name="Angle" value="131.335"/>
      <Property name="Filename" value="/Objects/pipe_elbow_1.hs"/>
    </Properties>
  </Object>
  <Object name="Spout4">
    <AbsoluteLocation value="-21.593189 -0.619095"/>
    <Properties>
      <Property name="Angle" value="224.374"/>
      <Property name="ConnectedSpout0" value="Spout11"/>
      <Property name="ConnectedSpoutProbability0" value="1"/>
      <Property name="Filename" value="/Objects/basic_drain.hs"/>
      <Property name="Type" value="spout"/>
    </Properties>
  </Object>
  <Object name="Object60">
    <AbsoluteLocation value="-32.615341 -40.185799"/>
    <Properties>
      <Property name="Angle" value="-45.2495"/>
      <Property name="Filename" value="/Objects/pipe_connector_90.hs"/>
    </Properties>
  </Object>
  <Object name="Object59">
    <AbsoluteLocation value="-29.085648 -35.299892"/>
    <Properties>
      <Property name="Angle" value="-88.4844"/>
      <Property name="Filename" value="/Objects/pipe_bend_1.hs"/>
    </Properties>
  </Object>
  <Object name="Object29">
    <AbsoluteLocation value="21.621544 -28.129587"/>
    <Properties>
      <Property name="Angle" value="-86.0468"/>
      <Property name="Filename" value="/Objects/pipe_bend_1.hs"/>
    </Properties>
  </Object>
  <Object name="Object66">
    <AbsoluteLocation value="21.163494 -25.132126"/>
    <Properties>
      <Property name="Angle" value="1.31773"/>
      <Property name="Filename" value="/Objects/pipe_elbow_2.hs"/>
    </Properties>
  </Object>
  <Object name="Object69">
    <AbsoluteLocation value="20.863850 -16.950424"/>
    <Properties>
      <Property name="Angle" value="0"/>
      <Property name="Filename" value="/Objects/pipe_straight_short.hs"/>
    </Properties>
  </Object>
  <Object name="Object61">
    <AbsoluteLocation value="20.398836 -35.726837"/>
    <Properties>
      <Property name="Angle" value="89.7132"/>
      <Property name="Filename" value="/Objects/path_locking_end_right.hs"/>
    </Properties>
  </Object>
  <Object name="Object62">
    <AbsoluteLocation value="20.391537 -39.987522"/>
    <Properties>
      <Property name="Angle" value="90.2727"/>
      <Property name="Filename" value="/Objects/path_locking_end.hs"/>
    </Properties>
  </Object>
  <Object name="Spout3">
    <AbsoluteLocation value="18.383722 -20.453184"/>
    <Properties>
      <Property name="Angle" value="80.9987"/>
      <Property name="ConnectedSpout0" value="Spout10"/>
      <Property name="ConnectedSpoutProbability0" value="1"/>
      <Property name="Filename" value="/Objects/basic_drain.hs"/>
      <Property name="Type" value="spout"/>
    </Properties>
  </Object>
  <Object name="Spout67">
    <AbsoluteLocation value="17.910616 -16.455645"/>
    <Properties>
      <Property name="Angle" value="77.5135"/>
      <Property name="ConnectedSpout0" value="Spout10"/>
      <Property name="ConnectedSpoutProbability0" value="1"/>
      <Property name="Filename" value="/Objects/basic_drain.hs"/>
      <Property name="Type" value="spout"/>
    </Properties>
  </Object>
  <Object name="Spout6">
    <AbsoluteLocation value="18.229101 -24.129610"/>
    <Properties>
      <Property name="Angle" value="167.389"/>
      <Property name="Filename" value="/Objects/shower_head.hs"/>
      <Property name="FluidType" value="Water"/>
      <Property name="NumberParticles" value="0"/>
      <Property name="OffsetVariation" value="0.1"/>
      <Property name="ParticleSpeed" value="40"/>
      <Property name="ParticlesPerSecond" value="20"/>
      <Property name="Type" value="spout"/>
    </Properties>
  </Object>
  <Object name="Object64">
    <AbsoluteLocation value="21.698977 -16.941792"/>
    <Properties>
      <Property name="Angle" value="89.456"/>
      <Property name="Filename" value="/Objects/pipe_spout_base.hs"/>
    </Properties>
  </Object>
  <Object name="Object67">
    <AbsoluteLocation value="23.151321 -16.925993"/>
    <Properties>
      <Property name="Angle" value="270.617"/>
      <Property name="Filename" value="/Objects/pipe_spout_base.hs"/>
    </Properties>
  </Object>
  <Object name="Spout8">
    <AbsoluteLocation value="-5.367117 6.061584"/>
    <Properties>
      <Property name="Angle" value="-88.8226"/>
      <Property name="Filename" value="/Objects/shower_head.hs"/>
      <Property name="FluidType" value="Water"/>
      <Property name="NumberParticles" value="0"/>
      <Property name="ParticleSpeed" value="20"/>
      <Property name="ParticlesPerSecond" value="13"/>
      <Property name="Type" value="spout"/>
    </Properties>
  </Object>
  <Object name="Spout10">
    <AbsoluteLocation value="26.740843 -8.394973"/>
    <Properties>
      <Property name="Angle" value="-87.8644"/>
      <Property name="Filename" value="/Objects/shower_head.hs"/>
      <Property name="FluidType" value="Water"/>
      <Property name="NumberParticles" value="0"/>
      <Property name="ParticleSpeed" value="20"/>
      <Property name="ParticlesPerSecond" value="13"/>
      <Property name="Type" value="spout"/>
    </Properties>
  </Object>
  <Object name="Object68">
    <AbsoluteLocation value="22.902487 9.167025"/>
    <Properties>
      <Property name="Angle" value="44.4928"/>
      <Property name="Filename" value="/Objects/pipe_straight.hs"/>
    </Properties>
  </Object>
  <Object name="Spout5">
    <AbsoluteLocation value="19.693989 6.023388"/>
    <Properties>
      <Property name="Angle" value="135.679"/>
      <Property name="ConnectedSpout0" value="SWAMPY_SPOUT"/>
      <Property name="ConnectedSpoutProbability0" value="1"/>
      <Property name="Filename" value="/Objects/broken_pipe.hs"/>
      <Property name="Type" value="spout"/>
    </Properties>
  </Object>
  <Room>
    <AbsoluteLocation value="19.600002 26.799999"/>
  </Room>
</Objects>
