<?xml version="1.0"?>
<Objects>
  <Object name="Obj11">
    <AbsoluteLocation value="31.599998 -34.900009"/>
    <Properties>
      <Property name="Angle" value="-17.9918"/>
      <Property name="Filename" value="/Objects/pipe_straight.hs"/>
    </Properties>
  </Object>
  <Object name="Obj9">
    <AbsoluteLocation value="4.003219 14.702455"/>
    <Properties>
      <Property name="Angle" value="-36.4233"/>
      <Property name="Filename" value="/Objects/pipe_straight.hs"/>
    </Properties>
  </Object>
  <Object name="23">
    <AbsoluteLocation value="0.535829 17.608740"/>
    <Properties>
      <Property name="Angle" value="-312.687"/>
      <Property name="ConnectedSpout0" value="SWAMPY_SPOUT"/>
      <Property name="ConnectedSpoutProbability0" value="1"/>
      <Property name="Filename" value="/Objects/broken_pipe.hs"/>
      <Property name="Type" value="spout"/>
    </Properties>
  </Object>
  <Object name="Obj3">
    <AbsoluteLocation value="1.326906 -29.315510"/>
    <Properties>
      <Property name="Angle" value="-21.7768"/>
      <Property name="Filename" value="/Objects/wall_24x8_locking_pivot.hs"/>
      <Property name="PinMaxAngle" value="45"/>
      <Property name="PinMinAngle" value="-90"/>
      <Property name="PinOffset" value="-8 4"/>
    </Properties>
  </Object>
  <Object name="Star4">
    <AbsoluteLocation value="0.800001 8.499997"/>
    <Properties>
      <Property name="Angle" value="0"/>
      <Property name="Filename" value="/Objects/star.hs"/>
      <Property name="Type" value="star"/>
    </Properties>
  </Object>
  <Object name="20">
    <AbsoluteLocation value="27.490593 -33.372250"/>
    <Properties>
      <Property name="Angle" value="164.476"/>
      <Property name="Filename" value="/Objects/shower_head.hs"/>
      <Property name="FluidType" value="Water"/>
      <Property name="ParticleSpeed" value="72"/>
      <Property name="ParticlesPerSecond" value="6"/>
      <Property name="Timer0" value="1 2"/>
      <Property name="Timer1" value="0 7"/>
      <Property name="Type" value="spout"/>
    </Properties>
  </Object>
  <Object name="Star6">
    <AbsoluteLocation value="-22.700003 -40.600002"/>
    <Properties>
      <Property name="Angle" value="0"/>
      <Property name="Filename" value="/Objects/star.hs"/>
      <Property name="Type" value="star"/>
    </Properties>
  </Object>
  <Object name="Star7">
    <AbsoluteLocation value="-3.214653 -14.867979"/>
    <Properties>
      <Property name="Angle" value="5.48872"/>
      <Property name="Filename" value="/Objects/star.hs"/>
      <Property name="Type" value="star"/>
    </Properties>
  </Object>
  <Object name="Obj9">
    <AbsoluteLocation value="7.780385 13.581551"/>
    <Properties>
      <Property name="Angle" value="57.149"/>
      <Property name="Filename" value="/Objects/pipe_connector_90.hs"/>
    </Properties>
  </Object>
  <Object name="Obj12">
    <AbsoluteLocation value="37.499996 -36.000011"/>
    <Properties>
      <Property name="Angle" value="-3.7715"/>
      <Property name="Filename" value="/Objects/pipe_straight.hs"/>
    </Properties>
  </Object>
  <Object name="Switch14">
    <AbsoluteLocation value="-5.385817 -5.110305"/>
    <Properties>
      <Property name="Angle" value="192.279"/>
      <Property name="ConnectedObject0" value="Obj14"/>
      <Property name="Filename" value="/Objects/switch.hs"/>
      <Property name="Type" value="switch"/>
    </Properties>
  </Object>
  <Object name="Obj14">
    <AbsoluteLocation value="-19.735540 24.838852"/>
    <Properties>
      <Property name="Angle" value="90"/>
      <Property name="Filename" value="/Objects/wall_24x8.hs"/>
      <Property name="MotorMoveSpeed" value="6"/>
      <Property name="PathPos0" value="0 0"/>
      <Property name="PathPos1" value="0 -15"/>
    </Properties>
  </Object>
  <Object name="Switch16">
    <AbsoluteLocation value="-28.200003 -31.800007"/>
    <Properties>
      <Property name="Angle" value="-89.5529"/>
      <Property name="ConnectedObject0" value="Obj16"/>
      <Property name="Filename" value="/Objects/switch_green.hs"/>
      <Property name="Type" value="switch"/>
    </Properties>
  </Object>
  <Object name="Obj16">
    <AbsoluteLocation value="-13.400000 24.799997"/>
    <Properties>
      <Property name="Angle" value="89.4058"/>
      <Property name="Filename" value="/Objects/wall_24x8_green.hs"/>
      <Property name="MotorMoveSpeed" value="6"/>
      <Property name="PathPos0" value="0 0"/>
      <Property name="PathPos1" value="0 -17"/>
    </Properties>
  </Object>
  <Object name="GateB">
    <AbsoluteLocation value="-7.199999 24.799992"/>
    <Properties>
      <Property name="Angle" value="89.8489"/>
      <Property name="Filename" value="/Objects/wall_24x8_blue.hs"/>
      <Property name="MotorMoveSpeed" value="6"/>
      <Property name="PathPos0" value="0 0"/>
      <Property name="PathPos1" value="0 -19"/>
    </Properties>
  </Object>
  <Object name="Switch18">
    <AbsoluteLocation value="25.400003 -12.000006"/>
    <Properties>
      <Property name="Angle" value="41.9929"/>
      <Property name="ConnectedObject0" value="GateB"/>
      <Property name="Filename" value="/Objects/switch_blue.hs"/>
      <Property name="Type" value="switch"/>
    </Properties>
  </Object>
  <Object name="Obj17">
    <AbsoluteLocation value="-19.300987 33.122185"/>
    <Properties>
      <Property name="Angle" value="89.6034"/>
      <Property name="Filename" value="/Objects/path_locking_end_right.hs"/>
    </Properties>
  </Object>
  <Object name="Obj18">
    <AbsoluteLocation value="-19.470156 8.686797"/>
    <Properties>
      <Property name="Angle" value="89.6034"/>
      <Property name="Filename" value="/Objects/path_locking_end.hs"/>
    </Properties>
  </Object>
  <Object name="Obj19">
    <AbsoluteLocation value="-19.436319 13.573870"/>
    <Properties>
      <Property name="Angle" value="89.6034"/>
      <Property name="Filename" value="/Objects/path_locking_mid.hs"/>
    </Properties>
  </Object>
  <Object name="Obj20">
    <AbsoluteLocation value="-19.402491 18.460943"/>
    <Properties>
      <Property name="Angle" value="89.6034"/>
      <Property name="Filename" value="/Objects/path_locking_mid.hs"/>
    </Properties>
  </Object>
  <Object name="Obj21">
    <AbsoluteLocation value="-19.368654 23.348032"/>
    <Properties>
      <Property name="Angle" value="89.6034"/>
      <Property name="Filename" value="/Objects/path_locking_mid.hs"/>
    </Properties>
  </Object>
  <Object name="Obj22">
    <AbsoluteLocation value="-19.334822 28.235111"/>
    <Properties>
      <Property name="Angle" value="89.6034"/>
      <Property name="Filename" value="/Objects/path_locking_mid.hs"/>
    </Properties>
  </Object>
  <Object name="Obj23">
    <AbsoluteLocation value="-13.402491 16.460943"/>
    <Properties>
      <Property name="Angle" value="89.6034"/>
      <Property name="Filename" value="/Objects/path_locking_mid.hs"/>
    </Properties>
  </Object>
  <Object name="Obj24">
    <AbsoluteLocation value="-13.368654 21.348032"/>
    <Properties>
      <Property name="Angle" value="89.6034"/>
      <Property name="Filename" value="/Objects/path_locking_mid.hs"/>
    </Properties>
  </Object>
  <Object name="Obj25">
    <AbsoluteLocation value="-13.300987 31.122185"/>
    <Properties>
      <Property name="Angle" value="89.6034"/>
      <Property name="Filename" value="/Objects/path_locking_end_right.hs"/>
    </Properties>
  </Object>
  <Object name="Obj26">
    <AbsoluteLocation value="-13.436319 11.573870"/>
    <Properties>
      <Property name="Angle" value="89.6034"/>
      <Property name="Filename" value="/Objects/path_locking_mid.hs"/>
    </Properties>
  </Object>
  <Object name="Obj27">
    <AbsoluteLocation value="-13.334822 26.235111"/>
    <Properties>
      <Property name="Angle" value="89.6034"/>
      <Property name="Filename" value="/Objects/path_locking_mid.hs"/>
    </Properties>
  </Object>
  <Object name="Obj28">
    <AbsoluteLocation value="-13.470156 6.686797"/>
    <Properties>
      <Property name="Angle" value="89.6034"/>
      <Property name="Filename" value="/Objects/path_locking_end.hs"/>
    </Properties>
  </Object>
  <Object name="Obj29">
    <AbsoluteLocation value="-7.270157 4.286803"/>
    <Properties>
      <Property name="Angle" value="89.6034"/>
      <Property name="Filename" value="/Objects/path_locking_end.hs"/>
    </Properties>
  </Object>
  <Object name="Obj30">
    <AbsoluteLocation value="-7.236320 9.173876"/>
    <Properties>
      <Property name="Angle" value="89.6034"/>
      <Property name="Filename" value="/Objects/path_locking_mid.hs"/>
    </Properties>
  </Object>
  <Object name="Obj31">
    <AbsoluteLocation value="-7.100988 28.722191"/>
    <Properties>
      <Property name="Angle" value="89.6034"/>
      <Property name="Filename" value="/Objects/path_locking_end_right.hs"/>
    </Properties>
  </Object>
  <Object name="Obj32">
    <AbsoluteLocation value="-7.168655 18.948038"/>
    <Properties>
      <Property name="Angle" value="89.6034"/>
      <Property name="Filename" value="/Objects/path_locking_mid.hs"/>
    </Properties>
  </Object>
  <Object name="Obj33">
    <AbsoluteLocation value="-7.134823 23.835117"/>
    <Properties>
      <Property name="Angle" value="89.6034"/>
      <Property name="Filename" value="/Objects/path_locking_mid.hs"/>
    </Properties>
  </Object>
  <Object name="Obj34">
    <AbsoluteLocation value="-7.202492 14.060949"/>
    <Properties>
      <Property name="Angle" value="89.6034"/>
      <Property name="Filename" value="/Objects/path_locking_mid.hs"/>
    </Properties>
  </Object>
  <Object name="Object36">
    <AbsoluteLocation value="-15.436317 -38.753559"/>
    <Properties>
      <Property name="Angle" value="-315.816"/>
      <Property name="Filename" value="/Objects/path_stopper.hs"/>
    </Properties>
  </Object>
  <Object name="Object37">
    <AbsoluteLocation value="7.288096 -16.697300"/>
    <Properties>
      <Property name="Angle" value="42.4071"/>
      <Property name="Filename" value="/Objects/path_stopper.hs"/>
    </Properties>
  </Object>
  <Object name="Ducky42">
    <AbsoluteLocation value="-2.258255 -16.798161"/>
    <Properties>
      <Property name="Angle" value="0"/>
      <Property name="Filename" value="/Objects/star_baby.hs"/>
      <Property name="StarType" value="baby"/>
      <Property name="Type" value="star"/>
    </Properties>
  </Object>
  <Object name="Ducky43">
    <AbsoluteLocation value="11.491745 -41.376286"/>
    <Properties>
      <Property name="Angle" value="0"/>
      <Property name="Filename" value="/Objects/star_baby.hs"/>
      <Property name="StarType" value="baby"/>
      <Property name="Type" value="star"/>
    </Properties>
  </Object>
  <Object name="Ducky49">
    <AbsoluteLocation value="20.839235 -25.441879"/>
    <Properties>
      <Property name="Angle" value="0"/>
      <Property name="Filename" value="/Objects/star_baby.hs"/>
      <Property name="StarType" value="baby"/>
      <Property name="Type" value="star"/>
    </Properties>
  </Object>
  <Object name="Ducky50">
    <AbsoluteLocation value="25.852821 -28.070564"/>
    <Properties>
      <Property name="Angle" value="0"/>
      <Property name="Filename" value="/Objects/star_baby.hs"/>
      <Property name="StarType" value="baby"/>
      <Property name="Type" value="star"/>
    </Properties>
  </Object>
  <Object name="Ducky38">
    <AbsoluteLocation value="-1.968750 -37.312500"/>
    <Properties>
      <Property name="Angle" value="0"/>
      <Property name="Filename" value="/Objects/star_baby.hs"/>
      <Property name="StarType" value="baby"/>
      <Property name="Type" value="star"/>
    </Properties>
  </Object>
  <Object name="Ducky39">
    <AbsoluteLocation value="-2.515625 -44.265625"/>
    <Properties>
      <Property name="Angle" value="0"/>
      <Property name="Filename" value="/Objects/star_baby.hs"/>
      <Property name="StarType" value="baby"/>
      <Property name="Type" value="star"/>
    </Properties>
  </Object>
  <Object name="Ducky40">
    <AbsoluteLocation value="-23.500000 -39.734375"/>
    <Properties>
      <Property name="Angle" value="0"/>
      <Property name="Filename" value="/Objects/star_baby.hs"/>
      <Property name="StarType" value="baby"/>
      <Property name="Type" value="star"/>
    </Properties>
  </Object>
  <Object name="Ducky41">
    <AbsoluteLocation value="-27.562500 -42.375000"/>
    <Properties>
      <Property name="Angle" value="0"/>
      <Property name="Filename" value="/Objects/star_baby.hs"/>
      <Property name="StarType" value="baby"/>
      <Property name="Type" value="star"/>
    </Properties>
  </Object>
  <Object name="Ducky47">
    <AbsoluteLocation value="-18.269554 -28.456650"/>
    <Properties>
      <Property name="Angle" value="0"/>
      <Property name="Filename" value="/Objects/star_baby.hs"/>
      <Property name="StarType" value="baby"/>
      <Property name="Type" value="star"/>
    </Properties>
  </Object>
  <Object name="Ducky45">
    <AbsoluteLocation value="-18.484718 -13.875267"/>
    <Properties>
      <Property name="Angle" value="0"/>
      <Property name="Filename" value="/Objects/star_baby.hs"/>
      <Property name="StarType" value="baby"/>
      <Property name="Type" value="star"/>
    </Properties>
  </Object>
  <Object name="Ducky48">
    <AbsoluteLocation value="5.156250 8.343750"/>
    <Properties>
      <Property name="Angle" value="0"/>
      <Property name="Filename" value="/Objects/star_note_1.hs"/>
      <Property name="StarType" value="note"/>
      <Property name="Type" value="star"/>
    </Properties>
  </Object>
  <Object name="Ducky51">
    <AbsoluteLocation value="-13.715126 -13.998558"/>
    <Properties>
      <Property name="Angle" value="0"/>
      <Property name="Filename" value="/Objects/star_note_2.hs"/>
      <Property name="StarType" value="note"/>
      <Property name="Type" value="star"/>
    </Properties>
  </Object>
  <Object name="Ducky52">
    <AbsoluteLocation value="-21.367657 -37.857670"/>
    <Properties>
      <Property name="Angle" value="0"/>
      <Property name="Filename" value="/Objects/star_note_3.hs"/>
      <Property name="StarType" value="note"/>
      <Property name="Type" value="star"/>
    </Properties>
  </Object>
  <Object name="Ducky53">
    <AbsoluteLocation value="4.296253 -13.852242"/>
    <Properties>
      <Property name="Angle" value="0"/>
      <Property name="Filename" value="/Objects/star_note_4.hs"/>
      <Property name="StarType" value="note"/>
      <Property name="Type" value="star"/>
    </Properties>
  </Object>
  <Object name="Ducky54">
    <AbsoluteLocation value="-1.103165 30.573166"/>
    <Properties>
      <Property name="Angle" value="0"/>
      <Property name="Filename" value="/Objects/star_note_5.hs"/>
      <Property name="StarType" value="note"/>
      <Property name="Type" value="star"/>
    </Properties>
  </Object>
  <Room>
    <AbsoluteLocation value="17.200003 25.999998"/>
  </Room>
</Objects>
