<?xml version="1.0"?>
<Objects>
  <Object name="Obj40">
    <AbsoluteLocation value="-26.783922 34.939404"/>
    <Properties>
      <Property name="Angle" value="91.1404"/>
      <Property name="Filename" value="/Objects/pipe_straight.hs"/>
    </Properties>
  </Object>
  <Object name="12">
    <AbsoluteLocation value="-16.897472 39.470028"/>
    <Properties>
      <Property name="Angle" value="0"/>
      <Property name="Filename" value="/Objects/pipe_bend_2.hs"/>
    </Properties>
  </Object>
  <Object name="10">
    <AbsoluteLocation value="14.208488 39.614265"/>
    <Properties>
      <Property name="Angle" value="-75.5247"/>
      <Property name="Filename" value="/Objects/pipe_bend_1.hs"/>
    </Properties>
  </Object>
  <Object name="Obj39">
    <AbsoluteLocation value="-30.486904 -32.187080"/>
    <Properties>
      <Property name="Angle" value="93.7446"/>
      <Property name="Filename" value="/Objects/pipe_straight.hs"/>
    </Properties>
  </Object>
  <Object name="Obj36">
    <AbsoluteLocation value="-21.302382 -38.284454"/>
    <Properties>
      <Property name="Angle" value="-136.042"/>
      <Property name="Filename" value="/Objects/pipe_bend_1.hs"/>
    </Properties>
  </Object>
  <Object name="Obj24">
    <AbsoluteLocation value="-32.152946 -3.180217"/>
    <Properties>
      <Property name="Angle" value="99.2393"/>
      <Property name="Filename" value="/Objects/pipe_bend_2.hs"/>
    </Properties>
  </Object>
  <Object name="0">
    <AbsoluteLocation value="-14.618206 36.906410"/>
    <Properties>
      <Property name="Angle" value="-50.8849"/>
      <Property name="Filename" value="/Objects/pipe_straight.hs"/>
    </Properties>
  </Object>
  <Object name="1">
    <AbsoluteLocation value="-21.048956 39.741508"/>
    <Properties>
      <Property name="Angle" value="0.076365"/>
      <Property name="Filename" value="/Objects/pipe_straight.hs"/>
    </Properties>
  </Object>
  <Object name="2">
    <AbsoluteLocation value="-26.701077 32.170479"/>
    <Properties>
      <Property name="Angle" value="91.1404"/>
      <Property name="Filename" value="/Objects/pipe_straight.hs"/>
    </Properties>
  </Object>
  <Object name="3">
    <AbsoluteLocation value="12.493883 36.969849"/>
    <Properties>
      <Property name="Angle" value="54.6713"/>
      <Property name="Filename" value="/Objects/pipe_straight.hs"/>
    </Properties>
  </Object>
  <Object name="4">
    <AbsoluteLocation value="-15.134959 2.579357"/>
    <Properties>
      <Property name="Angle" value="0"/>
      <Property name="Filename" value="/Objects/star.hs"/>
      <Property name="Type" value="star"/>
    </Properties>
  </Object>
  <Object name="5">
    <AbsoluteLocation value="-23.310995 -10.301981"/>
    <Properties>
      <Property name="Angle" value="0"/>
      <Property name="Filename" value="/Objects/star.hs"/>
      <Property name="Type" value="star"/>
    </Properties>
  </Object>
  <Object name="6">
    <AbsoluteLocation value="-11.413465 -18.283649"/>
    <Properties>
      <Property name="Angle" value="0"/>
      <Property name="Filename" value="/Objects/star.hs"/>
      <Property name="Type" value="star"/>
    </Properties>
  </Object>
  <Object name="7">
    <AbsoluteLocation value="24.795561 -20.092674"/>
    <Properties>
      <Property name="Angle" value="-57.9665"/>
      <Property name="Filename" value="/Objects/pipe_bend_1.hs"/>
    </Properties>
  </Object>
  <Object name="8">
    <AbsoluteLocation value="24.241680 -22.158245"/>
    <Properties>
      <Property name="Angle" value="-107.874"/>
      <Property name="Filename" value="/Objects/pipe_connector_end.hs"/>
    </Properties>
  </Object>
  <Object name="9">
    <AbsoluteLocation value="9.451871 32.900028"/>
    <Properties>
      <Property name="Angle" value="-132.354"/>
      <Property name="Filename" value="/Objects/shower_head.hs"/>
      <Property name="FluidType" value="Water"/>
      <Property name="ParticleSpeed" value="45"/>
      <Property name="Timer0" value="0 5"/>
      <Property name="Timer1" value="1 4"/>
      <Property name="Timer2" value="0 1"/>
      <Property name="Type" value="spout"/>
    </Properties>
  </Object>
  <Object name="11">
    <AbsoluteLocation value="12.947794 44.896637"/>
    <Properties>
      <Property name="Angle" value="107.406"/>
      <Property name="Filename" value="/Objects/pipe_straight_long.hs"/>
    </Properties>
  </Object>
  <Object name="13">
    <AbsoluteLocation value="-25.534710 38.713039"/>
    <Properties>
      <Property name="Angle" value="-90.5129"/>
      <Property name="Filename" value="/Objects/pipe_connector_90.hs"/>
    </Properties>
  </Object>
  <Object name="14">
    <AbsoluteLocation value="-11.547676 33.144371"/>
    <Properties>
      <Property name="Angle" value="-45.9219"/>
      <Property name="Filename" value="/Objects/shower_head.hs"/>
      <Property name="FluidType" value="Lava"/>
      <Property name="ParticleSpeed" value="9.75"/>
      <Property name="Timer0" value="1 4"/>
      <Property name="Timer1" value="0 6"/>
      <Property name="Type" value="spout"/>
    </Properties>
  </Object>
  <Object name="17">
    <AbsoluteLocation value="24.005014 -17.351557"/>
    <Properties>
      <Property name="Angle" value="19.4457"/>
      <Property name="ConnectedSpout0" value="SWAMPY_SPOUT"/>
      <Property name="ConnectedSpoutProbability0" value="1"/>
      <Property name="Filename" value="/Objects/broken_pipe.hs"/>
      <Property name="Type" value="spout"/>
    </Properties>
  </Object>
  <Object name="Collectible18">
    <AbsoluteLocation value="-16.527248 -8.983503"/>
    <Properties>
      <Property name="Angle" value="18.9532"/>
      <Property name="Filename" value="/Objects/z_collectible_10.hs"/>
      <Property name="PlatinumType" value="normal"/>
      <Property name="Type" value="collectible"/>
    </Properties>
  </Object>
  <Object name="Obj18">
    <AbsoluteLocation value="-26.700962 26.113962"/>
    <Properties>
      <Property name="Angle" value="89.2522"/>
      <Property name="Filename" value="/Objects/pipe_straight.hs"/>
    </Properties>
  </Object>
  <Object name="Obj19">
    <AbsoluteLocation value="-26.882545 19.803513"/>
    <Properties>
      <Property name="Angle" value="87.3571"/>
      <Property name="Filename" value="/Objects/pipe_straight.hs"/>
    </Properties>
  </Object>
  <Object name="Obj20">
    <AbsoluteLocation value="-27.653210 7.402869"/>
    <Properties>
      <Property name="Angle" value="87.5966"/>
      <Property name="Filename" value="/Objects/pipe_straight.hs"/>
    </Properties>
  </Object>
  <Object name="Obj21">
    <AbsoluteLocation value="-27.274574 13.473079"/>
    <Properties>
      <Property name="Angle" value="85.5059"/>
      <Property name="Filename" value="/Objects/pipe_straight.hs"/>
    </Properties>
  </Object>
  <Object name="Obj22">
    <AbsoluteLocation value="-27.915186 3.209249"/>
    <Properties>
      <Property name="Angle" value="-80.8559"/>
      <Property name="Filename" value="/Objects/pipe_bend_1.hs"/>
    </Properties>
  </Object>
  <Object name="Obj23">
    <AbsoluteLocation value="-30.081186 -0.007767"/>
    <Properties>
      <Property name="Angle" value="54.9344"/>
      <Property name="Filename" value="/Objects/pipe_straight.hs"/>
    </Properties>
  </Object>
  <Object name="Obj25">
    <AbsoluteLocation value="-32.332100 -7.399437"/>
    <Properties>
      <Property name="Angle" value="90.4153"/>
      <Property name="Filename" value="/Objects/pipe_straight.hs"/>
    </Properties>
  </Object>
  <Object name="Obj26">
    <AbsoluteLocation value="-32.051716 -13.643028"/>
    <Properties>
      <Property name="Angle" value="94.6052"/>
      <Property name="Filename" value="/Objects/pipe_straight.hs"/>
    </Properties>
  </Object>
  <Object name="Obj27">
    <AbsoluteLocation value="-31.643747 -19.942886"/>
    <Properties>
      <Property name="Angle" value="92.7105"/>
      <Property name="Filename" value="/Objects/pipe_straight.hs"/>
    </Properties>
  </Object>
  <Object name="Obj28">
    <AbsoluteLocation value="-31.065821 -26.168049"/>
    <Properties>
      <Property name="Angle" value="97.4852"/>
      <Property name="Filename" value="/Objects/pipe_straight.hs"/>
    </Properties>
  </Object>
  <Object name="Obj30">
    <AbsoluteLocation value="-18.121008 -35.876160"/>
    <Properties>
      <Property name="Angle" value="41.82"/>
      <Property name="Filename" value="/Objects/pipe_straight.hs"/>
    </Properties>
  </Object>
  <Object name="Obj31">
    <AbsoluteLocation value="-24.330940 -38.231602"/>
    <Properties>
      <Property name="Angle" value="-2.44935"/>
      <Property name="Filename" value="/Objects/pipe_straight.hs"/>
    </Properties>
  </Object>
  <Object name="Obj29">
    <AbsoluteLocation value="-29.143314 -36.914917"/>
    <Properties>
      <Property name="Angle" value="0.154288"/>
      <Property name="Filename" value="/Objects/pipe_connector_90.hs"/>
    </Properties>
  </Object>
  <Object name="Obj32">
    <AbsoluteLocation value="-14.844040 -33.846920"/>
    <Properties>
      <Property name="Angle" value="41.8487"/>
      <Property name="Filename" value="/Objects/pipe_elbow_1.hs"/>
    </Properties>
  </Object>
  <Object name="Obj33">
    <AbsoluteLocation value="-13.153091 -38.829670"/>
    <Properties>
      <Property name="Angle" value="-95.221"/>
      <Property name="Filename" value="/Objects/pipe_straight.hs"/>
    </Properties>
  </Object>
  <Object name="Obj34">
    <AbsoluteLocation value="-13.958576 -45.029495"/>
    <Properties>
      <Property name="Angle" value="-99.9959"/>
      <Property name="Filename" value="/Objects/pipe_straight.hs"/>
    </Properties>
  </Object>
  <Object name="Obj35">
    <AbsoluteLocation value="-15.008403 -51.183945"/>
    <Properties>
      <Property name="Angle" value="-99.9959"/>
      <Property name="Filename" value="/Objects/pipe_straight.hs"/>
    </Properties>
  </Object>
  <Object name="Obj37">
    <AbsoluteLocation value="-12.929428 -35.407497"/>
    <Properties>
      <Property name="Angle" value="-49.8502"/>
      <Property name="Filename" value="/Objects/pipe_bend_2.hs"/>
    </Properties>
  </Object>
  <Object name="Obj38">
    <AbsoluteLocation value="-15.757956 -57.311451"/>
    <Properties>
      <Property name="Angle" value="-94.2882"/>
      <Property name="Filename" value="/Objects/pipe_straight.hs"/>
    </Properties>
  </Object>
  <Object name="Ducky43">
    <AbsoluteLocation value="-13.938831 11.235124"/>
    <Properties>
      <Property name="Angle" value="1.07633"/>
      <Property name="Filename" value="/Objects/star_teleport.hs"/>
      <Property name="StarType" value="teleport"/>
      <Property name="TeleportMoveEase" value="both"/>
      <Property name="TeleportMoveTime" value="1"/>
      <Property name="TeleportWaitTime" value="1"/>
      <Property name="Type" value="star"/>
    </Properties>
  </Object>
  <Object name="Ducky44">
    <AbsoluteLocation value="-16.043060 7.275115"/>
    <Properties>
      <Property name="Angle" value="0"/>
      <Property name="Filename" value="/Objects/star_teleport.hs"/>
      <Property name="StarType" value="teleport"/>
      <Property name="TeleportMoveEase" value="both"/>
      <Property name="TeleportMoveTime" value="1"/>
      <Property name="TeleportWaitTime" value="1"/>
      <Property name="Type" value="star"/>
    </Properties>
  </Object>
  <Object name="Ducky45">
    <AbsoluteLocation value="-18.310608 0.931862"/>
    <Properties>
      <Property name="Angle" value="-0.358672"/>
      <Property name="Burst" value="0"/>
      <Property name="Filename" value="/Objects/star_teleport.hs"/>
      <Property name="StarType" value="teleport"/>
      <Property name="TeleportMoveEase" value="both"/>
      <Property name="TeleportMoveTime" value="1"/>
      <Property name="TeleportWaitTime" value="1"/>
      <Property name="Type" value="star"/>
    </Properties>
  </Object>
  <Object name="Ducky46">
    <AbsoluteLocation value="-21.742874 -6.206560"/>
    <Properties>
      <Property name="Angle" value="0"/>
      <Property name="Burst" value="0"/>
      <Property name="Filename" value="/Objects/star_teleport.hs"/>
      <Property name="StarType" value="teleport"/>
      <Property name="TeleportMoveEase" value="both"/>
      <Property name="TeleportMoveTime" value="1"/>
      <Property name="TeleportWaitTime" value="1"/>
      <Property name="Type" value="star"/>
    </Properties>
  </Object>
  <Object name="Ducky47">
    <AbsoluteLocation value="-22.644634 -14.505089"/>
    <Properties>
      <Property name="Angle" value="0"/>
      <Property name="Burst" value="0"/>
      <Property name="Filename" value="/Objects/star_teleport.hs"/>
      <Property name="StarType" value="teleport"/>
      <Property name="TeleportMoveEase" value="both"/>
      <Property name="TeleportMoveTime" value="1"/>
      <Property name="TeleportWaitTime" value="1"/>
      <Property name="Type" value="star"/>
    </Properties>
  </Object>
  <Object name="Ducky48">
    <AbsoluteLocation value="-18.207375 -18.026600"/>
    <Properties>
      <Property name="Angle" value="0"/>
      <Property name="Burst" value="0"/>
      <Property name="Filename" value="/Objects/star_teleport.hs"/>
      <Property name="StarType" value="teleport"/>
      <Property name="TeleportMoveEase" value="both"/>
      <Property name="TeleportMoveTime" value="1"/>
      <Property name="TeleportWaitTime" value="1"/>
      <Property name="Type" value="star"/>
    </Properties>
  </Object>
  <Object name="Ducky49">
    <AbsoluteLocation value="-12.228245 -16.406567"/>
    <Properties>
      <Property name="Angle" value="0"/>
      <Property name="Burst" value="0"/>
      <Property name="Filename" value="/Objects/star_teleport.hs"/>
      <Property name="StarType" value="teleport"/>
      <Property name="TeleportMoveEase" value="both"/>
      <Property name="TeleportMoveTime" value="1"/>
      <Property name="TeleportWaitTime" value="1"/>
      <Property name="Type" value="star"/>
    </Properties>
  </Object>
  <Object name="Ducky50">
    <AbsoluteLocation value="-7.036530 -14.471175"/>
    <Properties>
      <Property name="Angle" value="0"/>
      <Property name="Burst" value="0"/>
      <Property name="Filename" value="/Objects/star_teleport.hs"/>
      <Property name="StarType" value="teleport"/>
      <Property name="TeleportMoveEase" value="both"/>
      <Property name="TeleportMoveTime" value="1"/>
      <Property name="TeleportWaitTime" value="1"/>
      <Property name="Type" value="star"/>
    </Properties>
  </Object>
  <Object name="Ducky51">
    <AbsoluteLocation value="2.734259 -14.238783"/>
    <Properties>
      <Property name="Angle" value="0"/>
      <Property name="Burst" value="0"/>
      <Property name="Filename" value="/Objects/star_teleport.hs"/>
      <Property name="StarType" value="teleport"/>
      <Property name="TeleportMoveEase" value="both"/>
      <Property name="TeleportMoveTime" value="1"/>
      <Property name="TeleportWaitTime" value="1"/>
      <Property name="Type" value="star"/>
    </Properties>
  </Object>
  <Object name="Ducky53">
    <AbsoluteLocation value="10.911816 -16.374981"/>
    <Properties>
      <Property name="Angle" value="0"/>
      <Property name="Burst" value="0"/>
      <Property name="Filename" value="/Objects/star_teleport.hs"/>
      <Property name="StarType" value="teleport"/>
      <Property name="TeleportMoveEase" value="both"/>
      <Property name="TeleportMoveTime" value="1"/>
      <Property name="TeleportWaitTime" value="1"/>
      <Property name="Type" value="star"/>
    </Properties>
  </Object>
  <Object name="Ducky54">
    <AbsoluteLocation value="16.072708 -14.653004"/>
    <Properties>
      <Property name="Angle" value="0"/>
      <Property name="Burst" value="0"/>
      <Property name="Filename" value="/Objects/star_teleport.hs"/>
      <Property name="StarType" value="teleport"/>
      <Property name="TeleportMoveEase" value="both"/>
      <Property name="TeleportMoveTime" value="1"/>
      <Property name="TeleportWaitTime" value="1"/>
      <Property name="Type" value="star"/>
    </Properties>
  </Object>
  <Object name="Ducky55">
    <AbsoluteLocation value="21.405436 -15.183855"/>
    <Properties>
      <Property name="Angle" value="0"/>
      <Property name="Burst" value="0"/>
      <Property name="Filename" value="/Objects/star_teleport.hs"/>
      <Property name="StarType" value="teleport"/>
      <Property name="TeleportMoveEase" value="both"/>
      <Property name="TeleportMoveTime" value="1"/>
      <Property name="TeleportWaitTime" value="9999"/>
      <Property name="Type" value="star"/>
    </Properties>
  </Object>
  <Object name="Ducky56">
    <AbsoluteLocation value="-11.872063 11.608887"/>
    <Properties>
      <Property name="Angle" value="0"/>
      <Property name="Burst" value="0"/>
      <Property name="Filename" value="/Objects/star_teleport.hs"/>
      <Property name="StarType" value="teleport"/>
      <Property name="TeleportMoveEase" value="both"/>
      <Property name="TeleportMoveTime" value="1"/>
      <Property name="TeleportWaitTime" value="1"/>
      <Property name="Type" value="star"/>
    </Properties>
  </Object>
  <Room>
    <AbsoluteLocation value="18.800001 -34.800003"/>
  </Room>
  <Properties>
    <Property name="ShowTopEdge" value="1"/>
  </Properties>
</Objects>
