<?xml version="1.0"?>
<Objects>
  <Object name="Ducky2">
    <AbsoluteLocation value="28.332664 -63.097977"/>
    <Properties>
      <Property name="Angle" value="0"/>
      <Property name="Filename" value="/Objects/star.hs"/>
      <Property name="Type" value="star"/>
    </Properties>
  </Object>
  <Object name="Ducky3">
    <AbsoluteLocation value="5.102673 4.940044"/>
    <Properties>
      <Property name="Angle" value="0"/>
      <Property name="Filename" value="/Objects/star.hs"/>
      <Property name="Type" value="star"/>
    </Properties>
  </Object>
  <Object name="Ducky4">
    <AbsoluteLocation value="-16.880772 7.839921"/>
    <Properties>
      <Property name="Angle" value="0"/>
      <Property name="Filename" value="/Objects/star.hs"/>
      <Property name="Type" value="star"/>
    </Properties>
  </Object>
  <Object name="Spout6">
    <AbsoluteLocation value="-23.724085 -60.860130"/>
    <Properties>
      <Property name="Angle" value="-90"/>
      <Property name="ConnectedSpout0" value="SWAMPY_SPOUT"/>
      <Property name="ConnectedSpoutProbability0" value="1"/>
      <Property name="Filename" value="/Objects/broken_pipe.hs"/>
      <Property name="Type" value="spout"/>
    </Properties>
  </Object>
  <Object name="Object10">
    <AbsoluteLocation value="4.044231 58.668503"/>
    <Properties>
      <Property name="Angle" value="180"/>
      <Property name="Filename" value="/Objects/dirtywall_large.hs"/>
      <Property name="Type" value="dirtywall"/>
    </Properties>
  </Object>
  <Object name="Object11">
    <AbsoluteLocation value="-16.418118 67.829224"/>
    <Properties>
      <Property name="Angle" value="90"/>
      <Property name="Filename" value="/Objects/dirtywall_large.hs"/>
      <Property name="Type" value="dirtywall"/>
    </Properties>
  </Object>
  <Object name="Spout7">
    <AbsoluteLocation value="6.413250 81.521729"/>
    <Properties>
      <Property name="Angle" value="-160.423"/>
      <Property name="Filename" value="/Objects/touch_spout.hs"/>
      <Property name="FluidType" value="Water"/>
      <Property name="ParticleSpeed" value="40"/>
      <Property name="ParticlesPerSecond" value="13"/>
      <Property name="SprinklerSteps" value="3"/>
      <Property name="SprinklerWidth" value="2.5"/>
      <Property name="Type" value="spout"/>
    </Properties>
  </Object>
  <Object name="Object12">
    <AbsoluteLocation value="11.021885 52.973476"/>
    <Properties>
      <Property name="Angle" value="0"/>
      <Property name="Filename" value="/Objects/icicle_large.hs"/>
      <Property name="Type" value="icyhot"/>
    </Properties>
  </Object>
  <Object name="Object13">
    <AbsoluteLocation value="-10.585630 52.068050"/>
    <Properties>
      <Property name="Angle" value="0"/>
      <Property name="Filename" value="/Objects/icicle_medium.hs"/>
      <Property name="Type" value="icyhot"/>
    </Properties>
  </Object>
  <Object name="FluidConverter14">
    <AbsoluteLocation value="4.753208 17.166119"/>
    <Properties>
      <Property name="Angle" value="0"/>
      <Property name="Filename" value="/Objects/converter_static_mud_dry.hs"/>
      <Property name="FluidType" value="drymud"/>
      <Property name="Type" value="fluidconverter"/>
    </Properties>
  </Object>
  <Object name="Spout15">
    <AbsoluteLocation value="-3.583172 14.928354"/>
    <Properties>
      <Property name="Angle" value="90"/>
      <Property name="ConnectedSpout0" value="Spout16"/>
      <Property name="ConnectedSpoutProbability0" value="1"/>
      <Property name="Filename" value="/Objects/basic_drain.hs"/>
      <Property name="Type" value="spout"/>
    </Properties>
  </Object>
  <Object name="WaterBalloon15">
    <AbsoluteLocation value="-19.575239 81.737427"/>
    <Properties>
      <Property name="Angle" value="0"/>
      <Property name="Filename" value="/Objects/balloon.hs"/>
      <Property name="InitialParticles" value="contaminatedwater 10 water 0"/>
      <Property name="Type" value="waterballoon"/>
    </Properties>
  </Object>
  <Object name="Object16">
    <AbsoluteLocation value="-10.834610 -19.466803"/>
    <Properties>
      <Property name="Angle" value="90"/>
      <Property name="Filename" value="/Objects/dirtywall_large.hs"/>
      <Property name="Type" value="dirtywall"/>
    </Properties>
  </Object>
  <Object name="Spout8">
    <AbsoluteLocation value="12.400002 -13.600000"/>
    <Properties>
      <Property name="Angle" value="-90"/>
      <Property name="ExpulsionAngleVariation" value="2"/>
      <Property name="Filename" value="/Objects/touch_spout.hs"/>
      <Property name="FluidType" value="Water"/>
      <Property name="ParticleSpeed" value="50"/>
      <Property name="ParticlesPerSecond" value="13"/>
      <Property name="SprinklerSteps" value="3"/>
      <Property name="SprinklerWidth" value="2.5"/>
      <Property name="Type" value="spout"/>
    </Properties>
  </Object>
  <Object name="Spout16">
    <AbsoluteLocation value="12.638159 13.820499"/>
    <Properties>
      <Property name="Angle" value="-86.7997"/>
      <Property name="Blockable" value="1"/>
      <Property name="ConnectedConverter" value="FluidConverter14"/>
      <Property name="Filename" value="/Objects/shower_head.hs"/>
      <Property name="FluidType" value="Water"/>
      <Property name="NumberParticles" value="0"/>
      <Property name="OffsetToMouth" value="1 0"/>
      <Property name="ParticleQueueThreshold" value="1"/>
      <Property name="ParticleSpeed" value="60"/>
      <Property name="ParticlesPerSecond" value="14"/>
      <Property name="Type" value="spout"/>
    </Properties>
  </Object>
  <Room>
    <AbsoluteLocation value="-15.599998 -80.400002"/>
  </Room>
</Objects>
