<?xml version="1.0"?>
<Objects>
  <Object name="Obj1">
    <AbsoluteLocation value="17.505047 -23.676479"/>
    <Properties>
      <Property name="Angle" value="-89.9826"/>
      <Property name="Filename" value="/Objects/wall_24x8.hs"/>
      <Property name="MotorMoveSpeed" value="16"/>
      <Property name="PathPos0" value="0 0"/>
      <Property name="PathPos1" value="0 -16"/>
    </Properties>
  </Object>
  <Object name="Switch2">
    <AbsoluteLocation value="-22.712568 -13.428852"/>
    <Properties>
      <Property name="Angle" value="0"/>
      <Property name="ConnectedObject0" value="Obj1"/>
      <Property name="Filename" value="/Objects/switch.hs"/>
      <Property name="Type" value="switch"/>
    </Properties>
  </Object>
  <Object name="Obj4">
    <AbsoluteLocation value="11.341910 1.415457"/>
    <Properties>
      <Property name="Angle" value="33.5763"/>
      <Property name="Filename" value="/Objects/pipe_straight.hs"/>
    </Properties>
  </Object>
  <Object name="Obj6">
    <AbsoluteLocation value="2.369630 4.476987"/>
    <Properties>
      <Property name="Angle" value="114.672"/>
      <Property name="Filename" value="/Objects/pipe_straight_long.hs"/>
    </Properties>
  </Object>
  <Object name="Spout3">
    <AbsoluteLocation value="14.843918 4.112735"/>
    <Properties>
      <Property name="Angle" value="-52.0381"/>
      <Property name="ConnectedSpout0" value="SWAMPY_SPOUT"/>
      <Property name="ConnectedSpoutProbability0" value="1"/>
      <Property name="Filename" value="/Objects/broken_pipe.hs"/>
      <Property name="Type" value="spout"/>
    </Properties>
  </Object>
  <Object name="Obj5">
    <AbsoluteLocation value="6.635069 -0.365146"/>
    <Properties>
      <Property name="Angle" value="39.6975"/>
      <Property name="Filename" value="/Objects/pipe_connector_90.hs"/>
    </Properties>
  </Object>
  <Object name="Star13">
    <AbsoluteLocation value="-8.868266 11.258177"/>
    <Properties>
      <Property name="Angle" value="0"/>
      <Property name="Filename" value="/Objects/star.hs"/>
      <Property name="Type" value="star"/>
    </Properties>
  </Object>
  <Object name="Star14">
    <AbsoluteLocation value="-19.964731 4.053062"/>
    <Properties>
      <Property name="Angle" value="0"/>
      <Property name="Filename" value="/Objects/star.hs"/>
      <Property name="Type" value="star"/>
    </Properties>
  </Object>
  <Object name="Star15">
    <AbsoluteLocation value="25.743099 13.548996"/>
    <Properties>
      <Property name="Angle" value="0"/>
      <Property name="Filename" value="/Objects/star.hs"/>
      <Property name="Type" value="star"/>
    </Properties>
  </Object>
  <Object name="Obj16">
    <AbsoluteLocation value="-11.625001 -47.906250"/>
    <Properties>
      <Property name="Angle" value="44.5134"/>
      <Property name="Filename" value="/Objects/pipe_straight_long.hs"/>
    </Properties>
  </Object>
  <Object name="Spout16">
    <AbsoluteLocation value="-7.199566 -43.603729"/>
    <Properties>
      <Property name="Angle" value="45.0503"/>
      <Property name="Filename" value="/Objects/shower_head.hs"/>
      <Property name="FluidType" value="Water"/>
      <Property name="OffsetVariation" value="0.3"/>
      <Property name="ParticleOffset" value="1 0"/>
      <Property name="ParticleSpeed" value="80"/>
      <Property name="Type" value="spout"/>
    </Properties>
  </Object>
  <Object name="Obj16">
    <AbsoluteLocation value="0.348141 11.766525"/>
    <Properties>
      <Property name="Angle" value="91.2932"/>
      <Property name="Filename" value="/Objects/pipe_straight.hs"/>
    </Properties>
  </Object>
  <Object name="Obj10">
    <AbsoluteLocation value="0.807441 15.255251"/>
    <Properties>
      <Property name="Angle" value="72.6825"/>
      <Property name="Filename" value="/Objects/pipe_connector_end.hs"/>
    </Properties>
  </Object>
  <Object name="Obj20">
    <AbsoluteLocation value="17.924644 -41.602436"/>
    <Properties>
      <Property name="Angle" value="90.3151"/>
      <Property name="Filename" value="/Objects/path_locking_end.hs"/>
    </Properties>
  </Object>
  <Object name="Obj22">
    <AbsoluteLocation value="17.795292 -17.115545"/>
    <Properties>
      <Property name="Angle" value="90.3151"/>
      <Property name="Filename" value="/Objects/path_locking_end_right.hs"/>
    </Properties>
  </Object>
  <Object name="Obj19">
    <AbsoluteLocation value="17.897758 -36.715309"/>
    <Properties>
      <Property name="Angle" value="90.3151"/>
      <Property name="Filename" value="/Objects/path_locking_mid.hs"/>
    </Properties>
  </Object>
  <Object name="Obj20">
    <AbsoluteLocation value="17.870884 -31.828182"/>
    <Properties>
      <Property name="Angle" value="90.3151"/>
      <Property name="Filename" value="/Objects/path_locking_mid.hs"/>
    </Properties>
  </Object>
  <Object name="Obj21">
    <AbsoluteLocation value="17.844002 -26.941059"/>
    <Properties>
      <Property name="Angle" value="90.3151"/>
      <Property name="Filename" value="/Objects/path_locking_mid.hs"/>
    </Properties>
  </Object>
  <Object name="Obj22">
    <AbsoluteLocation value="17.817127 -22.053930"/>
    <Properties>
      <Property name="Angle" value="90.3151"/>
      <Property name="Filename" value="/Objects/path_locking_mid.hs"/>
    </Properties>
  </Object>
  <Object name="Ducky32">
    <AbsoluteLocation value="-10.213039 34.368622"/>
    <Properties>
      <Property name="Angle" value="0"/>
      <Property name="Filename" value="/Objects/star_mega.hs"/>
      <Property name="StarType" value="mega"/>
      <Property name="Type" value="star"/>
    </Properties>
  </Object>
  <Room>
    <AbsoluteLocation value="8.400003 26.799999"/>
  </Room>
  <Properties>
    <Property name="ShowTopEdge" value="1"/>
  </Properties>
</Objects>
