<?xml version="1.0"?>
<Objects>
  <Object name="Obj30">
    <AbsoluteLocation value="-26.611095 -0.572139"/>
    <Properties>
      <Property name="Angle" value="89.3104"/>
      <Property name="Filename" value="/Objects/pipe_straight.hs"/>
    </Properties>
  </Object>
  <Object name="Obj29">
    <AbsoluteLocation value="-26.539413 5.689904"/>
    <Properties>
      <Property name="Angle" value="89.3104"/>
      <Property name="Filename" value="/Objects/pipe_straight.hs"/>
    </Properties>
  </Object>
  <Object name="Obj27">
    <AbsoluteLocation value="-23.116449 -41.955849"/>
    <Properties>
      <Property name="Angle" value="105.264"/>
      <Property name="Filename" value="/Objects/pipe_straight.hs"/>
    </Properties>
  </Object>
  <Object name="Obj26">
    <AbsoluteLocation value="-14.664181 -43.279697"/>
    <Properties>
      <Property name="Angle" value="32.2124"/>
      <Property name="Filename" value="/Objects/pipe_straight_long.hs"/>
    </Properties>
  </Object>
  <Object name="Obj19">
    <AbsoluteLocation value="-19.833765 -32.055653"/>
    <Properties>
      <Property name="Angle" value="0"/>
      <Property name="Filename" value="/Objects/path_locking_end_right.hs"/>
    </Properties>
  </Object>
  <Object name="Obj16">
    <AbsoluteLocation value="-26.467731 11.951947"/>
    <Properties>
      <Property name="Angle" value="89.3104"/>
      <Property name="Filename" value="/Objects/pipe_straight.hs"/>
    </Properties>
  </Object>
  <Object name="Obj10">
    <AbsoluteLocation value="6.258090 35.926636"/>
    <Properties>
      <Property name="Angle" value="-7.7758"/>
      <Property name="Filename" value="/Objects/pipe_straight.hs"/>
    </Properties>
  </Object>
  <Object name="Obj9">
    <AbsoluteLocation value="-5.972347 35.741837"/>
    <Properties>
      <Property name="Angle" value="10.5107"/>
      <Property name="Filename" value="/Objects/pipe_straight.hs"/>
    </Properties>
  </Object>
  <Object name="WaterGate1">
    <AbsoluteLocation value="-23.681181 -26.662457"/>
    <Properties>
      <Property name="Angle" value="0"/>
      <Property name="Filename" value="/Objects/wall_8x8.hs"/>
      <Property name="MotorMoveSpeed" value="10"/>
      <Property name="MotorOn" value="0"/>
      <Property name="PathPos0" value="0 0"/>
      <Property name="PathPos1" value="0 -6.5"/>
      <Property name="PathPos2" value="6 -6.5"/>
    </Properties>
  </Object>
  <Object name="Spout8">
    <AbsoluteLocation value="-10.697050 34.502995"/>
    <Properties>
      <Property name="Angle" value="107.247"/>
      <Property name="ConnectedSpout0" value="Spout9"/>
      <Property name="ConnectedSpoutProbability0" value="1"/>
      <Property name="Filename" value="/Objects/basic_drain.hs"/>
      <Property name="Type" value="spout"/>
    </Properties>
  </Object>
  <Object name="Spout9">
    <AbsoluteLocation value="11.065882 35.025806"/>
    <Properties>
      <Property name="Angle" value="-9.87742"/>
      <Property name="ConnectedConverter" value="FluidConverter7"/>
      <Property name="Filename" value="/Objects/shower_head.hs"/>
      <Property name="FluidType" value="Water"/>
      <Property name="NumberParticles" value="0"/>
      <Property name="ParticleSpeed" value="30"/>
      <Property name="Type" value="spout"/>
    </Properties>
  </Object>
  <Object name="Obj11">
    <AbsoluteLocation value="-4.079707 36.206379"/>
    <Properties>
      <Property name="Angle" value="90.6726"/>
      <Property name="Filename" value="/Objects/pipe_spout_base.hs"/>
    </Properties>
  </Object>
  <Object name="Obj12">
    <AbsoluteLocation value="3.426024 36.369442"/>
    <Properties>
      <Property name="Angle" value="-88.9576"/>
      <Property name="Filename" value="/Objects/pipe_spout_base.hs"/>
    </Properties>
  </Object>
  <Object name="FluidConverter7">
    <AbsoluteLocation value="-0.336858 36.486530"/>
    <Properties>
      <Property name="Angle" value="0"/>
      <Property name="Filename" value="/Objects/converter_static_water.hs"/>
      <Property name="FluidType" value="water"/>
      <Property name="Type" value="fluidconverter"/>
    </Properties>
  </Object>
  <Object name="Obj17">
    <AbsoluteLocation value="-26.044779 -9.070715"/>
    <Properties>
      <Property name="Angle" value="-180.536"/>
      <Property name="Filename" value="/Objects/pipe_elbow_2.hs"/>
      <Property name="Parent" value="Dipper1"/>
    </Properties>
  </Object>
  <Object name="Obj18">
    <AbsoluteLocation value="-26.634947 -7.897203"/>
    <Properties>
      <Property name="Angle" value="-180.594"/>
      <Property name="Filename" value="/Objects/pipe_spout_base.hs"/>
      <Property name="Parent" value="Dipper1"/>
    </Properties>
  </Object>
  <Object name="Obj19">
    <AbsoluteLocation value="-26.631687 12.043674"/>
    <Properties>
      <Property name="Angle" value="-360.349"/>
      <Property name="Filename" value="/Objects/pipe_spout_base.hs"/>
      <Property name="Parent" value="Dipper1"/>
    </Properties>
  </Object>
  <Object name="Dipper1">
    <AbsoluteLocation value="-26.484148 1.773239"/>
    <Properties>
      <Property name="Angle" value="89.6543"/>
      <Property name="Filename" value="/Objects/wall_24x8_locking.hs"/>
      <Property name="PathPos0" value="0 0"/>
      <Property name="PathPos1" value="0 -15"/>
    </Properties>
  </Object>
  <Object name="Switch21">
    <AbsoluteLocation value="23.977304 -38.447903"/>
    <Properties>
      <Property name="Angle" value="0.337297"/>
      <Property name="ConnectedObject0" value="WaterGate1"/>
      <Property name="Filename" value="/Objects/switch.hs"/>
      <Property name="Type" value="switch"/>
    </Properties>
  </Object>
  <Object name="Spout23">
    <AbsoluteLocation value="-23.670637 -38.605949"/>
    <Properties>
      <Property name="Angle" value="0"/>
      <Property name="ConnectedSpout0" value="SWAMPY_SPOUT"/>
      <Property name="ConnectedSpoutProbability0" value="1"/>
      <Property name="Filename" value="/Objects/broken_pipe.hs"/>
      <Property name="Type" value="spout"/>
    </Properties>
  </Object>
  <Object name="Obj18">
    <AbsoluteLocation value="-22.044296 -30.405293"/>
    <Properties>
      <Property name="Angle" value="0"/>
      <Property name="Filename" value="/Objects/path_locking_elbow.hs"/>
    </Properties>
  </Object>
  <Object name="Obj20">
    <AbsoluteLocation value="-23.730530 -26.718721"/>
    <Properties>
      <Property name="Angle" value="90.3506"/>
      <Property name="Filename" value="/Objects/path_locking_end_right.hs"/>
    </Properties>
  </Object>
  <Object name="Obj24">
    <AbsoluteLocation value="-20.774252 -45.214550"/>
    <Properties>
      <Property name="Angle" value="24.2938"/>
      <Property name="Filename" value="/Objects/pipe_connector_90.hs"/>
    </Properties>
  </Object>
  <Object name="Obj25">
    <AbsoluteLocation value="-10.285294 -40.224663"/>
    <Properties>
      <Property name="Angle" value="36.573"/>
      <Property name="Filename" value="/Objects/pipe_connector_end.hs"/>
    </Properties>
  </Object>
  <Object name="Star29">
    <AbsoluteLocation value="11.800533 -9.570637"/>
    <Properties>
      <Property name="Angle" value="0"/>
      <Property name="Filename" value="/Objects/star.hs"/>
      <Property name="Type" value="star"/>
    </Properties>
  </Object>
  <Object name="Star30">
    <AbsoluteLocation value="19.521967 33.628727"/>
    <Properties>
      <Property name="Angle" value="0"/>
      <Property name="Filename" value="/Objects/star.hs"/>
      <Property name="Type" value="star"/>
    </Properties>
  </Object>
  <Object name="Star31">
    <AbsoluteLocation value="-23.711891 -33.034233"/>
    <Properties>
      <Property name="Angle" value="0"/>
      <Property name="Filename" value="/Objects/star.hs"/>
      <Property name="Type" value="star"/>
    </Properties>
  </Object>
  <Object name="Spout15">
    <AbsoluteLocation value="-25.467796 16.653585"/>
    <Properties>
      <Property name="Angle" value="55.295"/>
      <Property name="Filename" value="/Objects/shower_head.hs"/>
      <Property name="FluidType" value="Water"/>
      <Property name="NumberParticles" value="0"/>
      <Property name="ParticleSpeed" value="30"/>
      <Property name="ParticlesPerSecond" value="10"/>
      <Property name="Type" value="spout"/>
    </Properties>
  </Object>
  <Object name="Collectible32">
    <AbsoluteLocation value="14.000000 29.600004"/>
    <Properties>
      <Property name="Angle" value="0"/>
      <Property name="Filename" value="/Objects/z_collectible_28.hs"/>
      <Property name="PlatinumType" value="normal"/>
      <Property name="Type" value="collectible"/>
    </Properties>
  </Object>
  <Object name="Obj31">
    <AbsoluteLocation value="-26.270277 -16.136274"/>
    <Properties>
      <Property name="Angle" value="90.4701"/>
      <Property name="Filename" value="/Objects/path_locking_end.hs"/>
    </Properties>
  </Object>
  <Object name="Obj32">
    <AbsoluteLocation value="-26.430683 3.411874"/>
    <Properties>
      <Property name="Angle" value="90.4701"/>
      <Property name="Filename" value="/Objects/path_locking_end_right.hs"/>
    </Properties>
  </Object>
  <Object name="Obj33">
    <AbsoluteLocation value="-26.310379 -11.249235"/>
    <Properties>
      <Property name="Angle" value="90.4701"/>
      <Property name="Filename" value="/Objects/path_locking_mid.hs"/>
    </Properties>
  </Object>
  <Object name="Obj34">
    <AbsoluteLocation value="-26.350479 -6.362199"/>
    <Properties>
      <Property name="Angle" value="90.4701"/>
      <Property name="Filename" value="/Objects/path_locking_mid.hs"/>
    </Properties>
  </Object>
  <Object name="Obj35">
    <AbsoluteLocation value="-26.390579 -1.475161"/>
    <Properties>
      <Property name="Angle" value="90.4701"/>
      <Property name="Filename" value="/Objects/path_locking_mid.hs"/>
    </Properties>
  </Object>
  <Object name="Spout14">
    <AbsoluteLocation value="-23.641283 -10.375906"/>
    <Properties>
      <Property name="Angle" value="-106.021"/>
      <Property name="ConnectedSpout0" value="Spout15"/>
      <Property name="ConnectedSpoutProbability0" value="1"/>
      <Property name="Filename" value="/Objects/basic_drain.hs"/>
      <Property name="Parent" value="Dipper1"/>
      <Property name="Type" value="spout"/>
    </Properties>
  </Object>
  <Object name="Ducky48">
    <AbsoluteLocation value="-7.201332 11.499367"/>
    <Properties>
      <Property name="Angle" value="0"/>
      <Property name="Filename" value="/Objects/star_baby.hs"/>
      <Property name="StarType" value="baby"/>
      <Property name="Type" value="star"/>
    </Properties>
  </Object>
  <Object name="Ducky47">
    <AbsoluteLocation value="-7.195908 7.488518"/>
    <Properties>
      <Property name="Angle" value="0"/>
      <Property name="Filename" value="/Objects/star_baby.hs"/>
      <Property name="StarType" value="baby"/>
      <Property name="Type" value="star"/>
    </Properties>
  </Object>
  <Object name="Ducky46">
    <AbsoluteLocation value="-6.365837 3.124252"/>
    <Properties>
      <Property name="Angle" value="0"/>
      <Property name="Filename" value="/Objects/star_baby.hs"/>
      <Property name="StarType" value="baby"/>
      <Property name="Type" value="star"/>
    </Properties>
  </Object>
  <Object name="Ducky45">
    <AbsoluteLocation value="-4.475510 -1.004406"/>
    <Properties>
      <Property name="Angle" value="0"/>
      <Property name="Filename" value="/Objects/star_baby.hs"/>
      <Property name="StarType" value="baby"/>
      <Property name="Type" value="star"/>
    </Properties>
  </Object>
  <Object name="Ducky44">
    <AbsoluteLocation value="9.902313 -9.256283"/>
    <Properties>
      <Property name="Angle" value="0"/>
      <Property name="Filename" value="/Objects/star_baby.hs"/>
      <Property name="StarType" value="baby"/>
      <Property name="Type" value="star"/>
    </Properties>
  </Object>
  <Object name="Ducky43">
    <AbsoluteLocation value="13.088516 -8.083637"/>
    <Properties>
      <Property name="Angle" value="0"/>
      <Property name="Filename" value="/Objects/star_baby.hs"/>
      <Property name="StarType" value="baby"/>
      <Property name="Type" value="star"/>
    </Properties>
  </Object>
  <Object name="Ducky42">
    <AbsoluteLocation value="14.625427 -4.672665"/>
    <Properties>
      <Property name="Angle" value="0"/>
      <Property name="Filename" value="/Objects/star_baby.hs"/>
      <Property name="StarType" value="baby"/>
      <Property name="Type" value="star"/>
    </Properties>
  </Object>
  <Object name="Ducky39">
    <AbsoluteLocation value="20.178604 32.420128"/>
    <Properties>
      <Property name="Angle" value="0"/>
      <Property name="Filename" value="/Objects/star_baby.hs"/>
      <Property name="StarType" value="baby"/>
      <Property name="Type" value="star"/>
    </Properties>
  </Object>
  <Object name="Ducky38">
    <AbsoluteLocation value="23.247002 34.770840"/>
    <Properties>
      <Property name="Angle" value="0"/>
      <Property name="Filename" value="/Objects/star_baby.hs"/>
      <Property name="StarType" value="baby"/>
      <Property name="Type" value="star"/>
    </Properties>
  </Object>
  <Object name="Ducky37">
    <AbsoluteLocation value="23.370232 39.124260"/>
    <Properties>
      <Property name="Angle" value="0"/>
      <Property name="Filename" value="/Objects/star_baby.hs"/>
      <Property name="StarType" value="baby"/>
      <Property name="Type" value="star"/>
    </Properties>
  </Object>
  <Object name="Ducky49">
    <AbsoluteLocation value="21.468750 39.562500"/>
    <Properties>
      <Property name="Angle" value="0"/>
      <Property name="Filename" value="/Objects/star_note_1.hs"/>
      <Property name="StarType" value="note"/>
      <Property name="Type" value="star"/>
    </Properties>
  </Object>
  <Object name="Ducky50">
    <AbsoluteLocation value="-0.800000 28.800001"/>
    <Properties>
      <Property name="Angle" value="0"/>
      <Property name="Filename" value="/Objects/star_note_2.hs"/>
      <Property name="StarType" value="note"/>
      <Property name="Type" value="star"/>
    </Properties>
  </Object>
  <Object name="Ducky52">
    <AbsoluteLocation value="11.599999 -7.600000"/>
    <Properties>
      <Property name="Angle" value="0"/>
      <Property name="Filename" value="/Objects/star_note_4.hs"/>
      <Property name="StarType" value="note"/>
      <Property name="Type" value="star"/>
    </Properties>
  </Object>
  <Object name="Ducky53">
    <AbsoluteLocation value="-10.400001 2.800000"/>
    <Properties>
      <Property name="Angle" value="0"/>
      <Property name="Filename" value="/Objects/star_note_3.hs"/>
      <Property name="StarType" value="note"/>
      <Property name="Type" value="star"/>
    </Properties>
  </Object>
  <Object name="Ducky54">
    <AbsoluteLocation value="3.600000 10.400001"/>
    <Properties>
      <Property name="Angle" value="0"/>
      <Property name="Filename" value="/Objects/star_note_5.hs"/>
      <Property name="StarType" value="note"/>
      <Property name="Type" value="star"/>
    </Properties>
  </Object>
  <Room>
    <AbsoluteLocation value="0.400003 -30.800003"/>
  </Room>
  <Properties>
    <Property name="ShowTopEdge" value="1"/>
  </Properties>
</Objects>
