<?xml version="1.0"?>
<Objects>
  <Object name="Obj39">
    <AbsoluteLocation value="-14.139170 35.277397"/>
    <Properties>
      <Property name="Angle" value="-160.939"/>
      <Property name="Filename" value="/Objects/pipe_elbow_2.hs"/>
    </Properties>
  </Object>
  <Object name="Obj37">
    <AbsoluteLocation value="27.757511 13.208088"/>
    <Properties>
      <Property name="Angle" value="121.383"/>
      <Property name="Filename" value="/Objects/pipe_straight.hs"/>
    </Properties>
  </Object>
  <Object name="Obj34">
    <AbsoluteLocation value="30.187302 -5.049452"/>
    <Properties>
      <Property name="Angle" value="-124.687"/>
      <Property name="Filename" value="/Objects/pipe_elbow_2.hs"/>
    </Properties>
  </Object>
  <Object name="Obj29">
    <AbsoluteLocation value="-13.351643 -36.021008"/>
    <Properties>
      <Property name="Angle" value="-5.90458"/>
      <Property name="Filename" value="/Objects/pipe_straight.hs"/>
    </Properties>
  </Object>
  <Object name="Obj28">
    <AbsoluteLocation value="-9.583259 -36.166412"/>
    <Properties>
      <Property name="Angle" value="-270.328"/>
      <Property name="Filename" value="/Objects/pipe_spout_base.hs"/>
    </Properties>
  </Object>
  <Object name="Obj27">
    <AbsoluteLocation value="-23.420990 -27.070524"/>
    <Properties>
      <Property name="Angle" value="69.5146"/>
      <Property name="Filename" value="/Objects/pipe_straight.hs"/>
    </Properties>
  </Object>
  <Object name="Obj26">
    <AbsoluteLocation value="-24.182293 -32.895950"/>
    <Properties>
      <Property name="Angle" value="95.4542"/>
      <Property name="Filename" value="/Objects/pipe_straight.hs"/>
    </Properties>
  </Object>
  <Object name="Obj20">
    <AbsoluteLocation value="6.122214 -42.091862"/>
    <Properties>
      <Property name="Angle" value="3.61108"/>
      <Property name="Filename" value="/Objects/pipe_straight.hs"/>
    </Properties>
  </Object>
  <Object name="Obj19">
    <AbsoluteLocation value="9.333758 -41.845814"/>
    <Properties>
      <Property name="Angle" value="-268.627"/>
      <Property name="Filename" value="/Objects/pipe_spout_base.hs"/>
    </Properties>
  </Object>
  <Object name="Obj18">
    <AbsoluteLocation value="17.138023 -41.450661"/>
    <Properties>
      <Property name="Angle" value="3.61108"/>
      <Property name="Filename" value="/Objects/pipe_straight.hs"/>
    </Properties>
  </Object>
  <Object name="Obj14">
    <AbsoluteLocation value="-1.135948 -36.414310"/>
    <Properties>
      <Property name="Angle" value="-23.3731"/>
      <Property name="Filename" value="/Objects/pipe_straight.hs"/>
    </Properties>
  </Object>
  <Object name="Obj13">
    <AbsoluteLocation value="3.160418 -37.549458"/>
    <Properties>
      <Property name="Angle" value="-112.65"/>
      <Property name="Filename" value="/Objects/pipe_elbow_2.hs"/>
    </Properties>
  </Object>
  <Object name="Obj12">
    <AbsoluteLocation value="27.512636 -39.871899"/>
    <Properties>
      <Property name="Angle" value="-82.951"/>
      <Property name="Filename" value="/Objects/pipe_elbow_2.hs"/>
    </Properties>
  </Object>
  <Object name="Spout2">
    <AbsoluteLocation value="-10.999994 35.399982"/>
    <Properties>
      <Property name="Angle" value="-75.3587"/>
      <Property name="ConnectedSpout0" value="SWAMPY_SPOUT"/>
      <Property name="ConnectedSpoutProbability0" value="1"/>
      <Property name="Filename" value="/Objects/broken_pipe.hs"/>
      <Property name="Type" value="spout"/>
    </Properties>
  </Object>
  <Object name="Spout3">
    <AbsoluteLocation value="27.870092 -3.508743"/>
    <Properties>
      <Property name="Angle" value="39.2458"/>
      <Property name="ConnectedSpout0" value="Spout4"/>
      <Property name="ConnectedSpoutProbability0" value="1"/>
      <Property name="Filename" value="/Objects/basic_drain.hs"/>
      <Property name="Type" value="spout"/>
    </Properties>
  </Object>
  <Object name="Spout4">
    <AbsoluteLocation value="25.599993 16.800007"/>
    <Properties>
      <Property name="Angle" value="121.782"/>
      <Property name="Filename" value="/Objects/shower_head.hs"/>
      <Property name="FluidType" value="Water"/>
      <Property name="NumberParticles" value="0"/>
      <Property name="ParticleSpeed" value="24"/>
      <Property name="ParticlesPerSecond" value="7"/>
      <Property name="Type" value="spout"/>
    </Properties>
  </Object>
  <Object name="Spout7">
    <AbsoluteLocation value="-21.999998 -23.399988"/>
    <Properties>
      <Property name="Angle" value="66.9909"/>
      <Property name="Filename" value="/Objects/shower_head.hs"/>
      <Property name="FluidType" value="Water"/>
      <Property name="NumberParticles" value="0"/>
      <Property name="ParticleSpeed" value="29"/>
      <Property name="ParticlesPerSecond" value="7"/>
      <Property name="Type" value="spout"/>
    </Properties>
  </Object>
  <Object name="Spout8">
    <AbsoluteLocation value="27.496685 -36.399982"/>
    <Properties>
      <Property name="Angle" value="13.1926"/>
      <Property name="ConnectedConverter" value="FluidConverter6"/>
      <Property name="ConnectedSpout0" value="Spout7"/>
      <Property name="ConnectedSpoutProbability0" value="1"/>
      <Property name="Filename" value="/Objects/basic_drain.hs"/>
      <Property name="Type" value="spout"/>
    </Properties>
  </Object>
  <Object name="Spout9">
    <AbsoluteLocation value="4.934989 -35.016148"/>
    <Properties>
      <Property name="Angle" value="-21.3553"/>
      <Property name="ConnectedConverter" value="FluidConverter5"/>
      <Property name="ConnectedSpout0" value="Spout7"/>
      <Property name="ConnectedSpoutProbability0" value="1"/>
      <Property name="Filename" value="/Objects/basic_drain.hs"/>
      <Property name="Type" value="spout"/>
    </Properties>
  </Object>
  <Object name="Star10">
    <AbsoluteLocation value="-17.200001 -12.999992"/>
    <Properties>
      <Property name="Angle" value="0"/>
      <Property name="Filename" value="/Objects/star.hs"/>
      <Property name="Type" value="star"/>
    </Properties>
  </Object>
  <Object name="Star11">
    <AbsoluteLocation value="-10.800003 -2.399986"/>
    <Properties>
      <Property name="Angle" value="0"/>
      <Property name="Filename" value="/Objects/star.hs"/>
      <Property name="Type" value="star"/>
    </Properties>
  </Object>
  <Object name="Star12">
    <AbsoluteLocation value="2.275871 38.482666"/>
    <Properties>
      <Property name="Angle" value="0"/>
      <Property name="Filename" value="/Objects/star.hs"/>
      <Property name="Type" value="star"/>
    </Properties>
  </Object>
  <Object name="Obj15">
    <AbsoluteLocation value="-1.926251 -36.117943"/>
    <Properties>
      <Property name="Angle" value="-88.7451"/>
      <Property name="Filename" value="/Objects/pipe_spout_base.hs"/>
    </Properties>
  </Object>
  <Object name="FluidConverter5">
    <AbsoluteLocation value="-5.723018 -36.091496"/>
    <Properties>
      <Property name="Angle" value="0"/>
      <Property name="Filename" value="/Objects/converter_static_water.hs"/>
      <Property name="FluidType" value="water"/>
      <Property name="Type" value="fluidconverter"/>
    </Properties>
  </Object>
  <Object name="Obj16">
    <AbsoluteLocation value="16.694405 -41.599766"/>
    <Properties>
      <Property name="Angle" value="-88.7451"/>
      <Property name="Filename" value="/Objects/pipe_spout_base.hs"/>
    </Properties>
  </Object>
  <Object name="Obj17">
    <AbsoluteLocation value="23.313210 -41.007038"/>
    <Properties>
      <Property name="Angle" value="5.2514"/>
      <Property name="Filename" value="/Objects/pipe_straight.hs"/>
    </Properties>
  </Object>
  <Object name="FluidConverter6">
    <AbsoluteLocation value="13.024235 -41.802418"/>
    <Properties>
      <Property name="Angle" value="0"/>
      <Property name="Filename" value="/Objects/converter_static_murky.hs"/>
      <Property name="FluidType" value="contaminatedwater"/>
      <Property name="Type" value="fluidconverter"/>
    </Properties>
  </Object>
  <Object name="Obj21">
    <AbsoluteLocation value="0.243396 -42.733067"/>
    <Properties>
      <Property name="Angle" value="8.51768"/>
      <Property name="Filename" value="/Objects/pipe_straight.hs"/>
    </Properties>
  </Object>
  <Object name="Obj22">
    <AbsoluteLocation value="-5.833000 -42.781536"/>
    <Properties>
      <Property name="Angle" value="-7.26874"/>
      <Property name="Filename" value="/Objects/pipe_straight.hs"/>
    </Properties>
  </Object>
  <Object name="Obj23">
    <AbsoluteLocation value="-11.977889 -42.700928"/>
    <Properties>
      <Property name="Angle" value="5.21355"/>
      <Property name="Filename" value="/Objects/pipe_straight.hs"/>
    </Properties>
  </Object>
  <Object name="Obj24">
    <AbsoluteLocation value="-18.086611 -43.404198"/>
    <Properties>
      <Property name="Angle" value="7.72686"/>
      <Property name="Filename" value="/Objects/pipe_straight.hs"/>
    </Properties>
  </Object>
  <Object name="Obj29">
    <AbsoluteLocation value="-23.513721 -38.603111"/>
    <Properties>
      <Property name="Angle" value="99.2823"/>
      <Property name="Filename" value="/Objects/pipe_straight.hs"/>
    </Properties>
  </Object>
  <Object name="Obj30">
    <AbsoluteLocation value="-19.526831 -36.159389"/>
    <Properties>
      <Property name="Angle" value="8.56829"/>
      <Property name="Filename" value="/Objects/pipe_straight.hs"/>
    </Properties>
  </Object>
  <Object name="Obj31">
    <AbsoluteLocation value="-24.492353 -37.026363"/>
    <Properties>
      <Property name="Angle" value="-260.055"/>
      <Property name="Filename" value="/Objects/pipe_spout_base.hs"/>
    </Properties>
  </Object>
  <Object name="Obj32">
    <AbsoluteLocation value="-23.043159 -36.774548"/>
    <Properties>
      <Property name="Angle" value="-439.275"/>
      <Property name="Filename" value="/Objects/pipe_spout_base.hs"/>
    </Properties>
  </Object>
  <Object name="Obj33">
    <AbsoluteLocation value="-21.595631 -42.726723"/>
    <Properties>
      <Property name="Angle" value="9.14756"/>
      <Property name="Filename" value="/Objects/pipe_connector_90.hs"/>
    </Properties>
  </Object>
  <Object name="Obj35">
    <AbsoluteLocation value="31.594700 -1.406771"/>
    <Properties>
      <Property name="Angle" value="86.2347"/>
      <Property name="Filename" value="/Objects/pipe_straight.hs"/>
    </Properties>
  </Object>
  <Object name="Obj37">
    <AbsoluteLocation value="30.519974 6.126947"/>
    <Properties>
      <Property name="Angle" value="105.107"/>
      <Property name="Filename" value="/Objects/pipe_straight_long.hs"/>
    </Properties>
  </Object>
  <Object name="Obj40">
    <AbsoluteLocation value="-16.225760 37.108311"/>
    <Properties>
      <Property name="Angle" value="21.5001"/>
      <Property name="Filename" value="/Objects/pipe_elbow_1.hs"/>
    </Properties>
  </Object>
  <Object name="Obj41">
    <AbsoluteLocation value="-20.660456 36.239876"/>
    <Properties>
      <Property name="Angle" value="18.9424"/>
      <Property name="Filename" value="/Objects/pipe_straight.hs"/>
    </Properties>
  </Object>
  <Object name="Obj42">
    <AbsoluteLocation value="-24.709705 34.171692"/>
    <Properties>
      <Property name="Angle" value="108.47"/>
      <Property name="Filename" value="/Objects/pipe_elbow_1.hs"/>
    </Properties>
  </Object>
  <Object name="Obj38">
    <AbsoluteLocation value="-24.578772 31.829622"/>
    <Properties>
      <Property name="Angle" value="-69.16"/>
      <Property name="Filename" value="/Objects/pipe_connector_end.hs"/>
    </Properties>
  </Object>
  <Object name="Ducky47">
    <AbsoluteLocation value="-16.163715 -29.499973"/>
    <Properties>
      <Property name="Angle" value="0"/>
      <Property name="Filename" value="/Objects/star_mega.hs"/>
      <Property name="StarType" value="mega"/>
      <Property name="Type" value="star"/>
    </Properties>
  </Object>
  <Room>
    <AbsoluteLocation value="-17.999998 18.799999"/>
  </Room>
  <Properties>
    <Property name="ShowTopEdge" value="1"/>
  </Properties>
</Objects>
