<?xml version="1.0"?>
<Objects>
  <Object name="Obj39">
    <AbsoluteLocation value="-0.302743 -13.242481"/>
    <Properties>
      <Property name="Angle" value="89.8493"/>
      <Property name="Filename" value="/Objects/path_locking_mid.hs"/>
    </Properties>
  </Object>
  <Object name="Obj43">
    <AbsoluteLocation value="-0.251329 6.306239"/>
    <Properties>
      <Property name="Angle" value="89.8493"/>
      <Property name="Filename" value="/Objects/path_locking_mid.hs"/>
    </Properties>
  </Object>
  <Object name="Obj19">
    <AbsoluteLocation value="-29.489336 -19.601744"/>
    <Properties>
      <Property name="Angle" value="17.4419"/>
      <Property name="Filename" value="/Objects/pipe_straight_long.hs"/>
    </Properties>
  </Object>
  <Object name="Obj17">
    <AbsoluteLocation value="29.887447 -20.340065"/>
    <Properties>
      <Property name="Angle" value="-21.2347"/>
      <Property name="Filename" value="/Objects/pipe_straight_long.hs"/>
    </Properties>
  </Object>
  <Object name="Obj16">
    <AbsoluteLocation value="0.290052 26.645239"/>
    <Properties>
      <Property name="Angle" value="85.2153"/>
      <Property name="Filename" value="/Objects/pipe_straight.hs"/>
    </Properties>
  </Object>
  <Object name="Obj15">
    <AbsoluteLocation value="-4.109439 33.175339"/>
    <Properties>
      <Property name="Angle" value="-2.78678"/>
      <Property name="Filename" value="/Objects/pipe_straight.hs"/>
    </Properties>
  </Object>
  <Object name="Switch3">
    <AbsoluteLocation value="0.000000 -47.000008"/>
    <Properties>
      <Property name="Angle" value="0"/>
      <Property name="ConnectedObject0" value="Obj1"/>
      <Property name="Filename" value="/Objects/switch_green.hs"/>
      <Property name="Type" value="switch"/>
    </Properties>
  </Object>
  <Object name="Switch4">
    <AbsoluteLocation value="-22.200001 -35.600002"/>
    <Properties>
      <Property name="Angle" value="-45.327"/>
      <Property name="ConnectedObject0" value="Obj6"/>
      <Property name="Filename" value="/Objects/switch_momentary.hs"/>
      <Property name="Type" value="switch"/>
    </Properties>
  </Object>
  <Object name="Switch5">
    <AbsoluteLocation value="22.400002 -35.399998"/>
    <Properties>
      <Property name="Angle" value="-44.6311"/>
      <Property name="ConnectedObject0" value="Obj5"/>
      <Property name="Filename" value="/Objects/switch_momentary_blue.hs"/>
      <Property name="Type" value="switch"/>
    </Properties>
  </Object>
  <Object name="Obj5">
    <AbsoluteLocation value="11.853418 -15.916143"/>
    <Properties>
      <Property name="Angle" value="-90.3312"/>
      <Property name="Filename" value="/Objects/wall_24x8_blue.hs"/>
      <Property name="GravityScale" value="1"/>
      <Property name="MotorMoveSpeed" value="10"/>
      <Property name="PathPos0" value="0 0"/>
      <Property name="PathPos1" value="0 24"/>
    </Properties>
  </Object>
  <Object name="Obj6">
    <AbsoluteLocation value="-11.888744 -15.843052"/>
    <Properties>
      <Property name="Angle" value="-89.7727"/>
      <Property name="Filename" value="/Objects/wall_24x8.hs"/>
      <Property name="GravityScale" value="1"/>
      <Property name="MotorMoveSpeed" value="10"/>
      <Property name="PathPos0" value="0 0"/>
      <Property name="PathPos1" value="0 24"/>
    </Properties>
  </Object>
  <Object name="Spout8">
    <AbsoluteLocation value="-23.226894 -17.633625"/>
    <Properties>
      <Property name="Angle" value="18"/>
      <Property name="Filename" value="/Objects/touch_spout.hs"/>
      <Property name="FluidType" value="Water"/>
      <Property name="ParticleSpeed" value="40"/>
      <Property name="ParticlesPerSecond" value="10"/>
      <Property name="Type" value="spout"/>
    </Properties>
  </Object>
  <Object name="Spout9">
    <AbsoluteLocation value="23.487371 -17.768078"/>
    <Properties>
      <Property name="Angle" value="162"/>
      <Property name="Filename" value="/Objects/touch_spout.hs"/>
      <Property name="FluidType" value="Water"/>
      <Property name="ParticleSpeed" value="40"/>
      <Property name="ParticlesPerSecond" value="10"/>
      <Property name="Type" value="spout"/>
    </Properties>
  </Object>
  <Object name="Spout10">
    <AbsoluteLocation value="0.000000 22.256693"/>
    <Properties>
      <Property name="Angle" value="-179.334"/>
      <Property name="ConnectedSpout0" value="SWAMPY_SPOUT"/>
      <Property name="ConnectedSpoutProbability0" value="1"/>
      <Property name="Filename" value="/Objects/broken_pipe.hs"/>
      <Property name="Type" value="spout"/>
    </Properties>
  </Object>
  <Object name="Star11">
    <AbsoluteLocation value="23.773111 12.369749"/>
    <Properties>
      <Property name="Angle" value="0"/>
      <Property name="Filename" value="/Objects/star.hs"/>
      <Property name="Type" value="star"/>
    </Properties>
  </Object>
  <Object name="Star12">
    <AbsoluteLocation value="-0.058823 5.663866"/>
    <Properties>
      <Property name="Angle" value="0"/>
      <Property name="Filename" value="/Objects/star.hs"/>
      <Property name="Type" value="star"/>
    </Properties>
  </Object>
  <Object name="Star13">
    <AbsoluteLocation value="-22.317648 -42.642014"/>
    <Properties>
      <Property name="Angle" value="0"/>
      <Property name="Filename" value="/Objects/star.hs"/>
      <Property name="Type" value="star"/>
    </Properties>
  </Object>
  <Object name="Obj13">
    <AbsoluteLocation value="-0.550929 31.844833"/>
    <Properties>
      <Property name="Angle" value="177.822"/>
      <Property name="Filename" value="/Objects/pipe_connector_90.hs"/>
    </Properties>
  </Object>
  <Object name="Obj14">
    <AbsoluteLocation value="-5.630090 33.080200"/>
    <Properties>
      <Property name="Angle" value="-176.296"/>
      <Property name="Filename" value="/Objects/pipe_connector_end.hs"/>
    </Properties>
  </Object>
  <Object name="Obj18">
    <AbsoluteLocation value="38.795685 -22.850060"/>
    <Properties>
      <Property name="Angle" value="-10.2369"/>
      <Property name="Filename" value="/Objects/pipe_straight_long.hs"/>
    </Properties>
  </Object>
  <Object name="Obj20">
    <AbsoluteLocation value="-38.461109 -22.024094"/>
    <Properties>
      <Property name="Angle" value="12.2544"/>
      <Property name="Filename" value="/Objects/pipe_straight_long.hs"/>
    </Properties>
  </Object>
  <Object name="Obj22">
    <AbsoluteLocation value="-12.298180 -20.740076"/>
    <Properties>
      <Property name="Angle" value="0.0376745"/>
      <Property name="Filename" value="/Objects/path_smooth_vertical_end_bottom.hs"/>
    </Properties>
  </Object>
  <Object name="Obj23">
    <AbsoluteLocation value="-12.298181 -15.852875"/>
    <Properties>
      <Property name="Angle" value="90"/>
      <Property name="Filename" value="/Objects/path_smooth_mid.hs"/>
    </Properties>
  </Object>
  <Object name="Obj24">
    <AbsoluteLocation value="-12.298182 -10.965675"/>
    <Properties>
      <Property name="Angle" value="90"/>
      <Property name="Filename" value="/Objects/path_smooth_mid.hs"/>
    </Properties>
  </Object>
  <Object name="Obj25">
    <AbsoluteLocation value="-12.298182 -6.078475"/>
    <Properties>
      <Property name="Angle" value="90"/>
      <Property name="Filename" value="/Objects/path_smooth_mid.hs"/>
    </Properties>
  </Object>
  <Object name="Obj26">
    <AbsoluteLocation value="-12.298182 -1.191275"/>
    <Properties>
      <Property name="Angle" value="90"/>
      <Property name="Filename" value="/Objects/path_smooth_mid.hs"/>
    </Properties>
  </Object>
  <Object name="Obj27">
    <AbsoluteLocation value="-12.298183 3.695925"/>
    <Properties>
      <Property name="Angle" value="90"/>
      <Property name="Filename" value="/Objects/path_smooth_mid.hs"/>
    </Properties>
  </Object>
  <Object name="Obj29">
    <AbsoluteLocation value="12.410479 -20.828455"/>
    <Properties>
      <Property name="Angle" value="1.43821"/>
      <Property name="Filename" value="/Objects/path_smooth_vertical_end_bottom.hs"/>
    </Properties>
  </Object>
  <Object name="Obj30">
    <AbsoluteLocation value="12.410475 3.607546"/>
    <Properties>
      <Property name="Angle" value="90"/>
      <Property name="Filename" value="/Objects/path_smooth_mid.hs"/>
    </Properties>
  </Object>
  <Object name="Obj31">
    <AbsoluteLocation value="12.410476 -1.279654"/>
    <Properties>
      <Property name="Angle" value="90"/>
      <Property name="Filename" value="/Objects/path_smooth_mid.hs"/>
    </Properties>
  </Object>
  <Object name="Obj32">
    <AbsoluteLocation value="12.410476 -6.166854"/>
    <Properties>
      <Property name="Angle" value="90"/>
      <Property name="Filename" value="/Objects/path_smooth_mid.hs"/>
    </Properties>
  </Object>
  <Object name="Obj33">
    <AbsoluteLocation value="12.410477 -11.054054"/>
    <Properties>
      <Property name="Angle" value="90"/>
      <Property name="Filename" value="/Objects/path_smooth_mid.hs"/>
    </Properties>
  </Object>
  <Object name="Obj34">
    <AbsoluteLocation value="12.410478 -15.941254"/>
    <Properties>
      <Property name="Angle" value="90"/>
      <Property name="Filename" value="/Objects/path_smooth_mid.hs"/>
    </Properties>
  </Object>
  <Object name="Obj35">
    <AbsoluteLocation value="-12.298168 8.644219"/>
    <Properties>
      <Property name="Angle" value="90.1981"/>
      <Property name="Filename" value="/Objects/path_smooth_end_right.hs"/>
    </Properties>
  </Object>
  <Object name="Obj35">
    <AbsoluteLocation value="12.376790 8.520772"/>
    <Properties>
      <Property name="Angle" value="90.1981"/>
      <Property name="Filename" value="/Objects/path_smooth_end_right.hs"/>
    </Properties>
  </Object>
  <Object name="Obj35">
    <AbsoluteLocation value="-0.361721 -27.803196"/>
    <Properties>
      <Property name="Angle" value="89.8493"/>
      <Property name="Filename" value="/Objects/path_locking_end.hs"/>
    </Properties>
  </Object>
  <Object name="Obj36">
    <AbsoluteLocation value="-0.286694 15.940854"/>
    <Properties>
      <Property name="Angle" value="89.8493"/>
      <Property name="Filename" value="/Objects/path_locking_end_right.hs"/>
    </Properties>
  </Object>
  <Object name="Obj37">
    <AbsoluteLocation value="-0.328448 -23.016853"/>
    <Properties>
      <Property name="Angle" value="89.8493"/>
      <Property name="Filename" value="/Objects/path_locking_mid.hs"/>
    </Properties>
  </Object>
  <Object name="Obj38">
    <AbsoluteLocation value="-0.315597 -18.129658"/>
    <Properties>
      <Property name="Angle" value="89.8493"/>
      <Property name="Filename" value="/Objects/path_locking_mid.hs"/>
    </Properties>
  </Object>
  <Object name="Obj40">
    <AbsoluteLocation value="-0.289889 -8.355304"/>
    <Properties>
      <Property name="Angle" value="89.8493"/>
      <Property name="Filename" value="/Objects/path_locking_mid.hs"/>
    </Properties>
  </Object>
  <Object name="Obj41">
    <AbsoluteLocation value="-0.277035 -3.468122"/>
    <Properties>
      <Property name="Angle" value="89.8493"/>
      <Property name="Filename" value="/Objects/path_locking_mid.hs"/>
    </Properties>
  </Object>
  <Object name="Obj42">
    <AbsoluteLocation value="-0.264183 1.419061"/>
    <Properties>
      <Property name="Angle" value="89.8493"/>
      <Property name="Filename" value="/Objects/path_locking_mid.hs"/>
    </Properties>
  </Object>
  <Object name="Obj44">
    <AbsoluteLocation value="-0.238472 11.193398"/>
    <Properties>
      <Property name="Angle" value="89.8493"/>
      <Property name="Filename" value="/Objects/path_locking_mid.hs"/>
    </Properties>
  </Object>
  <Object name="Obj1">
    <AbsoluteLocation value="0.000000 -30.399996"/>
    <Properties>
      <Property name="Angle" value="0"/>
      <Property name="Filename" value="/Objects/wall_24x8_green.hs"/>
      <Property name="MotorMoveSpeed" value="3"/>
      <Property name="PathPos0" value="0 0"/>
      <Property name="PathPos1" value="0 54"/>
    </Properties>
  </Object>
  <Room>
    <AbsoluteLocation value="-17.999998 26.799999"/>
  </Room>
  <Properties>
    <Property name="ShowTopEdge" value="1"/>
  </Properties>
</Objects>
