<?xml version="1.0"?>
<Objects>
  <Object name="Object135">
    <AbsoluteLocation value="39.311638 26.506813"/>
    <Properties>
      <Property name="Angle" value="0"/>
      <Property name="Filename" value="/Objects/wall_24x8_pivot.hs"/>
      <Property name="Parent" value="deathwall"/>
    </Properties>
  </Object>
  <Object name="Object142">
    <AbsoluteLocation value="-5.963672 -44.626827"/>
    <Properties>
      <Property name="Angle" value="-45.8114"/>
      <Property name="Filename" value="/Objects/pipe_straight.hs"/>
    </Properties>
  </Object>
  <Object name="Object62">
    <AbsoluteLocation value="5.006397 -46.210125"/>
    <Properties>
      <Property name="Angle" value="-88.9987"/>
      <Property name="Filename" value="/Objects/pipe_elbow_2.hs"/>
    </Properties>
  </Object>
  <Object name="Object126">
    <AbsoluteLocation value="-15.468744 38.202175"/>
    <Properties>
      <Property name="Angle" value="-38.7768"/>
      <Property name="Filename" value="/Objects/pipe_straight_short.hs"/>
    </Properties>
  </Object>
  <Object name="Object123">
    <AbsoluteLocation value="-19.904551 42.033092"/>
    <Properties>
      <Property name="Angle" value="0"/>
      <Property name="Filename" value="/Objects/pipe_straight.hs"/>
    </Properties>
  </Object>
  <Object name="Object121">
    <AbsoluteLocation value="-24.041475 43.412594"/>
    <Properties>
      <Property name="Angle" value="-45.8628"/>
      <Property name="Filename" value="/Objects/pipe_straight_short.hs"/>
    </Properties>
  </Object>
  <Object name="Object117">
    <AbsoluteLocation value="-32.602486 35.773445"/>
    <Properties>
      <Property name="Angle" value="90.0413"/>
      <Property name="Filename" value="/Objects/pipe_straight_long.hs"/>
    </Properties>
  </Object>
  <Object name="Object116">
    <AbsoluteLocation value="-31.887241 31.914112"/>
    <Properties>
      <Property name="Angle" value="181.099"/>
      <Property name="Filename" value="/Objects/pipe_elbow_1.hs"/>
    </Properties>
  </Object>
  <Object name="Object114">
    <AbsoluteLocation value="-11.363211 39.108028"/>
    <Properties>
      <Property name="Angle" value="142.026"/>
      <Property name="Filename" value="/Objects/pipe_straight_short.hs"/>
    </Properties>
  </Object>
  <Object name="Object113">
    <AbsoluteLocation value="-12.722214 42.183678"/>
    <Properties>
      <Property name="Angle" value="91.1754"/>
      <Property name="Filename" value="/Objects/pipe_straight_short.hs"/>
    </Properties>
  </Object>
  <Object name="Object108">
    <AbsoluteLocation value="0.119623 44.234230"/>
    <Properties>
      <Property name="Angle" value="0"/>
      <Property name="Filename" value="/Objects/pipe_elbow_1.hs"/>
    </Properties>
  </Object>
  <Object name="Object106">
    <AbsoluteLocation value="4.907556 39.139065"/>
    <Properties>
      <Property name="Angle" value="180.603"/>
      <Property name="Filename" value="/Objects/pipe_straight_short.hs"/>
    </Properties>
  </Object>
  <Object name="Object105">
    <AbsoluteLocation value="8.400519 34.989346"/>
    <Properties>
      <Property name="Angle" value="89.5187"/>
      <Property name="Filename" value="/Objects/pipe_straight_short.hs"/>
    </Properties>
  </Object>
  <Object name="Object101">
    <AbsoluteLocation value="7.198341 32.288033"/>
    <Properties>
      <Property name="Angle" value="42.1691"/>
      <Property name="Filename" value="/Objects/pipe_straight_short.hs"/>
    </Properties>
  </Object>
  <Object name="Object100">
    <AbsoluteLocation value="4.293517 31.071022"/>
    <Properties>
      <Property name="Angle" value="0.996304"/>
      <Property name="Filename" value="/Objects/pipe_straight_short.hs"/>
    </Properties>
  </Object>
  <Object name="Object96">
    <AbsoluteLocation value="2.844376 27.010679"/>
    <Properties>
      <Property name="Angle" value="-0.873559"/>
      <Property name="Filename" value="/Objects/pipe_straight_short.hs"/>
    </Properties>
  </Object>
  <Object name="Object88">
    <AbsoluteLocation value="4.624154 12.113947"/>
    <Properties>
      <Property name="Angle" value="-0.771531"/>
      <Property name="Filename" value="/Objects/pipe_straight_short.hs"/>
    </Properties>
  </Object>
  <Object name="Object86">
    <AbsoluteLocation value="-36.517036 25.814838"/>
    <Properties>
      <Property name="Angle" value="0.54937"/>
      <Property name="Filename" value="/Objects/pipe_straight_short.hs"/>
    </Properties>
  </Object>
  <Object name="Object83">
    <AbsoluteLocation value="-31.538763 19.900021"/>
    <Properties>
      <Property name="Angle" value="179.313"/>
      <Property name="Filename" value="/Objects/pipe_elbow_2.hs"/>
    </Properties>
  </Object>
  <Object name="Object81">
    <AbsoluteLocation value="-12.838791 18.622740"/>
    <Properties>
      <Property name="Angle" value="0"/>
      <Property name="Filename" value="/Objects/pipe_elbow_1.hs"/>
    </Properties>
  </Object>
  <Object name="Object79">
    <AbsoluteLocation value="-14.164946 12.002563"/>
    <Properties>
      <Property name="Angle" value="360.338"/>
      <Property name="Filename" value="/Objects/pipe_straight_short.hs"/>
    </Properties>
  </Object>
  <Object name="Object75">
    <AbsoluteLocation value="-31.207863 -6.375235"/>
    <Properties>
      <Property name="Angle" value="51.997"/>
      <Property name="Filename" value="/Objects/pipe_straight.hs"/>
    </Properties>
  </Object>
  <Object name="Object71">
    <AbsoluteLocation value="-32.228615 4.303905"/>
    <Properties>
      <Property name="Angle" value="90.964"/>
      <Property name="Filename" value="/Objects/pipe_elbow_2.hs"/>
    </Properties>
  </Object>
  <Object name="Object70">
    <AbsoluteLocation value="-11.139831 1.442787"/>
    <Properties>
      <Property name="Angle" value="89.9737"/>
      <Property name="Filename" value="/Objects/pipe_straight.hs"/>
    </Properties>
  </Object>
  <Object name="Object65">
    <AbsoluteLocation value="-15.259318 -6.565518"/>
    <Properties>
      <Property name="Angle" value="90.3303"/>
      <Property name="Filename" value="/Objects/pipe_straight_short.hs"/>
    </Properties>
  </Object>
  <Object name="Object63">
    <AbsoluteLocation value="-13.491822 4.934930"/>
    <Properties>
      <Property name="Angle" value="179.317"/>
      <Property name="Filename" value="/Objects/pipe_straight_short.hs"/>
    </Properties>
  </Object>
  <Object name="Switch11">
    <AbsoluteLocation value="-22.276663 -14.600679"/>
    <Properties>
      <Property name="Angle" value="0"/>
      <Property name="ConnectedObject0" value="Object10"/>
      <Property name="ConnectedObject1" value="deathwall"/>
      <Property name="Filename" value="/Objects/switch.hs"/>
      <Property name="Type" value="switch"/>
    </Properties>
  </Object>
  <Object name="Ducky4">
    <AbsoluteLocation value="3.311925 -3.305750"/>
    <Properties>
      <Property name="Angle" value="0"/>
      <Property name="Filename" value="/Objects/star.hs"/>
      <Property name="Type" value="star"/>
    </Properties>
  </Object>
  <Object name="Ducky5">
    <AbsoluteLocation value="29.589043 -41.404167"/>
    <Properties>
      <Property name="Angle" value="0"/>
      <Property name="Filename" value="/Objects/star.hs"/>
      <Property name="Type" value="star"/>
    </Properties>
  </Object>
  <Object name="Spout6">
    <AbsoluteLocation value="-28.864656 4.890557"/>
    <Properties>
      <Property name="Angle" value="-90"/>
      <Property name="ConnectedSpout0" value="Spout14"/>
      <Property name="ConnectedSpoutProbability0" value="1"/>
      <Property name="Filename" value="/Objects/basic_drain.hs"/>
      <Property name="Type" value="spout"/>
    </Properties>
  </Object>
  <Object name="Spout7">
    <AbsoluteLocation value="-16.361975 19.330786"/>
    <Properties>
      <Property name="Angle" value="90"/>
      <Property name="ConnectedSpout0" value="Spout14"/>
      <Property name="ConnectedSpoutProbability0" value="1"/>
      <Property name="Filename" value="/Objects/basic_drain.hs"/>
      <Property name="Type" value="spout"/>
    </Properties>
  </Object>
  <Object name="Spout8">
    <AbsoluteLocation value="-16.612751 5.007133"/>
    <Properties>
      <Property name="Angle" value="180"/>
      <Property name="Filename" value="/Objects/shower_head.hs"/>
      <Property name="FluidType" value="Water"/>
      <Property name="ParticleSpeed" value="30"/>
      <Property name="ParticlesPerSecond" value="15"/>
      <Property name="Timer0" value="1 4.0"/>
      <Property name="Timer1" value="0 4.0"/>
      <Property name="Type" value="spout"/>
    </Properties>
  </Object>
  <Object name="Spout9">
    <AbsoluteLocation value="-28.346231 19.108324"/>
    <Properties>
      <Property name="Angle" value="360"/>
      <Property name="Filename" value="/Objects/shower_head.hs"/>
      <Property name="FluidType" value="Water"/>
      <Property name="ParticleSpeed" value="30"/>
      <Property name="ParticlesPerSecond" value="15"/>
      <Property name="Timer0" value="0 4.0"/>
      <Property name="Timer1" value="1 4.0"/>
      <Property name="Type" value="spout"/>
    </Properties>
  </Object>
  <Object name="Object10">
    <AbsoluteLocation value="2.173704 -31.720745"/>
    <Properties>
      <Property name="Angle" value="89.9738"/>
      <Property name="Filename" value="/Objects/wall_8x8.hs"/>
      <Property name="MotorMoveSpeed" value="10"/>
      <Property name="PathPos0" value="0 0"/>
      <Property name="PathPos1" value="-4.5 0"/>
    </Properties>
  </Object>
  <Object name="Switch12">
    <AbsoluteLocation value="-13.559775 24.832470"/>
    <Properties>
      <Property name="Angle" value="0"/>
      <Property name="ConnectedObject0" value="Object10"/>
      <Property name="ConnectedObject1" value="deathwall"/>
      <Property name="Filename" value="/Objects/switch.hs"/>
      <Property name="Type" value="switch"/>
    </Properties>
  </Object>
  <Object name="Switch13">
    <AbsoluteLocation value="-3.368209 -2.759903"/>
    <Properties>
      <Property name="Angle" value="0"/>
      <Property name="ConnectedObject0" value="Object10"/>
      <Property name="ConnectedObject1" value="deathwall"/>
      <Property name="Filename" value="/Objects/switch.hs"/>
      <Property name="Type" value="switch"/>
    </Properties>
  </Object>
  <Object name="Spout14">
    <AbsoluteLocation value="-43.672176 6.718801"/>
    <Properties>
      <Property name="Angle" value="-102.014"/>
      <Property name="Filename" value="/Objects/shower_head.hs"/>
      <Property name="FluidType" value="Water"/>
      <Property name="NumberParticles" value="0"/>
      <Property name="Type" value="spout"/>
    </Properties>
  </Object>
  <Object name="Switch15">
    <AbsoluteLocation value="-13.587284 -17.889866"/>
    <Properties>
      <Property name="Angle" value="-90"/>
      <Property name="ConnectedObject0" value="Object10"/>
      <Property name="ConnectedObject1" value="deathwall"/>
      <Property name="Filename" value="/Objects/switch.hs"/>
      <Property name="Type" value="switch"/>
    </Properties>
  </Object>
  <Object name="Spout16">
    <AbsoluteLocation value="1.441154 31.255463"/>
    <Properties>
      <Property name="Angle" value="180"/>
      <Property name="Filename" value="/Objects/shower_head.hs"/>
      <Property name="FluidType" value="Water"/>
      <Property name="ParticleSpeed" value="90"/>
      <Property name="ParticlesPerSecond" value="15"/>
      <Property name="Timer0" value="0 6.0"/>
      <Property name="Timer1" value="1 2.0"/>
      <Property name="Type" value="spout"/>
    </Properties>
  </Object>
  <Object name="Spout17">
    <AbsoluteLocation value="-28.514971 31.188322"/>
    <Properties>
      <Property name="Angle" value="-90"/>
      <Property name="ConnectedSpout0" value="Spout14"/>
      <Property name="ConnectedSpoutProbability0" value="1"/>
      <Property name="Filename" value="/Objects/basic_drain.hs"/>
      <Property name="Type" value="spout"/>
    </Properties>
  </Object>
  <Object name="Spout18">
    <AbsoluteLocation value="-10.883865 11.877356"/>
    <Properties>
      <Property name="Angle" value="360"/>
      <Property name="Filename" value="/Objects/shower_head.hs"/>
      <Property name="FluidType" value="Water"/>
      <Property name="ParticleSpeed" value="30"/>
      <Property name="ParticlesPerSecond" value="15"/>
      <Property name="Timer0" value="0 2.0"/>
      <Property name="Timer1" value="1 6.0"/>
      <Property name="Type" value="spout"/>
    </Properties>
  </Object>
  <Object name="Spout19">
    <AbsoluteLocation value="1.100391 12.099817"/>
    <Properties>
      <Property name="Angle" value="90"/>
      <Property name="ConnectedSpout0" value="Spout14"/>
      <Property name="ConnectedSpoutProbability0" value="1"/>
      <Property name="Filename" value="/Objects/basic_drain.hs"/>
      <Property name="Type" value="spout"/>
    </Properties>
  </Object>
  <Object name="Spout20">
    <AbsoluteLocation value="5.574594 -42.947601"/>
    <Properties>
      <Property name="Angle" value="0.481376"/>
      <Property name="ConnectedSpout0" value="SWAMPY_SPOUT"/>
      <Property name="ConnectedSpoutProbability0" value="1"/>
      <Property name="Filename" value="/Objects/broken_pipe.hs"/>
      <Property name="Type" value="spout"/>
    </Properties>
  </Object>
  <Object name="Ducky21">
    <AbsoluteLocation value="-8.492975 -8.305801"/>
    <Properties>
      <Property name="Angle" value="0"/>
      <Property name="Filename" value="/Objects/star.hs"/>
      <Property name="Type" value="star"/>
    </Properties>
  </Object>
  <Object name="Switch22">
    <AbsoluteLocation value="-22.170309 37.815887"/>
    <Properties>
      <Property name="Angle" value="180"/>
      <Property name="ConnectedObject0" value="Object10"/>
      <Property name="ConnectedObject1" value="deathwall"/>
      <Property name="Filename" value="/Objects/switch.hs"/>
      <Property name="Type" value="switch"/>
    </Properties>
  </Object>
  <Object name="Switch23">
    <AbsoluteLocation value="-5.163847 37.709549"/>
    <Properties>
      <Property name="Angle" value="180"/>
      <Property name="ConnectedObject0" value="Object10"/>
      <Property name="ConnectedObject1" value="deathwall"/>
      <Property name="Filename" value="/Objects/switch.hs"/>
      <Property name="Type" value="switch"/>
    </Properties>
  </Object>
  <Object name="Switch24">
    <AbsoluteLocation value="-28.916491 12.253021"/>
    <Properties>
      <Property name="Angle" value="-90"/>
      <Property name="ConnectedObject0" value="Object10"/>
      <Property name="ConnectedObject1" value="deathwall"/>
      <Property name="Filename" value="/Objects/switch.hs"/>
      <Property name="Type" value="switch"/>
    </Properties>
  </Object>
  <Object name="Switch25">
    <AbsoluteLocation value="1.924875 21.176643"/>
    <Properties>
      <Property name="Angle" value="89.635"/>
      <Property name="ConnectedObject0" value="Object10"/>
      <Property name="ConnectedObject1" value="deathwall"/>
      <Property name="Filename" value="/Objects/switch.hs"/>
      <Property name="Type" value="switch"/>
    </Properties>
  </Object>
  <Object name="Object3">
    <AbsoluteLocation value="-22.375000 -8.000000"/>
    <Properties>
      <Property name="Angle" value="45"/>
      <Property name="Filename" value="/Objects/wall_8x8_locking.hs"/>
      <Property name="PathPos0" value="0 0"/>
      <Property name="PathPos1" value="0 49"/>
      <Property name="PathPos2" value="22 49"/>
      <Property name="PathPos3" value="22 14"/>
      <Property name="PathPos4" value="32 14"/>
      <Property name="PathPos5" value="32 0"/>
      <Property name="PathPos6" value="46 0"/>
      <Property name="PathPos7" value="46 -37"/>
    </Properties>
  </Object>
  <Object name="Object26">
    <AbsoluteLocation value="-22.460915 -6.297287"/>
    <Properties>
      <Property name="Angle" value="90.0251"/>
      <Property name="Filename" value="/Objects/path_locking_end.hs"/>
    </Properties>
  </Object>
  <Object name="Object27">
    <AbsoluteLocation value="-20.769522 29.402130"/>
    <Properties>
      <Property name="Angle" value="-90.3274"/>
      <Property name="Filename" value="/Objects/path_locking_elbow_5.hs"/>
    </Properties>
  </Object>
  <Object name="Object28">
    <AbsoluteLocation value="-6.534383 29.289116"/>
    <Properties>
      <Property name="Angle" value="180.397"/>
      <Property name="Filename" value="/Objects/path_locking_elbow_2.hs"/>
    </Properties>
  </Object>
  <Object name="Object29">
    <AbsoluteLocation value="-3.187406 5.076687"/>
    <Properties>
      <Property name="Angle" value="-0.491182"/>
      <Property name="Filename" value="/Objects/path_locking_elbow_3.hs"/>
    </Properties>
  </Object>
  <Object name="Object30">
    <AbsoluteLocation value="1.687456 1.735622"/>
    <Properties>
      <Property name="Angle" value="180"/>
      <Property name="Filename" value="/Objects/path_locking_elbow_2.hs"/>
    </Properties>
  </Object>
  <Object name="Object31">
    <AbsoluteLocation value="4.979174 -6.326107"/>
    <Properties>
      <Property name="Angle" value="0"/>
      <Property name="Filename" value="/Objects/path_locking_elbow_3.hs"/>
    </Properties>
  </Object>
  <Object name="Object32">
    <AbsoluteLocation value="12.604805 -9.698721"/>
    <Properties>
      <Property name="Angle" value="179.337"/>
      <Property name="Filename" value="/Objects/path_locking_elbow_2.hs"/>
    </Properties>
  </Object>
  <Object name="Object33">
    <AbsoluteLocation value="14.329317 -37.198593"/>
    <Properties>
      <Property name="Angle" value="90.8976"/>
      <Property name="Filename" value="/Objects/path_locking_end.hs"/>
    </Properties>
  </Object>
  <Object name="Object35">
    <AbsoluteLocation value="-22.465208 3.477089"/>
    <Properties>
      <Property name="Angle" value="90.0251"/>
      <Property name="Filename" value="/Objects/path_locking_mid.hs"/>
    </Properties>
  </Object>
  <Object name="Object36">
    <AbsoluteLocation value="-22.467352 8.364290"/>
    <Properties>
      <Property name="Angle" value="90.0251"/>
      <Property name="Filename" value="/Objects/path_locking_mid.hs"/>
    </Properties>
  </Object>
  <Object name="Object37">
    <AbsoluteLocation value="-22.469503 13.251486"/>
    <Properties>
      <Property name="Angle" value="90.0251"/>
      <Property name="Filename" value="/Objects/path_locking_mid.hs"/>
    </Properties>
  </Object>
  <Object name="Object38">
    <AbsoluteLocation value="-22.471647 18.138687"/>
    <Properties>
      <Property name="Angle" value="90.0251"/>
      <Property name="Filename" value="/Objects/path_locking_mid.hs"/>
    </Properties>
  </Object>
  <Object name="Object39">
    <AbsoluteLocation value="-22.473785 23.025883"/>
    <Properties>
      <Property name="Angle" value="90.0251"/>
      <Property name="Filename" value="/Objects/path_locking_mid.hs"/>
    </Properties>
  </Object>
  <Object name="Object40">
    <AbsoluteLocation value="-14.921596 31.046532"/>
    <Properties>
      <Property name="Angle" value="-0.365279"/>
      <Property name="Filename" value="/Objects/path_locking_mid.hs"/>
    </Properties>
  </Object>
  <Object name="Object41">
    <AbsoluteLocation value="-10.601923 31.006666"/>
    <Properties>
      <Property name="Angle" value="-0.365279"/>
      <Property name="Filename" value="/Objects/path_locking_mid.hs"/>
    </Properties>
  </Object>
  <Object name="Object43">
    <AbsoluteLocation value="-4.843383 10.452072"/>
    <Properties>
      <Property name="Angle" value="90.2554"/>
      <Property name="Filename" value="/Objects/path_locking_mid.hs"/>
    </Properties>
  </Object>
  <Object name="Object44">
    <AbsoluteLocation value="-4.828402 14.456682"/>
    <Properties>
      <Property name="Angle" value="90.2554"/>
      <Property name="Filename" value="/Objects/path_locking_mid.hs"/>
    </Properties>
  </Object>
  <Object name="Object45">
    <AbsoluteLocation value="-4.850191 19.343822"/>
    <Properties>
      <Property name="Angle" value="90.2554"/>
      <Property name="Filename" value="/Objects/path_locking_mid.hs"/>
    </Properties>
  </Object>
  <Object name="Object46">
    <AbsoluteLocation value="-4.865444 23.282845"/>
    <Properties>
      <Property name="Angle" value="90.2554"/>
      <Property name="Filename" value="/Objects/path_locking_mid.hs"/>
    </Properties>
  </Object>
  <Object name="Object48">
    <AbsoluteLocation value="14.262501 -32.571449"/>
    <Properties>
      <Property name="Angle" value="90.8976"/>
      <Property name="Filename" value="/Objects/path_locking_mid.hs"/>
    </Properties>
  </Object>
  <Object name="Object49">
    <AbsoluteLocation value="14.237997 -25.249197"/>
    <Properties>
      <Property name="Angle" value="90.7064"/>
      <Property name="Filename" value="/Objects/path_locking_mid.hs"/>
    </Properties>
  </Object>
  <Object name="Object50">
    <AbsoluteLocation value="14.288427 -20.899704"/>
    <Properties>
      <Property name="Angle" value="90.7064"/>
      <Property name="Filename" value="/Objects/path_locking_mid.hs"/>
    </Properties>
  </Object>
  <Object name="Object51">
    <AbsoluteLocation value="14.314619 -16.075344"/>
    <Properties>
      <Property name="Angle" value="90.8976"/>
      <Property name="Filename" value="/Objects/path_locking_mid.hs"/>
    </Properties>
  </Object>
  <Object name="Object55">
    <AbsoluteLocation value="14.242666 -28.930916"/>
    <Properties>
      <Property name="Angle" value="90.8976"/>
      <Property name="Filename" value="/Objects/path_locking_mid.hs"/>
    </Properties>
  </Object>
  <Object name="Object57">
    <AbsoluteLocation value="-14.940058 -4.540799"/>
    <Properties>
      <Property name="Angle" value="88.4522"/>
      <Property name="Filename" value="/Objects/pipe_bend_2.hs"/>
    </Properties>
  </Object>
  <Object name="Object64">
    <AbsoluteLocation value="-15.309753 -8.440478"/>
    <Properties>
      <Property name="Angle" value="-90.4447"/>
      <Property name="Filename" value="/Objects/pipe_into_wall_2.hs"/>
    </Properties>
  </Object>
  <Object name="Object68">
    <AbsoluteLocation value="-13.494983 -3.379483"/>
    <Properties>
      <Property name="Angle" value="35.8545"/>
      <Property name="Filename" value="/Objects/pipe_straight_short.hs"/>
    </Properties>
  </Object>
  <Object name="Object69">
    <AbsoluteLocation value="-12.442866 -2.607801"/>
    <Properties>
      <Property name="Angle" value="35.8545"/>
      <Property name="Filename" value="/Objects/pipe_straight_short.hs"/>
    </Properties>
  </Object>
  <Object name="Object59">
    <AbsoluteLocation value="-11.537341 -1.741189"/>
    <Properties>
      <Property name="Angle" value="269.218"/>
      <Property name="Filename" value="/Objects/pipe_bend_1.hs"/>
    </Properties>
  </Object>
  <Object name="Object72">
    <AbsoluteLocation value="-32.726723 2.413074"/>
    <Properties>
      <Property name="Angle" value="142.783"/>
      <Property name="Filename" value="/Objects/pipe_bend_1.hs"/>
    </Properties>
  </Object>
  <Object name="Object73">
    <AbsoluteLocation value="-31.158394 0.780509"/>
    <Properties>
      <Property name="Angle" value="-37.2029"/>
      <Property name="Filename" value="/Objects/pipe_straight_short.hs"/>
    </Properties>
  </Object>
  <Object name="Object74">
    <AbsoluteLocation value="-29.366932 -2.097781"/>
    <Properties>
      <Property name="Angle" value="143.211"/>
      <Property name="Filename" value="/Objects/pipe_connector_90.hs"/>
    </Properties>
  </Object>
  <Object name="Object76">
    <AbsoluteLocation value="-34.511429 -9.361976"/>
    <Properties>
      <Property name="Angle" value="229.437"/>
      <Property name="Filename" value="/Objects/pipe_elbow_2.hs"/>
    </Properties>
  </Object>
  <Object name="Object77">
    <AbsoluteLocation value="-36.582626 -8.535723"/>
    <Properties>
      <Property name="Angle" value="-37.2029"/>
      <Property name="Filename" value="/Objects/pipe_straight_short.hs"/>
    </Properties>
  </Object>
  <Object name="Object78">
    <AbsoluteLocation value="-15.683268 12.691702"/>
    <Properties>
      <Property name="Angle" value="179.038"/>
      <Property name="Filename" value="/Objects/pipe_elbow_2.hs"/>
    </Properties>
  </Object>
  <Object name="Object80">
    <AbsoluteLocation value="-16.331400 14.851083"/>
    <Properties>
      <Property name="Angle" value="89.0129"/>
      <Property name="Filename" value="/Objects/pipe_into_wall_2.hs"/>
    </Properties>
  </Object>
  <Object name="Object82">
    <AbsoluteLocation value="-12.188308 16.411095"/>
    <Properties>
      <Property name="Angle" value="-90.871"/>
      <Property name="Filename" value="/Objects/pipe_into_wall_1.hs"/>
    </Properties>
  </Object>
  <Object name="Object84">
    <AbsoluteLocation value="-32.180534 21.715134"/>
    <Properties>
      <Property name="Angle" value="-90.2711"/>
      <Property name="Filename" value="/Objects/pipe_straight_short.hs"/>
    </Properties>
  </Object>
  <Object name="Object85">
    <AbsoluteLocation value="-33.248943 24.482359"/>
    <Properties>
      <Property name="Angle" value="178.491"/>
      <Property name="Filename" value="/Objects/pipe_connector_90.hs"/>
    </Properties>
  </Object>
  <Object name="Object87">
    <AbsoluteLocation value="6.687725 12.741045"/>
    <Properties>
      <Property name="Angle" value="-90.8197"/>
      <Property name="Filename" value="/Objects/pipe_elbow_2.hs"/>
    </Properties>
  </Object>
  <Object name="Object89">
    <AbsoluteLocation value="7.679226 15.084019"/>
    <Properties>
      <Property name="Angle" value="88.4522"/>
      <Property name="Filename" value="/Objects/pipe_bend_2.hs"/>
    </Properties>
  </Object>
  <Object name="Object90">
    <AbsoluteLocation value="8.584589 16.197605"/>
    <Properties>
      <Property name="Angle" value="269.218"/>
      <Property name="Filename" value="/Objects/pipe_bend_1.hs"/>
    </Properties>
  </Object>
  <Object name="Object91">
    <AbsoluteLocation value="8.949677 18.739956"/>
    <Properties>
      <Property name="Angle" value="90.3851"/>
      <Property name="Filename" value="/Objects/pipe_straight_short.hs"/>
    </Properties>
  </Object>
  <Object name="Object92">
    <AbsoluteLocation value="8.794567 20.637960"/>
    <Properties>
      <Property name="Angle" value="321.626"/>
      <Property name="Filename" value="/Objects/pipe_bend_1.hs"/>
    </Properties>
  </Object>
  <Object name="Object93">
    <AbsoluteLocation value="7.563679 22.384327"/>
    <Properties>
      <Property name="Angle" value="142.329"/>
      <Property name="Filename" value="/Objects/pipe_bend_2.hs"/>
    </Properties>
  </Object>
  <Object name="Object94">
    <AbsoluteLocation value="7.408375 24.266899"/>
    <Properties>
      <Property name="Angle" value="90.3851"/>
      <Property name="Filename" value="/Objects/pipe_straight_short.hs"/>
    </Properties>
  </Object>
  <Object name="Object95">
    <AbsoluteLocation value="6.244235 25.743362"/>
    <Properties>
      <Property name="Angle" value="179.588"/>
      <Property name="Filename" value="/Objects/pipe_connector_90.hs"/>
    </Properties>
  </Object>
  <Object name="Object97">
    <AbsoluteLocation value="1.230976 26.996767"/>
    <Properties>
      <Property name="Angle" value="179.701"/>
      <Property name="Filename" value="/Objects/pipe_into_wall_2.hs"/>
    </Properties>
  </Object>
  <Object name="Object98">
    <AbsoluteLocation value="5.795281 31.234108"/>
    <Properties>
      <Property name="Angle" value="231.206"/>
      <Property name="Filename" value="/Objects/pipe_bend_1.hs"/>
    </Properties>
  </Object>
  <Object name="Object99">
    <AbsoluteLocation value="8.053507 33.193398"/>
    <Properties>
      <Property name="Angle" value="269.722"/>
      <Property name="Filename" value="/Objects/pipe_bend_1.hs"/>
    </Properties>
  </Object>
  <Object name="Object102">
    <AbsoluteLocation value="8.246227 36.530857"/>
    <Properties>
      <Property name="Angle" value="320.622"/>
      <Property name="Filename" value="/Objects/pipe_bend_1.hs"/>
    </Properties>
  </Object>
  <Object name="Object103">
    <AbsoluteLocation value="7.206648 37.944508"/>
    <Properties>
      <Property name="Angle" value="131.586"/>
      <Property name="Filename" value="/Objects/pipe_straight_short.hs"/>
    </Properties>
  </Object>
  <Object name="Object104">
    <AbsoluteLocation value="6.310036 38.808876"/>
    <Properties>
      <Property name="Angle" value="359.139"/>
      <Property name="Filename" value="/Objects/pipe_bend_1.hs"/>
    </Properties>
  </Object>
  <Object name="Object107">
    <AbsoluteLocation value="2.052931 40.459545"/>
    <Properties>
      <Property name="Angle" value="0.240384"/>
      <Property name="Filename" value="/Objects/pipe_connector_90.hs"/>
    </Properties>
  </Object>
  <Object name="Object109">
    <AbsoluteLocation value="-4.784990 44.921524"/>
    <Properties>
      <Property name="Angle" value="0"/>
      <Property name="Filename" value="/Objects/pipe_straight_long.hs"/>
    </Properties>
  </Object>
  <Object name="Object110">
    <AbsoluteLocation value="-12.052860 44.247402"/>
    <Properties>
      <Property name="Angle" value="90.392"/>
      <Property name="Filename" value="/Objects/pipe_elbow_1.hs"/>
    </Properties>
  </Object>
  <Object name="Object111">
    <AbsoluteLocation value="-12.594499 40.445362"/>
    <Properties>
      <Property name="Angle" value="141.531"/>
      <Property name="Filename" value="/Objects/pipe_bend_2.hs"/>
    </Properties>
  </Object>
  <Object name="Object112">
    <AbsoluteLocation value="-9.972254 44.927876"/>
    <Properties>
      <Property name="Angle" value="0.478568"/>
      <Property name="Filename" value="/Objects/pipe_straight_short.hs"/>
    </Properties>
  </Object>
  <Object name="Object115">
    <AbsoluteLocation value="-10.462749 38.454033"/>
    <Properties>
      <Property name="Angle" value="322.329"/>
      <Property name="Filename" value="/Objects/pipe_into_wall_2.hs"/>
    </Properties>
  </Object>
  <Object name="Object118">
    <AbsoluteLocation value="-32.302711 41.096661"/>
    <Properties>
      <Property name="Angle" value="88.8077"/>
      <Property name="Filename" value="/Objects/pipe_bend_2.hs"/>
    </Properties>
  </Object>
  <Object name="Object119">
    <AbsoluteLocation value="-30.667576 42.688690"/>
    <Properties>
      <Property name="Angle" value="42.5549"/>
      <Property name="Filename" value="/Objects/pipe_straight_short.hs"/>
    </Properties>
  </Object>
  <Object name="Object120">
    <AbsoluteLocation value="-27.133772 44.542416"/>
    <Properties>
      <Property name="Angle" value="226.303"/>
      <Property name="Filename" value="/Objects/pipe_connector_90.hs"/>
    </Properties>
  </Object>
  <Object name="Object122">
    <AbsoluteLocation value="-22.893633 42.353825"/>
    <Properties>
      <Property name="Angle" value="181.423"/>
      <Property name="Filename" value="/Objects/pipe_bend_1.hs"/>
    </Properties>
  </Object>
  <Object name="Object124">
    <AbsoluteLocation value="-17.201042 41.369690"/>
    <Properties>
      <Property name="Angle" value="0.956965"/>
      <Property name="Filename" value="/Objects/pipe_elbow_1.hs"/>
    </Properties>
  </Object>
  <Object name="Object125">
    <AbsoluteLocation value="-16.355980 39.343102"/>
    <Properties>
      <Property name="Angle" value="142.979"/>
      <Property name="Filename" value="/Objects/pipe_bend_1.hs"/>
    </Properties>
  </Object>
  <Object name="Object127">
    <AbsoluteLocation value="-14.532061 37.497742"/>
    <Properties>
      <Property name="Angle" value="-36.9695"/>
      <Property name="Filename" value="/Objects/pipe_into_wall_1.hs"/>
    </Properties>
  </Object>
  <Object name="Object128">
    <AbsoluteLocation value="-22.459528 -1.373552"/>
    <Properties>
      <Property name="Angle" value="90.0251"/>
      <Property name="Filename" value="/Objects/path_locking_mid.hs"/>
    </Properties>
  </Object>
  <Object name="Object129">
    <AbsoluteLocation value="-1.226402 -31.573872"/>
    <Properties>
      <Property name="Angle" value="360.371"/>
      <Property name="Filename" value="/Objects/path_locking_end.hs"/>
    </Properties>
  </Object>
  <Object name="Object130">
    <AbsoluteLocation value="1.970020 -31.572903"/>
    <Properties>
      <Property name="Angle" value="270.548"/>
      <Property name="Filename" value="/Objects/path_vertical_locking_end_top.hs"/>
    </Properties>
  </Object>
  <Object name="Object131">
    <AbsoluteLocation value="2.763011 -46.845417"/>
    <Properties>
      <Property name="Angle" value="-0.961582"/>
      <Property name="Filename" value="/Objects/pipe_straight_short.hs"/>
    </Properties>
  </Object>
  <Object name="Object132">
    <AbsoluteLocation value="-8.022116 -42.640873"/>
    <Properties>
      <Property name="Angle" value="135.084"/>
      <Property name="Filename" value="/Objects/pipe_connector_end.hs"/>
    </Properties>
  </Object>
  <Object name="Object133">
    <AbsoluteLocation value="-11.736989 4.307113"/>
    <Properties>
      <Property name="Angle" value="-0.617655"/>
      <Property name="Filename" value="/Objects/pipe_elbow_2.hs"/>
    </Properties>
  </Object>
  <Object name="Spout2">
    <AbsoluteLocation value="16.358940 69.969299"/>
    <Properties>
      <Property name="Angle" value="-90"/>
      <Property name="Filename" value="/Objects/shower_head.hs"/>
      <Property name="FluidType" value="Water"/>
      <Property name="OffsetVariation" value="5"/>
      <Property name="ParticleSpeed" value="50"/>
      <Property name="ParticlesPerSecond" value="17"/>
      <Property name="Type" value="spout"/>
    </Properties>
  </Object>
  <Object name="Object136">
    <AbsoluteLocation value="1.779661 -46.156116"/>
    <Properties>
      <Property name="Angle" value="-180.735"/>
      <Property name="Filename" value="/Objects/pipe_elbow_2.hs"/>
    </Properties>
  </Object>
  <Object name="Object137">
    <AbsoluteLocation value="-2.416516 -46.146168"/>
    <Properties>
      <Property name="Angle" value="-450.548"/>
      <Property name="Filename" value="/Objects/pipe_elbow_2.hs"/>
    </Properties>
  </Object>
  <Object name="Object138">
    <AbsoluteLocation value="0.464446 -44.245052"/>
    <Properties>
      <Property name="Angle" value="0"/>
      <Property name="Filename" value="/Objects/pipe_elbow_1.hs"/>
    </Properties>
  </Object>
  <Object name="Object139">
    <AbsoluteLocation value="-1.087802 -44.191032"/>
    <Properties>
      <Property name="Angle" value="88.9983"/>
      <Property name="Filename" value="/Objects/pipe_elbow_1.hs"/>
    </Properties>
  </Object>
  <Object name="Object140">
    <AbsoluteLocation value="-3.942102 -46.541275"/>
    <Properties>
      <Property name="Angle" value="182.868"/>
      <Property name="Filename" value="/Objects/pipe_bend_1.hs"/>
    </Properties>
  </Object>
  <Object name="deathwall">
    <AbsoluteLocation value="26.518454 26.448420"/>
    <Properties>
      <Property name="Angle" value="0"/>
      <Property name="Filename" value="/Objects/wall_24x8_pivot.hs"/>
      <Property name="PathPos0" value="0 0"/>
      <Property name="PathPos1" value="-17 0"/>
	  <Property name="MotorMoveSpeed" value="5"/>
    </Properties>
  </Object>
  <Object name="Object134">
    <AbsoluteLocation value="15.085598 26.461512"/>
    <Properties>
      <Property name="Angle" value="-9.72981e-06"/>
      <Property name="Filename" value="/Objects/path_locking_end.hs"/>
    </Properties>
  </Object>
  <Object name="Object141">
    <AbsoluteLocation value="24.859999 26.461510"/>
    <Properties>
      <Property name="Angle" value="0"/>
      <Property name="Filename" value="/Objects/path_locking_end_right.hs"/>
    </Properties>
  </Object>
  <Object name="Object143">
    <AbsoluteLocation value="19.972797 26.461512"/>
    <Properties>
      <Property name="Angle" value="0"/>
      <Property name="Filename" value="/Objects/path_locking_mid.hs"/>
    </Properties>
  </Object>
  <Room>
    <AbsoluteLocation value="-18.799997 -34.000000"/>
  </Room>
  <Region tlCell="-40,50" brCell="40,-50">
    <Properties/>
  </Region>
</Objects>
