<?xml version="1.0"?>
<Objects>
  <Object name="Object70">
    <AbsoluteLocation value="0.093146 -65.070312"/>
    <Properties>
      <Property name="Angle" value="28.6337"/>
      <Property name="Filename" value="/Objects/pipe_straight.hs"/>
    </Properties>
  </Object>
  <Object name="Object66">
    <AbsoluteLocation value="-7.128653 -60.638824"/>
    <Properties>
      <Property name="Angle" value="102.874"/>
      <Property name="Filename" value="/Objects/pipe_straight_long.hs"/>
    </Properties>
  </Object>
  <Object name="Object60">
    <AbsoluteLocation value="-2.173505 -56.328403"/>
    <Properties>
      <Property name="Angle" value="126.997"/>
      <Property name="Filename" value="/Objects/pipe_straight.hs"/>
    </Properties>
  </Object>
  <Object name="Object58">
    <AbsoluteLocation value="-12.454628 -65.101875"/>
    <Properties>
      <Property name="Angle" value="-172.799"/>
      <Property name="Filename" value="/Objects/pipe_bend_1.hs"/>
    </Properties>
  </Object>
  <Object name="Object57">
    <AbsoluteLocation value="4.327816 -61.577988"/>
    <Properties>
      <Property name="Angle" value="62.3093"/>
      <Property name="Filename" value="/Objects/pipe_bend_2.hs"/>
    </Properties>
  </Object>
  <Object name="Object8">
    <AbsoluteLocation value="-11.122850 -18.933273"/>
    <Properties>
      <Property name="Angle" value="-90"/>
      <Property name="Filename" value="/Objects/wall_24x8_green.hs"/>
      <Property name="MotorMoveSpeed0" value="1"/>
      <Property name="MotorMoveSpeed1" value="35"/>
      <Property name="MotorMoveSpeed2" value="35"/>
      <Property name="MotorMoveSpeed3" value="35"/>
      <Property name="MotorOn" value="1"/>
      <Property name="MotorWaitTime0" value="2"/>
      <Property name="MotorWaitTime1" value="0"/>
      <Property name="MotorWaitTime2" value="0"/>
      <Property name="MotorWaitTime3" value="0"/>
      <Property name="PathIsClosed" value="1"/>
      <Property name="PathPos0" value="0 0"/>
      <Property name="PathPos1" value="0 2"/>
      <Property name="PathPos2" value="0 -17"/>
      <Property name="PathPos3" value="0 0"/>
    </Properties>
  </Object>
  <Object name="Object7">
    <AbsoluteLocation value="-11.201382 -31.846531"/>
    <Properties>
      <Property name="Angle" value="0"/>
      <Property name="Filename" value="/Objects/wall_16x8_green.hs"/>
      <Property name="Parent" value="Object8"/>
    </Properties>
  </Object>
  <Object name="Ducky12">
    <AbsoluteLocation value="16.203257 -59.300148"/>
    <Properties>
      <Property name="Angle" value="0"/>
      <Property name="Filename" value="/Objects/star.hs"/>
      <Property name="Type" value="star"/>
    </Properties>
  </Object>
  <Object name="Ducky13">
    <AbsoluteLocation value="-19.045284 -67.723122"/>
    <Properties>
      <Property name="Angle" value="0"/>
      <Property name="Filename" value="/Objects/star.hs"/>
      <Property name="Type" value="star"/>
    </Properties>
  </Object>
  <Object name="Ducky14">
    <AbsoluteLocation value="24.929672 41.736099"/>
    <Properties>
      <Property name="Angle" value="0"/>
      <Property name="Filename" value="/Objects/star.hs"/>
      <Property name="Type" value="star"/>
    </Properties>
  </Object>
  <Object name="Object17">
    <AbsoluteLocation value="-24.060478 27.627071"/>
    <Properties>
      <Property name="Angle" value="-0.462058"/>
      <Property name="Filename" value="/Objects/path_locking_end.hs"/>
    </Properties>
  </Object>
  <Object name="Object33">
    <AbsoluteLocation value="-18.716469 -77.455627"/>
    <Properties>
      <Property name="Angle" value="180.544"/>
      <Property name="Filename" value="/Objects/pipe_elbow_2.hs"/>
    </Properties>
  </Object>
  <Object name="Object35">
    <AbsoluteLocation value="-14.064390 -78.133682"/>
    <Properties>
      <Property name="Angle" value="-0.0872926"/>
      <Property name="Filename" value="/Objects/pipe_straight_long.hs"/>
    </Properties>
  </Object>
  <Object name="Object37">
    <AbsoluteLocation value="-12.464729 -78.325706"/>
    <Properties>
      <Property name="Angle" value="-360.524"/>
      <Property name="Filename" value="/Objects/pipe_connector_end.hs"/>
    </Properties>
  </Object>
  <Object name="Spout16">
    <AbsoluteLocation value="-19.234016 -74.658958"/>
    <Properties>
      <Property name="Angle" value="0"/>
      <Property name="ConnectedSpout0" value="SWAMPY_SPOUT"/>
      <Property name="ConnectedSpoutProbability0" value="1"/>
      <Property name="Filename" value="/Objects/broken_pipe.hs"/>
      <Property name="Type" value="spout"/>
    </Properties>
  </Object>
  <Object name="Spout34">
    <AbsoluteLocation value="-14.679220 -63.220520"/>
    <Properties>
      <Property name="Angle" value="50.606"/>
      <Property name="ConnectedSpout0" value="Spout44"/>
      <Property name="ConnectedSpoutProbability0" value="1"/>
      <Property name="Filename" value="/Objects/basic_drain.hs"/>
      <Property name="Type" value="spout"/>
    </Properties>
  </Object>
  <Object name="Object42">
    <AbsoluteLocation value="-6.713931 -64.427902"/>
    <Properties>
      <Property name="Angle" value="10.2886"/>
      <Property name="Filename" value="/Objects/pipe_straight_long.hs"/>
    </Properties>
  </Object>
  <Object name="Spout44">
    <AbsoluteLocation value="6.633442 -60.699512"/>
    <Properties>
      <Property name="Angle" value="19.5559"/>
      <Property name="Filename" value="/Objects/shower_head.hs"/>
      <Property name="FluidType" value="Water"/>
      <Property name="NumberParticles" value="0"/>
      <Property name="ParticleSpeed" value="20"/>
      <Property name="Type" value="spout"/>
    </Properties>
  </Object>
  <Object name="Object59">
    <AbsoluteLocation value="-0.770125 -61.479633"/>
    <Properties>
      <Property name="Angle" value="107.974"/>
      <Property name="Filename" value="/Objects/pipe_connector_90.hs"/>
    </Properties>
  </Object>
  <Object name="Object64">
    <AbsoluteLocation value="-4.522778 -54.168030"/>
    <Properties>
      <Property name="Angle" value="0"/>
      <Property name="Filename" value="/Objects/pipe_bend_1.hs"/>
    </Properties>
  </Object>
  <Object name="Object69">
    <AbsoluteLocation value="3.065134 -63.255821"/>
    <Properties>
      <Property name="Angle" value="-100.867"/>
      <Property name="Filename" value="/Objects/pipe_bend_1.hs"/>
    </Properties>
  </Object>
  <Object name="Object65">
    <AbsoluteLocation value="-4.936076 -65.429764"/>
    <Properties>
      <Property name="Angle" value="368.056"/>
      <Property name="Filename" value="/Objects/pipe_connector_90.hs"/>
    </Properties>
  </Object>
  <Object name="Object72">
    <AbsoluteLocation value="-6.237830 -55.166199"/>
    <Properties>
      <Property name="Angle" value="264.246"/>
      <Property name="Filename" value="/Objects/pipe_connector_90.hs"/>
    </Properties>
  </Object>
  <Object name="Object62">
    <AbsoluteLocation value="-24.155544 27.959850"/>
    <Properties>
      <Property name="Angle" value="0"/>
      <Property name="Filename" value="/Objects/path_locking_end.hs"/>
    </Properties>
  </Object>
  <Object name="Object18">
    <AbsoluteLocation value="-4.606743 27.959850"/>
    <Properties>
      <Property name="Angle" value="0"/>
      <Property name="Filename" value="/Objects/path_locking_end_right.hs"/>
    </Properties>
  </Object>
  <Object name="Object61">
    <AbsoluteLocation value="-19.268343 27.959850"/>
    <Properties>
      <Property name="Angle" value="0"/>
      <Property name="Filename" value="/Objects/path_locking_mid.hs"/>
    </Properties>
  </Object>
  <Object name="Object63">
    <AbsoluteLocation value="-14.381144 27.959850"/>
    <Properties>
      <Property name="Angle" value="0"/>
      <Property name="Filename" value="/Objects/path_locking_mid.hs"/>
    </Properties>
  </Object>
  <Object name="Object67">
    <AbsoluteLocation value="-9.493943 27.959850"/>
    <Properties>
      <Property name="Angle" value="0"/>
      <Property name="Filename" value="/Objects/path_locking_mid.hs"/>
    </Properties>
  </Object>
  <Object name="Object49">
    <AbsoluteLocation value="3.589226 -17.750000"/>
    <Properties>
      <Property name="Angle" value="0"/>
      <Property name="Filename" value="/Objects/path_locking_end.hs"/>
    </Properties>
  </Object>
  <Object name="Object50">
    <AbsoluteLocation value="28.025227 -17.750000"/>
    <Properties>
      <Property name="Angle" value="0"/>
      <Property name="Filename" value="/Objects/path_locking_end_right.hs"/>
    </Properties>
  </Object>
  <Object name="Object52">
    <AbsoluteLocation value="8.476426 -17.750000"/>
    <Properties>
      <Property name="Angle" value="0"/>
      <Property name="Filename" value="/Objects/path_locking_mid.hs"/>
    </Properties>
  </Object>
  <Object name="Object53">
    <AbsoluteLocation value="13.363626 -17.750000"/>
    <Properties>
      <Property name="Angle" value="0"/>
      <Property name="Filename" value="/Objects/path_locking_mid.hs"/>
    </Properties>
  </Object>
  <Object name="Object54">
    <AbsoluteLocation value="18.250828 -17.750000"/>
    <Properties>
      <Property name="Angle" value="0"/>
      <Property name="Filename" value="/Objects/path_locking_mid.hs"/>
    </Properties>
  </Object>
  <Object name="Object68">
    <AbsoluteLocation value="23.138027 -17.750000"/>
    <Properties>
      <Property name="Angle" value="0"/>
      <Property name="Filename" value="/Objects/path_locking_mid.hs"/>
    </Properties>
  </Object>
  <Object name="Object71">
    <AbsoluteLocation value="-11.142357 -10.997497"/>
    <Properties>
      <Property name="Angle" value="0.4339"/>
      <Property name="Filename" value="/Objects/path_vertical_locking_end_top.hs"/>
    </Properties>
  </Object>
  <Object name="Object73">
    <AbsoluteLocation value="-11.142368 -35.430969"/>
    <Properties>
      <Property name="Angle" value="-0.0926024"/>
      <Property name="Filename" value="/Objects/path_vertical_locking_end_bottom.hs"/>
    </Properties>
  </Object>
  <Object name="Object48">
    <AbsoluteLocation value="-11.112705 -30.545036"/>
    <Properties>
      <Property name="Angle" value="90"/>
      <Property name="Filename" value="/Objects/path_locking_mid.hs"/>
    </Properties>
  </Object>
  <Object name="Object74">
    <AbsoluteLocation value="-11.112705 -25.657835"/>
    <Properties>
      <Property name="Angle" value="90"/>
      <Property name="Filename" value="/Objects/path_locking_mid.hs"/>
    </Properties>
  </Object>
  <Object name="Object75">
    <AbsoluteLocation value="-11.112709 -20.770634"/>
    <Properties>
      <Property name="Angle" value="90"/>
      <Property name="Filename" value="/Objects/path_locking_mid.hs"/>
    </Properties>
  </Object>
  <Object name="Object76">
    <AbsoluteLocation value="-11.112709 -15.883434"/>
    <Properties>
      <Property name="Angle" value="90"/>
      <Property name="Filename" value="/Objects/path_locking_mid.hs"/>
    </Properties>
  </Object>
  <Object name="PurpleWallL">
    <AbsoluteLocation value="4.698120 -17.799999"/>
    <Properties>
      <Property name="Angle" value="90"/>
      <Property name="Filename" value="/Objects/wall_24x8_brown.hs"/>
      <Property name="MotorMoveSpeed0" value="1"/>
      <Property name="MotorMoveSpeed1" value="32"/>
      <Property name="MotorMoveSpeed2" value="32"/>
      <Property name="MotorMoveSpeed3" value="32"/>
      <Property name="MotorOn" value="1"/>
      <Property name="MotorWaitTime0" value="3"/>
      <Property name="MotorWaitTime1" value="0"/>
      <Property name="MotorWaitTime2" value="0"/>
      <Property name="MotorWaitTime3" value="0"/>
      <Property name="PathIsClosed" value="1"/>
      <Property name="PathPos0" value="0 0"/>
      <Property name="PathPos1" value="-2 0"/>
      <Property name="PathPos2" value="10 0"/>
      <Property name="PathPos3" value="0 0"/>
    </Properties>
  </Object>
  <Object name="PurpleWallR">
    <AbsoluteLocation value="26.191811 -17.799999"/>
    <Properties>
      <Property name="Angle" value="90.1489"/>
      <Property name="Filename" value="/Objects/wall_24x8_brown.hs"/>
      <Property name="MotorMoveSpeed0" value="1"/>
      <Property name="MotorMoveSpeed1" value="32"/>
      <Property name="MotorMoveSpeed2" value="32"/>
      <Property name="MotorMoveSpeed3" value="32"/>
      <Property name="MotorOn" value="1"/>
      <Property name="MotorWaitTime0" value="3"/>
      <Property name="MotorWaitTime1" value="0"/>
      <Property name="MotorWaitTime2" value="0"/>
      <Property name="MotorWaitTime3" value="0"/>
      <Property name="PathIsClosed" value="1"/>
      <Property name="PathPos0" value="0 0"/>
      <Property name="PathPos1" value="2 0"/>
      <Property name="PathPos2" value="-10 0"/>
      <Property name="PathPos3" value="0 0"/>
    </Properties>
  </Object>
  <Object name="WallL">
    <AbsoluteLocation value="-25.500000 28.000000"/>
    <Properties>
      <Property name="Angle" value="90"/>
      <Property name="Filename" value="/Objects/wall_24x8.hs"/>
      <Property name="MotorMoveSpeed0" value="1"/>
      <Property name="MotorMoveSpeed1" value="32"/>
      <Property name="MotorMoveSpeed2" value="32"/>
      <Property name="MotorMoveSpeed3" value="32"/>
      <Property name="MotorOn" value="1"/>
      <Property name="MotorWaitTime0" value="4"/>
      <Property name="MotorWaitTime1" value="0"/>
      <Property name="MotorWaitTime2" value="0"/>
      <Property name="MotorWaitTime3" value="0"/>
      <Property name="PathIsClosed" value="1"/>
      <Property name="PathPos0" value="0 0"/>
      <Property name="PathPos1" value="-2 0"/>
      <Property name="PathPos2" value="10 0"/>
      <Property name="PathPos3" value="0 0"/>
    </Properties>
  </Object>
  <Object name="WallR">
    <AbsoluteLocation value="-5.130000 28.000000"/>
    <Properties>
      <Property name="Angle" value="90"/>
      <Property name="Filename" value="/Objects/wall_24x8.hs"/>
      <Property name="MotorMoveSpeed0" value="1"/>
      <Property name="MotorMoveSpeed1" value="32"/>
      <Property name="MotorMoveSpeed2" value="32"/>
      <Property name="MotorMoveSpeed3" value="32"/>
      <Property name="MotorOn" value="1"/>
      <Property name="MotorWaitTime0" value="4"/>
      <Property name="MotorWaitTime1" value="0"/>
      <Property name="MotorWaitTime2" value="0"/>
      <Property name="MotorWaitTime3" value="0"/>
      <Property name="PathIsClosed" value="1"/>
      <Property name="PathPos0" value="0 0"/>
      <Property name="PathPos1" value="2 0"/>
      <Property name="PathPos2" value="-10 0"/>
      <Property name="PathPos3" value="0 0"/>
    </Properties>
  </Object>
  <Object name="Switch12">
    <AbsoluteLocation value="23.921022 1.222223"/>
    <Properties>
      <Property name="Angle" value="-37.6015"/>
      <Property name="ConnectedObject0" value="Object13"/>
      <Property name="Filename" value="/Objects/switch_momentary_blue.hs"/>
      <Property name="Type" value="switch"/>
    </Properties>
  </Object>
  <Object name="Object13">
    <AbsoluteLocation value="8.382960 29.521679"/>
    <Properties>
      <Property name="Angle" value="0"/>
      <Property name="Filename" value="/Objects/wall_8x8_blue.hs"/>
      <Property name="MotorMoveSpeed" value="80"/>
      <Property name="PathPos0" value="0 0"/>
      <Property name="PathPos1" value="9 0"/>
    </Properties>
  </Object>
  <Object name="Object55">
    <AbsoluteLocation value="8.635666 29.638493"/>
    <Properties>
      <Property name="Angle" value="0"/>
      <Property name="Filename" value="/Objects/path_locking_end.hs"/>
    </Properties>
  </Object>
  <Object name="Object56">
    <AbsoluteLocation value="18.410067 29.638493"/>
    <Properties>
      <Property name="Angle" value="0"/>
      <Property name="Filename" value="/Objects/path_locking_end_right.hs"/>
    </Properties>
  </Object>
  <Object name="Object77">
    <AbsoluteLocation value="13.522866 29.638493"/>
    <Properties>
      <Property name="Angle" value="0"/>
      <Property name="Filename" value="/Objects/path_locking_mid.hs"/>
    </Properties>
  </Object>
  <Object name="WaterBalloon1">
    <AbsoluteLocation value="-12.126696 84.740486"/>
    <Properties>
      <Property name="Angle" value="0"/>
      <Property name="Filename" value="/Objects/balloon.hs"/>
      <Property name="InitialParticles" value="water 50 contaminatedwater 0 steam 0"/>
      <Property name="Type" value="waterballoon"/>
    </Properties>
  </Object>
  <Object name="Ducky68">
    <AbsoluteLocation value="-19.298111 86.625671"/>
    <Properties>
      <Property name="Angle" value="3.30048"/>
      <Property name="CutsRock" value="1"/>
      <Property name="Filename" value="/Objects/star_teleport.hs"/>
      <Property name="StarType" value="teleport"/>
      <Property name="TeleportMoveTime" value="2"/>
      <Property name="Type" value="star"/>
    </Properties>
  </Object>
  <Object name="Ducky72">
    <AbsoluteLocation value="15.390797 58.210133"/>
    <Properties>
      <Property name="Angle" value="0"/>
      <Property name="CutsRock" value="1"/>
      <Property name="Filename" value="/Objects/star_teleport.hs"/>
      <Property name="StarType" value="teleport"/>
      <Property name="TeleportMoveTime" value="2"/>
      <Property name="TeleportWaitTime" value="1.5"/>
      <Property name="Type" value="star"/>
    </Properties>
  </Object>
  <Object name="Ducky73">
    <AbsoluteLocation value="23.301392 -71.889015"/>
    <Properties>
      <Property name="Angle" value="0"/>
      <Property name="CutsRock" value="1"/>
      <Property name="Filename" value="/Objects/star_teleport.hs"/>
      <Property name="StarType" value="teleport"/>
      <Property name="TeleportMoveTime" value="2"/>
      <Property name="TeleportWaitTime" value="99999"/>
      <Property name="Type" value="star"/>
    </Properties>
  </Object>
  <Room>
    <AbsoluteLocation value="2.000002 -81.200005"/>
  </Room>
  <Properties>
    <Property name="SkipPan" value="0"/>
  </Properties>
</Objects>
