<?xml version="1.0"?>
<Objects>
  <Object name="Object83">
    <AbsoluteLocation value="27.980434 -5.673664"/>
    <Properties>
      <Property name="Angle" value="63.6665"/>
      <Property name="Filename" value="/Objects/pipe_straight.hs"/>
    </Properties>
  </Object>
  <Object name="Object67">
    <AbsoluteLocation value="19.166485 -40.245331"/>
    <Properties>
      <Property name="Angle" value="-102.036"/>
      <Property name="Filename" value="/Objects/pipe_elbow_2.hs"/>
    </Properties>
  </Object>
  <Object name="Object37">
    <AbsoluteLocation value="24.093750 26.906250"/>
    <Properties>
      <Property name="Angle" value="26.5031"/>
      <Property name="Filename" value="/Objects/pipe_straight_short.hs"/>
    </Properties>
  </Object>
  <Object name="Object36">
    <AbsoluteLocation value="-23.027727 19.498636"/>
    <Properties>
      <Property name="Angle" value="-2.31505"/>
      <Property name="Filename" value="/Objects/pipe_straight_short.hs"/>
    </Properties>
  </Object>
  <Object name="Object27">
    <AbsoluteLocation value="29.437500 8.343750"/>
    <Properties>
      <Property name="Angle" value="97.1507"/>
      <Property name="Filename" value="/Objects/pipe_straight_short.hs"/>
    </Properties>
  </Object>
  <Object name="Object26">
    <AbsoluteLocation value="28.875000 5.531250"/>
    <Properties>
      <Property name="Angle" value="-92.1011"/>
      <Property name="Filename" value="/Objects/pipe_elbow_2.hs"/>
    </Properties>
  </Object>
  <Object name="Ducky16">
    <AbsoluteLocation value="-10.125000 -43.406250"/>
    <Properties>
      <Property name="Angle" value="0"/>
      <Property name="Filename" value="/Objects/star_poison.hs"/>
      <Property name="Type" value="star"/>
    </Properties>
  </Object>
  <Object name="Ducky17">
    <AbsoluteLocation value="2.289087 5.655900"/>
    <Properties>
      <Property name="Angle" value="2.21081"/>
      <Property name="Filename" value="/Objects/star_poison.hs"/>
      <Property name="Type" value="star"/>
    </Properties>
  </Object>
  <Object name="Ducky18">
    <AbsoluteLocation value="27.009712 22.347221"/>
    <Properties>
      <Property name="Angle" value="0"/>
      <Property name="Filename" value="/Objects/star_poison.hs"/>
      <Property name="Type" value="star"/>
    </Properties>
  </Object>
  <Object name="Spout14">
    <AbsoluteLocation value="21.124155 25.900734"/>
    <Properties>
      <Property name="Angle" value="-165.913"/>
      <Property name="Filename" value="/Objects/shower_head.hs"/>
      <Property name="FluidType" value="Lava"/>
      <Property name="ParticleSpeed" value="2"/>
      <Property name="ParticlesPerSecond" value="1"/>
      <Property name="Timer0" value="1 1.0"/>
      <Property name="Timer1" value="0 3.0"/>
      <Property name="Type" value="spout"/>
    </Properties>
  </Object>
  <Object name="Spout27">
    <AbsoluteLocation value="29.250000 11.625000"/>
    <Properties>
      <Property name="Angle" value="0"/>
      <Property name="ConnectedSpout0" value="Spout26"/>
      <Property name="ConnectedSpoutProbability0" value="1"/>
      <Property name="Filename" value="/Objects/basic_drain.hs"/>
      <Property name="Type" value="spout"/>
    </Properties>
  </Object>
  <Object name="Spout26">
    <AbsoluteLocation value="26.249155 5.119484"/>
    <Properties>
      <Property name="Angle" value="-186.492"/>
      <Property name="Filename" value="/Objects/shower_head.hs"/>
      <Property name="FluidType" value="Water"/>
      <Property name="NumberParticles" value="0"/>
      <Property name="ParticleSpeed" value="60"/>
      <Property name="Type" value="spout"/>
    </Properties>
  </Object>
  <Object name="Object28">
    <AbsoluteLocation value="-25.896879 18.973680"/>
    <Properties>
      <Property name="Angle" value="86.6442"/>
      <Property name="Filename" value="/Objects/pipe_elbow_1.hs"/>
    </Properties>
  </Object>
  <Object name="Object32">
    <AbsoluteLocation value="-34.362022 8.633873"/>
    <Properties>
      <Property name="Angle" value="9.07779"/>
      <Property name="Filename" value="/Objects/pipe_straight_long.hs"/>
    </Properties>
  </Object>
  <Object name="Object34">
    <AbsoluteLocation value="-26.742792 14.486282"/>
    <Properties>
      <Property name="Angle" value="88.1003"/>
      <Property name="Filename" value="/Objects/pipe_straight.hs"/>
    </Properties>
  </Object>
  <Object name="Object38">
    <AbsoluteLocation value="26.625000 28.406250"/>
    <Properties>
      <Property name="Angle" value="-81.3734"/>
      <Property name="Filename" value="/Objects/pipe_elbow_2.hs"/>
    </Properties>
  </Object>
  <Object name="Object40">
    <AbsoluteLocation value="26.875000 31.062500"/>
    <Properties>
      <Property name="Angle" value="100.491"/>
      <Property name="Filename" value="/Objects/pipe_straight_short.hs"/>
    </Properties>
  </Object>
  <Object name="Object41">
    <AbsoluteLocation value="15.291405 30.396027"/>
    <Properties>
      <Property name="Angle" value="22.8301"/>
      <Property name="Filename" value="/Objects/pipe_straight_long.hs"/>
    </Properties>
  </Object>
  <Object name="Object56">
    <AbsoluteLocation value="18.745911 -2.400370"/>
    <Properties>
      <Property name="Angle" value="19.4091"/>
      <Property name="Filename" value="/Objects/pipe_straight_long.hs"/>
    </Properties>
  </Object>
  <Object name="Object59">
    <AbsoluteLocation value="24.723602 -0.471166"/>
    <Properties>
      <Property name="Angle" value="12.3104"/>
      <Property name="Filename" value="/Objects/pipe_straight_short.hs"/>
    </Properties>
  </Object>
  <Object name="Object58">
    <AbsoluteLocation value="27.806831 -1.554111"/>
    <Properties>
      <Property name="Angle" value="179.111"/>
      <Property name="Filename" value="/Objects/pipe_connector_90.hs"/>
    </Properties>
  </Object>
  <Object name="Object50">
    <AbsoluteLocation value="26.584351 -8.306499"/>
    <Properties>
      <Property name="Angle" value="243.5"/>
      <Property name="Filename" value="/Objects/pipe_connector_end.hs"/>
    </Properties>
  </Object>
  <Object name="Object62">
    <AbsoluteLocation value="4.925758 -13.947567"/>
    <Properties>
      <Property name="Angle" value="89.82"/>
      <Property name="Filename" value="/Objects/pipe_straight_long.hs"/>
    </Properties>
  </Object>
  <Object name="Object63">
    <AbsoluteLocation value="4.988258 -22.635067"/>
    <Properties>
      <Property name="Angle" value="91.4235"/>
      <Property name="Filename" value="/Objects/pipe_straight_long.hs"/>
    </Properties>
  </Object>
  <Object name="Object64">
    <AbsoluteLocation value="5.783871 -30.457216"/>
    <Properties>
      <Property name="Angle" value="179.678"/>
      <Property name="Filename" value="/Objects/pipe_elbow_1.hs"/>
    </Properties>
  </Object>
  <Object name="Object68">
    <AbsoluteLocation value="10.123077 -31.261120"/>
    <Properties>
      <Property name="Angle" value="177.567"/>
      <Property name="Filename" value="/Objects/pipe_straight.hs"/>
    </Properties>
  </Object>
  <Object name="Object70">
    <AbsoluteLocation value="-1.375000 -6.218750"/>
    <Properties>
      <Property name="Angle" value="89.82"/>
      <Property name="Filename" value="/Objects/pipe_straight_long.hs"/>
    </Properties>
  </Object>
  <Object name="Object71">
    <AbsoluteLocation value="-1.345428 0.125000"/>
    <Properties>
      <Property name="Angle" value="89.1559"/>
      <Property name="Filename" value="/Objects/pipe_straight_short.hs"/>
    </Properties>
  </Object>
  <Object name="Object72">
    <AbsoluteLocation value="-1.411282 2.250002"/>
    <Properties>
      <Property name="Angle" value="90.9224"/>
      <Property name="Filename" value="/Objects/pipe_into_wall_1.hs"/>
    </Properties>
  </Object>
  <Object name="Object69">
    <AbsoluteLocation value="-1.406250 -12.276217"/>
    <Properties>
      <Property name="Angle" value="-89.0998"/>
      <Property name="Filename" value="/Objects/pipe_into_wall_2.hs"/>
    </Properties>
  </Object>
  <Object name="Object74">
    <AbsoluteLocation value="8.406250 10.625000"/>
    <Properties>
      <Property name="Angle" value="-90.7789"/>
      <Property name="Filename" value="/Objects/pipe_elbow_2.hs"/>
    </Properties>
  </Object>
  <Object name="Object75">
    <AbsoluteLocation value="9.061172 12.682177"/>
    <Properties>
      <Property name="Angle" value="90.9224"/>
      <Property name="Filename" value="/Objects/pipe_into_wall_1.hs"/>
    </Properties>
  </Object>
  <Object name="Object76">
    <AbsoluteLocation value="3.972107 9.996645"/>
    <Properties>
      <Property name="Angle" value="359.991"/>
      <Property name="Filename" value="/Objects/pipe_straight.hs"/>
    </Properties>
  </Object>
  <Object name="Object73">
    <AbsoluteLocation value="-0.591087 9.964758"/>
    <Properties>
      <Property name="Angle" value="-176.607"/>
      <Property name="Filename" value="/Objects/pipe_into_wall_2.hs"/>
    </Properties>
  </Object>
  <Object name="Object79">
    <AbsoluteLocation value="10.000000 26.187500"/>
    <Properties>
      <Property name="Angle" value="87.499"/>
      <Property name="Filename" value="/Objects/pipe_straight_short.hs"/>
    </Properties>
  </Object>
  <Object name="Object77">
    <AbsoluteLocation value="9.812500 24.125000"/>
    <Properties>
      <Property name="Angle" value="-94.9855"/>
      <Property name="Filename" value="/Objects/pipe_into_wall_2.hs"/>
    </Properties>
  </Object>
  <Object name="Object81">
    <AbsoluteLocation value="-21.692045 -36.960636"/>
    <Properties>
      <Property name="Angle" value="378.511"/>
      <Property name="Filename" value="/Objects/pipe_straight.hs"/>
    </Properties>
  </Object>
  <Object name="Object65">
    <AbsoluteLocation value="-26.218395 -37.813431"/>
    <Properties>
      <Property name="Angle" value="-160.512"/>
      <Property name="Filename" value="/Objects/pipe_elbow_2.hs"/>
    </Properties>
  </Object>
  <Object name="Spout53">
    <AbsoluteLocation value="-27.335039 -34.649376"/>
    <Properties>
      <Property name="Angle" value="4.16622"/>
      <Property name="ConnectedSpout0" value="Spout54"/>
      <Property name="ConnectedSpoutProbability0" value="1"/>
      <Property name="Filename" value="/Objects/basic_drain.hs"/>
      <Property name="Type" value="spout"/>
    </Properties>
  </Object>
  <Object name="Object29">
    <AbsoluteLocation value="-27.918377 10.371778"/>
    <Properties>
      <Property name="Angle" value="90.1453"/>
      <Property name="Filename" value="/Objects/pipe_connector_90.hs"/>
    </Properties>
  </Object>
  <Object name="Object78">
    <AbsoluteLocation value="10.468750 28.156250"/>
    <Properties>
      <Property name="Angle" value="82.3601"/>
      <Property name="Filename" value="/Objects/pipe_bend_2.hs"/>
    </Properties>
  </Object>
  <Object name="Object80">
    <AbsoluteLocation value="21.143101 32.783894"/>
    <Properties>
      <Property name="Angle" value="20.2099"/>
      <Property name="Filename" value="/Objects/pipe_straight_short.hs"/>
    </Properties>
  </Object>
  <Object name="Object61">
    <AbsoluteLocation value="5.333691 -8.261745"/>
    <Properties>
      <Property name="Angle" value="85.7826"/>
      <Property name="Filename" value="/Objects/pipe_bend_2.hs"/>
    </Properties>
  </Object>
  <Object name="Object55">
    <AbsoluteLocation value="10.019508 -5.900371"/>
    <Properties>
      <Property name="Angle" value="24.3561"/>
      <Property name="Filename" value="/Objects/pipe_straight_long.hs"/>
    </Properties>
  </Object>
  <Object name="Object60">
    <AbsoluteLocation value="14.061647 -32.068970"/>
    <Properties>
      <Property name="Angle" value="-0.00441316"/>
      <Property name="Filename" value="/Objects/pipe_elbow_2.hs"/>
    </Properties>
  </Object>
  <Object name="Object66">
    <AbsoluteLocation value="5.083908 -28.001158"/>
    <Properties>
      <Property name="Angle" value="90.2865"/>
      <Property name="Filename" value="/Objects/pipe_straight_short.hs"/>
    </Properties>
  </Object>
  <Object name="Object82">
    <AbsoluteLocation value="15.378414 -34.841156"/>
    <Properties>
      <Property name="Angle" value="179.678"/>
      <Property name="Filename" value="/Objects/pipe_elbow_1.hs"/>
    </Properties>
  </Object>
  <Object name="Object84">
    <AbsoluteLocation value="15.032259 -39.346687"/>
    <Properties>
      <Property name="Angle" value="-23.7022"/>
      <Property name="Filename" value="/Objects/pipe_straight.hs"/>
    </Properties>
  </Object>
  <Object name="Spout3">
    <AbsoluteLocation value="11.732765 -37.312500"/>
    <Properties>
      <Property name="Angle" value="48.6736"/>
      <Property name="ConnectedSpout0" value="SWAMPY_SPOUT"/>
      <Property name="ConnectedSpoutProbability0" value="1"/>
      <Property name="Filename" value="/Objects/broken_pipe_cranky.hs"/>
      <Property name="Type" value="spout"/>
    </Properties>
  </Object>
  <Object name="Object49">
    <AbsoluteLocation value="18.917585 -36.797997"/>
    <Properties>
      <Property name="Angle" value="179.063"/>
      <Property name="Filename" value="/Objects/pipe_connector_90.hs"/>
    </Properties>
  </Object>
  <Object name="Spout19">
    <AbsoluteLocation value="-19.571157 19.612362"/>
    <Properties>
      <Property name="Angle" value="6.58361"/>
      <Property name="Filename" value="/Objects/touch_spout_murky.hs"/>
      <Property name="FluidType" value="ContaminatedWater"/>
      <Property name="ParticleSpeed" value="60"/>
      <Property name="Type" value="spout"/>
    </Properties>
  </Object>
  <Object name="Object42">
    <AbsoluteLocation value="24.540188 33.367348"/>
    <Properties>
      <Property name="Angle" value="211.576"/>
      <Property name="Filename" value="/Objects/pipe_connector_90.hs"/>
    </Properties>
  </Object>
  <Object name="Spout54">
    <AbsoluteLocation value="-16.025850 -35.780163"/>
    <Properties>
      <Property name="Angle" value="3.99636"/>
      <Property name="Filename" value="/Objects/touch_spout_generic.hs"/>
      <Property name="FluidType" value="ContaminatedWater"/>
      <Property name="Type" value="spout"/>
    </Properties>
  </Object>
  <Room>
    <AbsoluteLocation value="18.800001 -18.000002"/>
  </Room>
</Objects>
