<?xml version="1.0"?>
<Objects>
  <Object name="Object31">
    <AbsoluteLocation value="-26.506859 -18.006418"/>
    <Properties>
      <Property name="Angle" value="110.282"/>
      <Property name="Filename" value="/Objects/pipe_straight_short.hs"/>
    </Properties>
  </Object>
  <Object name="Object34">
    <AbsoluteLocation value="28.993366 -44.049282"/>
    <Properties>
      <Property name="Angle" value="-149.601"/>
      <Property name="Filename" value="/Objects/pipe_straight.hs"/>
    </Properties>
  </Object>
  <Object name="Object36">
    <AbsoluteLocation value="-11.233932 -8.017757"/>
    <Properties>
      <Property name="Angle" value="-3.36251"/>
      <Property name="Filename" value="/Objects/jagged_medium.hs"/>
    </Properties>
  </Object>
  <Object name="Object33">
    <AbsoluteLocation value="24.966106 -45.474281"/>
    <Properties>
      <Property name="Angle" value="-156.083"/>
      <Property name="Filename" value="/Objects/pipe_elbow_1.hs"/>
    </Properties>
  </Object>
  <Object name="Ducky12">
    <AbsoluteLocation value="-1.587078 -42.870407"/>
    <Properties>
      <Property name="Angle" value="0"/>
      <Property name="Filename" value="/Objects/star.hs"/>
      <Property name="Type" value="star"/>
    </Properties>
  </Object>
  <Object name="Object28">
    <AbsoluteLocation value="31.398132 -27.017334"/>
    <Properties>
      <Property name="Angle" value="-96.1904"/>
      <Property name="Filename" value="/Objects/pipe_straight_long.hs"/>
    </Properties>
  </Object>
  <Object name="Spout14">
    <AbsoluteLocation value="23.681570 -42.161854"/>
    <Properties>
      <Property name="Angle" value="0"/>
      <Property name="ConnectedSpout0" value="Spout46"/>
      <Property name="ConnectedSpoutProbability0" value="1"/>
      <Property name="Filename" value="/Objects/basic_drain.hs"/>
      <Property name="Type" value="spout"/>
    </Properties>
  </Object>
  <Object name="Object26">
    <AbsoluteLocation value="31.032671 -23.460922"/>
    <Properties>
      <Property name="Angle" value="-2.47344"/>
      <Property name="Filename" value="/Objects/pipe_elbow_1.hs"/>
    </Properties>
  </Object>
  <Object name="Ducky23">
    <AbsoluteLocation value="16.316608 -21.609287"/>
    <Properties>
      <Property name="Angle" value="0"/>
      <Property name="Filename" value="/Objects/star.hs"/>
      <Property name="Type" value="star"/>
    </Properties>
  </Object>
  <Object name="Spout22">
    <AbsoluteLocation value="-27.123260 -14.759176"/>
    <Properties>
      <Property name="Angle" value="3.28274"/>
      <Property name="ConnectedSpout0" value="SWAMPY_SPOUT"/>
      <Property name="ConnectedSpoutProbability0" value="1"/>
      <Property name="Filename" value="/Objects/broken_pipe.hs"/>
      <Property name="Type" value="spout"/>
    </Properties>
  </Object>
  <Object name="Ducky22">
    <AbsoluteLocation value="-1.893375 -3.695435"/>
    <Properties>
      <Property name="Angle" value="0"/>
      <Property name="Filename" value="/Objects/star.hs"/>
      <Property name="Type" value="star"/>
    </Properties>
  </Object>
  <Object name="Spout46">
    <AbsoluteLocation value="28.066614 -22.564373"/>
    <Properties>
      <Property name="Angle" value="173.93"/>
      <Property name="Filename" value="/Objects/shower_head.hs"/>
      <Property name="FluidType" value="Water"/>
      <Property name="NumberParticles" value="0"/>
      <Property name="ParticleSpeed" value="70"/>
      <Property name="Type" value="spout"/>
    </Properties>
  </Object>
  <Object name="Object24">
    <AbsoluteLocation value="-25.693586 -20.735023"/>
    <Properties>
      <Property name="Angle" value="-79.7174"/>
      <Property name="Filename" value="/Objects/pipe_connector_end.hs"/>
    </Properties>
  </Object>
  <Object name="Object27">
    <AbsoluteLocation value="12.567922 -0.774759"/>
    <Properties>
      <Property name="Angle" value="119.993"/>
      <Property name="Filename" value="/Objects/jagged_medium.hs"/>
    </Properties>
  </Object>
  <Object name="Object29">
    <AbsoluteLocation value="-13.370052 -1.316742"/>
    <Properties>
      <Property name="Angle" value="-77.8536"/>
      <Property name="Filename" value="/Objects/jagged_small.hs"/>
    </Properties>
  </Object>
  <Object name="Object38">
    <AbsoluteLocation value="9.406673 -8.635591"/>
    <Properties>
      <Property name="Angle" value="34.5179"/>
      <Property name="Filename" value="/Objects/jagged_large.hs"/>
    </Properties>
  </Object>
  <Object name="Object35">
    <AbsoluteLocation value="10.280761 1.063524"/>
    <Properties>
      <Property name="Angle" value="-87.5225"/>
      <Property name="Filename" value="/Objects/jagged_overlay.hs"/>
    </Properties>
  </Object>
  <Object name="Object37">
    <AbsoluteLocation value="-10.433579 -14.432697"/>
    <Properties>
      <Property name="Angle" value="-87.5225"/>
      <Property name="Filename" value="/Objects/jagged_overlay.hs"/>
    </Properties>
  </Object>
  <Object name="Object30">
    <AbsoluteLocation value="31.143610 -35.740433"/>
    <Properties>
      <Property name="Angle" value="-87.4732"/>
      <Property name="Filename" value="/Objects/pipe_straight_long.hs"/>
    </Properties>
  </Object>
  <Object name="Object39">
    <AbsoluteLocation value="30.920147 -41.982674"/>
    <Properties>
      <Property name="Angle" value="107.809"/>
      <Property name="Filename" value="/Objects/pipe_connector_90.hs"/>
    </Properties>
  </Object>
  <Object name="WaterBalloon2">
    <AbsoluteLocation value="-26.107237 31.970318"/>
    <Properties>
      <Property name="Angle" value="0"/>
      <Property name="Filename" value="/Objects/balloon.hs"/>
      <Property name="InitialParticles" value="water 50 contaminatedwater 0 steam 0"/>
      <Property name="Type" value="waterballoon"/>
    </Properties>
  </Object>
  <Object name="Ducky24">
    <AbsoluteLocation value="-27.831251 7.315624"/>
    <Properties>
      <Property name="Angle" value="0"/>
      <Property name="CutsRock" value="1"/>
      <Property name="Filename" value="/Objects/star_teleport.hs"/>
      <Property name="StarType" value="teleport"/>
      <Property name="TeleportMoveTime" value="2"/>
      <Property name="Type" value="star"/>
    </Properties>
  </Object>
  <Object name="Ducky25">
    <AbsoluteLocation value="-24.312500 -2.031250"/>
    <Properties>
      <Property name="Angle" value="0"/>
      <Property name="CutsRock" value="1"/>
      <Property name="Filename" value="/Objects/star_teleport.hs"/>
      <Property name="StarType" value="teleport"/>
      <Property name="TeleportMoveTime" value="2"/>
      <Property name="Type" value="star"/>
    </Properties>
  </Object>
  <Object name="Ducky26">
    <AbsoluteLocation value="-17.171875 8.687500"/>
    <Properties>
      <Property name="Angle" value="0"/>
      <Property name="CutsRock" value="1"/>
      <Property name="Filename" value="/Objects/star_teleport.hs"/>
      <Property name="StarType" value="teleport"/>
      <Property name="TeleportMoveTime" value="2"/>
      <Property name="Type" value="star"/>
    </Properties>
  </Object>
  <Room>
    <AbsoluteLocation value="-20.399998 -34.000000"/>
  </Room>
</Objects>
