<?xml version="1.0"?>
<Objects>
  <Object name="Object8">
    <AbsoluteLocation value="-2.786148 -1.983334"/>
    <Properties>
      <Property name="Angle" value="147.928"/>
      <Property name="Filename" value="/Objects/pipe_elbow_1.hs"/>
    </Properties>
  </Object>
  <Object name="Fan3">
    <AbsoluteLocation value="-10.331247 -43.931252"/>
    <Properties>
      <Property name="Angle" value="0"/>
      <Property name="Filename" value="/Objects/fan_16x8.hs"/>
      <Property name="Type" value="fan"/>
      <Property name="VacuumForce" value="50"/>
      <Property name="VacuumMaxAngle" value="0"/>
      <Property name="VacuumMaxD" value="90"/>
      <Property name="VacuumMaxForce" value="40"/>
      <Property name="VacuumMinAngle" value="0"/>
      <Property name="VacuumOn" value="1"/>
    </Properties>
  </Object>
  <Object name="Ducky4">
    <AbsoluteLocation value="-24.903742 -27.146282"/>
    <Properties>
      <Property name="Angle" value="0"/>
      <Property name="Filename" value="/Objects/star.hs"/>
      <Property name="Type" value="star"/>
    </Properties>
  </Object>
  <Object name="Ducky5">
    <AbsoluteLocation value="6.368981 36.083221"/>
    <Properties>
      <Property name="Angle" value="0"/>
      <Property name="Filename" value="/Objects/star.hs"/>
      <Property name="Type" value="star"/>
    </Properties>
  </Object>
  <Object name="Ducky6">
    <AbsoluteLocation value="12.178738 -33.536713"/>
    <Properties>
      <Property name="Angle" value="0"/>
      <Property name="Filename" value="/Objects/star.hs"/>
      <Property name="Type" value="star"/>
    </Properties>
  </Object>
  <Object name="Object7">
    <AbsoluteLocation value="-1.250754 -3.489201"/>
    <Properties>
      <Property name="Angle" value="-24.7082"/>
      <Property name="Filename" value="/Objects/pipe_connector_end.hs"/>
    </Properties>
  </Object>
  <Object name="Object9">
    <AbsoluteLocation value="-1.014541 2.032306"/>
    <Properties>
      <Property name="Angle" value="57.2274"/>
      <Property name="Filename" value="/Objects/pipe_straight.hs"/>
    </Properties>
  </Object>
  <Object name="Spout2">
    <AbsoluteLocation value="1.218750 5.437500"/>
    <Properties>
      <Property name="Angle" value="-31.6687"/>
      <Property name="ConnectedSpout0" value="SWAMPY_SPOUT"/>
      <Property name="ConnectedSpoutProbability0" value="1"/>
      <Property name="Filename" value="/Objects/broken_pipe.hs"/>
      <Property name="Type" value="spout"/>
    </Properties>
  </Object>
  <Object name="Ducky10">
    <AbsoluteLocation value="-20.859375 20.390625"/>
    <Properties>
      <Property name="Angle" value="0"/>
      <Property name="Filename" value="/Objects/star_mega.hs"/>
      <Property name="StarType" value="mega"/>
      <Property name="Type" value="star"/>
    </Properties>
  </Object>
  <Room>
    <AbsoluteLocation value="11.600002 -9.200003"/>
  </Room>
</Objects>
