<?xml version="1.0"?>
<Objects>
  <Object name="Object92">
    <AbsoluteLocation value="-30.741955 6.577808"/>
    <Properties>
      <Property name="Angle" value="-272.663"/>
      <Property name="Filename" value="/Objects/pipe_straight_short.hs"/>
    </Properties>
  </Object>
  <Object name="Object90">
    <AbsoluteLocation value="22.031250 21.656250"/>
    <Properties>
      <Property name="Angle" value="10.3138"/>
      <Property name="Filename" value="/Objects/pipe_elbow_1.hs"/>
    </Properties>
  </Object>
  <Object name="Object75">
    <AbsoluteLocation value="13.585705 36.547192"/>
    <Properties>
      <Property name="Angle" value="-86.3076"/>
      <Property name="Filename" value="/Objects/pipe_straight.hs"/>
    </Properties>
  </Object>
  <Object name="Object87">
    <AbsoluteLocation value="11.187500 41.406250"/>
    <Properties>
      <Property name="Angle" value="54.9472"/>
      <Property name="Filename" value="/Objects/pipe_elbow_1.hs"/>
    </Properties>
  </Object>
  <Object name="Object79">
    <AbsoluteLocation value="6.679455 36.422192"/>
    <Properties>
      <Property name="Angle" value="-73.0543"/>
      <Property name="Filename" value="/Objects/pipe_straight.hs"/>
    </Properties>
  </Object>
  <Object name="Object70">
    <AbsoluteLocation value="-3.383045 23.047192"/>
    <Properties>
      <Property name="Angle" value="51.9927"/>
      <Property name="Filename" value="/Objects/pipe_straight.hs"/>
    </Properties>
  </Object>
  <Object name="Object65">
    <AbsoluteLocation value="-30.508045 -18.546558"/>
    <Properties>
      <Property name="Angle" value="101.768"/>
      <Property name="Filename" value="/Objects/pipe_straight.hs"/>
    </Properties>
  </Object>
  <Object name="Object64">
    <AbsoluteLocation value="-6.398205 -11.203442"/>
    <Properties>
      <Property name="Angle" value="-238.402"/>
      <Property name="Filename" value="/Objects/pipe_straight_short.hs"/>
    </Properties>
  </Object>
  <Object name="Object63">
    <AbsoluteLocation value="12.289294 -11.422192"/>
    <Properties>
      <Property name="Angle" value="-299.446"/>
      <Property name="Filename" value="/Objects/pipe_straight_short.hs"/>
    </Properties>
  </Object>
  <Object name="Object62">
    <AbsoluteLocation value="0.476794 -16.765942"/>
    <Properties>
      <Property name="Angle" value="-193.102"/>
      <Property name="Filename" value="/Objects/pipe_straight_short.hs"/>
    </Properties>
  </Object>
  <Object name="Object59">
    <AbsoluteLocation value="5.383044 -16.797192"/>
    <Properties>
      <Property name="Angle" value="-340.554"/>
      <Property name="Filename" value="/Objects/pipe_straight_short.hs"/>
    </Properties>
  </Object>
  <Object name="Object58">
    <AbsoluteLocation value="-0.523206 -6.578442"/>
    <Properties>
      <Property name="Angle" value="-269.987"/>
      <Property name="Filename" value="/Objects/pipe_straight_short.hs"/>
    </Properties>
  </Object>
  <Object name="Object57">
    <AbsoluteLocation value="2.133044 -5.859692"/>
    <Properties>
      <Property name="Angle" value="-261.566"/>
      <Property name="Filename" value="/Objects/pipe_straight_short.hs"/>
    </Properties>
  </Object>
  <Object name="Object56">
    <AbsoluteLocation value="4.320544 -6.078442"/>
    <Properties>
      <Property name="Angle" value="-279.788"/>
      <Property name="Filename" value="/Objects/pipe_straight_short.hs"/>
    </Properties>
  </Object>
  <Object name="Object55">
    <AbsoluteLocation value="6.976794 -6.953442"/>
    <Properties>
      <Property name="Angle" value="-273.156"/>
      <Property name="Filename" value="/Objects/pipe_straight_short.hs"/>
    </Properties>
  </Object>
  <Object name="Object50">
    <AbsoluteLocation value="5.039294 -15.140941"/>
    <Properties>
      <Property name="Angle" value="-316.246"/>
      <Property name="Filename" value="/Objects/pipe_straight_short.hs"/>
    </Properties>
  </Object>
  <Object name="Object53">
    <AbsoluteLocation value="1.281250 -15.156250"/>
    <Properties>
      <Property name="Angle" value="-234.039"/>
      <Property name="Filename" value="/Objects/pipe_straight_short.hs"/>
    </Properties>
  </Object>
  <Object name="Object52">
    <AbsoluteLocation value="2.531250 -14.437500"/>
    <Properties>
      <Property name="Angle" value="-260.699"/>
      <Property name="Filename" value="/Objects/pipe_straight_short.hs"/>
    </Properties>
  </Object>
  <Object name="Object51">
    <AbsoluteLocation value="3.781250 -14.468750"/>
    <Properties>
      <Property name="Angle" value="-285.092"/>
      <Property name="Filename" value="/Objects/pipe_straight_short.hs"/>
    </Properties>
  </Object>
  <Object name="Object49">
    <AbsoluteLocation value="4.093750 -10.187500"/>
    <Properties>
      <Property name="Angle" value="89.2483"/>
      <Property name="Filename" value="/Objects/pipe_straight.hs"/>
    </Properties>
  </Object>
  <Object name="Object47">
    <AbsoluteLocation value="-0.062500 -10.906250"/>
    <Properties>
      <Property name="Angle" value="98.3333"/>
      <Property name="Filename" value="/Objects/pipe_straight.hs"/>
    </Properties>
  </Object>
  <Object name="Object48">
    <AbsoluteLocation value="2.343750 -10.218750"/>
    <Properties>
      <Property name="Angle" value="90.7359"/>
      <Property name="Filename" value="/Objects/pipe_straight.hs"/>
    </Properties>
  </Object>
  <Object name="Object29">
    <AbsoluteLocation value="1.687500 -19.125000"/>
    <Properties>
      <Property name="Angle" value="-305.302"/>
      <Property name="Filename" value="/Objects/pipe_straight_short.hs"/>
    </Properties>
  </Object>
  <Object name="Object31">
    <AbsoluteLocation value="4.531250 -19.343750"/>
    <Properties>
      <Property name="Angle" value="-228.01"/>
      <Property name="Filename" value="/Objects/pipe_straight_short.hs"/>
    </Properties>
  </Object>
  <Object name="Object30">
    <AbsoluteLocation value="2.968750 -19.937500"/>
    <Properties>
      <Property name="Angle" value="-269.589"/>
      <Property name="Filename" value="/Objects/pipe_straight_short.hs"/>
    </Properties>
  </Object>
  <Object name="Spout2">
    <AbsoluteLocation value="-0.318249 -22.260292"/>
    <Properties>
      <Property name="Angle" value="-211.966"/>
      <Property name="ConnectedSpout0" value="Spout9"/>
      <Property name="ConnectedSpout1" value="Spout4"/>
      <Property name="ConnectedSpout2" value="Spout5"/>
      <Property name="ConnectedSpout3" value="Spout6"/>
      <Property name="ConnectedSpout4" value="Spout7"/>
      <Property name="ConnectedSpout5" value="Spout8"/>
      <Property name="ConnectedSpoutProbability0" value="0.166667"/>
      <Property name="ConnectedSpoutProbability1" value="0.166667"/>
      <Property name="ConnectedSpoutProbability2" value="0.166667"/>
      <Property name="ConnectedSpoutProbability3" value="0.166667"/>
      <Property name="ConnectedSpoutProbability4" value="0.166667"/>
      <Property name="ConnectedSpoutProbability5" value="0.166667"/>
      <Property name="Filename" value="/Objects/basic_drain.hs"/>
      <Property name="Type" value="spout"/>
    </Properties>
  </Object>
  <Object name="Spout3">
    <AbsoluteLocation value="7.312500 31.781250"/>
    <Properties>
      <Property name="Angle" value="-180.316"/>
      <Property name="ConnectedSpout0" value="SWAMPY_SPOUT"/>
      <Property name="ConnectedSpoutProbability0" value="1"/>
      <Property name="Filename" value="/Objects/broken_pipe_allie.hs"/>
      <Property name="Type" value="spout"/>
    </Properties>
  </Object>
  <Object name="Spout4">
    <AbsoluteLocation value="-1.559997 -4.722122"/>
    <Properties>
      <Property name="Angle" value="135.032"/>
      <Property name="Filename" value="/Objects/shower_head.hs"/>
      <Property name="FluidType" value="Water"/>
      <Property name="NumberParticles" value="0"/>
      <Property name="Type" value="spout"/>
    </Properties>
  </Object>
  <Object name="Spout5">
    <AbsoluteLocation value="1.677914 -3.354429"/>
    <Properties>
      <Property name="Angle" value="100.355"/>
      <Property name="Filename" value="/Objects/shower_head.hs"/>
      <Property name="FluidType" value="Water"/>
      <Property name="NumberParticles" value="0"/>
      <Property name="Type" value="spout"/>
    </Properties>
  </Object>
  <Object name="Spout6">
    <AbsoluteLocation value="5.210274 -3.294043"/>
    <Properties>
      <Property name="Angle" value="74.5399"/>
      <Property name="Filename" value="/Objects/shower_head.hs"/>
      <Property name="FluidType" value="Water"/>
      <Property name="NumberParticles" value="0"/>
      <Property name="Type" value="spout"/>
    </Properties>
  </Object>
  <Object name="Spout7">
    <AbsoluteLocation value="8.099629 -5.115215"/>
    <Properties>
      <Property name="Angle" value="46.6269"/>
      <Property name="Filename" value="/Objects/shower_head.hs"/>
      <Property name="FluidType" value="Water"/>
      <Property name="NumberParticles" value="0"/>
      <Property name="Type" value="spout"/>
    </Properties>
  </Object>
  <Object name="Spout8">
    <AbsoluteLocation value="13.731894 -8.979696"/>
    <Properties>
      <Property name="Angle" value="55.5287"/>
      <Property name="Filename" value="/Objects/shower_head.hs"/>
      <Property name="FluidType" value="Water"/>
      <Property name="NumberParticles" value="0"/>
      <Property name="Type" value="spout"/>
    </Properties>
  </Object>
  <Object name="Spout9">
    <AbsoluteLocation value="-7.296753 -9.488190"/>
    <Properties>
      <Property name="Angle" value="126.157"/>
      <Property name="Filename" value="/Objects/shower_head.hs"/>
      <Property name="FluidType" value="Water"/>
      <Property name="NumberParticles" value="0"/>
      <Property name="Type" value="spout"/>
    </Properties>
  </Object>
  <Object name="Spout10">
    <AbsoluteLocation value="3.109638 -23.214607"/>
    <Properties>
      <Property name="Angle" value="-181.211"/>
      <Property name="ConnectedSpout0" value="Spout9"/>
      <Property name="ConnectedSpout1" value="Spout4"/>
      <Property name="ConnectedSpout2" value="Spout5"/>
      <Property name="ConnectedSpout3" value="Spout6"/>
      <Property name="ConnectedSpout4" value="Spout7"/>
      <Property name="ConnectedSpout5" value="Spout8"/>
      <Property name="ConnectedSpoutProbability0" value="0.166667"/>
      <Property name="ConnectedSpoutProbability1" value="0.166667"/>
      <Property name="ConnectedSpoutProbability2" value="0.166667"/>
      <Property name="ConnectedSpoutProbability3" value="0.166667"/>
      <Property name="ConnectedSpoutProbability4" value="0.166667"/>
      <Property name="ConnectedSpoutProbability5" value="0.166667"/>
      <Property name="Filename" value="/Objects/basic_drain.hs"/>
      <Property name="Type" value="spout"/>
    </Properties>
  </Object>
  <Object name="Spout11">
    <AbsoluteLocation value="6.633926 -22.311974"/>
    <Properties>
      <Property name="Angle" value="-152.618"/>
      <Property name="ConnectedSpout0" value="Spout9"/>
      <Property name="ConnectedSpoutProbability0" value="1"/>
      <Property name="Filename" value="/Objects/basic_drain.hs"/>
      <Property name="Type" value="spout"/>
    </Properties>
  </Object>
  <Object name="Spout12">
    <AbsoluteLocation value="-28.944527 -22.290680"/>
    <Properties>
      <Property name="Angle" value="-146.849"/>
      <Property name="ConnectedSpout0" value="Spout14"/>
      <Property name="ConnectedSpoutProbability0" value="1"/>
      <Property name="Filename" value="/Objects/basic_drain.hs"/>
      <Property name="Type" value="spout"/>
    </Properties>
  </Object>
  <Object name="Spout14">
    <AbsoluteLocation value="-29.156250 7.875000"/>
    <Properties>
      <Property name="Angle" value="23.1203"/>
      <Property name="Filename" value="/Objects/shower_head.hs"/>
      <Property name="FluidType" value="Water"/>
      <Property name="NumberParticles" value="0"/>
      <Property name="ParticleSpeed" value="60"/>
      <Property name="Type" value="spout"/>
    </Properties>
  </Object>
  <Object name="Spout15">
    <AbsoluteLocation value="-6.569527 18.709320"/>
    <Properties>
      <Property name="Angle" value="-213.489"/>
      <Property name="ConnectedSpout0" value="Spout16"/>
      <Property name="ConnectedSpoutProbability0" value="1"/>
      <Property name="Filename" value="/Objects/basic_drain.hs"/>
      <Property name="Type" value="spout"/>
    </Properties>
  </Object>
  <Object name="Spout16">
    <AbsoluteLocation value="23.781250 19.156250"/>
    <Properties>
      <Property name="Angle" value="-62.9854"/>
      <Property name="Filename" value="/Objects/shower_head.hs"/>
      <Property name="FluidType" value="Water"/>
      <Property name="NumberParticles" value="0"/>
      <Property name="ParticleSpeed" value="75"/>
      <Property name="Type" value="spout"/>
    </Properties>
  </Object>
  <Object name="Ducky18">
    <AbsoluteLocation value="-26.625000 -11.062500"/>
    <Properties>
      <Property name="Angle" value="0"/>
      <Property name="Filename" value="/Objects/star_steam_allie.hs"/>
      <Property name="StarType" value="allie"/>
      <Property name="Type" value="star"/>
    </Properties>
  </Object>
  <Object name="Ducky19">
    <AbsoluteLocation value="-9.312500 -1.375000"/>
    <Properties>
      <Property name="Angle" value="0"/>
      <Property name="Filename" value="/Objects/star_steam_allie.hs"/>
      <Property name="StarType" value="allie"/>
      <Property name="Type" value="star"/>
    </Properties>
  </Object>
  <Object name="Ducky20">
    <AbsoluteLocation value="25.625000 -11.281250"/>
    <Properties>
      <Property name="Angle" value="0"/>
      <Property name="Filename" value="/Objects/star_steam_allie.hs"/>
      <Property name="StarType" value="allie"/>
      <Property name="Type" value="star"/>
    </Properties>
  </Object>
  <Object name="Object40">
    <AbsoluteLocation value="2.156125 -17.132835"/>
    <Properties>
      <Property name="Angle" value="90.6113"/>
      <Property name="Filename" value="/Objects/pipe_spout_base.hs"/>
    </Properties>
  </Object>
  <Object name="Object41">
    <AbsoluteLocation value="3.625125 -17.148415"/>
    <Properties>
      <Property name="Angle" value="-88.8929"/>
      <Property name="Filename" value="/Objects/pipe_spout_base.hs"/>
    </Properties>
  </Object>
  <Object name="Object54">
    <AbsoluteLocation value="6.366956 -11.265309"/>
    <Properties>
      <Property name="Angle" value="79.8234"/>
      <Property name="Filename" value="/Objects/pipe_straight.hs"/>
    </Properties>
  </Object>
  <Object name="Object60">
    <AbsoluteLocation value="9.054456 -14.515308"/>
    <Properties>
      <Property name="Angle" value="36.7726"/>
      <Property name="Filename" value="/Objects/pipe_straight.hs"/>
    </Properties>
  </Object>
  <Object name="Object61">
    <AbsoluteLocation value="-3.258044 -14.390308"/>
    <Properties>
      <Property name="Angle" value="139.878"/>
      <Property name="Filename" value="/Objects/pipe_straight.hs"/>
    </Properties>
  </Object>
  <Object name="Object66">
    <AbsoluteLocation value="-31.285675 -12.322956"/>
    <Properties>
      <Property name="Angle" value="91.7199"/>
      <Property name="Filename" value="/Objects/pipe_straight.hs"/>
    </Properties>
  </Object>
  <Object name="Object67">
    <AbsoluteLocation value="-31.223976 -6.202872"/>
    <Properties>
      <Property name="Angle" value="87.8949"/>
      <Property name="Filename" value="/Objects/pipe_straight.hs"/>
    </Properties>
  </Object>
  <Object name="Object68">
    <AbsoluteLocation value="-30.983234 -0.176348"/>
    <Properties>
      <Property name="Angle" value="87.8949"/>
      <Property name="Filename" value="/Objects/pipe_straight.hs"/>
    </Properties>
  </Object>
  <Object name="Object71">
    <AbsoluteLocation value="0.241955 27.953442"/>
    <Properties>
      <Property name="Angle" value="54.4552"/>
      <Property name="Filename" value="/Objects/pipe_straight.hs"/>
    </Properties>
  </Object>
  <Object name="Object76">
    <AbsoluteLocation value="14.773205 30.859692"/>
    <Properties>
      <Property name="Angle" value="-71.1711"/>
      <Property name="Filename" value="/Objects/pipe_straight.hs"/>
    </Properties>
  </Object>
  <Object name="Object77">
    <AbsoluteLocation value="17.460705 25.734692"/>
    <Properties>
      <Property name="Angle" value="-53.5808"/>
      <Property name="Filename" value="/Objects/pipe_straight.hs"/>
    </Properties>
  </Object>
  <Object name="Object81">
    <AbsoluteLocation value="4.750000 39.968750"/>
    <Properties>
      <Property name="Angle" value="22.3616"/>
      <Property name="Filename" value="/Objects/pipe_elbow_1.hs"/>
    </Properties>
  </Object>
  <Object name="Object82">
    <AbsoluteLocation value="0.804455 39.015942"/>
    <Properties>
      <Property name="Angle" value="22.9903"/>
      <Property name="Filename" value="/Objects/pipe_straight.hs"/>
    </Properties>
  </Object>
  <Object name="Object83">
    <AbsoluteLocation value="-1.937375 38.007835"/>
    <Properties>
      <Property name="Angle" value="-67.2202"/>
      <Property name="Filename" value="/Objects/pipe_spout_base.hs"/>
    </Properties>
  </Object>
  <Object name="Object85">
    <AbsoluteLocation value="2.883045 31.640308"/>
    <Properties>
      <Property name="Angle" value="-304.733"/>
      <Property name="Filename" value="/Objects/pipe_straight_short.hs"/>
    </Properties>
  </Object>
  <Object name="Object84">
    <AbsoluteLocation value="4.406250 33.843750"/>
    <Properties>
      <Property name="Angle" value="54.8753"/>
      <Property name="Filename" value="/Objects/pipe_into_wall_1.hs"/>
    </Properties>
  </Object>
  <Object name="Object86">
    <AbsoluteLocation value="9.000000 39.562500"/>
    <Properties>
      <Property name="Angle" value="-127.094"/>
      <Property name="Filename" value="/Objects/pipe_into_wall_2.hs"/>
    </Properties>
  </Object>
  <Object name="Object88">
    <AbsoluteLocation value="13.218750 40.312500"/>
    <Properties>
      <Property name="Angle" value="-38.7204"/>
      <Property name="Filename" value="/Objects/pipe_bend_2.hs"/>
    </Properties>
  </Object>
  <Object name="Object89">
    <AbsoluteLocation value="19.781250 22.687500"/>
    <Properties>
      <Property name="Angle" value="-188.068"/>
      <Property name="Filename" value="/Objects/pipe_bend_1.hs"/>
    </Properties>
  </Object>
  <Object name="Object91">
    <AbsoluteLocation value="-30.804455 4.390308"/>
    <Properties>
      <Property name="Angle" value="-272.663"/>
      <Property name="Filename" value="/Objects/pipe_straight_short.hs"/>
    </Properties>
  </Object>
  <Room>
    <AbsoluteLocation value="-14.399998 32.799995"/>
  </Room>
</Objects>
