<?xml version="1.0"?>
<Objects>
  <Object name="Object25">
    <AbsoluteLocation value="8.187500 29.875000"/>
    <Properties>
      <Property name="Angle" value="95.1296"/>
      <Property name="Filename" value="/Objects/pipe_straight.hs"/>
    </Properties>
  </Object>
  <Object name="Object23">
    <AbsoluteLocation value="0.718750 34.625000"/>
    <Properties>
      <Property name="Angle" value="17.6215"/>
      <Property name="Filename" value="/Objects/pipe_straight.hs"/>
    </Properties>
  </Object>
  <Object name="Object22">
    <AbsoluteLocation value="-1.687500 -48.375000"/>
    <Properties>
      <Property name="Angle" value="89.0779"/>
      <Property name="Filename" value="/Objects/pipe_straight.hs"/>
    </Properties>
  </Object>
  <Object name="Switch2">
    <AbsoluteLocation value="17.906250 7.500000"/>
    <Properties>
      <Property name="Angle" value="100.411"/>
      <Property name="ConnectedObject0" value="Object4"/>
      <Property name="Filename" value="/Objects/switch_momentary.hs"/>
      <Property name="Type" value="switch"/>
    </Properties>
  </Object>
  <Object name="Object4">
    <AbsoluteLocation value="-17.062500 -38.812500"/>
    <Properties>
      <Property name="Angle" value="0"/>
      <Property name="Filename" value="/Objects/wall_16x8.hs"/>
      <Property name="GravityScale" value="4"/>
      <Property name="MotorMoveSpeed" value="30"/>
      <Property name="MotorOn" value="0"/>
      <Property name="PathPos0" value="0 0"/>
      <Property name="PathPos1" value="15 5"/>
    </Properties>
  </Object>
  <Object name="Spout5">
    <AbsoluteLocation value="7.968750 25.218750"/>
    <Properties>
      <Property name="Angle" value="-196.044"/>
      <Property name="ConnectedSpout0" value="SWAMPY_SPOUT"/>
      <Property name="ConnectedSpoutProbability0" value="1"/>
      <Property name="Filename" value="/Objects/broken_pipe_allie.hs"/>
      <Property name="Type" value="spout"/>
    </Properties>
  </Object>
  <Object name="Spout6">
    <AbsoluteLocation value="-1.687500 -41.343750"/>
    <Properties>
      <Property name="Angle" value="89.786"/>
      <Property name="Filename" value="/Objects/touch_spout_steam.hs"/>
      <Property name="FluidType" value="Steam"/>
      <Property name="Type" value="spout"/>
    </Properties>
  </Object>
  <Object name="Object6">
    <AbsoluteLocation value="24.281250 3.468750"/>
    <Properties>
      <Property name="Angle" value="0"/>
      <Property name="Filename" value="/Objects/wall_8x8_locking.hs"/>
      <Property name="PathPos0" value="0 0"/>
      <Property name="PathPos1" value="5 0"/>
    </Properties>
  </Object>
  <Object name="Object8">
    <AbsoluteLocation value="10.968750 17.625000"/>
    <Properties>
      <Property name="Angle" value="-179.776"/>
      <Property name="Filename" value="/Objects/wall_24x8_pivot_blue.hs"/>
      <Property name="MotorMoveSpeed" value="15"/>
      <Property name="MotorOn" value="0"/>
      <Property name="PathPos0" value="0 0"/>
      <Property name="PathPos1" value="17 0"/>
    </Properties>
  </Object>
  <Object name="Ducky10">
    <AbsoluteLocation value="-7.781250 4.968750"/>
    <Properties>
      <Property name="Angle" value="0"/>
      <Property name="Filename" value="/Objects/star_steam_allie.hs"/>
      <Property name="StarType" value="allie"/>
      <Property name="Type" value="star"/>
    </Properties>
  </Object>
  <Object name="Ducky11">
    <AbsoluteLocation value="6.718750 -2.593750"/>
    <Properties>
      <Property name="Angle" value="0"/>
      <Property name="Filename" value="/Objects/star_steam_allie.hs"/>
      <Property name="StarType" value="allie"/>
      <Property name="Type" value="star"/>
    </Properties>
  </Object>
  <Object name="Ducky12">
    <AbsoluteLocation value="-11.031250 -15.125000"/>
    <Properties>
      <Property name="Angle" value="0"/>
      <Property name="Filename" value="/Objects/star_steam_allie.hs"/>
      <Property name="StarType" value="allie"/>
      <Property name="Type" value="star"/>
    </Properties>
  </Object>
  <Object name="Switch12">
    <AbsoluteLocation value="-22.875000 0.281250"/>
    <Properties>
      <Property name="Angle" value="-125.576"/>
      <Property name="ConnectedObject0" value="Object8"/>
      <Property name="Filename" value="/Objects/switch_fan3.hs"/>
      <Property name="Type" value="switch"/>
    </Properties>
  </Object>
  <Object name="Object12">
    <AbsoluteLocation value="18.224102 17.625000"/>
    <Properties>
      <Property name="Angle" value="0"/>
      <Property name="Filename" value="/Objects/path_smooth_end_right.hs"/>
    </Properties>
  </Object>
  <Object name="Object13">
    <AbsoluteLocation value="3.562500 17.625000"/>
    <Properties>
      <Property name="Angle" value="0"/>
      <Property name="Filename" value="/Objects/path_smooth_end.hs"/>
    </Properties>
  </Object>
  <Object name="Object14">
    <AbsoluteLocation value="8.449700 17.625000"/>
    <Properties>
      <Property name="Angle" value="0"/>
      <Property name="Filename" value="/Objects/path_smooth_mid.hs"/>
    </Properties>
  </Object>
  <Object name="Object15">
    <AbsoluteLocation value="13.336901 17.625000"/>
    <Properties>
      <Property name="Angle" value="0"/>
      <Property name="Filename" value="/Objects/path_smooth_mid.hs"/>
    </Properties>
  </Object>
  <Object name="Object16">
    <AbsoluteLocation value="27.005352 2.656250"/>
    <Properties>
      <Property name="Angle" value="0"/>
      <Property name="Filename" value="/Objects/path_smooth_end_right.hs"/>
    </Properties>
  </Object>
  <Object name="Object17">
    <AbsoluteLocation value="26.125000 2.656250"/>
    <Properties>
      <Property name="Angle" value="0"/>
      <Property name="Filename" value="/Objects/path_smooth_end.hs"/>
    </Properties>
  </Object>
  <Object name="Object18">
    <AbsoluteLocation value="-4.540136 -34.374016"/>
    <Properties>
      <Property name="Angle" value="33.1327"/>
      <Property name="Filename" value="/Objects/path_smooth_end_right.hs"/>
    </Properties>
  </Object>
  <Object name="Object19">
    <AbsoluteLocation value="-8.632713 -37.045261"/>
    <Properties>
      <Property name="Angle" value="33.1327"/>
      <Property name="Filename" value="/Objects/path_smooth_mid.hs"/>
    </Properties>
  </Object>
  <Object name="Object20">
    <AbsoluteLocation value="-11.610342 -39.065529"/>
    <Properties>
      <Property name="Angle" value="33.1327"/>
      <Property name="Filename" value="/Objects/path_smooth_end.hs"/>
    </Properties>
  </Object>
  <Object name="Object21">
    <AbsoluteLocation value="-2.437500 33.656250"/>
    <Properties>
      <Property name="Angle" value="-69.7555"/>
      <Property name="Filename" value="/Objects/pipe_spout_base.hs"/>
    </Properties>
  </Object>
  <Object name="Object24">
    <AbsoluteLocation value="6.000000 34.781250"/>
    <Properties>
      <Property name="Angle" value="-170.885"/>
      <Property name="Filename" value="/Objects/pipe_connector_90.hs"/>
    </Properties>
  </Object>
  <Room>
    <AbsoluteLocation value="-15.999998 28.799997"/>
  </Room>
</Objects>
