<?xml version="1.0"?>
<Objects>
  <Object name="Object47">
    <AbsoluteLocation value="9.187500 11.062500"/>
    <Properties>
      <Property name="Angle" value="5.23481"/>
      <Property name="Filename" value="/Objects/pipe_straight_short.hs"/>
    </Properties>
  </Object>
  <Object name="Object45">
    <AbsoluteLocation value="10.236200 10.463100"/>
    <Properties>
      <Property name="Angle" value="4.44932"/>
      <Property name="Filename" value="/Objects/pipe_elbow_1.hs"/>
    </Properties>
  </Object>
  <Object name="Object41">
    <AbsoluteLocation value="-10.031250 8.718750"/>
    <Properties>
      <Property name="Angle" value="8.22812"/>
      <Property name="Filename" value="/Objects/pipe_straight.hs"/>
    </Properties>
  </Object>
  <Object name="Object40">
    <AbsoluteLocation value="-15.531250 8.031250"/>
    <Properties>
      <Property name="Angle" value="5.8538"/>
      <Property name="Filename" value="/Objects/pipe_straight.hs"/>
    </Properties>
  </Object>
  <Object name="Object38">
    <AbsoluteLocation value="-28.855122 9.001192"/>
    <Properties>
      <Property name="Angle" value="-195.551"/>
      <Property name="Filename" value="/Objects/pipe_elbow_2.hs"/>
    </Properties>
  </Object>
  <Object name="Object37">
    <AbsoluteLocation value="-17.062500 23.812500"/>
    <Properties>
      <Property name="Angle" value="137.076"/>
      <Property name="Filename" value="/Objects/pipe_straight.hs"/>
    </Properties>
  </Object>
  <Object name="Object30">
    <AbsoluteLocation value="-15.593750 -7.187500"/>
    <Properties>
      <Property name="Angle" value="89.0526"/>
      <Property name="Filename" value="/Objects/pipe_straight.hs"/>
    </Properties>
  </Object>
  <Object name="Object29">
    <AbsoluteLocation value="-3.701300 0.869350"/>
    <Properties>
      <Property name="Angle" value="24.9785"/>
      <Property name="Filename" value="/Objects/pipe_elbow_1.hs"/>
    </Properties>
  </Object>
  <Object name="Object24">
    <AbsoluteLocation value="-22.636372 -8.280058"/>
    <Properties>
      <Property name="Angle" value="-157.666"/>
      <Property name="Filename" value="/Objects/pipe_elbow_2.hs"/>
    </Properties>
  </Object>
  <Object name="Object23">
    <AbsoluteLocation value="29.968750 21.031250"/>
    <Properties>
      <Property name="Angle" value="-79.7858"/>
      <Property name="Filename" value="/Objects/pipe_straight_short.hs"/>
    </Properties>
  </Object>
  <Object name="Object22">
    <AbsoluteLocation value="29.812500 22.031250"/>
    <Properties>
      <Property name="Angle" value="-79.7858"/>
      <Property name="Filename" value="/Objects/pipe_straight_short.hs"/>
    </Properties>
  </Object>
  <Object name="Spout4">
    <AbsoluteLocation value="29.625000 18.281250"/>
    <Properties>
      <Property name="Angle" value="-201.661"/>
      <Property name="ConnectedSpout0" value="SWAMPY_SPOUT"/>
      <Property name="ConnectedSpoutProbability0" value="1"/>
      <Property name="Filename" value="/Objects/broken_pipe_allie.hs"/>
      <Property name="Type" value="spout"/>
    </Properties>
  </Object>
  <Object name="Ducky3">
    <AbsoluteLocation value="-24.093750 -0.750000"/>
    <Properties>
      <Property name="Angle" value="0"/>
      <Property name="Filename" value="/Objects/star_steam_allie.hs"/>
      <Property name="StarType" value="allie"/>
      <Property name="Type" value="star"/>
    </Properties>
  </Object>
  <Object name="Ducky4">
    <AbsoluteLocation value="-23.187500 15.500000"/>
    <Properties>
      <Property name="Angle" value="0"/>
      <Property name="Filename" value="/Objects/star_steam_allie.hs"/>
      <Property name="StarType" value="allie"/>
      <Property name="Type" value="star"/>
    </Properties>
  </Object>
  <Object name="Ducky5">
    <AbsoluteLocation value="-24.156250 32.218750"/>
    <Properties>
      <Property name="Angle" value="0"/>
      <Property name="Filename" value="/Objects/star_steam_allie.hs"/>
      <Property name="StarType" value="allie"/>
      <Property name="Type" value="star"/>
    </Properties>
  </Object>
  <Object name="Object10">
    <AbsoluteLocation value="13.676129 20.844942"/>
    <Properties>
      <Property name="Angle" value="-122.044"/>
      <Property name="Filename" value="/Objects/pipe_elbow_2.hs"/>
    </Properties>
  </Object>
  <Object name="Object11">
    <AbsoluteLocation value="15.829950 21.931850"/>
    <Properties>
      <Property name="Angle" value="61.4226"/>
      <Property name="Filename" value="/Objects/pipe_elbow_1.hs"/>
    </Properties>
  </Object>
  <Object name="Object12">
    <AbsoluteLocation value="11.900169 21.285707"/>
    <Properties>
      <Property name="Angle" value="-125.544"/>
      <Property name="Filename" value="/Objects/pipe_spout_base.hs"/>
    </Properties>
  </Object>
  <Object name="Object13">
    <AbsoluteLocation value="18.894878 21.719940"/>
    <Properties>
      <Property name="Angle" value="-122.044"/>
      <Property name="Filename" value="/Objects/pipe_elbow_2.hs"/>
    </Properties>
  </Object>
  <Object name="Object14">
    <AbsoluteLocation value="21.423700 23.369354"/>
    <Properties>
      <Property name="Angle" value="61.4226"/>
      <Property name="Filename" value="/Objects/pipe_elbow_1.hs"/>
    </Properties>
  </Object>
  <Object name="Object15">
    <AbsoluteLocation value="27.017450 24.806854"/>
    <Properties>
      <Property name="Angle" value="61.4226"/>
      <Property name="Filename" value="/Objects/pipe_elbow_1.hs"/>
    </Properties>
  </Object>
  <Object name="Object16">
    <AbsoluteLocation value="24.488628 23.157440"/>
    <Properties>
      <Property name="Angle" value="-122.044"/>
      <Property name="Filename" value="/Objects/pipe_elbow_2.hs"/>
    </Properties>
  </Object>
  <Object name="Object20">
    <AbsoluteLocation value="29.250000 24.000000"/>
    <Properties>
      <Property name="Angle" value="-26.9546"/>
      <Property name="Filename" value="/Objects/pipe_bend_2.hs"/>
    </Properties>
  </Object>
  <Object name="Spout16">
    <AbsoluteLocation value="-15.187500 -12.468750"/>
    <Properties>
      <Property name="Angle" value="-166.406"/>
      <Property name="ConnectedSpout0" value="Spout19"/>
      <Property name="ConnectedSpoutProbability0" value="1"/>
      <Property name="Filename" value="/Objects/basic_drain.hs"/>
      <Property name="Type" value="spout"/>
    </Properties>
  </Object>
  <Object name="Spout17">
    <AbsoluteLocation value="-1.906250 -2.125000"/>
    <Properties>
      <Property name="Angle" value="-165.644"/>
      <Property name="ConnectedSpout0" value="Spout21"/>
      <Property name="ConnectedSpoutProbability0" value="1"/>
      <Property name="Filename" value="/Objects/basic_drain.hs"/>
      <Property name="Type" value="spout"/>
    </Properties>
  </Object>
  <Object name="Spout18">
    <AbsoluteLocation value="11.375000 7.656250"/>
    <Properties>
      <Property name="Angle" value="-174.759"/>
      <Property name="ConnectedSpout0" value="Spout20"/>
      <Property name="ConnectedSpoutProbability0" value="1"/>
      <Property name="Filename" value="/Objects/basic_drain.hs"/>
      <Property name="Type" value="spout"/>
    </Properties>
  </Object>
  <Object name="Spout19">
    <AbsoluteLocation value="-20.812500 27.656250"/>
    <Properties>
      <Property name="Angle" value="132.497"/>
      <Property name="Filename" value="/Objects/shower_head.hs"/>
      <Property name="FluidType" value="Water"/>
      <Property name="NumberParticles" value="0"/>
      <Property name="Type" value="spout"/>
    </Properties>
  </Object>
  <Object name="Spout20">
    <AbsoluteLocation value="-28.062500 11.562500"/>
    <Properties>
      <Property name="Angle" value="39.7511"/>
      <Property name="Filename" value="/Objects/shower_head.hs"/>
      <Property name="FluidType" value="Water"/>
      <Property name="NumberParticles" value="0"/>
      <Property name="Type" value="spout"/>
    </Properties>
  </Object>
  <Object name="Spout21">
    <AbsoluteLocation value="-23.781250 -5.750000"/>
    <Properties>
      <Property name="Angle" value="90.5746"/>
      <Property name="Filename" value="/Objects/shower_head.hs"/>
      <Property name="FluidType" value="Water"/>
      <Property name="NumberParticles" value="0"/>
      <Property name="Type" value="spout"/>
    </Properties>
  </Object>
  <Object name="Object25">
    <AbsoluteLocation value="-18.562500 -7.218750"/>
    <Properties>
      <Property name="Angle" value="24.3966"/>
      <Property name="Filename" value="/Objects/pipe_straight.hs"/>
    </Properties>
  </Object>
  <Object name="Object26">
    <AbsoluteLocation value="-12.968750 -4.375000"/>
    <Properties>
      <Property name="Angle" value="29.5132"/>
      <Property name="Filename" value="/Objects/pipe_straight.hs"/>
    </Properties>
  </Object>
  <Object name="Object27">
    <AbsoluteLocation value="-7.750000 -0.968750"/>
    <Properties>
      <Property name="Angle" value="36.5765"/>
      <Property name="Filename" value="/Objects/pipe_straight.hs"/>
    </Properties>
  </Object>
  <Object name="Object31">
    <AbsoluteLocation value="-14.968750 -1.062500"/>
    <Properties>
      <Property name="Angle" value="79.3855"/>
      <Property name="Filename" value="/Objects/pipe_straight.hs"/>
    </Properties>
  </Object>
  <Object name="Object32">
    <AbsoluteLocation value="-13.687500 5.062500"/>
    <Properties>
      <Property name="Angle" value="77.5414"/>
      <Property name="Filename" value="/Objects/pipe_straight.hs"/>
    </Properties>
  </Object>
  <Object name="Object33">
    <AbsoluteLocation value="-12.968750 11.093750"/>
    <Properties>
      <Property name="Angle" value="88.6722"/>
      <Property name="Filename" value="/Objects/pipe_straight.hs"/>
    </Properties>
  </Object>
  <Object name="Object34">
    <AbsoluteLocation value="-13.375000 17.312500"/>
    <Properties>
      <Property name="Angle" value="99.0429"/>
      <Property name="Filename" value="/Objects/pipe_straight.hs"/>
    </Properties>
  </Object>
  <Object name="Object36">
    <AbsoluteLocation value="-14.062500 20.812500"/>
    <Properties>
      <Property name="Angle" value="-32.8406"/>
      <Property name="Filename" value="/Objects/pipe_bend_1.hs"/>
    </Properties>
  </Object>
  <Object name="Object39">
    <AbsoluteLocation value="-21.687500 7.718750"/>
    <Properties>
      <Property name="Angle" value="-0.416678"/>
      <Property name="Filename" value="/Objects/pipe_straight.hs"/>
    </Properties>
  </Object>
  <Object name="Object42">
    <AbsoluteLocation value="-3.875000 9.406250"/>
    <Properties>
      <Property name="Angle" value="4.94151"/>
      <Property name="Filename" value="/Objects/pipe_straight.hs"/>
    </Properties>
  </Object>
  <Object name="Object43">
    <AbsoluteLocation value="2.281250 10.187500"/>
    <Properties>
      <Property name="Angle" value="9.68399"/>
      <Property name="Filename" value="/Objects/pipe_straight.hs"/>
    </Properties>
  </Object>
  <Object name="Object46">
    <AbsoluteLocation value="6.781250 10.843750"/>
    <Properties>
      <Property name="Angle" value="4.01416"/>
      <Property name="Filename" value="/Objects/pipe_straight_short.hs"/>
    </Properties>
  </Object>
  <Object name="Object48">
    <AbsoluteLocation value="-26.250000 7.875000"/>
    <Properties>
      <Property name="Angle" value="-4.18742"/>
      <Property name="Filename" value="/Objects/pipe_straight_short.hs"/>
    </Properties>
  </Object>
  <Room>
    <AbsoluteLocation value="0.000002 29.599998"/>
  </Room>
</Objects>
