<?xml version="1.0"?>
<Objects>
  <Object name="Obj3">
    <AbsoluteLocation value="22.157698 -12.008171"/>
    <Properties>
      <Property name="Angle" value="-90.3886"/>
      <Property name="Filename" value="/Objects/pipe_elbow_2.hs"/>
    </Properties>
  </Object>
  <Object name="Obj4">
    <AbsoluteLocation value="19.716955 -12.355021"/>
    <Properties>
      <Property name="Angle" value="-177.93"/>
      <Property name="Filename" value="/Objects/pipe_bend_1.hs"/>
    </Properties>
  </Object>
  <Object name="Obj5">
    <AbsoluteLocation value="16.973274 -9.691740"/>
    <Properties>
      <Property name="Angle" value="-45.7956"/>
      <Property name="Filename" value="/Objects/pipe_straight.hs"/>
    </Properties>
  </Object>
  <Object name="Obj6">
    <AbsoluteLocation value="11.191442 -10.899529"/>
    <Properties>
      <Property name="Angle" value="-102.748"/>
      <Property name="Filename" value="/Objects/pipe_straight.hs"/>
    </Properties>
  </Object>
  <Object name="Obj7">
    <AbsoluteLocation value="10.626764 -13.377723"/>
    <Properties>
      <Property name="Angle" value="-92.327"/>
      <Property name="Filename" value="/Objects/pipe_connector_end.hs"/>
    </Properties>
  </Object>
  <Object name="Obj8">
    <AbsoluteLocation value="13.804954 -7.982120"/>
    <Properties>
      <Property name="Angle" value="-127.702"/>
      <Property name="Filename" value="/Objects/pipe_connector_90.hs"/>
    </Properties>
  </Object>
  <Object name="Spout0">
    <AbsoluteLocation value="22.866158 -8.703176"/>
    <Properties>
      <Property name="Angle" value="0"/>
      <Property name="ConnectedSpout0" value="SWAMPY_SPOUT"/>
      <Property name="ConnectedSpoutProbability0" value="1"/>
      <Property name="Filename" value="/Objects/broken_pipe.hs"/>
      <Property name="Type" value="spout"/>
    </Properties>
  </Object>
  <Object name="Obj9">
    <AbsoluteLocation value="17.000000 7.183414"/>
    <Properties>
      <Property name="Angle" value="0"/>
      <Property name="Filename" value="/Objects/wall_24x8.hs"/>
      <Property name="MotorMoveSpeed" value="4"/>
      <Property name="PathPos0" value="0 0"/>
      <Property name="PathPos1" value="-16 0"/>
    </Properties>
  </Object>
  <Object name="Switch10">
    <AbsoluteLocation value="-11.413231 -16.598961"/>
    <Properties>
      <Property name="Angle" value="40.6714"/>
      <Property name="ConnectedObject0" value="Obj9"/>
      <Property name="Filename" value="/Objects/switch.hs"/>
      <Property name="Type" value="switch"/>
    </Properties>
  </Object>
  <Object name="Star11">
    <AbsoluteLocation value="-24.792065 -31.079117"/>
    <Properties>
      <Property name="Angle" value="0"/>
      <Property name="Filename" value="/Objects/star.hs"/>
      <Property name="Type" value="star"/>
    </Properties>
  </Object>
  <Object name="Star12">
    <AbsoluteLocation value="-20.839357 3.171797"/>
    <Properties>
      <Property name="Angle" value="0"/>
      <Property name="Filename" value="/Objects/star.hs"/>
      <Property name="Type" value="star"/>
    </Properties>
  </Object>
  <Object name="Star13">
    <AbsoluteLocation value="5.728827 -2.412529"/>
    <Properties>
      <Property name="Angle" value="0"/>
      <Property name="Filename" value="/Objects/star.hs"/>
      <Property name="Type" value="star"/>
    </Properties>
  </Object>
  <Object name="Obj14">
    <AbsoluteLocation value="-1.283910 7.183414"/>
    <Properties>
      <Property name="Angle" value="0"/>
      <Property name="Filename" value="/Objects/path_locking_end.hs"/>
    </Properties>
  </Object>
  <Object name="Obj15">
    <AbsoluteLocation value="3.516090 7.183414"/>
    <Properties>
      <Property name="Angle" value="0"/>
      <Property name="Filename" value="/Objects/path_locking_mid.hs"/>
    </Properties>
  </Object>
  <Object name="Obj16">
    <AbsoluteLocation value="8.316091 7.183414"/>
    <Properties>
      <Property name="Angle" value="0"/>
      <Property name="Filename" value="/Objects/path_locking_mid.hs"/>
    </Properties>
  </Object>
  <Object name="Obj17">
    <AbsoluteLocation value="13.116090 7.183414"/>
    <Properties>
      <Property name="Angle" value="0"/>
      <Property name="Filename" value="/Objects/path_locking_mid.hs"/>
    </Properties>
  </Object>
  <Object name="Obj18">
    <AbsoluteLocation value="17.916092 7.183414"/>
    <Properties>
      <Property name="Angle" value="0"/>
      <Property name="Filename" value="/Objects/path_locking_mid.hs"/>
    </Properties>
  </Object>
  <Object name="Obj20">
    <AbsoluteLocation value="22.422039 7.199039"/>
    <Properties>
      <Property name="Angle" value="0"/>
      <Property name="Filename" value="/Objects/path_locking_end_right.hs"/>
    </Properties>
  </Object>
  <Object name="Collectible20">
    <AbsoluteLocation value="-19.200001 -4.599995"/>
    <Properties>
      <Property name="Angle" value="0"/>
      <Property name="Filename" value="/Objects/z_collectible_02.hs"/>
      <Property name="PlatinumType" value="normal"/>
      <Property name="Type" value="collectible"/>
    </Properties>
  </Object>
  <Object name="Ducky22">
    <AbsoluteLocation value="-24.050001 -26.981251"/>
    <Properties>
      <Property name="Angle" value="0"/>
      <Property name="CutsRock" value="1"/>
      <Property name="Filename" value="/Objects/star_teleport.hs"/>
      <Property name="StarType" value="teleport"/>
      <Property name="TeleportMoveTime" value="1"/>
      <Property name="TeleportWaitTime" value="0.001"/>
      <Property name="Type" value="star"/>
    </Properties>
  </Object>
  <Object name="Ducky23">
    <AbsoluteLocation value="-6.000000 -31.200001"/>
    <Properties>
      <Property name="Angle" value="0"/>
      <Property name="CutsRock" value="1"/>
      <Property name="Filename" value="/Objects/star_teleport.hs"/>
      <Property name="StarType" value="teleport"/>
      <Property name="TeleportMoveTime" value="1"/>
      <Property name="TeleportWaitTime" value="0.001"/>
      <Property name="Type" value="star"/>
    </Properties>
  </Object>
  <Object name="Ducky24">
    <AbsoluteLocation value="-6.047306 -42.516735"/>
    <Properties>
      <Property name="Angle" value="0"/>
      <Property name="CutsRock" value="1"/>
      <Property name="Filename" value="/Objects/star_teleport.hs"/>
      <Property name="StarType" value="teleport"/>
      <Property name="TeleportMoveTime" value="1"/>
      <Property name="TeleportWaitTime" value="0.001"/>
      <Property name="Type" value="star"/>
    </Properties>
  </Object>
  <Object name="Ducky25">
    <AbsoluteLocation value="25.146654 -43.391052"/>
    <Properties>
      <Property name="Angle" value="0"/>
      <Property name="CutsRock" value="1"/>
      <Property name="Filename" value="/Objects/star_teleport.hs"/>
      <Property name="StarType" value="teleport"/>
      <Property name="TeleportMoveTime" value="1"/>
      <Property name="TeleportWaitTime" value="0.001"/>
      <Property name="Type" value="star"/>
    </Properties>
  </Object>
  <Object name="Ducky26">
    <AbsoluteLocation value="25.209154 -44.625427"/>
    <Properties>
      <Property name="Angle" value="0"/>
      <Property name="Burst" value="0"/>
      <Property name="CutsRock" value="0"/>
      <Property name="Filename" value="/Objects/star_teleport.hs"/>
      <Property name="StarType" value="teleport"/>
      <Property name="TeleportMoveTime" value="1"/>
      <Property name="TeleportWaitTime" value="99999"/>
      <Property name="Type" value="star"/>
    </Properties>
  </Object>
  <Room>
    <AbsoluteLocation value="13.200003 -26.800003"/>
  </Room>
</Objects>
