<?xml version="1.0"?>
<Objects>
  <Object name="Ducky38">
    <AbsoluteLocation value="-29.184376 -37.568748"/>
    <Properties>
      <Property name="Angle" value="-0.46196"/>
      <Property name="CutsRock" value="1"/>
      <Property name="Filename" value="/Objects/star_teleport.hs"/>
      <Property name="StarType" value="teleport"/>
      <Property name="TeleportMoveEase" value="both"/>
      <Property name="TeleportMoveTime" value="1"/>
      <Property name="TeleportWaitTime" value="2"/>
      <Property name="Type" value="star"/>
    </Properties>
  </Object>
  <Object name="Ducky39">
    <AbsoluteLocation value="-23.771873 -6.021875"/>
    <Properties>
      <Property name="Angle" value="0"/>
      <Property name="CutsRock" value="1"/>
      <Property name="Filename" value="/Objects/star_teleport.hs"/>
      <Property name="StarType" value="teleport"/>
      <Property name="TeleportMoveEase" value="both"/>
      <Property name="TeleportMoveTime" value="1.5"/>
      <Property name="TeleportWaitTime" value="2"/>
      <Property name="Type" value="star"/>
    </Properties>
  </Object>
  <Object name="Ducky40">
    <AbsoluteLocation value="2.031250 -19.271875"/>
    <Properties>
      <Property name="Angle" value="0"/>
      <Property name="CutsRock" value="1"/>
      <Property name="Filename" value="/Objects/star_teleport.hs"/>
      <Property name="StarType" value="teleport"/>
      <Property name="TeleportMoveEase" value="both"/>
      <Property name="TeleportMoveTime" value="1.5"/>
      <Property name="TeleportWaitTime" value="2"/>
      <Property name="Type" value="star"/>
    </Properties>
  </Object>
  <Object name="Ducky41">
    <AbsoluteLocation value="24.896875 -23.834375"/>
    <Properties>
      <Property name="Angle" value="0"/>
      <Property name="CutsRock" value="1"/>
      <Property name="Filename" value="/Objects/star_teleport.hs"/>
      <Property name="StarType" value="teleport"/>
      <Property name="TeleportMoveEase" value="both"/>
      <Property name="TeleportMoveTime" value="1.5"/>
      <Property name="TeleportWaitTime" value="9999"/>
      <Property name="Type" value="star"/>
    </Properties>
  </Object>
  <Object name="Obj3">
    <AbsoluteLocation value="17.845034 -38.473190"/>
    <Properties>
      <Property name="Angle" value="-115.854"/>
      <Property name="Filename" value="/Objects/pipe_elbow_2.hs"/>
    </Properties>
  </Object>
  <Object name="Obj4">
    <AbsoluteLocation value="11.671905 -39.508896"/>
    <Properties>
      <Property name="Angle" value="22.1356"/>
      <Property name="Filename" value="/Objects/pipe_straight.hs"/>
    </Properties>
  </Object>
  <Object name="Obj5">
    <AbsoluteLocation value="15.620514 -38.214268"/>
    <Properties>
      <Property name="Angle" value="22.3598"/>
      <Property name="Filename" value="/Objects/pipe_bend_2.hs"/>
    </Properties>
  </Object>
  <Object name="Obj6">
    <AbsoluteLocation value="9.252770 -40.191872"/>
    <Properties>
      <Property name="Angle" value="-168.964"/>
      <Property name="Filename" value="/Objects/pipe_connector_end.hs"/>
    </Properties>
  </Object>
  <Object name="Spout0">
    <AbsoluteLocation value="19.542196 -36.047527"/>
    <Properties>
      <Property name="Angle" value="-20.5199"/>
      <Property name="ConnectedSpout0" value="SWAMPY_SPOUT"/>
      <Property name="ConnectedSpoutProbability0" value="1"/>
      <Property name="Filename" value="/Objects/broken_pipe.hs"/>
      <Property name="Type" value="spout"/>
    </Properties>
  </Object>
  <Object name="Obj9">
    <AbsoluteLocation value="-3.894438 18.302576"/>
    <Properties>
      <Property name="Angle" value="-133.724"/>
      <Property name="Filename" value="/Objects/wall_24x8_pivot.hs"/>
      <Property name="MotorWaitTime" value="3"/>
      <Property name="MotorWaitTurn0" value="-80"/>
      <Property name="PathPos0" value="0 0"/>
      <Property name="PathPos1" value="0 0"/>
    </Properties>
  </Object>
  <Object name="Switch11">
    <AbsoluteLocation value="-6.607788 -9.676285"/>
    <Properties>
      <Property name="Angle" value="47.0924"/>
      <Property name="ConnectedObject0" value="DOOR_BLUE"/>
      <Property name="Filename" value="/Objects/switch_momentary_blue.hs"/>
      <Property name="Type" value="switch"/>
    </Properties>
  </Object>
  <Object name="Switch12">
    <AbsoluteLocation value="-29.441017 -23.646713"/>
    <Properties>
      <Property name="Angle" value="-50.5354"/>
      <Property name="ConnectedObject0" value="DOOR_GREEN"/>
      <Property name="Filename" value="/Objects/switch_momentary_green.hs"/>
      <Property name="Type" value="switch"/>
    </Properties>
  </Object>
  <Object name="DOOR_BLUE">
    <AbsoluteLocation value="19.717445 18.967663"/>
    <Properties>
      <Property name="Angle" value="-90.1428"/>
      <Property name="Filename" value="/Objects/wall_24x8_blue.hs"/>
      <Property name="GravityScale" value="1"/>
      <Property name="MotorMoveSpeed" value="8"/>
      <Property name="PathPos0" value="0 0"/>
      <Property name="PathPos1" value="0 7"/>
    </Properties>
  </Object>
  <Object name="Switch13">
    <AbsoluteLocation value="-28.946766 11.056412"/>
    <Properties>
      <Property name="Angle" value="-45.0095"/>
      <Property name="ConnectedObject0" value="Obj9"/>
      <Property name="Filename" value="/Objects/switch.hs"/>
      <Property name="Type" value="switch"/>
    </Properties>
  </Object>
  <Object name="DOOR_GREEN">
    <AbsoluteLocation value="11.857257 -5.020949"/>
    <Properties>
      <Property name="Angle" value="-90.0889"/>
      <Property name="Filename" value="/Objects/wall_24x8_green.hs"/>
      <Property name="GravityScale" value="1"/>
      <Property name="MotorMoveSpeed" value="8"/>
      <Property name="PathPos0" value="0 0"/>
      <Property name="PathPos1" value="0 7"/>
    </Properties>
  </Object>
  <Object name="Star13">
    <AbsoluteLocation value="10.106792 23.680206"/>
    <Properties>
      <Property name="Angle" value="0"/>
      <Property name="Filename" value="/Objects/star.hs"/>
      <Property name="Type" value="star"/>
    </Properties>
  </Object>
  <Object name="Star14">
    <AbsoluteLocation value="19.223354 0.110557"/>
    <Properties>
      <Property name="Angle" value="0"/>
      <Property name="Filename" value="/Objects/star.hs"/>
      <Property name="Type" value="star"/>
    </Properties>
  </Object>
  <Object name="Star15">
    <AbsoluteLocation value="-24.756344 -35.318829"/>
    <Properties>
      <Property name="Angle" value="0"/>
      <Property name="Filename" value="/Objects/star.hs"/>
      <Property name="Type" value="star"/>
    </Properties>
  </Object>
  <Object name="Track1">
    <AbsoluteLocation value="11.711502 5.677438"/>
    <Properties>
      <Property name="Angle" value="0"/>
      <Property name="Filename" value="/Objects/path_smooth_vertical_end_top.hs"/>
    </Properties>
  </Object>
  <Object name="Track2">
    <AbsoluteLocation value="11.738873 1.084442"/>
    <Properties>
      <Property name="Angle" value="0"/>
      <Property name="Filename" value="/Objects/path_smooth_vertical_mid.hs"/>
    </Properties>
  </Object>
  <Object name="Track3">
    <AbsoluteLocation value="11.728502 -3.559012"/>
    <Properties>
      <Property name="Angle" value="0"/>
      <Property name="Filename" value="/Objects/path_smooth_vertical_mid.hs"/>
    </Properties>
  </Object>
  <Object name="Track4">
    <AbsoluteLocation value="11.718122 -8.045927"/>
    <Properties>
      <Property name="Angle" value="0"/>
      <Property name="Filename" value="/Objects/path_smooth_vertical_mid.hs"/>
    </Properties>
  </Object>
  <Object name="Track5">
    <AbsoluteLocation value="11.707745 -12.470911"/>
    <Properties>
      <Property name="Angle" value="0"/>
      <Property name="Filename" value="/Objects/path_smooth_vertical_end_bottom.hs"/>
    </Properties>
  </Object>
  <Object name="Track1">
    <AbsoluteLocation value="19.634745 31.650707"/>
    <Properties>
      <Property name="Angle" value="0"/>
      <Property name="Filename" value="/Objects/path_smooth_vertical_end_top.hs"/>
    </Properties>
  </Object>
  <Object name="Track2">
    <AbsoluteLocation value="19.624367 26.850719"/>
    <Properties>
      <Property name="Angle" value="0"/>
      <Property name="Filename" value="/Objects/path_smooth_vertical_mid.hs"/>
    </Properties>
  </Object>
  <Object name="Track3">
    <AbsoluteLocation value="19.613997 22.050728"/>
    <Properties>
      <Property name="Angle" value="0"/>
      <Property name="Filename" value="/Objects/path_smooth_vertical_mid.hs"/>
    </Properties>
  </Object>
  <Object name="Track4">
    <AbsoluteLocation value="19.603619 17.250740"/>
    <Properties>
      <Property name="Angle" value="0"/>
      <Property name="Filename" value="/Objects/path_smooth_vertical_mid.hs"/>
    </Properties>
  </Object>
  <Object name="Track5">
    <AbsoluteLocation value="19.593241 12.450758"/>
    <Properties>
      <Property name="Angle" value="-0.124"/>
      <Property name="Filename" value="/Objects/path_smooth_vertical_end_bottom.hs"/>
    </Properties>
  </Object>
  <Room>
    <AbsoluteLocation value="-3.599998 -35.600006"/>
  </Room>
</Objects>
