<?xml version="1.0"?>
<Objects>
  <Object name="Fan17">
    <AbsoluteLocation value="-1.230850 -42.226746"/>
    <Properties>
      <Property name="Angle" value="-0.544481"/>
      <Property name="Filename" value="/Objects/fan_24x8.hs"/>
      <Property name="Type" value="fan"/>
      <Property name="VacuumFriction" value="0.015"/>
      <Property name="VacuumMaxAngle" value="10"/>
      <Property name="VacuumMaxD" value="65"/>
      <Property name="VacuumMinAngle" value="-10"/>
      <Property name="VacuumOn" value="1"/>
    </Properties>
  </Object>
  <Object name="Obj13">
    <AbsoluteLocation value="-29.263739 6.537702"/>
    <Properties>
      <Property name="Angle" value="289.069"/>
      <Property name="Filename" value="/Objects/pipe_straight.hs"/>
    </Properties>
  </Object>
  <Object name="Obj9">
    <AbsoluteLocation value="-9.682111 6.994736"/>
    <Properties>
      <Property name="Angle" value="216.727"/>
      <Property name="Filename" value="/Objects/pipe_straight.hs"/>
    </Properties>
  </Object>
  <Object name="0">
    <AbsoluteLocation value="-0.735257 -8.859041"/>
    <Properties>
      <Property name="Angle" value="-360.234"/>
      <Property name="Filename" value="/Objects/star.hs"/>
      <Property name="Type" value="star"/>
    </Properties>
  </Object>
  <Object name="1">
    <AbsoluteLocation value="-0.730691 -18.263241"/>
    <Properties>
      <Property name="Angle" value="-362.87"/>
      <Property name="Filename" value="/Objects/star.hs"/>
      <Property name="Type" value="star"/>
    </Properties>
  </Object>
  <Object name="2">
    <AbsoluteLocation value="-0.866743 0.894428"/>
    <Properties>
      <Property name="Angle" value="0.989892"/>
      <Property name="Filename" value="/Objects/star.hs"/>
      <Property name="Type" value="star"/>
    </Properties>
  </Object>
  <Object name="4">
    <AbsoluteLocation value="-0.728635 16.836365"/>
    <Properties>
      <Property name="Angle" value="270.301"/>
      <Property name="Filename" value="/Objects/pipe_straight.hs"/>
    </Properties>
  </Object>
  <Object name="6">
    <AbsoluteLocation value="-0.803593 18.561186"/>
    <Properties>
      <Property name="Angle" value="91.5108"/>
      <Property name="Filename" value="/Objects/pipe_connector_end.hs"/>
    </Properties>
  </Object>
  <Object name="Spout6">
    <AbsoluteLocation value="-0.711606 12.382893"/>
    <Properties>
      <Property name="Angle" value="-178.984"/>
      <Property name="ConnectedSpout0" value="SWAMPY_SPOUT"/>
      <Property name="ConnectedSpoutProbability0" value="1"/>
      <Property name="Filename" value="/Objects/broken_pipe.hs"/>
      <Property name="Type" value="spout"/>
    </Properties>
  </Object>
  <Object name="Spout9">
    <AbsoluteLocation value="-6.737387 9.524902"/>
    <Properties>
      <Property name="Angle" value="315.786"/>
      <Property name="Filename" value="/Objects/broken_pipe.hs"/>
      <Property name="Type" value="spout"/>
    </Properties>
  </Object>
  <Object name="Obj10">
    <AbsoluteLocation value="-15.084641 4.480695"/>
    <Properties>
      <Property name="Angle" value="193.404"/>
      <Property name="Filename" value="/Objects/pipe_straight.hs"/>
    </Properties>
  </Object>
  <Object name="Obj11">
    <AbsoluteLocation value="-20.926039 3.135125"/>
    <Properties>
      <Property name="Angle" value="192.401"/>
      <Property name="Filename" value="/Objects/pipe_straight.hs"/>
    </Properties>
  </Object>
  <Object name="Obj12">
    <AbsoluteLocation value="-26.295994 2.437363"/>
    <Properties>
      <Property name="Angle" value="24.8775"/>
      <Property name="Filename" value="/Objects/pipe_connector_90.hs"/>
    </Properties>
  </Object>
  <Object name="Obj14">
    <AbsoluteLocation value="-31.396862 10.423049"/>
    <Properties>
      <Property name="Angle" value="21.2621"/>
      <Property name="Filename" value="/Objects/pipe_elbow_1.hs"/>
    </Properties>
  </Object>
  <Object name="Obj15">
    <AbsoluteLocation value="-35.812305 9.555090"/>
    <Properties>
      <Property name="Angle" value="378.642"/>
      <Property name="Filename" value="/Objects/pipe_straight.hs"/>
    </Properties>
  </Object>
  <Object name="Object19">
    <AbsoluteLocation value="31.937504 -36.648849"/>
    <Properties>
      <Property name="Angle" value="341.142"/>
      <Property name="Filename" value="/Objects/pipe_straight.hs"/>
    </Properties>
  </Object>
  <Object name="Spout18">
    <AbsoluteLocation value="27.299999 -34.599983"/>
    <Properties>
      <Property name="Angle" value="152.341"/>
      <Property name="Filename" value="/Objects/shower_head.hs"/>
      <Property name="FluidType" value="Water"/>
      <Property name="ParticleSpeed" value="15"/>
      <Property name="ParticlesPerSecond" value="3"/>
      <Property name="Timer0" value="0 5.0"/>
      <Property name="Timer1" value="1 9999.0"/>
      <Property name="Type" value="spout"/>
    </Properties>
  </Object>
  <Object name="Object20">
    <AbsoluteLocation value="-30.284071 -37.208218"/>
    <Properties>
      <Property name="Angle" value="374.012"/>
      <Property name="Filename" value="/Objects/pipe_straight.hs"/>
    </Properties>
  </Object>
  <Object name="Spout17">
    <AbsoluteLocation value="-25.600004 -35.699986"/>
    <Properties>
      <Property name="Angle" value="29.1607"/>
      <Property name="Filename" value="/Objects/shower_head.hs"/>
      <Property name="FluidType" value="Water"/>
      <Property name="ParticleSpeed" value="15"/>
      <Property name="ParticlesPerSecond" value="3"/>
      <Property name="Timer0" value="0 5.0"/>
      <Property name="Timer1" value="1 9999.0"/>
      <Property name="Type" value="spout"/>
    </Properties>
  </Object>
  <Object name="Object21">
    <AbsoluteLocation value="-36.312305 -38.961826"/>
    <Properties>
      <Property name="Angle" value="378.642"/>
      <Property name="Filename" value="/Objects/pipe_straight.hs"/>
    </Properties>
  </Object>
  <Object name="Object22">
    <AbsoluteLocation value="37.922955 -38.663399"/>
    <Properties>
      <Property name="Angle" value="341.142"/>
      <Property name="Filename" value="/Objects/pipe_straight.hs"/>
    </Properties>
  </Object>
  <Object name="Ducky35">
    <AbsoluteLocation value="-0.475815 1.074593"/>
    <Properties>
      <Property name="Angle" value="0"/>
      <Property name="Filename" value="/Objects/star_baby.hs"/>
      <Property name="StarType" value="baby"/>
      <Property name="Type" value="star"/>
    </Properties>
  </Object>
  <Object name="Ducky27">
    <AbsoluteLocation value="-0.460190 -9.909782"/>
    <Properties>
      <Property name="Angle" value="0"/>
      <Property name="Filename" value="/Objects/star_baby.hs"/>
      <Property name="StarType" value="baby"/>
      <Property name="Type" value="star"/>
    </Properties>
  </Object>
  <Object name="Ducky26">
    <AbsoluteLocation value="-0.569565 -17.862907"/>
    <Properties>
      <Property name="Angle" value="0"/>
      <Property name="Filename" value="/Objects/star_baby.hs"/>
      <Property name="StarType" value="baby"/>
      <Property name="Type" value="star"/>
    </Properties>
  </Object>
  <Object name="Ducky41">
    <AbsoluteLocation value="0.133560 -27.097282"/>
    <Properties>
      <Property name="Angle" value="0"/>
      <Property name="Filename" value="/Objects/star_baby.hs"/>
      <Property name="StarType" value="baby"/>
      <Property name="Type" value="star"/>
    </Properties>
  </Object>
  <Object name="Ducky34">
    <AbsoluteLocation value="-10.109375 -15.203125"/>
    <Properties>
      <Property name="Angle" value="0"/>
      <Property name="Filename" value="/Objects/star_baby.hs"/>
      <Property name="StarType" value="baby"/>
      <Property name="Type" value="star"/>
    </Properties>
  </Object>
  <Object name="Ducky31">
    <AbsoluteLocation value="-18.875000 -18.109375"/>
    <Properties>
      <Property name="Angle" value="0"/>
      <Property name="Filename" value="/Objects/star_baby.hs"/>
      <Property name="StarType" value="baby"/>
      <Property name="Type" value="star"/>
    </Properties>
  </Object>
  <Object name="Ducky30">
    <AbsoluteLocation value="-15.750000 -7.218750"/>
    <Properties>
      <Property name="Angle" value="0"/>
      <Property name="Filename" value="/Objects/star_baby.hs"/>
      <Property name="StarType" value="baby"/>
      <Property name="Type" value="star"/>
    </Properties>
  </Object>
  <Object name="Ducky37">
    <AbsoluteLocation value="12.765625 -6.484375"/>
    <Properties>
      <Property name="Angle" value="0"/>
      <Property name="Filename" value="/Objects/star_baby.hs"/>
      <Property name="StarType" value="baby"/>
      <Property name="Type" value="star"/>
    </Properties>
  </Object>
  <Object name="Ducky40">
    <AbsoluteLocation value="9.484375 -14.687500"/>
    <Properties>
      <Property name="Angle" value="0"/>
      <Property name="Filename" value="/Objects/star_baby.hs"/>
      <Property name="StarType" value="baby"/>
      <Property name="Type" value="star"/>
    </Properties>
  </Object>
  <Object name="Ducky24">
    <AbsoluteLocation value="19.546875 -17.390625"/>
    <Properties>
      <Property name="Angle" value="0"/>
      <Property name="Filename" value="/Objects/star_baby.hs"/>
      <Property name="StarType" value="baby"/>
      <Property name="Type" value="star"/>
    </Properties>
  </Object>
  <Room>
    <AbsoluteLocation value="-0.399998 32.399998"/>
  </Room>
  <Properties>
    <Property name="HeavyIntro" value="1"/>
  </Properties>
</Objects>

