<?xml version="1.0"?>
<Objects>
  <Object name="Object217">
    <AbsoluteLocation value="-23.125179 42.365696"/>
    <Properties>
      <Property name="Angle" value="-178.752"/>
      <Property name="Filename" value="/Objects/pipe_straight_short.hs"/>
    </Properties>
  </Object>
  <Object name="Object221">
    <AbsoluteLocation value="25.976801 -39.011051"/>
    <Properties>
      <Property name="Angle" value="-0.206295"/>
      <Property name="Filename" value="/Objects/pipe_straight.hs"/>
    </Properties>
  </Object>
  <Object name="Object220">
    <AbsoluteLocation value="28.673717 -38.357162"/>
    <Properties>
      <Property name="Angle" value="-90.4606"/>
      <Property name="Filename" value="/Objects/pipe_elbow_2.hs"/>
    </Properties>
  </Object>
  <Object name="Object212">
    <AbsoluteLocation value="19.460007 -36.559105"/>
    <Properties>
      <Property name="Angle" value="90.2773"/>
      <Property name="Filename" value="/Objects/pipe_elbow_1.hs"/>
    </Properties>
  </Object>
  <Object name="Object201">
    <AbsoluteLocation value="-13.214980 35.347443"/>
    <Properties>
      <Property name="Angle" value="0.0412526"/>
      <Property name="Filename" value="/Objects/pipe_elbow_1.hs"/>
    </Properties>
  </Object>
  <Object name="Object200">
    <AbsoluteLocation value="9.196644 5.376808"/>
    <Properties>
      <Property name="Angle" value="272.171"/>
      <Property name="Filename" value="/Objects/pipe_straight_short.hs"/>
    </Properties>
  </Object>
  <Object name="Object199">
    <AbsoluteLocation value="17.548862 5.678120"/>
    <Properties>
      <Property name="Angle" value="89.8709"/>
      <Property name="Filename" value="/Objects/pipe_straight_short.hs"/>
    </Properties>
  </Object>
  <Object name="Object189">
    <AbsoluteLocation value="28.882656 4.364454"/>
    <Properties>
      <Property name="Angle" value="-48.1541"/>
      <Property name="Filename" value="/Objects/pipe_bend_1.hs"/>
    </Properties>
  </Object>
  <Object name="Object188">
    <AbsoluteLocation value="27.852676 15.013758"/>
    <Properties>
      <Property name="Angle" value="-79.8162"/>
      <Property name="Filename" value="/Objects/pipe_bend_1.hs"/>
    </Properties>
  </Object>
  <Object name="Object186">
    <AbsoluteLocation value="28.731617 51.661007"/>
    <Properties>
      <Property name="Angle" value="-3.52655"/>
      <Property name="Filename" value="/Objects/pipe_elbow_2.hs"/>
    </Properties>
  </Object>
  <Object name="Object177">
    <AbsoluteLocation value="6.684015 -15.213268"/>
    <Properties>
      <Property name="Angle" value="-360.109"/>
      <Property name="Filename" value="/Objects/pipe_straight_short.hs"/>
    </Properties>
  </Object>
  <Object name="Object175">
    <AbsoluteLocation value="6.272913 7.984538"/>
    <Properties>
      <Property name="Angle" value="-360.109"/>
      <Property name="Filename" value="/Objects/pipe_straight_short.hs"/>
    </Properties>
  </Object>
  <Object name="Object174">
    <AbsoluteLocation value="8.488787 7.308861"/>
    <Properties>
      <Property name="Angle" value="0.497834"/>
      <Property name="Filename" value="/Objects/pipe_elbow_1.hs"/>
    </Properties>
  </Object>
  <Object name="Object172">
    <AbsoluteLocation value="-2.171383 2.103463"/>
    <Properties>
      <Property name="Angle" value="-251.603"/>
      <Property name="Filename" value="/Objects/pipe_bend_2.hs"/>
    </Properties>
  </Object>
  <Object name="Object170">
    <AbsoluteLocation value="-1.999563 25.747154"/>
    <Properties>
      <Property name="Angle" value="-249.66"/>
      <Property name="Filename" value="/Objects/pipe_bend_2.hs"/>
    </Properties>
  </Object>
  <Object name="Object152">
    <AbsoluteLocation value="15.033320 33.891827"/>
    <Properties>
      <Property name="Angle" value="2.37693"/>
      <Property name="Filename" value="/Objects/pipe_straight_long.hs"/>
    </Properties>
  </Object>
  <Object name="Object161">
    <AbsoluteLocation value="6.395168 26.905838"/>
    <Properties>
      <Property name="Angle" value="90"/>
      <Property name="Filename" value="/Objects/pipe_straight_long.hs"/>
    </Properties>
  </Object>
  <Object name="Object157">
    <AbsoluteLocation value="9.587887 33.674667"/>
    <Properties>
      <Property name="Angle" value="1.80609"/>
      <Property name="Filename" value="/Objects/pipe_straight_short.hs"/>
    </Properties>
  </Object>
  <Object name="Object156">
    <AbsoluteLocation value="7.091465 32.945339"/>
    <Properties>
      <Property name="Angle" value="89.3618"/>
      <Property name="Filename" value="/Objects/pipe_elbow_1.hs"/>
    </Properties>
  </Object>
  <Object name="Object164">
    <AbsoluteLocation value="8.844736 31.147379"/>
    <Properties>
      <Property name="Angle" value="1.79569"/>
      <Property name="Filename" value="/Objects/pipe_elbow_1.hs"/>
    </Properties>
  </Object>
  <Object name="Object163">
    <AbsoluteLocation value="12.802168 15.354286"/>
    <Properties>
      <Property name="Angle" value="179.27"/>
      <Property name="Filename" value="/Objects/pipe_straight_long.hs"/>
    </Properties>
  </Object>
  <Object name="Object151">
    <AbsoluteLocation value="20.101770 34.788280"/>
    <Properties>
      <Property name="Angle" value="-87.4425"/>
      <Property name="Filename" value="/Objects/pipe_elbow_2.hs"/>
    </Properties>
  </Object>
  <Object name="Object155">
    <AbsoluteLocation value="13.440731 -29.061970"/>
    <Properties>
      <Property name="Angle" value="0.682903"/>
      <Property name="Filename" value="/Objects/pipe_straight.hs"/>
    </Properties>
  </Object>
  <Object name="Object154">
    <AbsoluteLocation value="13.778816 -10.842694"/>
    <Properties>
      <Property name="Angle" value="0.682903"/>
      <Property name="Filename" value="/Objects/pipe_straight.hs"/>
    </Properties>
  </Object>
  <Object name="Object153">
    <AbsoluteLocation value="13.748960 20.717436"/>
    <Properties>
      <Property name="Angle" value="0.328796"/>
      <Property name="Filename" value="/Objects/pipe_straight.hs"/>
    </Properties>
  </Object>
  <Object name="Object119">
    <AbsoluteLocation value="13.711449 -22.709860"/>
    <Properties>
      <Property name="Angle" value="90"/>
      <Property name="Filename" value="/Objects/pipe_straight_long.hs"/>
    </Properties>
  </Object>
  <Object name="Object118">
    <AbsoluteLocation value="23.979073 20.431110"/>
    <Properties>
      <Property name="Angle" value="90"/>
      <Property name="Filename" value="/Objects/pipe_straight_long.hs"/>
    </Properties>
  </Object>
  <Object name="Object114">
    <AbsoluteLocation value="13.711449 -13.209858"/>
    <Properties>
      <Property name="Angle" value="90"/>
      <Property name="Filename" value="/Objects/pipe_straight_long.hs"/>
    </Properties>
  </Object>
  <Object name="Object116">
    <AbsoluteLocation value="13.711449 15.205027"/>
    <Properties>
      <Property name="Angle" value="90"/>
      <Property name="Filename" value="/Objects/pipe_straight_long.hs"/>
    </Properties>
  </Object>
  <Object name="Object84">
    <AbsoluteLocation value="10.079155 -28.414261"/>
    <Properties>
      <Property name="Angle" value="-180.917"/>
      <Property name="Filename" value="/Objects/pipe_elbow_2.hs"/>
    </Properties>
  </Object>
  <Object name="Object79">
    <AbsoluteLocation value="17.185614 -10.163601"/>
    <Properties>
      <Property name="Angle" value="-90.0562"/>
      <Property name="Filename" value="/Objects/pipe_elbow_2.hs"/>
    </Properties>
  </Object>
  <Object name="Object81">
    <AbsoluteLocation value="10.232085 -10.188825"/>
    <Properties>
      <Property name="Angle" value="-179.278"/>
      <Property name="Filename" value="/Objects/pipe_elbow_2.hs"/>
    </Properties>
  </Object>
  <Object name="Object76">
    <AbsoluteLocation value="17.181894 21.405987"/>
    <Properties>
      <Property name="Angle" value="-90.0562"/>
      <Property name="Filename" value="/Objects/pipe_elbow_2.hs"/>
    </Properties>
  </Object>
  <Object name="Object77">
    <AbsoluteLocation value="10.200606 21.360106"/>
    <Properties>
      <Property name="Angle" value="-178.954"/>
      <Property name="Filename" value="/Objects/pipe_elbow_2.hs"/>
    </Properties>
  </Object>
  <Object name="Object101">
    <AbsoluteLocation value="-27.780975 -37.550049"/>
    <Properties>
      <Property name="Angle" value="90"/>
      <Property name="Filename" value="/Objects/pipe_straight_long.hs"/>
    </Properties>
  </Object>
  <Object name="Object103">
    <AbsoluteLocation value="-27.780975 -28.038061"/>
    <Properties>
      <Property name="Angle" value="90"/>
      <Property name="Filename" value="/Objects/pipe_straight_long.hs"/>
    </Properties>
  </Object>
  <Object name="Object100">
    <AbsoluteLocation value="-27.780975 -18.538061"/>
    <Properties>
      <Property name="Angle" value="90"/>
      <Property name="Filename" value="/Objects/pipe_straight_long.hs"/>
    </Properties>
  </Object>
  <Object name="Object99">
    <AbsoluteLocation value="-27.780975 -9.135165"/>
    <Properties>
      <Property name="Angle" value="90"/>
      <Property name="Filename" value="/Objects/pipe_straight_long.hs"/>
    </Properties>
  </Object>
  <Object name="Object98">
    <AbsoluteLocation value="-27.780975 0.364835"/>
    <Properties>
      <Property name="Angle" value="90"/>
      <Property name="Filename" value="/Objects/pipe_straight_long.hs"/>
    </Properties>
  </Object>
  <Object name="Object97">
    <AbsoluteLocation value="-27.780975 9.876823"/>
    <Properties>
      <Property name="Angle" value="90"/>
      <Property name="Filename" value="/Objects/pipe_straight_long.hs"/>
    </Properties>
  </Object>
  <Object name="Object96">
    <AbsoluteLocation value="-27.780975 19.376823"/>
    <Properties>
      <Property name="Angle" value="90"/>
      <Property name="Filename" value="/Objects/pipe_straight_long.hs"/>
    </Properties>
  </Object>
  <Object name="Object91">
    <AbsoluteLocation value="-26.025972 -22.755238"/>
    <Properties>
      <Property name="Angle" value="0"/>
      <Property name="Filename" value="/Objects/pipe_straight_short.hs"/>
    </Properties>
  </Object>
  <Object name="Object90">
    <AbsoluteLocation value="-27.093189 25.508427"/>
    <Properties>
      <Property name="Angle" value="89.5058"/>
      <Property name="Filename" value="/Objects/pipe_elbow_1.hs"/>
    </Properties>
  </Object>
  <Object name="Object88">
    <AbsoluteLocation value="-26.311663 2.102016"/>
    <Properties>
      <Property name="Angle" value="0"/>
      <Property name="Filename" value="/Objects/pipe_straight_short.hs"/>
    </Properties>
  </Object>
  <Object name="Object55">
    <AbsoluteLocation value="-1.663228 -20.574741"/>
    <Properties>
      <Property name="Angle" value="-267.743"/>
      <Property name="Filename" value="/Objects/pipe_bend_2.hs"/>
    </Properties>
  </Object>
  <Object name="Object50">
    <AbsoluteLocation value="-2.001595 -10.168627"/>
    <Properties>
      <Property name="Angle" value="-219.643"/>
      <Property name="Filename" value="/Objects/pipe_bend_2.hs"/>
    </Properties>
  </Object>
  <Object name="Object22">
    <AbsoluteLocation value="-7.553795 14.011263"/>
    <Properties>
      <Property name="Angle" value="-90.0562"/>
      <Property name="Filename" value="/Objects/pipe_elbow_2.hs"/>
    </Properties>
  </Object>
  <Object name="Object25">
    <AbsoluteLocation value="-16.845661 2.328519"/>
    <Properties>
      <Property name="Angle" value="-128.931"/>
      <Property name="Filename" value="/Objects/pipe_bend_1.hs"/>
    </Properties>
  </Object>
  <Object name="Object45">
    <AbsoluteLocation value="-4.641978 -32.382957"/>
    <Properties>
      <Property name="Angle" value="-197.783"/>
      <Property name="Filename" value="/Objects/pipe_bend_1.hs"/>
    </Properties>
  </Object>
  <Object name="Object46">
    <AbsoluteLocation value="5.011686 -33.265347"/>
    <Properties>
      <Property name="Angle" value="-93.9056"/>
      <Property name="Filename" value="/Objects/pipe_bend_1.hs"/>
    </Properties>
  </Object>
  <Object name="Object8">
    <AbsoluteLocation value="-11.911369 -13.212109"/>
    <Properties>
      <Property name="Angle" value="89.9407"/>
      <Property name="Filename" value="/Objects/pipe_straight_short.hs"/>
    </Properties>
  </Object>
  <Object name="Object10">
    <AbsoluteLocation value="-11.244827 -12.007949"/>
    <Properties>
      <Property name="Angle" value="90.9187"/>
      <Property name="Filename" value="/Objects/pipe_elbow_1.hs"/>
    </Properties>
  </Object>
  <Object name="Object13">
    <AbsoluteLocation value="-7.472401 -10.651283"/>
    <Properties>
      <Property name="Angle" value="-90.0562"/>
      <Property name="Filename" value="/Objects/pipe_elbow_2.hs"/>
    </Properties>
  </Object>
  <Object name="Object7">
    <AbsoluteLocation value="-16.764267 -22.334030"/>
    <Properties>
      <Property name="Angle" value="-128.931"/>
      <Property name="Filename" value="/Objects/pipe_bend_1.hs"/>
    </Properties>
  </Object>
  <Object name="Object3">
    <AbsoluteLocation value="-6.713263 -22.945629"/>
    <Properties>
      <Property name="Angle" value="-35.6542"/>
      <Property name="Filename" value="/Objects/pipe_bend_2.hs"/>
    </Properties>
  </Object>
  <Object name="Spout4">
    <AbsoluteLocation value="-6.393927 -25.827591"/>
    <Properties>
      <Property name="Angle" value="186.577"/>
      <Property name="ConnectedSpout0" value="YSwitch2"/>
      <Property name="ConnectedSpoutProbability0" value="1"/>
      <Property name="Filename" value="/Objects/basic_drain.hs"/>
      <Property name="Type" value="spout"/>
    </Properties>
  </Object>
  <Object name="Object15">
    <AbsoluteLocation value="-9.193726 -11.321531"/>
    <Properties>
      <Property name="Angle" value="-0.0394276"/>
      <Property name="Filename" value="/Objects/pipe_straight_short.hs"/>
    </Properties>
  </Object>
  <Object name="Object16">
    <AbsoluteLocation value="-11.992764 11.450439"/>
    <Properties>
      <Property name="Angle" value="89.9407"/>
      <Property name="Filename" value="/Objects/pipe_straight_short.hs"/>
    </Properties>
  </Object>
  <Object name="Spout17">
    <AbsoluteLocation value="-19.468815 2.188027"/>
    <Properties>
      <Property name="Angle" value="180.342"/>
      <Property name="Filename" value="/Objects/shower_head.hs"/>
      <Property name="FluidType" value="Water"/>
      <Property name="NumberParticles" value="0"/>
      <Property name="ParticleSpeed" value="20"/>
      <Property name="Type" value="spout"/>
    </Properties>
  </Object>
  <Object name="Object19">
    <AbsoluteLocation value="-6.794657 1.716920"/>
    <Properties>
      <Property name="Angle" value="-35.6542"/>
      <Property name="Filename" value="/Objects/pipe_bend_2.hs"/>
    </Properties>
  </Object>
  <Object name="Object20">
    <AbsoluteLocation value="-9.275122 13.341018"/>
    <Properties>
      <Property name="Angle" value="-0.0394276"/>
      <Property name="Filename" value="/Objects/pipe_straight_short.hs"/>
    </Properties>
  </Object>
  <Object name="Spout21">
    <AbsoluteLocation value="-6.550809 -1.165043"/>
    <Properties>
      <Property name="Angle" value="180"/>
      <Property name="ConnectedSpout0" value="YSwitch23"/>
      <Property name="ConnectedSpoutProbability0" value="1"/>
      <Property name="Filename" value="/Objects/basic_drain.hs"/>
      <Property name="Type" value="spout"/>
    </Properties>
  </Object>
  <Object name="Object24">
    <AbsoluteLocation value="-11.326221 12.654598"/>
    <Properties>
      <Property name="Angle" value="90.9187"/>
      <Property name="Filename" value="/Objects/pipe_elbow_1.hs"/>
    </Properties>
  </Object>
  <Object name="Object26">
    <AbsoluteLocation value="-17.298096 26.527279"/>
    <Properties>
      <Property name="Angle" value="-128.931"/>
      <Property name="Filename" value="/Objects/pipe_bend_1.hs"/>
    </Properties>
  </Object>
  <Object name="Spout28">
    <AbsoluteLocation value="-19.921249 26.386787"/>
    <Properties>
      <Property name="Angle" value="180.342"/>
      <Property name="Filename" value="/Objects/shower_head.hs"/>
      <Property name="FluidType" value="Water"/>
      <Property name="NumberParticles" value="0"/>
      <Property name="ParticleSpeed" value="20"/>
      <Property name="Type" value="spout"/>
    </Properties>
  </Object>
  <Object name="Object30">
    <AbsoluteLocation value="-7.150995 26.252003"/>
    <Properties>
      <Property name="Angle" value="-35.6542"/>
      <Property name="Filename" value="/Objects/pipe_bend_2.hs"/>
    </Properties>
  </Object>
  <Object name="Spout33">
    <AbsoluteLocation value="-7.003246 23.033718"/>
    <Properties>
      <Property name="Angle" value="180"/>
      <Property name="ConnectedSpout0" value="YSwitch34"/>
      <Property name="ConnectedSpoutProbability0" value="1"/>
      <Property name="Filename" value="/Objects/basic_drain.hs"/>
      <Property name="Type" value="spout"/>
    </Properties>
  </Object>
  <Object name="YSwitch34">
    <AbsoluteLocation value="-11.866005 29.184822"/>
    <Properties>
      <Property name="Angle" value="240"/>
      <Property name="ConnectedSpout0" value="Spout29"/>
      <Property name="ConnectedSpout1" value="Spout28"/>
      <Property name="ConnectedSpoutProbability0" value="0.5"/>
      <Property name="ConnectedSpoutProbability1" value="0.5"/>
      <Property name="Filename" value="/Objects/pipe_y_switch_toggle.hs"/>
      <Property name="FirstRightSpout" value="1"/>
      <Property name="Type" value="yswitch"/>
    </Properties>
  </Object>
  <Object name="Spout47">
    <AbsoluteLocation value="-23.652573 -22.699623"/>
    <Properties>
      <Property name="Angle" value="271.986"/>
      <Property name="ConnectedSpout0" value="Spout1"/>
      <Property name="ConnectedSpoutProbability0" value="1"/>
      <Property name="Filename" value="/Objects/basic_drain.hs"/>
      <Property name="Type" value="spout"/>
    </Properties>
  </Object>
  <Object name="YSwitch23">
    <AbsoluteLocation value="-11.413570 4.986060"/>
    <Properties>
      <Property name="Angle" value="240"/>
      <Property name="ConnectedSpout0" value="Spout18"/>
      <Property name="ConnectedSpout1" value="Spout17"/>
      <Property name="ConnectedSpoutProbability0" value="0.5"/>
      <Property name="ConnectedSpoutProbability1" value="0.5"/>
      <Property name="Filename" value="/Objects/pipe_y_switch_toggle.hs"/>
      <Property name="FirstRightSpout" value="1"/>
      <Property name="Type" value="yswitch"/>
    </Properties>
  </Object>
  <Object name="Spout42">
    <AbsoluteLocation value="-23.739090 2.161393"/>
    <Properties>
      <Property name="Angle" value="271.738"/>
      <Property name="ConnectedSpout0" value="Spout1"/>
      <Property name="ConnectedSpoutProbability0" value="1"/>
      <Property name="Filename" value="/Objects/basic_drain.hs"/>
      <Property name="Type" value="spout"/>
    </Properties>
  </Object>
  <Object name="Spout43">
    <AbsoluteLocation value="-23.753868 26.197842"/>
    <Properties>
      <Property name="Angle" value="271.738"/>
      <Property name="ConnectedSpout0" value="Spout1"/>
      <Property name="ConnectedSpoutProbability0" value="1"/>
      <Property name="Filename" value="/Objects/basic_drain.hs"/>
      <Property name="Type" value="spout"/>
    </Properties>
  </Object>
  <Object name="Spout44">
    <AbsoluteLocation value="29.205566 -35.781994"/>
    <Properties>
      <Property name="Angle" value="0.0881912"/>
      <Property name="ConnectedSpout0" value="SWAMPY_SPOUT"/>
      <Property name="ConnectedSpoutProbability0" value="1"/>
      <Property name="Filename" value="/Objects/broken_pipe.hs"/>
      <Property name="Type" value="spout"/>
    </Properties>
  </Object>
  <Object name="Spout48">
    <AbsoluteLocation value="-1.880687 -7.402358"/>
    <Properties>
      <Property name="Angle" value="90.0001"/>
      <Property name="Filename" value="/Objects/shower_head.hs"/>
      <Property name="FluidType" value="Water"/>
      <Property name="NumberParticles" value="0"/>
      <Property name="ParticleSpeed" value="20"/>
      <Property name="Type" value="spout"/>
    </Properties>
  </Object>
  <Object name="Object56">
    <AbsoluteLocation value="3.173850 -21.650948"/>
    <Properties>
      <Property name="Angle" value="-335.212"/>
      <Property name="Filename" value="/Objects/pipe_elbow_2.hs"/>
    </Properties>
  </Object>
  <Object name="Object57">
    <AbsoluteLocation value="-0.858193 -22.483513"/>
    <Properties>
      <Property name="Angle" value="197.392"/>
      <Property name="Filename" value="/Objects/pipe_elbow_1.hs"/>
    </Properties>
  </Object>
  <Object name="Object58">
    <AbsoluteLocation value="1.209478 -22.065578"/>
    <Properties>
      <Property name="Angle" value="214.192"/>
      <Property name="Filename" value="/Objects/pipe_straight_short.hs"/>
    </Properties>
  </Object>
  <Object name="Spout53">
    <AbsoluteLocation value="4.675748 -24.677311"/>
    <Properties>
      <Property name="Angle" value="189.849"/>
      <Property name="ConnectedSpout0" value="YSwitch54"/>
      <Property name="ConnectedSpoutProbability0" value="1"/>
      <Property name="Filename" value="/Objects/basic_drain.hs"/>
      <Property name="Type" value="spout"/>
    </Properties>
  </Object>
  <Object name="Object59">
    <AbsoluteLocation value="-2.491491 12.861681"/>
    <Properties>
      <Property name="Angle" value="-237.679"/>
      <Property name="Filename" value="/Objects/pipe_bend_2.hs"/>
    </Properties>
  </Object>
  <Object name="Spout62">
    <AbsoluteLocation value="9.138155 2.913050"/>
    <Properties>
      <Property name="Angle" value="-88.8703"/>
      <Property name="Filename" value="/Objects/shower_head.hs"/>
      <Property name="FluidType" value="Water"/>
      <Property name="NumberParticles" value="0"/>
      <Property name="ParticleSpeed" value="20"/>
      <Property name="Type" value="spout"/>
    </Properties>
  </Object>
  <Object name="YSwitch63">
    <AbsoluteLocation value="0.060925 7.028608"/>
    <Properties>
      <Property name="Angle" value="151.822"/>
      <Property name="ConnectedSpout0" value="Spout62"/>
      <Property name="ConnectedSpout1" value="Spout61"/>
      <Property name="ConnectedSpoutProbability0" value="0.5"/>
      <Property name="ConnectedSpoutProbability1" value="0.5"/>
      <Property name="Filename" value="/Objects/pipe_y_switch_toggle.hs"/>
      <Property name="FirstRightSpout" value="1"/>
      <Property name="Type" value="yswitch"/>
    </Properties>
  </Object>
  <Object name="Spout64">
    <AbsoluteLocation value="-1.939070 -1.164196"/>
    <Properties>
      <Property name="Angle" value="180.347"/>
      <Property name="ConnectedSpout0" value="YSwitch63"/>
      <Property name="ConnectedSpoutProbability0" value="1"/>
      <Property name="Filename" value="/Objects/basic_drain.hs"/>
      <Property name="Type" value="spout"/>
    </Properties>
  </Object>
  <Object name="Object65">
    <AbsoluteLocation value="-3.024732 36.093452"/>
    <Properties>
      <Property name="Angle" value="-232.198"/>
      <Property name="Filename" value="/Objects/pipe_bend_2.hs"/>
    </Properties>
  </Object>
  <Object name="Spout70">
    <AbsoluteLocation value="-2.050394 22.695431"/>
    <Properties>
      <Property name="Angle" value="180.347"/>
      <Property name="ConnectedSpout0" value="YSwitch69"/>
      <Property name="ConnectedSpoutProbability0" value="1"/>
      <Property name="Filename" value="/Objects/basic_drain.hs"/>
      <Property name="Type" value="spout"/>
    </Properties>
  </Object>
  <Object name="Switch72">
    <AbsoluteLocation value="5.574540 56.726585"/>
    <Properties>
      <Property name="Angle" value="179.587"/>
      <Property name="ConnectedObject0" value="Object223"/>
      <Property name="Filename" value="/Objects/switch.hs"/>
      <Property name="Type" value="switch"/>
    </Properties>
  </Object>
  <Object name="Spout18">
    <AbsoluteLocation value="-6.801094 16.496941"/>
    <Properties>
      <Property name="Angle" value="89.4113"/>
      <Property name="Filename" value="/Objects/shower_head.hs"/>
      <Property name="FluidType" value="Water"/>
      <Property name="NumberParticles" value="0"/>
      <Property name="ParticleSpeed" value="20"/>
      <Property name="Type" value="spout"/>
    </Properties>
  </Object>
  <Object name="YSwitch2">
    <AbsoluteLocation value="-11.332176 -19.676489"/>
    <Properties>
      <Property name="Angle" value="240"/>
      <Property name="ConnectedSpout0" value="Spout5"/>
      <Property name="ConnectedSpout1" value="Spout6"/>
      <Property name="ConnectedSpoutProbability0" value="0.5"/>
      <Property name="ConnectedSpoutProbability1" value="0.5"/>
      <Property name="Filename" value="/Objects/pipe_y_switch_toggle.hs"/>
      <Property name="FirstRightSpout" value="1"/>
      <Property name="Type" value="yswitch"/>
    </Properties>
  </Object>
  <Object name="Spout6">
    <AbsoluteLocation value="-19.387421 -22.474522"/>
    <Properties>
      <Property name="Angle" value="180.342"/>
      <Property name="Filename" value="/Objects/shower_head.hs"/>
      <Property name="FluidType" value="Water"/>
      <Property name="NumberParticles" value="0"/>
      <Property name="ParticleSpeed" value="20"/>
      <Property name="Type" value="spout"/>
    </Properties>
  </Object>
  <Object name="Spout5">
    <AbsoluteLocation value="-6.719699 -8.165607"/>
    <Properties>
      <Property name="Angle" value="89.4113"/>
      <Property name="Filename" value="/Objects/shower_head.hs"/>
      <Property name="FluidType" value="Water"/>
      <Property name="NumberParticles" value="0"/>
      <Property name="ParticleSpeed" value="20"/>
      <Property name="Type" value="spout"/>
    </Properties>
  </Object>
  <Object name="Spout37">
    <AbsoluteLocation value="-5.593591 -30.138155"/>
    <Properties>
      <Property name="Angle" value="102.037"/>
      <Property name="Filename" value="/Objects/shower_head.hs"/>
      <Property name="FluidType" value="Water"/>
      <Property name="NumberParticles" value="0"/>
      <Property name="ParticleSpeed" value="20"/>
      <Property name="Type" value="spout"/>
    </Properties>
  </Object>
  <Object name="Spout38">
    <AbsoluteLocation value="5.529716 -30.034409"/>
    <Properties>
      <Property name="Angle" value="95.9897"/>
      <Property name="Filename" value="/Objects/shower_head.hs"/>
      <Property name="FluidType" value="Water"/>
      <Property name="NumberParticles" value="0"/>
      <Property name="ParticleSpeed" value="20"/>
      <Property name="ParticlesPerSecond" value="10"/>
      <Property name="Type" value="spout"/>
    </Properties>
  </Object>
  <Object name="Spout73">
    <AbsoluteLocation value="25.312490 52.151405"/>
    <Properties>
      <Property name="Angle" value="99.2015"/>
      <Property name="ConnectedSpout0" value="YSwitch72"/>
      <Property name="ConnectedSpoutProbability0" value="1"/>
      <Property name="Filename" value="/Objects/basic_drain.hs"/>
      <Property name="Type" value="spout"/>
    </Properties>
  </Object>
  <Object name="Spout74">
    <AbsoluteLocation value="9.466715 24.517624"/>
    <Properties>
      <Property name="Angle" value="1.1197"/>
      <Property name="ConnectedSpout0" value="Spout1"/>
      <Property name="ConnectedSpoutProbability0" value="1"/>
      <Property name="Filename" value="/Objects/basic_drain.hs"/>
      <Property name="Type" value="spout"/>
    </Properties>
  </Object>
  <Object name="Spout75">
    <AbsoluteLocation value="17.661480 24.862942"/>
    <Properties>
      <Property name="Angle" value="1.43394"/>
      <Property name="ConnectedSpout0" value="Spout1"/>
      <Property name="ConnectedSpoutProbability0" value="1"/>
      <Property name="Filename" value="/Objects/basic_drain.hs"/>
      <Property name="Type" value="spout"/>
    </Properties>
  </Object>
  <Object name="Spout78">
    <AbsoluteLocation value="17.862766 -7.184065"/>
    <Properties>
      <Property name="Angle" value="-1.4371"/>
      <Property name="ConnectedSpout0" value="Spout1"/>
      <Property name="ConnectedSpoutProbability0" value="1"/>
      <Property name="Filename" value="/Objects/basic_drain.hs"/>
      <Property name="Type" value="spout"/>
    </Properties>
  </Object>
  <Object name="Spout80">
    <AbsoluteLocation value="9.506243 -7.162939"/>
    <Properties>
      <Property name="Angle" value="1.1197"/>
      <Property name="ConnectedSpout0" value="Spout1"/>
      <Property name="ConnectedSpoutProbability0" value="1"/>
      <Property name="Filename" value="/Objects/basic_drain.hs"/>
      <Property name="Type" value="spout"/>
    </Properties>
  </Object>
  <Object name="Object82">
    <AbsoluteLocation value="17.062590 -28.360203"/>
    <Properties>
      <Property name="Angle" value="-90.0562"/>
      <Property name="Filename" value="/Objects/pipe_elbow_2.hs"/>
    </Properties>
  </Object>
  <Object name="Spout83">
    <AbsoluteLocation value="9.431631 -25.456367"/>
    <Properties>
      <Property name="Angle" value="1.1197"/>
      <Property name="ConnectedSpout0" value="Spout1"/>
      <Property name="ConnectedSpoutProbability0" value="1"/>
      <Property name="Filename" value="/Objects/basic_drain.hs"/>
      <Property name="Type" value="spout"/>
    </Properties>
  </Object>
  <Object name="Spout85">
    <AbsoluteLocation value="17.788155 -25.477493"/>
    <Properties>
      <Property name="Angle" value="-1.4371"/>
      <Property name="ConnectedSpout0" value="Spout1"/>
      <Property name="ConnectedSpoutProbability0" value="1"/>
      <Property name="Filename" value="/Objects/basic_drain.hs"/>
      <Property name="Type" value="spout"/>
    </Properties>
  </Object>
  <Object name="Spout89">
    <AbsoluteLocation value="28.220564 18.123821"/>
    <Properties>
      <Property name="Angle" value="-2.53384"/>
      <Property name="ConnectedSpout0" value="YSwitch88"/>
      <Property name="ConnectedSpoutProbability0" value="1"/>
      <Property name="Filename" value="/Objects/basic_drain.hs"/>
      <Property name="Type" value="spout"/>
    </Properties>
  </Object>
  <Object name="Spout87">
    <AbsoluteLocation value="28.642693 1.520108"/>
    <Properties>
      <Property name="Angle" value="-95.1568"/>
      <Property name="Filename" value="/Objects/shower_head.hs"/>
      <Property name="FluidType" value="Water"/>
      <Property name="NumberParticles" value="0"/>
      <Property name="ParticleSpeed" value="20"/>
      <Property name="Type" value="spout"/>
    </Properties>
  </Object>
  <Object name="Object92">
    <AbsoluteLocation value="-27.265287 2.081178"/>
    <Properties>
      <Property name="Angle" value="-90.1088"/>
      <Property name="Filename" value="/Objects/pipe_spout_base.hs"/>
    </Properties>
  </Object>
  <Object name="Object93">
    <AbsoluteLocation value="-28.265276 2.083068"/>
    <Properties>
      <Property name="Angle" value="89.8912"/>
      <Property name="Filename" value="/Objects/pipe_spout_base.hs"/>
    </Properties>
  </Object>
  <Object name="Object94">
    <AbsoluteLocation value="-27.320318 -22.791338"/>
    <Properties>
      <Property name="Angle" value="-89.5793"/>
      <Property name="Filename" value="/Objects/pipe_spout_base.hs"/>
    </Properties>
  </Object>
  <Object name="Object95">
    <AbsoluteLocation value="-28.320295 -22.798677"/>
    <Properties>
      <Property name="Angle" value="90.4207"/>
      <Property name="Filename" value="/Objects/pipe_spout_base.hs"/>
    </Properties>
  </Object>
  <Object name="Object102">
    <AbsoluteLocation value="-27.098566 -42.750877"/>
    <Properties>
      <Property name="Angle" value="179.868"/>
      <Property name="Filename" value="/Objects/pipe_elbow_1.hs"/>
    </Properties>
  </Object>
  <Object name="Object104">
    <AbsoluteLocation value="-15.959541 -43.560776"/>
    <Properties>
      <Property name="Angle" value="179.265"/>
      <Property name="Filename" value="/Objects/pipe_straight_long.hs"/>
    </Properties>
  </Object>
  <Object name="Object105">
    <AbsoluteLocation value="-22.245167 -43.473885"/>
    <Properties>
      <Property name="Angle" value="179.265"/>
      <Property name="Filename" value="/Objects/pipe_straight_long.hs"/>
    </Properties>
  </Object>
  <Object name="Spout1">
    <AbsoluteLocation value="-10.774155 -43.634796"/>
    <Properties>
      <Property name="Angle" value="360.873"/>
      <Property name="Filename" value="/Objects/shower_head.hs"/>
      <Property name="FluidType" value="Water"/>
      <Property name="NumberParticles" value="46"/>
      <Property name="ParticleSpeed" value="20"/>
      <Property name="Type" value="spout"/>
    </Properties>
  </Object>
  <Object name="Object108">
    <AbsoluteLocation value="13.169575 -10.701740"/>
    <Properties>
      <Property name="Angle" value="89.8912"/>
      <Property name="Filename" value="/Objects/pipe_spout_base.hs"/>
    </Properties>
  </Object>
  <Object name="Object109">
    <AbsoluteLocation value="14.169563 -10.703632"/>
    <Properties>
      <Property name="Angle" value="-90.1088"/>
      <Property name="Filename" value="/Objects/pipe_spout_base.hs"/>
    </Properties>
  </Object>
  <Object name="Object112">
    <AbsoluteLocation value="14.382607 20.532341"/>
    <Properties>
      <Property name="Angle" value="-90.1088"/>
      <Property name="Filename" value="/Objects/pipe_spout_base.hs"/>
    </Properties>
  </Object>
  <Object name="Object113">
    <AbsoluteLocation value="13.382618 20.534233"/>
    <Properties>
      <Property name="Angle" value="89.8912"/>
      <Property name="Filename" value="/Objects/pipe_spout_base.hs"/>
    </Properties>
  </Object>
  <Object name="Object115">
    <AbsoluteLocation value="13.711449 5.693037"/>
    <Properties>
      <Property name="Angle" value="90"/>
      <Property name="Filename" value="/Objects/pipe_straight_long.hs"/>
    </Properties>
  </Object>
  <Object name="Object117">
    <AbsoluteLocation value="13.711449 -3.806962"/>
    <Properties>
      <Property name="Angle" value="90"/>
      <Property name="Filename" value="/Objects/pipe_straight_long.hs"/>
    </Properties>
  </Object>
  <Object name="Object120">
    <AbsoluteLocation value="24.644012 26.584002"/>
    <Properties>
      <Property name="Angle" value="90.9187"/>
      <Property name="Filename" value="/Objects/pipe_elbow_1.hs"/>
    </Properties>
  </Object>
  <Object name="Object121">
    <AbsoluteLocation value="23.279434 15.958841"/>
    <Properties>
      <Property name="Angle" value="-90.0562"/>
      <Property name="Filename" value="/Objects/pipe_elbow_2.hs"/>
    </Properties>
  </Object>
  <Object name="Object122">
    <AbsoluteLocation value="18.175371 15.294449"/>
    <Properties>
      <Property name="Angle" value="-0.236741"/>
      <Property name="Filename" value="/Objects/pipe_straight_long.hs"/>
    </Properties>
  </Object>
  <Object name="Object123">
    <AbsoluteLocation value="14.127430 15.269615"/>
    <Properties>
      <Property name="Angle" value="-90.1088"/>
      <Property name="Filename" value="/Objects/pipe_spout_base.hs"/>
    </Properties>
  </Object>
  <Object name="Object124">
    <AbsoluteLocation value="13.127441 15.271507"/>
    <Properties>
      <Property name="Angle" value="89.8912"/>
      <Property name="Filename" value="/Objects/pipe_spout_base.hs"/>
    </Properties>
  </Object>
  <Object name="Object126">
    <AbsoluteLocation value="28.276453 27.245096"/>
    <Properties>
      <Property name="Angle" value="-0.211318"/>
      <Property name="Filename" value="/Objects/pipe_straight.hs"/>
    </Properties>
  </Object>
  <Object name="Object127">
    <AbsoluteLocation value="31.472614 27.898748"/>
    <Properties>
      <Property name="Angle" value="-90.0562"/>
      <Property name="Filename" value="/Objects/pipe_elbow_2.hs"/>
    </Properties>
  </Object>
  <Object name="Object130">
    <AbsoluteLocation value="32.154877 43.375843"/>
    <Properties>
      <Property name="Angle" value="90"/>
      <Property name="Filename" value="/Objects/pipe_straight_long.hs"/>
    </Properties>
  </Object>
  <Object name="Object131">
    <AbsoluteLocation value="32.171383 61.076096"/>
    <Properties>
      <Property name="Angle" value="90"/>
      <Property name="Filename" value="/Objects/pipe_straight_long.hs"/>
    </Properties>
  </Object>
  <Object name="Object132">
    <AbsoluteLocation value="32.154877 52.778744"/>
    <Properties>
      <Property name="Angle" value="90"/>
      <Property name="Filename" value="/Objects/pipe_straight_long.hs"/>
    </Properties>
  </Object>
  <Object name="Object133">
    <AbsoluteLocation value="32.154877 34.025303"/>
    <Properties>
      <Property name="Angle" value="90"/>
      <Property name="Filename" value="/Objects/pipe_straight_long.hs"/>
    </Properties>
  </Object>
  <Object name="Object134">
    <AbsoluteLocation value="31.532715 65.284592"/>
    <Properties>
      <Property name="Angle" value="-0.16004"/>
      <Property name="Filename" value="/Objects/pipe_elbow_2.hs"/>
    </Properties>
  </Object>
  <Object name="Ducky144">
    <AbsoluteLocation value="8.895321 -2.279800"/>
    <Properties>
      <Property name="Angle" value="0"/>
      <Property name="Filename" value="/Objects/star.hs"/>
      <Property name="Type" value="star"/>
    </Properties>
  </Object>
  <Object name="Ducky145">
    <AbsoluteLocation value="18.435452 -2.095238"/>
    <Properties>
      <Property name="Angle" value="0"/>
      <Property name="Filename" value="/Objects/star.hs"/>
      <Property name="Type" value="star"/>
    </Properties>
  </Object>
  <Object name="Ducky146">
    <AbsoluteLocation value="-10.587101 54.863697"/>
    <Properties>
      <Property name="Angle" value="0"/>
      <Property name="Filename" value="/Objects/star.hs"/>
      <Property name="Type" value="star"/>
    </Properties>
  </Object>
  <Object name="Spout147">
    <AbsoluteLocation value="20.290558 37.801826"/>
    <Properties>
      <Property name="Angle" value="16.1375"/>
      <Property name="ConnectedSpout0" value="Spout1"/>
      <Property name="ConnectedSpoutProbability0" value="1"/>
      <Property name="Filename" value="/Objects/basic_drain.hs"/>
      <Property name="Type" value="spout"/>
    </Properties>
  </Object>
  <Object name="Object144">
    <AbsoluteLocation value="25.736637 65.971832"/>
    <Properties>
      <Property name="Angle" value="179.848"/>
      <Property name="Filename" value="/Objects/pipe_straight_long.hs"/>
    </Properties>
  </Object>
  <Object name="Object145">
    <AbsoluteLocation value="16.236687 65.997009"/>
    <Properties>
      <Property name="Angle" value="179.848"/>
      <Property name="Filename" value="/Objects/pipe_straight_long.hs"/>
    </Properties>
  </Object>
  <Object name="Object146">
    <AbsoluteLocation value="6.833815 66.021957"/>
    <Properties>
      <Property name="Angle" value="179.848"/>
      <Property name="Filename" value="/Objects/pipe_straight_long.hs"/>
    </Properties>
  </Object>
  <Object name="Object148">
    <AbsoluteLocation value="-8.097734 65.471848"/>
    <Properties>
      <Property name="Angle" value="89.3237"/>
      <Property name="Filename" value="/Objects/pipe_elbow_2.hs"/>
    </Properties>
  </Object>
  <Object name="Object150">
    <AbsoluteLocation value="-0.008549 66.056030"/>
    <Properties>
      <Property name="Angle" value="-180.437"/>
      <Property name="Filename" value="/Objects/pipe_straight.hs"/>
    </Properties>
  </Object>
  <Object name="Object160">
    <AbsoluteLocation value="6.395168 21.415367"/>
    <Properties>
      <Property name="Angle" value="90"/>
      <Property name="Filename" value="/Objects/pipe_straight_long.hs"/>
    </Properties>
  </Object>
  <Object name="Object162">
    <AbsoluteLocation value="7.053696 16.084061"/>
    <Properties>
      <Property name="Angle" value="179.119"/>
      <Property name="Filename" value="/Objects/pipe_elbow_1.hs"/>
    </Properties>
  </Object>
  <Object name="Object167">
    <AbsoluteLocation value="6.395025 31.750683"/>
    <Properties>
      <Property name="Angle" value="0.869499"/>
      <Property name="Filename" value="/Objects/pipe_straight_short.hs"/>
    </Properties>
  </Object>
  <Object name="Spout68">
    <AbsoluteLocation value="9.364853 28.283140"/>
    <Properties>
      <Property name="Angle" value="-89.9544"/>
      <Property name="Filename" value="/Objects/shower_head.hs"/>
      <Property name="FluidType" value="Water"/>
      <Property name="NumberParticles" value="0"/>
      <Property name="ParticleSpeed" value="20"/>
      <Property name="Type" value="spout"/>
    </Properties>
  </Object>
  <Object name="Object169">
    <AbsoluteLocation value="-2.548019 37.858334"/>
    <Properties>
      <Property name="Angle" value="-288.425"/>
      <Property name="Filename" value="/Objects/pipe_straight_short.hs"/>
    </Properties>
  </Object>
  <Object name="Spout67">
    <AbsoluteLocation value="-1.362648 40.733593"/>
    <Properties>
      <Property name="Angle" value="62.212"/>
      <Property name="Filename" value="/Objects/shower_head.hs"/>
      <Property name="FluidType" value="Water"/>
      <Property name="NumberParticles" value="0"/>
      <Property name="ParticleSpeed" value="20"/>
      <Property name="Type" value="spout"/>
    </Properties>
  </Object>
  <Object name="Object171">
    <AbsoluteLocation value="-2.316139 14.521961"/>
    <Properties>
      <Property name="Angle" value="-280.182"/>
      <Property name="Filename" value="/Objects/pipe_straight_short.hs"/>
    </Properties>
  </Object>
  <Object name="Spout61">
    <AbsoluteLocation value="-2.083025 16.435122"/>
    <Properties>
      <Property name="Angle" value="90.0001"/>
      <Property name="Filename" value="/Objects/shower_head.hs"/>
      <Property name="FluidType" value="Water"/>
      <Property name="NumberParticles" value="0"/>
      <Property name="ParticleSpeed" value="20"/>
      <Property name="Type" value="spout"/>
    </Properties>
  </Object>
  <Object name="Object176">
    <AbsoluteLocation value="8.899889 -15.888947"/>
    <Properties>
      <Property name="Angle" value="0.497834"/>
      <Property name="Filename" value="/Objects/pipe_elbow_1.hs"/>
    </Properties>
  </Object>
  <Object name="Spout49">
    <AbsoluteLocation value="9.419319 -19.114943"/>
    <Properties>
      <Property name="Angle" value="-90.2728"/>
      <Property name="Filename" value="/Objects/shower_head.hs"/>
      <Property name="FluidType" value="Water"/>
      <Property name="NumberParticles" value="0"/>
      <Property name="ParticleSpeed" value="20"/>
      <Property name="Type" value="spout"/>
    </Properties>
  </Object>
  <Object name="Object178">
    <AbsoluteLocation value="18.085373 32.551895"/>
    <Properties>
      <Property name="Angle" value="96.0102"/>
      <Property name="Filename" value="/Objects/pipe_elbow_1.hs"/>
    </Properties>
  </Object>
  <Object name="Object179">
    <AbsoluteLocation value="20.323946 33.459003"/>
    <Properties>
      <Property name="Angle" value="6.13499"/>
      <Property name="Filename" value="/Objects/pipe_straight_short.hs"/>
    </Properties>
  </Object>
  <Object name="Spout71">
    <AbsoluteLocation value="17.577024 29.185890"/>
    <Properties>
      <Property name="Angle" value="-86.6446"/>
      <Property name="Filename" value="/Objects/shower_head.hs"/>
      <Property name="FluidType" value="Water"/>
      <Property name="NumberParticles" value="0"/>
      <Property name="ParticleSpeed" value="20"/>
      <Property name="Type" value="spout"/>
    </Properties>
  </Object>
  <Object name="Object185">
    <AbsoluteLocation value="28.647514 43.636818"/>
    <Properties>
      <Property name="Angle" value="83.6081"/>
      <Property name="Filename" value="/Objects/pipe_straight_long.hs"/>
    </Properties>
  </Object>
  <Object name="Object187">
    <AbsoluteLocation value="29.177029 48.776363"/>
    <Properties>
      <Property name="Angle" value="85.4805"/>
      <Property name="Filename" value="/Objects/pipe_straight_short.hs"/>
    </Properties>
  </Object>
  <Object name="Object183">
    <AbsoluteLocation value="29.717739 27.773430"/>
    <Properties>
      <Property name="Angle" value="79.2844"/>
      <Property name="Filename" value="/Objects/pipe_straight_short.hs"/>
    </Properties>
  </Object>
  <Object name="Spout69">
    <AbsoluteLocation value="28.982925 24.226578"/>
    <Properties>
      <Property name="Angle" value="-99.0787"/>
      <Property name="Filename" value="/Objects/shower_head.hs"/>
      <Property name="FluidType" value="Water"/>
      <Property name="NumberParticles" value="0"/>
      <Property name="ParticleSpeed" value="20"/>
      <Property name="Type" value="spout"/>
    </Properties>
  </Object>
  <Object name="Object182">
    <AbsoluteLocation value="30.014359 30.051601"/>
    <Properties>
      <Property name="Angle" value="-47.8568"/>
      <Property name="Filename" value="/Objects/pipe_bend_1.hs"/>
    </Properties>
  </Object>
  <Object name="Object190">
    <AbsoluteLocation value="18.209515 7.882572"/>
    <Properties>
      <Property name="Angle" value="90.2773"/>
      <Property name="Filename" value="/Objects/pipe_elbow_1.hs"/>
    </Properties>
  </Object>
  <Object name="Object191">
    <AbsoluteLocation value="20.527512 8.561535"/>
    <Properties>
      <Property name="Angle" value="0.402024"/>
      <Property name="Filename" value="/Objects/pipe_straight_short.hs"/>
    </Properties>
  </Object>
  <Object name="Spout86">
    <AbsoluteLocation value="17.521912 2.795373"/>
    <Properties>
      <Property name="Angle" value="-89.9791"/>
      <Property name="Filename" value="/Objects/shower_head.hs"/>
      <Property name="FluidType" value="Water"/>
      <Property name="NumberParticles" value="0"/>
      <Property name="ParticleSpeed" value="20"/>
      <Property name="Type" value="spout"/>
    </Properties>
  </Object>
  <Object name="YSwitch88">
    <AbsoluteLocation value="25.946562 10.088039"/>
    <Properties>
      <Property name="Angle" value="-741.784"/>
      <Property name="ConnectedSpout0" value="Spout86"/>
      <Property name="ConnectedSpout1" value="Spout87"/>
      <Property name="ConnectedSpoutProbability0" value="0.5"/>
      <Property name="ConnectedSpoutProbability1" value="0.5"/>
      <Property name="Filename" value="/Objects/pipe_y_switch_toggle.hs"/>
      <Property name="FirstRightSpout" value="1"/>
      <Property name="Type" value="yswitch"/>
    </Properties>
  </Object>
  <Object name="Object192">
    <AbsoluteLocation value="29.637993 -19.741211"/>
    <Properties>
      <Property name="Angle" value="-62.6716"/>
      <Property name="Filename" value="/Objects/pipe_bend_1.hs"/>
    </Properties>
  </Object>
  <Object name="Object193">
    <AbsoluteLocation value="27.375481 -9.687740"/>
    <Properties>
      <Property name="Angle" value="-79.8162"/>
      <Property name="Filename" value="/Objects/pipe_bend_1.hs"/>
    </Properties>
  </Object>
  <Object name="Spout93">
    <AbsoluteLocation value="27.868557 -6.462478"/>
    <Properties>
      <Property name="Angle" value="-2.53384"/>
      <Property name="ConnectedSpout0" value="YSwitch92"/>
      <Property name="ConnectedSpoutProbability0" value="1"/>
      <Property name="Filename" value="/Objects/basic_drain.hs"/>
      <Property name="Type" value="spout"/>
    </Properties>
  </Object>
  <Object name="Spout91">
    <AbsoluteLocation value="29.261986 -22.655682"/>
    <Properties>
      <Property name="Angle" value="-88.6108"/>
      <Property name="Filename" value="/Objects/shower_head.hs"/>
      <Property name="FluidType" value="Water"/>
      <Property name="NumberParticles" value="0"/>
      <Property name="ParticleSpeed" value="20"/>
      <Property name="Type" value="spout"/>
    </Properties>
  </Object>
  <Object name="Object194">
    <AbsoluteLocation value="18.042618 -17.483852"/>
    <Properties>
      <Property name="Angle" value="90.2773"/>
      <Property name="Filename" value="/Objects/pipe_elbow_1.hs"/>
    </Properties>
  </Object>
  <Object name="Object195">
    <AbsoluteLocation value="20.360615 -16.804890"/>
    <Properties>
      <Property name="Angle" value="0.402024"/>
      <Property name="Filename" value="/Objects/pipe_straight_short.hs"/>
    </Properties>
  </Object>
  <Object name="Spout90">
    <AbsoluteLocation value="17.284082 -20.452707"/>
    <Properties>
      <Property name="Angle" value="-80.3163"/>
      <Property name="Filename" value="/Objects/shower_head.hs"/>
      <Property name="FluidType" value="Water"/>
      <Property name="NumberParticles" value="0"/>
      <Property name="ParticleSpeed" value="20"/>
      <Property name="Type" value="spout"/>
    </Properties>
  </Object>
  <Object name="Object180">
    <AbsoluteLocation value="-2.370906 -43.189484"/>
    <Properties>
      <Property name="Angle" value="-126.688"/>
      <Property name="Filename" value="/Objects/pipe_bend_2.hs"/>
    </Properties>
  </Object>
  <Object name="Object181">
    <AbsoluteLocation value="-0.990356 -41.167492"/>
    <Properties>
      <Property name="Angle" value="-112.517"/>
      <Property name="Filename" value="/Objects/pipe_straight_short.hs"/>
    </Properties>
  </Object>
  <Object name="YSwitch43">
    <AbsoluteLocation value="-0.203607 -36.490391"/>
    <Properties>
      <Property name="Angle" value="171.148"/>
      <Property name="ConnectedSpout0" value="Spout38"/>
      <Property name="ConnectedSpout1" value="Spout37"/>
      <Property name="ConnectedSpoutProbability0" value="0.5"/>
      <Property name="ConnectedSpoutProbability1" value="0.5"/>
      <Property name="Filename" value="/Objects/pipe_y_switch_toggle.hs"/>
      <Property name="FirstRightSpout" value="1"/>
      <Property name="Type" value="yswitch"/>
    </Properties>
  </Object>
  <Object name="Spout41">
    <AbsoluteLocation value="-5.246308 -43.182480"/>
    <Properties>
      <Property name="Angle" value="89.8037"/>
      <Property name="ConnectedSpout0" value="YSwitch43"/>
      <Property name="ConnectedSpoutProbability0" value="1"/>
      <Property name="Filename" value="/Objects/basic_drain.hs"/>
      <Property name="Type" value="spout"/>
    </Properties>
  </Object>
  <Object name="Object184">
    <AbsoluteLocation value="-6.555921 -48.253639"/>
    <Properties>
      <Property name="Angle" value="-0.613686"/>
      <Property name="Filename" value="/Objects/pipe_straight_long.hs"/>
    </Properties>
  </Object>
  <Object name="Object196">
    <AbsoluteLocation value="-12.841713 -48.180130"/>
    <Properties>
      <Property name="Angle" value="-0.613686"/>
      <Property name="Filename" value="/Objects/pipe_straight_long.hs"/>
    </Properties>
  </Object>
  <Object name="Object197">
    <AbsoluteLocation value="7.486449 -39.531677"/>
    <Properties>
      <Property name="Angle" value="46.7577"/>
      <Property name="Filename" value="/Objects/pipe_straight_long.hs"/>
    </Properties>
  </Object>
  <Object name="Object198">
    <AbsoluteLocation value="3.175288 -44.106659"/>
    <Properties>
      <Property name="Angle" value="46.7577"/>
      <Property name="Filename" value="/Objects/pipe_straight_long.hs"/>
    </Properties>
  </Object>
  <Object name="Object202">
    <AbsoluteLocation value="-1.043715 -48.183960"/>
    <Properties>
      <Property name="Angle" value="-132.09"/>
      <Property name="Filename" value="/Objects/pipe_bend_1.hs"/>
    </Properties>
  </Object>
  <Object name="Object204">
    <AbsoluteLocation value="11.581493 -35.107895"/>
    <Properties>
      <Property name="Angle" value="49.1035"/>
      <Property name="Filename" value="/Objects/pipe_straight_short.hs"/>
    </Properties>
  </Object>
  <Object name="Object205">
    <AbsoluteLocation value="12.933697 -32.620792"/>
    <Properties>
      <Property name="Angle" value="70.8992"/>
      <Property name="Filename" value="/Objects/pipe_straight_short.hs"/>
    </Properties>
  </Object>
  <Object name="Object206">
    <AbsoluteLocation value="13.510475 -29.698702"/>
    <Properties>
      <Property name="Angle" value="85.5678"/>
      <Property name="Filename" value="/Objects/pipe_straight_short.hs"/>
    </Properties>
  </Object>
  <Object name="Object110">
    <AbsoluteLocation value="14.091808 -28.818588"/>
    <Properties>
      <Property name="Angle" value="-90.1088"/>
      <Property name="Filename" value="/Objects/pipe_spout_base.hs"/>
    </Properties>
  </Object>
  <Object name="Object111">
    <AbsoluteLocation value="13.091820 -28.816696"/>
    <Properties>
      <Property name="Angle" value="89.8912"/>
      <Property name="Filename" value="/Objects/pipe_spout_base.hs"/>
    </Properties>
  </Object>
  <Object name="Object207">
    <AbsoluteLocation value="-18.626234 -47.472614"/>
    <Properties>
      <Property name="Angle" value="-180.152"/>
      <Property name="Filename" value="/Objects/pipe_elbow_2.hs"/>
    </Properties>
  </Object>
  <Object name="Object210">
    <AbsoluteLocation value="-19.263149 -45.454548"/>
    <Properties>
      <Property name="Angle" value="270.473"/>
      <Property name="Filename" value="/Objects/pipe_straight_short.hs"/>
    </Properties>
  </Object>
  <Object name="Object208">
    <AbsoluteLocation value="-18.743141 -43.683292"/>
    <Properties>
      <Property name="Angle" value="-90.1088"/>
      <Property name="Filename" value="/Objects/pipe_spout_base.hs"/>
    </Properties>
  </Object>
  <Object name="Object209">
    <AbsoluteLocation value="-19.743130 -43.681400"/>
    <Properties>
      <Property name="Angle" value="89.8912"/>
      <Property name="Filename" value="/Objects/pipe_spout_base.hs"/>
    </Properties>
  </Object>
  <Object name="Object203">
    <AbsoluteLocation value="-19.224707 36.051956"/>
    <Properties>
      <Property name="Angle" value="-0.220669"/>
      <Property name="Filename" value="/Objects/pipe_straight_long.hs"/>
    </Properties>
  </Object>
  <Object name="Object213">
    <AbsoluteLocation value="-24.846207 36.732006"/>
    <Properties>
      <Property name="Angle" value="-180.152"/>
      <Property name="Filename" value="/Objects/pipe_elbow_2.hs"/>
    </Properties>
  </Object>
  <Object name="Spout29">
    <AbsoluteLocation value="-20.442356 42.866249"/>
    <Properties>
      <Property name="Angle" value="19.6586"/>
      <Property name="Filename" value="/Objects/shower_head.hs"/>
      <Property name="FluidType" value="Water"/>
      <Property name="NumberParticles" value="0"/>
      <Property name="ParticleSpeed" value="40"/>
      <Property name="Type" value="spout"/>
    </Properties>
  </Object>
  <Object name="Object215">
    <AbsoluteLocation value="-24.820684 41.703552"/>
    <Properties>
      <Property name="Angle" value="-269.13"/>
      <Property name="Filename" value="/Objects/pipe_elbow_2.hs"/>
    </Properties>
  </Object>
  <Object name="Object211">
    <AbsoluteLocation value="18.813648 -38.998272"/>
    <Properties>
      <Property name="Angle" value="-89.3887"/>
      <Property name="Filename" value="/Objects/pipe_connector_end.hs"/>
    </Properties>
  </Object>
  <Object name="Object216">
    <AbsoluteLocation value="22.138668 -36.535030"/>
    <Properties>
      <Property name="Angle" value="1.2969"/>
      <Property name="Filename" value="/Objects/pipe_elbow_1.hs"/>
    </Properties>
  </Object>
  <Object name="Object219">
    <AbsoluteLocation value="23.517597 -38.306221"/>
    <Properties>
      <Property name="Angle" value="-180.396"/>
      <Property name="Filename" value="/Objects/pipe_elbow_2.hs"/>
    </Properties>
  </Object>
  <Object name="Object218">
    <AbsoluteLocation value="-3.830128 66.082993"/>
    <Properties>
      <Property name="Angle" value="-180.437"/>
      <Property name="Filename" value="/Objects/pipe_straight.hs"/>
    </Properties>
  </Object>
  <Object name="Object222">
    <AbsoluteLocation value="-8.756542 63.910156"/>
    <Properties>
      <Property name="Angle" value="-450.789"/>
      <Property name="Filename" value="/Objects/pipe_straight_short.hs"/>
    </Properties>
  </Object>
  <Object name="Spout135">
    <AbsoluteLocation value="-8.908489 61.416058"/>
    <Properties>
      <Property name="Angle" value="180.501"/>
      <Property name="ConnectedSpout0" value="Spout1"/>
      <Property name="ConnectedSpoutProbability0" value="1"/>
      <Property name="Filename" value="/Objects/basic_drain.hs"/>
      <Property name="Type" value="spout"/>
    </Properties>
  </Object>
  <Object name="Object223">
    <AbsoluteLocation value="18.174690 53.555561"/>
    <Properties>
      <Property name="Angle" value="52.7764"/>
      <Property name="Filename" value="/Objects/wall_8x8.hs"/>
      <Property name="MotorMoveSpeed" value="10"/>
      <Property name="PathPos0" value="0 0"/>
      <Property name="PathPos1" value="0 10"/>
    </Properties>
  </Object>
  <Object name="YSwitch54">
    <AbsoluteLocation value="0.794356 -16.132872"/>
    <Properties>
      <Property name="Angle" value="-206.417"/>
      <Property name="ConnectedSpout0" value="Spout49"/>
      <Property name="ConnectedSpout1" value="Spout48"/>
      <Property name="ConnectedSpoutProbability0" value="0.5"/>
      <Property name="ConnectedSpoutProbability1" value="0.5"/>
      <Property name="Filename" value="/Objects/pipe_y_switch_toggle.hs"/>
      <Property name="FirstRightSpout" value="1"/>
      <Property name="Type" value="yswitch"/>
      <Property name="YSwitchPosition" value="0"/>
    </Properties>
  </Object>
  <Object name="YSwitch69">
    <AbsoluteLocation value="-0.039779 30.428505"/>
    <Properties>
      <Property name="Angle" value="-563.586"/>
      <Property name="ConnectedSpout0" value="Spout68"/>
      <Property name="ConnectedSpout1" value="Spout67"/>
      <Property name="ConnectedSpoutProbability0" value="0.5"/>
      <Property name="ConnectedSpoutProbability1" value="0.5"/>
      <Property name="Filename" value="/Objects/pipe_y_switch_toggle.hs"/>
      <Property name="FirstRightSpout" value="1"/>
      <Property name="Type" value="yswitch"/>
      <Property name="YSwitchPosition" value="0"/>
    </Properties>
  </Object>
  <Object name="YSwitch72">
    <AbsoluteLocation value="26.850489 35.434052"/>
    <Properties>
      <Property name="Angle" value="-740.043"/>
      <Property name="ConnectedSpout0" value="Spout71"/>
      <Property name="ConnectedSpout1" value="Spout69"/>
      <Property name="ConnectedSpoutProbability0" value="0.5"/>
      <Property name="ConnectedSpoutProbability1" value="0.5"/>
      <Property name="Filename" value="/Objects/pipe_y_switch_toggle.hs"/>
      <Property name="FirstRightSpout" value="1"/>
      <Property name="Type" value="yswitch"/>
      <Property name="YSwitchPosition" value="0"/>
    </Properties>
  </Object>
  <Object name="YSwitch92">
    <AbsoluteLocation value="26.319445 -14.497578"/>
    <Properties>
      <Property name="Angle" value="-730.721"/>
      <Property name="ConnectedSpout0" value="Spout90"/>
      <Property name="ConnectedSpout1" value="Spout91"/>
      <Property name="ConnectedSpoutProbability0" value="0.5"/>
      <Property name="ConnectedSpoutProbability1" value="0.5"/>
      <Property name="Filename" value="/Objects/pipe_y_switch_toggle.hs"/>
      <Property name="FirstRightSpout" value="1"/>
      <Property name="Type" value="yswitch"/>
      <Property name="YSwitchPosition" value="0"/>
    </Properties>
  </Object>
  <Object name="Object225">
    <AbsoluteLocation value="18.210716 54.281868"/>
    <Properties>
      <Property name="Angle" value="0"/>
      <Property name="Filename" value="/Objects/path_vertical_locking_end_bottom.hs"/>
    </Properties>
  </Object>
  <Object name="Object226">
    <AbsoluteLocation value="18.210712 59.149242"/>
    <Properties>
      <Property name="Angle" value="0"/>
      <Property name="Filename" value="/Objects/path_vertical_locking_end_top.hs"/>
    </Properties>
  </Object>
  <Object name="Object214">
    <AbsoluteLocation value="-25.491259 38.796604"/>
    <Properties>
      <Property name="Angle" value="-90.3401"/>
      <Property name="Filename" value="/Objects/pipe_straight_short.hs"/>
    </Properties>
  </Object>
  <Object name="Ducky229">
    <AbsoluteLocation value="-23.187496 26.375000"/>
    <Properties>
      <Property name="Angle" value="0"/>
      <Property name="Filename" value="/Objects/star_baby.hs"/>
      <Property name="StarType" value="baby"/>
      <Property name="Type" value="star"/>
    </Properties>
  </Object>
  <Object name="Ducky213">
    <AbsoluteLocation value="9.281250 25.406250"/>
    <Properties>
      <Property name="Angle" value="0"/>
      <Property name="Filename" value="/Objects/star_baby.hs"/>
      <Property name="StarType" value="baby"/>
      <Property name="Type" value="star"/>
    </Properties>
  </Object>
  <Object name="Ducky212">
    <AbsoluteLocation value="17.468750 26.125000"/>
    <Properties>
      <Property name="Angle" value="0"/>
      <Property name="Filename" value="/Objects/star_baby.hs"/>
      <Property name="StarType" value="baby"/>
      <Property name="Type" value="star"/>
    </Properties>
  </Object>
  <Object name="Ducky216">
    <AbsoluteLocation value="-1.968750 20.531250"/>
    <Properties>
      <Property name="Angle" value="0"/>
      <Property name="Filename" value="/Objects/star_baby.hs"/>
      <Property name="StarType" value="baby"/>
      <Property name="Type" value="star"/>
    </Properties>
  </Object>
  <Object name="Ducky217">
    <AbsoluteLocation value="-23.062504 2.156250"/>
    <Properties>
      <Property name="Angle" value="0"/>
      <Property name="Filename" value="/Objects/star_baby.hs"/>
      <Property name="StarType" value="baby"/>
      <Property name="Type" value="star"/>
    </Properties>
  </Object>
  <Object name="Ducky218">
    <AbsoluteLocation value="-6.781250 -3.718750"/>
    <Properties>
      <Property name="Angle" value="0"/>
      <Property name="Filename" value="/Objects/star_baby.hs"/>
      <Property name="StarType" value="baby"/>
      <Property name="Type" value="star"/>
    </Properties>
  </Object>
  <Object name="Ducky220">
    <AbsoluteLocation value="8.906250 -2.531250"/>
    <Properties>
      <Property name="Angle" value="0"/>
      <Property name="Filename" value="/Objects/star_baby.hs"/>
      <Property name="StarType" value="baby"/>
      <Property name="Type" value="star"/>
    </Properties>
  </Object>
  <Object name="Ducky221">
    <AbsoluteLocation value="18.156250 -2.031250"/>
    <Properties>
      <Property name="Angle" value="0"/>
      <Property name="Filename" value="/Objects/star_baby.hs"/>
      <Property name="StarType" value="baby"/>
      <Property name="Type" value="star"/>
    </Properties>
  </Object>
  <Object name="Ducky225">
    <AbsoluteLocation value="9.218750 -23.093750"/>
    <Properties>
      <Property name="Angle" value="0"/>
      <Property name="Filename" value="/Objects/star_baby.hs"/>
      <Property name="StarType" value="baby"/>
      <Property name="Type" value="star"/>
    </Properties>
  </Object>
  <Object name="Ducky224">
    <AbsoluteLocation value="17.781250 -24.250000"/>
    <Properties>
      <Property name="Angle" value="0"/>
      <Property name="Filename" value="/Objects/star_baby.hs"/>
      <Property name="StarType" value="baby"/>
      <Property name="Type" value="star"/>
    </Properties>
  </Object>
  <Properties>
    <Property name="ShowTopEdge" value="1"/>
  </Properties>
  <Room>
    <AbsoluteLocation value="18.800001 -53.200005"/>
  </Room>
  <Properties>
    <Property name="HeavyIntro" value="1"/>
  </Properties>
</Objects>

