<?xml version="1.0"?>
<Objects>
  <Object name="Object49">
    <AbsoluteLocation value="26.683111 37.479607"/>
    <Properties>
      <Property name="Angle" value="-25.2885"/>
      <Property name="Filename" value="/Objects/pipe_elbow_1.hs"/>
    </Properties>
  </Object>
  <Object name="Object58">
    <AbsoluteLocation value="-10.415255 23.446123"/>
    <Properties>
      <Property name="Angle" value="38.9782"/>
      <Property name="Filename" value="/Objects/pipe_straight.hs"/>
    </Properties>
  </Object>
  <Object name="Object68">
    <AbsoluteLocation value="8.835244 41.096046"/>
    <Properties>
      <Property name="Angle" value="-46.1437"/>
      <Property name="Filename" value="/Objects/pipe_straight.hs"/>
    </Properties>
  </Object>
  <Object name="Object11">
    <AbsoluteLocation value="8.747047 9.794792"/>
    <Properties>
      <Property name="Angle" value="90"/>
      <Property name="Filename" value="/Objects/wall_16x8_blue.hs"/>
      <Property name="MotorMoveSpeed" value="4"/>
      <Property name="PathPos0" value="0 0"/>
      <Property name="PathPos1" value="0 -14"/>
    </Properties>
  </Object>
  <Object name="Object15">
    <AbsoluteLocation value="8.688377 -21.056183"/>
    <Properties>
      <Property name="Angle" value="-90"/>
      <Property name="Filename" value="/Objects/wall_24x8_pivot_green.hs"/>
      <Property name="MotorMoveSpeed" value="4"/>
      <Property name="PathPos0" value="0 0"/>
      <Property name="PathPos1" value="0 13.5"/>
    </Properties>
  </Object>
  <Object name="Object64">
    <AbsoluteLocation value="35.216743 9.847454"/>
    <Properties>
      <Property name="Angle" value="390.302"/>
      <Property name="Filename" value="/Objects/pipe_straight_long.hs"/>
    </Properties>
  </Object>
  <Object name="Object43">
    <AbsoluteLocation value="13.810449 38.552422"/>
    <Properties>
      <Property name="Angle" value="-0.31447"/>
      <Property name="Filename" value="/Objects/pipe_straight_short.hs"/>
    </Properties>
  </Object>
  <Object name="Object34">
    <AbsoluteLocation value="23.588478 7.221903"/>
    <Properties>
      <Property name="Angle" value="88.684"/>
      <Property name="Filename" value="/Objects/pipe_straight_short.hs"/>
    </Properties>
  </Object>
  <Object name="Spout4">
    <AbsoluteLocation value="26.424528 35.268539"/>
    <Properties>
      <Property name="Angle" value="157.39"/>
      <Property name="ConnectedSpout0" value="SWAMPY_SPOUT"/>
      <Property name="ConnectedSpoutProbability0" value="1"/>
      <Property name="Filename" value="/Objects/broken_pipe.hs"/>
      <Property name="Type" value="spout"/>
    </Properties>
  </Object>
  <Object name="Switch6">
    <AbsoluteLocation value="20.862564 -20.802725"/>
    <Properties>
      <Property name="Angle" value="44.8404"/>
      <Property name="ConnectedObject0" value="Fan5"/>
      <Property name="ConnectedObject1" value="Fan7"/>
      <Property name="ConnectedObject2" value="Fan9"/>
      <Property name="Filename" value="/Objects/switch_momentary.hs"/>
      <Property name="Type" value="switch"/>
    </Properties>
  </Object>
  <Object name="Object8">
    <AbsoluteLocation value="17.593334 -6.936497"/>
    <Properties>
      <Property name="Angle" value="-90"/>
      <Property name="Filename" value="/Objects/wall_24x8_locking_pivot.hs"/>
      <Property name="PinMaxAngle" value="45"/>
      <Property name="PinMinAngle" value="0"/>
      <Property name="PinOffset" value="0 8"/>
    </Properties>
  </Object>
  <Object name="Spout9">
    <AbsoluteLocation value="23.420681 3.546835"/>
    <Properties>
      <Property name="Angle" value="-89.0313"/>
      <Property name="Filename" value="/Objects/shower_head.hs"/>
      <Property name="FluidType" value="Water"/>
      <Property name="Type" value="spout"/>
    </Properties>
  </Object>
  <Object name="Ducky11">
    <AbsoluteLocation value="15.461784 -35.922871"/>
    <Properties>
      <Property name="Angle" value="0"/>
      <Property name="Filename" value="/Objects/star.hs"/>
      <Property name="Type" value="star"/>
    </Properties>
  </Object>
  <Object name="Ducky13">
    <AbsoluteLocation value="6.569084 37.518597"/>
    <Properties>
      <Property name="Angle" value="0"/>
      <Property name="Filename" value="/Objects/star.hs"/>
      <Property name="Type" value="star"/>
    </Properties>
  </Object>
  <Object name="Ducky14">
    <AbsoluteLocation value="14.466906 14.481693"/>
    <Properties>
      <Property name="Angle" value="0"/>
      <Property name="Filename" value="/Objects/star.hs"/>
      <Property name="Type" value="star"/>
    </Properties>
  </Object>
  <Object name="Object31">
    <AbsoluteLocation value="-10.720282 23.199533"/>
    <Properties>
      <Property name="Angle" value="-139.054"/>
      <Property name="Filename" value="/Objects/pipe_connector_end.hs"/>
    </Properties>
  </Object>
  <Object name="Object36">
    <AbsoluteLocation value="8.837330 -20.552567"/>
    <Properties>
      <Property name="Angle" value="0.369602"/>
      <Property name="Filename" value="/Objects/path_vertical_locking_end_bottom.hs"/>
    </Properties>
  </Object>
  <Object name="Object37">
    <AbsoluteLocation value="8.776811 -10.879515"/>
    <Properties>
      <Property name="Angle" value="-0.275916"/>
      <Property name="Filename" value="/Objects/path_vertical_locking_end_top.hs"/>
    </Properties>
  </Object>
  <Object name="Object38">
    <AbsoluteLocation value="8.797280 -15.766668"/>
    <Properties>
      <Property name="Angle" value="90.24"/>
      <Property name="Filename" value="/Objects/path_locking_mid.hs"/>
    </Properties>
  </Object>
  <Object name="Object39">
    <AbsoluteLocation value="8.695820 8.776481"/>
    <Properties>
      <Property name="Angle" value="-0.275916"/>
      <Property name="Filename" value="/Objects/path_vertical_locking_end_top.hs"/>
    </Properties>
  </Object>
  <Object name="Object40">
    <AbsoluteLocation value="8.716288 3.889328"/>
    <Properties>
      <Property name="Angle" value="90.24"/>
      <Property name="Filename" value="/Objects/path_locking_mid.hs"/>
    </Properties>
  </Object>
  <Object name="Object41">
    <AbsoluteLocation value="8.736755 -0.997827"/>
    <Properties>
      <Property name="Angle" value="0.369602"/>
      <Property name="Filename" value="/Objects/path_vertical_locking_end_bottom.hs"/>
    </Properties>
  </Object>
  <Object name="Object42">
    <AbsoluteLocation value="28.823879 -5.698551"/>
    <Properties>
      <Property name="Angle" value="-27.9934"/>
      <Property name="Filename" value="/Objects/path_stopper.hs"/>
    </Properties>
  </Object>
  <Object name="Switch17">
    <AbsoluteLocation value="20.726711 -44.730938"/>
    <Properties>
      <Property name="Angle" value="0"/>
      <Property name="ConnectedObject0" value="Fan12"/>
      <Property name="Filename" value="/Objects/switch_brown.hs"/>
      <Property name="Type" value="switch"/>
    </Properties>
  </Object>
  <Object name="Switch16">
    <AbsoluteLocation value="22.103373 16.356310"/>
    <Properties>
      <Property name="Angle" value="90.089"/>
      <Property name="ConnectedObject0" value="Object15"/>
      <Property name="Filename" value="/Objects/switch_green.hs"/>
      <Property name="Type" value="switch"/>
    </Properties>
  </Object>
  <Object name="Switch10">
    <AbsoluteLocation value="-19.258974 -44.651371"/>
    <Properties>
      <Property name="Angle" value="0"/>
      <Property name="ConnectedObject0" value="Object11"/>
      <Property name="Filename" value="/Objects/switch_blue.hs"/>
      <Property name="Type" value="switch"/>
    </Properties>
  </Object>
  <Object name="Fan9">
    <AbsoluteLocation value="-2.363889 -39.422523"/>
    <Properties>
      <Property name="Angle" value="0"/>
      <Property name="Filename" value="/Objects/fan_16x8.hs"/>
      <Property name="Type" value="fan"/>
      <Property name="VacuumCenterOffsetA" value="0 7.5"/>
      <Property name="VacuumCenterOffsetB" value="0 -7.5"/>
      <Property name="VacuumMaxAngle" value="0"/>
      <Property name="VacuumMaxD" value="125"/>
      <Property name="VacuumMinAngle" value="0"/>
    </Properties>
  </Object>
  <Object name="Fan5">
    <AbsoluteLocation value="-25.000000 -32.400002"/>
    <Properties>
      <Property name="Angle" value="-90"/>
      <Property name="Filename" value="/Objects/fan_16x8.hs"/>
      <Property name="Type" value="fan"/>
      <Property name="VacuumMaxAngle" value="0"/>
      <Property name="VacuumMinAngle" value="0"/>
    </Properties>
  </Object>
  <Object name="Fan7">
    <AbsoluteLocation value="26.000004 -32.400002"/>
    <Properties>
      <Property name="Angle" value="-270"/>
      <Property name="Filename" value="/Objects/fan_16x8.hs"/>
      <Property name="Type" value="fan"/>
      <Property name="VacuumMaxAngle" value="0"/>
      <Property name="VacuumMaxD" value="32"/>
      <Property name="VacuumMinAngle" value="0"/>
    </Properties>
  </Object>
  <Object name="Object50">
    <AbsoluteLocation value="3.302188 40.451843"/>
    <Properties>
      <Property name="Angle" value="43.6735"/>
      <Property name="Filename" value="/Objects/pipe_straight_long.hs"/>
    </Properties>
  </Object>
  <Object name="Object35">
    <AbsoluteLocation value="0.144087 37.452496"/>
    <Properties>
      <Property name="Angle" value="223.853"/>
      <Property name="Filename" value="/Objects/pipe_into_wall_2.hs"/>
    </Properties>
  </Object>
  <Object name="Object59">
    <AbsoluteLocation value="-7.641771 25.673019"/>
    <Properties>
      <Property name="Angle" value="38.2978"/>
      <Property name="Filename" value="/Objects/pipe_into_wall_1.hs"/>
    </Properties>
  </Object>
  <Object name="Object60">
    <AbsoluteLocation value="24.321598 10.125542"/>
    <Properties>
      <Property name="Angle" value="88.9679"/>
      <Property name="Filename" value="/Objects/pipe_elbow_1.hs"/>
    </Properties>
  </Object>
  <Object name="Object61">
    <AbsoluteLocation value="26.615812 10.472460"/>
    <Properties>
      <Property name="Angle" value="-1.21384"/>
      <Property name="Filename" value="/Objects/pipe_bend_2.hs"/>
    </Properties>
  </Object>
  <Object name="Object62">
    <AbsoluteLocation value="27.980673 9.006762"/>
    <Properties>
      <Property name="Angle" value="-51.0425"/>
      <Property name="Filename" value="/Objects/pipe_straight_short.hs"/>
    </Properties>
  </Object>
  <Object name="Object63">
    <AbsoluteLocation value="30.062080 7.831299"/>
    <Properties>
      <Property name="Angle" value="-323.388"/>
      <Property name="Filename" value="/Objects/pipe_connector_90.hs"/>
    </Properties>
  </Object>
  <Object name="Fan12">
    <AbsoluteLocation value="-23.599998 34.000004"/>
    <Properties>
      <Property name="Angle" value="-90"/>
      <Property name="Filename" value="/Objects/fan_16x8_gear4.hs"/>
      <Property name="Type" value="fan"/>
      <Property name="VacuumCenterOffsetA" value="0 8"/>
      <Property name="VacuumCenterOffsetB" value="0 -7.9"/>
      <Property name="VacuumFriction" value="0.1"/>
      <Property name="VacuumMaxAngle" value="0"/>
      <Property name="VacuumMaxD" value="70"/>
      <Property name="VacuumMaxForce" value="40"/>
      <Property name="VacuumMinAngle" value="0.0"/>
    </Properties>
  </Object>
  <Object name="Object65">
    <AbsoluteLocation value="17.424286 37.132431"/>
    <Properties>
      <Property name="Angle" value="-45.5151"/>
      <Property name="Filename" value="/Objects/pipe_straight_short.hs"/>
    </Properties>
  </Object>
  <Object name="Object67">
    <AbsoluteLocation value="16.236246 38.276421"/>
    <Properties>
      <Property name="Angle" value="0.869735"/>
      <Property name="Filename" value="/Objects/pipe_bend_2.hs"/>
    </Properties>
  </Object>
  <Object name="Object69">
    <AbsoluteLocation value="11.162120 38.850304"/>
    <Properties>
      <Property name="Angle" value="-178.871"/>
      <Property name="Filename" value="/Objects/pipe_bend_1.hs"/>
    </Properties>
  </Object>
  <Object name="Object66">
    <AbsoluteLocation value="6.493287 42.595184"/>
    <Properties>
      <Property name="Angle" value="43.9912"/>
      <Property name="Filename" value="/Objects/pipe_elbow_1.hs"/>
    </Properties>
  </Object>
  <Object name="Object55">
    <AbsoluteLocation value="25.185589 38.802471"/>
    <Properties>
      <Property name="Angle" value="24.7896"/>
      <Property name="Filename" value="/Objects/pipe_bend_2.hs"/>
    </Properties>
  </Object>
  <Object name="Object56">
    <AbsoluteLocation value="23.525299 38.255871"/>
    <Properties>
      <Property name="Angle" value="76.0421"/>
      <Property name="Filename" value="/Objects/pipe_bend_2.hs"/>
    </Properties>
  </Object>
  <Object name="Object21">
    <AbsoluteLocation value="20.595713 36.195293"/>
    <Properties>
      <Property name="Angle" value="-303.103"/>
      <Property name="Filename" value="/Objects/pipe_connector_90.hs"/>
    </Properties>
  </Object>
  <Object name="Ducky46">
    <AbsoluteLocation value="-11.453125 36.862499"/>
    <Properties>
      <Property name="Angle" value="0"/>
      <Property name="Filename" value="/Objects/star_mega.hs"/>
      <Property name="StarType" value="mega"/>
      <Property name="Type" value="star"/>
    </Properties>
  </Object>
  <Room>
    <AbsoluteLocation value="-19.599998 12.799999"/>
  </Room>
</Objects>
