<?xml version="1.0"?>
<Objects>
  <Object name="Object70">
    <AbsoluteLocation value="-30.122793 -14.714631"/>
    <Properties>
      <Property name="Angle" value="87.4937"/>
      <Property name="Filename" value="/Objects/pipe_straight.hs"/>
    </Properties>
  </Object>
  <Object name="Object69">
    <AbsoluteLocation value="-29.633217 -11.144278"/>
    <Properties>
      <Property name="Angle" value="-85.888"/>
      <Property name="Filename" value="/Objects/pipe_bend_1.hs"/>
    </Properties>
  </Object>
  <Object name="Object61">
    <AbsoluteLocation value="-18.217623 -15.423693"/>
    <Properties>
      <Property name="Angle" value="89.8618"/>
      <Property name="Filename" value="/Objects/pipe_straight.hs"/>
    </Properties>
  </Object>
  <Object name="Object47">
    <AbsoluteLocation value="22.491674 -41.842632"/>
    <Properties>
      <Property name="Angle" value="-163.664"/>
      <Property name="Filename" value="/Objects/pipe_bend_1.hs"/>
    </Properties>
  </Object>
  <Object name="Object59">
    <AbsoluteLocation value="-11.430069 -20.189604"/>
    <Properties>
      <Property name="Angle" value="90.0981"/>
      <Property name="Filename" value="/Objects/pipe_straight.hs"/>
    </Properties>
  </Object>
  <Object name="Object55">
    <AbsoluteLocation value="4.219475 -19.799072"/>
    <Properties>
      <Property name="Angle" value="90.0981"/>
      <Property name="Filename" value="/Objects/pipe_straight.hs"/>
    </Properties>
  </Object>
  <Object name="Object53">
    <AbsoluteLocation value="-27.053045 -12.147997"/>
    <Properties>
      <Property name="Angle" value="29.8656"/>
      <Property name="Filename" value="/Objects/pipe_straight.hs"/>
    </Properties>
  </Object>
  <Object name="Object46">
    <AbsoluteLocation value="24.162861 -41.483994"/>
    <Properties>
      <Property name="Angle" value="-108.548"/>
      <Property name="Filename" value="/Objects/pipe_bend_1.hs"/>
    </Properties>
  </Object>
  <Object name="Object44">
    <AbsoluteLocation value="-28.216827 -42.133282"/>
    <Properties>
      <Property name="Angle" value="231.614"/>
      <Property name="Filename" value="/Objects/pipe_bend_2.hs"/>
    </Properties>
  </Object>
  <Object name="Object36">
    <AbsoluteLocation value="-29.728079 9.833135"/>
    <Properties>
      <Property name="Angle" value="96.3861"/>
      <Property name="Filename" value="/Objects/pipe_bend_2.hs"/>
    </Properties>
  </Object>
  <Object name="Object33">
    <AbsoluteLocation value="23.374098 -19.908079"/>
    <Properties>
      <Property name="Angle" value="0"/>
      <Property name="Filename" value="/Objects/pipe_straight_long.hs"/>
    </Properties>
  </Object>
  <Object name="Object26">
    <AbsoluteLocation value="29.842421 9.947472"/>
    <Properties>
      <Property name="Angle" value="-19.0453"/>
      <Property name="Filename" value="/Objects/pipe_bend_1.hs"/>
    </Properties>
  </Object>
  <Object name="Obj23">
    <AbsoluteLocation value="-3.577436 -50.960682"/>
    <Properties>
      <Property name="Angle" value="-91.0219"/>
      <Property name="Filename" value="/Objects/pipe_straight_long.hs"/>
    </Properties>
  </Object>
  <Object name="Obj14">
    <AbsoluteLocation value="-3.463892 -43.018017"/>
    <Properties>
      <Property name="Angle" value="-90.4423"/>
      <Property name="Filename" value="/Objects/pipe_straight.hs"/>
    </Properties>
  </Object>
  <Object name="Spout3">
    <AbsoluteLocation value="-3.599998 -36.200001"/>
    <Properties>
      <Property name="Angle" value="90"/>
      <Property name="Filename" value="/Objects/touch_spout.hs"/>
      <Property name="FluidType" value="Water"/>
      <Property name="OffsetVariation" value="1"/>
      <Property name="ParticleSpeed" value="60"/>
      <Property name="ParticlesPerSecond" value="20"/>
      <Property name="Type" value="spout"/>
    </Properties>
  </Object>
  <Object name="Spout5">
    <AbsoluteLocation value="-4.384332 69.971718"/>
    <Properties>
      <Property name="Angle" value="-178.177"/>
      <Property name="ConnectedSpout0" value="Spout8"/>
      <Property name="ConnectedSpoutProbability0" value="1"/>
      <Property name="Filename" value="/Objects/basic_drain.hs"/>
      <Property name="Type" value="spout"/>
    </Properties>
  </Object>
  <Object name="Spout6">
    <AbsoluteLocation value="-1.252561 69.901627"/>
    <Properties>
      <Property name="Angle" value="-178.177"/>
      <Property name="ConnectedSpout0" value="Spout8"/>
      <Property name="ConnectedSpoutProbability0" value="1"/>
      <Property name="Filename" value="/Objects/basic_drain.hs"/>
      <Property name="Type" value="spout"/>
    </Properties>
  </Object>
  <Object name="Spout7">
    <AbsoluteLocation value="-7.840994 69.678070"/>
    <Properties>
      <Property name="Angle" value="-178.177"/>
      <Property name="ConnectedSpout0" value="Spout8"/>
      <Property name="ConnectedSpoutProbability0" value="1"/>
      <Property name="Filename" value="/Objects/basic_drain.hs"/>
      <Property name="Type" value="spout"/>
    </Properties>
  </Object>
  <Object name="Spout8">
    <AbsoluteLocation value="-34.800003 97.800011"/>
    <Properties>
      <Property name="Angle" value="-181.164"/>
      <Property name="Filename" value="/Objects/shower_head.hs"/>
      <Property name="FluidType" value="Water"/>
      <Property name="NumberParticles" value="0"/>
      <Property name="ParticleSpeed" value="40"/>
      <Property name="ParticlesPerSecond" value="20"/>
      <Property name="Type" value="spout"/>
    </Properties>
  </Object>
  <Object name="Star9">
    <AbsoluteLocation value="-24.710184 33.178955"/>
    <Properties>
      <Property name="Angle" value="0"/>
      <Property name="Filename" value="/Objects/star.hs"/>
      <Property name="Type" value="star"/>
    </Properties>
  </Object>
  <Object name="Star10">
    <AbsoluteLocation value="-3.892718 -10.828953"/>
    <Properties>
      <Property name="Angle" value="0"/>
      <Property name="Filename" value="/Objects/star.hs"/>
      <Property name="Type" value="star"/>
    </Properties>
  </Object>
  <Object name="Star11">
    <AbsoluteLocation value="-4.614725 9.078154"/>
    <Properties>
      <Property name="Angle" value="0"/>
      <Property name="Filename" value="/Objects/star.hs"/>
      <Property name="Type" value="star"/>
    </Properties>
  </Object>
  <Object name="Spout13">
    <AbsoluteLocation value="-11.696095 69.835838"/>
    <Properties>
      <Property name="Angle" value="-178.177"/>
      <Property name="ConnectedSpout0" value="Spout8"/>
      <Property name="ConnectedSpoutProbability0" value="1"/>
      <Property name="Filename" value="/Objects/basic_drain.hs"/>
      <Property name="Type" value="spout"/>
    </Properties>
  </Object>
  <Object name="Obj15">
    <AbsoluteLocation value="24.610384 -36.076771"/>
    <Properties>
      <Property name="Angle" value="91.189"/>
      <Property name="Filename" value="/Objects/pipe_straight_long.hs"/>
    </Properties>
  </Object>
  <Object name="Obj16">
    <AbsoluteLocation value="24.445433 -27.157732"/>
    <Properties>
      <Property name="Angle" value="91.189"/>
      <Property name="Filename" value="/Objects/pipe_straight_long.hs"/>
    </Properties>
  </Object>
  <Object name="Obj17">
    <AbsoluteLocation value="24.245800 -18.311794"/>
    <Properties>
      <Property name="Angle" value="91.189"/>
      <Property name="Filename" value="/Objects/pipe_straight_long.hs"/>
    </Properties>
  </Object>
  <Object name="Obj21">
    <AbsoluteLocation value="24.212032 -14.612434"/>
    <Properties>
      <Property name="Angle" value="91.9041"/>
      <Property name="Filename" value="/Objects/pipe_connector_end.hs"/>
    </Properties>
  </Object>
  <Object name="Spout21">
    <AbsoluteLocation value="-27.930975 12.042770"/>
    <Properties>
      <Property name="Angle" value="-38.3288"/>
      <Property name="ConnectedSpout0" value="Spout23"/>
      <Property name="ConnectedSpoutProbability0" value="1"/>
      <Property name="Filename" value="/Objects/basic_drain.hs"/>
      <Property name="Type" value="spout"/>
    </Properties>
  </Object>
  <Object name="Spout22">
    <AbsoluteLocation value="27.783445 12.031383"/>
    <Properties>
      <Property name="Angle" value="44.0284"/>
      <Property name="ConnectedSpout0" value="Spout23"/>
      <Property name="ConnectedSpoutProbability0" value="1"/>
      <Property name="Filename" value="/Objects/basic_drain.hs"/>
      <Property name="Type" value="spout"/>
    </Properties>
  </Object>
  <Object name="Spout23">
    <AbsoluteLocation value="-25.859915 -40.297764"/>
    <Properties>
      <Property name="Angle" value="45.8574"/>
      <Property name="Filename" value="/Objects/shower_head.hs"/>
      <Property name="FluidType" value="Water"/>
      <Property name="NumberParticles" value="0"/>
      <Property name="ParticleSpeed" value="21"/>
      <Property name="Type" value="spout"/>
    </Properties>
  </Object>
  <Object name="Object24">
    <AbsoluteLocation value="-12.430806 15.010382"/>
    <Properties>
      <Property name="Angle" value="45.2651"/>
      <Property name="Filename" value="/Objects/wall_16x8.hs"/>
      <Property name="MotorMoveSpeed" value="1"/>
      <Property name="MotorOn" value="1"/>
      <Property name="MotorTurnSpeed0" value="44"/>
      <Property name="MotorTurnSpeed1" value="-44"/>
      <Property name="MotorWaitTime0" value="2"/>
      <Property name="MotorWaitTime1" value="3"/>
      <Property name="PathIsClosed" value="1"/>
      <Property name="PathPos0" value="0 0"/>
      <Property name="PathPos1" value="-1 0"/>
    </Properties>
  </Object>
  <Object name="Object25">
    <AbsoluteLocation value="5.393496 14.964056"/>
    <Properties>
      <Property name="Angle" value="135.45"/>
      <Property name="Filename" value="/Objects/wall_24x8_pivot.hs"/>
      <Property name="MotorMoveSpeed" value="1"/>
      <Property name="MotorOn" value="1"/>
      <Property name="MotorTurnSpeed0" value="-45.45"/>
      <Property name="MotorTurnSpeed1" value="45.45"/>
      <Property name="MotorWaitTime0" value="2"/>
      <Property name="MotorWaitTime1" value="3"/>
      <Property name="PathIsClosed" value="1"/>
      <Property name="PathPos0" value="0 0"/>
      <Property name="PathPos1" value="1 0"/>
    </Properties>
  </Object>
  <Object name="Object27">
    <AbsoluteLocation value="30.985806 6.288633"/>
    <Properties>
      <Property name="Angle" value="-256.526"/>
      <Property name="Filename" value="/Objects/pipe_straight.hs"/>
    </Properties>
  </Object>
  <Object name="Object28">
    <AbsoluteLocation value="32.013000 0.459213"/>
    <Properties>
      <Property name="Angle" value="-263.234"/>
      <Property name="Filename" value="/Objects/pipe_straight.hs"/>
    </Properties>
  </Object>
  <Object name="Object29">
    <AbsoluteLocation value="32.239815 -5.598885"/>
    <Properties>
      <Property name="Angle" value="-271.789"/>
      <Property name="Filename" value="/Objects/pipe_straight.hs"/>
    </Properties>
  </Object>
  <Object name="Object30">
    <AbsoluteLocation value="31.973892 -11.535919"/>
    <Properties>
      <Property name="Angle" value="-272.934"/>
      <Property name="Filename" value="/Objects/pipe_straight.hs"/>
    </Properties>
  </Object>
  <Object name="Object31">
    <AbsoluteLocation value="31.761667 -14.291637"/>
    <Properties>
      <Property name="Angle" value="-272.934"/>
      <Property name="Filename" value="/Objects/pipe_straight.hs"/>
    </Properties>
  </Object>
  <Object name="Object32">
    <AbsoluteLocation value="30.185432 -18.764694"/>
    <Properties>
      <Property name="Angle" value="87.5366"/>
      <Property name="Filename" value="/Objects/pipe_connector_90.hs"/>
    </Properties>
  </Object>
  <Object name="Object34">
    <AbsoluteLocation value="14.110798 -19.906225"/>
    <Properties>
      <Property name="Angle" value="0"/>
      <Property name="Filename" value="/Objects/pipe_straight_long.hs"/>
    </Properties>
  </Object>
  <Object name="Object40">
    <AbsoluteLocation value="-30.310921 -22.565477"/>
    <Properties>
      <Property name="Angle" value="89.3733"/>
      <Property name="Filename" value="/Objects/pipe_straight_long.hs"/>
    </Properties>
  </Object>
  <Object name="Object41">
    <AbsoluteLocation value="-30.427118 -32.001862"/>
    <Properties>
      <Property name="Angle" value="89.3733"/>
      <Property name="Filename" value="/Objects/pipe_straight_long.hs"/>
    </Properties>
  </Object>
  <Object name="Object43">
    <AbsoluteLocation value="-30.058674 -41.984966"/>
    <Properties>
      <Property name="Angle" value="-179.376"/>
      <Property name="Filename" value="/Objects/pipe_bend_2.hs"/>
    </Properties>
  </Object>
  <Object name="Object42">
    <AbsoluteLocation value="-30.449699 -38.556950"/>
    <Properties>
      <Property name="Angle" value="89.6588"/>
      <Property name="Filename" value="/Objects/pipe_straight.hs"/>
    </Properties>
  </Object>
  <Object name="Spout45">
    <AbsoluteLocation value="20.298811 -40.371593"/>
    <Properties>
      <Property name="Angle" value="48.7751"/>
      <Property name="ConnectedSpout0" value="SWAMPY_SPOUT"/>
      <Property name="ConnectedSpoutProbability0" value="1"/>
      <Property name="Filename" value="/Objects/broken_pipe.hs"/>
      <Property name="Type" value="spout"/>
    </Properties>
  </Object>
  <Object name="Object48">
    <AbsoluteLocation value="-29.301439 -12.990654"/>
    <Properties>
      <Property name="Angle" value="-89.4355"/>
      <Property name="Filename" value="/Objects/pipe_spout_base.hs"/>
    </Properties>
  </Object>
  <Object name="Object49">
    <AbsoluteLocation value="-30.675358 -12.988789"/>
    <Properties>
      <Property name="Angle" value="90.3778"/>
      <Property name="Filename" value="/Objects/pipe_spout_base.hs"/>
    </Properties>
  </Object>
  <Object name="Object54">
    <AbsoluteLocation value="-21.512636 -10.675909"/>
    <Properties>
      <Property name="Angle" value="0"/>
      <Property name="Filename" value="/Objects/pipe_straight.hs"/>
    </Properties>
  </Object>
  <Object name="Spout52">
    <AbsoluteLocation value="3.245749 -15.644514"/>
    <Properties>
      <Property name="Angle" value="31.5876"/>
      <Property name="ConnectedSpout0" value="Spout56"/>
      <Property name="ConnectedSpoutProbability0" value="1"/>
      <Property name="Filename" value="/Objects/basic_drain.hs"/>
      <Property name="Type" value="spout"/>
    </Properties>
  </Object>
  <Object name="Spout56">
    <AbsoluteLocation value="4.154559 -24.408037"/>
    <Properties>
      <Property name="Angle" value="-91.3006"/>
      <Property name="Filename" value="/Objects/shower_head.hs"/>
      <Property name="FluidType" value="Water"/>
      <Property name="NumberParticles" value="0"/>
      <Property name="Type" value="spout"/>
    </Properties>
  </Object>
  <Object name="Spout57">
    <AbsoluteLocation value="-11.326255 -24.376743"/>
    <Properties>
      <Property name="Angle" value="-81.9856"/>
      <Property name="Filename" value="/Objects/shower_head.hs"/>
      <Property name="FluidType" value="Water"/>
      <Property name="NumberParticles" value="0"/>
      <Property name="Type" value="spout"/>
    </Properties>
  </Object>
  <Object name="Spout58">
    <AbsoluteLocation value="-10.437142 -15.535418"/>
    <Properties>
      <Property name="Angle" value="-30.6605"/>
      <Property name="ConnectedSpout0" value="Spout57"/>
      <Property name="ConnectedSpoutProbability0" value="1"/>
      <Property name="Filename" value="/Objects/basic_drain.hs"/>
      <Property name="Type" value="spout"/>
    </Properties>
  </Object>
  <Object name="Spout59">
    <AbsoluteLocation value="5.499789 69.686111"/>
    <Properties>
      <Property name="Angle" value="-178.177"/>
      <Property name="ConnectedSpout0" value="Spout8"/>
      <Property name="ConnectedSpoutProbability0" value="1"/>
      <Property name="Filename" value="/Objects/basic_drain.hs"/>
      <Property name="Type" value="spout"/>
    </Properties>
  </Object>
  <Object name="Spout60">
    <AbsoluteLocation value="2.368018 69.756203"/>
    <Properties>
      <Property name="Angle" value="-178.177"/>
      <Property name="ConnectedSpout0" value="Spout8"/>
      <Property name="ConnectedSpoutProbability0" value="1"/>
      <Property name="Filename" value="/Objects/basic_drain.hs"/>
      <Property name="Type" value="spout"/>
    </Properties>
  </Object>
  <Object name="Object60">
    <AbsoluteLocation value="-19.334118 -11.895782"/>
    <Properties>
      <Property name="Angle" value="181.19"/>
      <Property name="Filename" value="/Objects/pipe_connector_90.hs"/>
    </Properties>
  </Object>
  <Object name="Object62">
    <AbsoluteLocation value="-17.523441 -19.157850"/>
    <Properties>
      <Property name="Angle" value="180.312"/>
      <Property name="Filename" value="/Objects/pipe_elbow_1.hs"/>
    </Properties>
  </Object>
  <Object name="Obj22">
    <AbsoluteLocation value="-15.155735 -19.875324"/>
    <Properties>
      <Property name="Angle" value="-0.484989"/>
      <Property name="Filename" value="/Objects/pipe_into_wall_2.hs"/>
    </Properties>
  </Object>
  <Object name="Object64">
    <AbsoluteLocation value="8.109729 -19.910000"/>
    <Properties>
      <Property name="Angle" value="-180.482"/>
      <Property name="Filename" value="/Objects/pipe_into_wall_2.hs"/>
    </Properties>
  </Object>
  <Object name="Object65">
    <AbsoluteLocation value="-29.508297 5.657603"/>
    <Properties>
      <Property name="Angle" value="96.3079"/>
      <Property name="Filename" value="/Objects/pipe_straight.hs"/>
    </Properties>
  </Object>
  <Object name="Object66">
    <AbsoluteLocation value="-29.131010 0.845617"/>
    <Properties>
      <Property name="Angle" value="93.3227"/>
      <Property name="Filename" value="/Objects/pipe_straight.hs"/>
    </Properties>
  </Object>
  <Object name="Object67">
    <AbsoluteLocation value="-29.128483 -4.028831"/>
    <Properties>
      <Property name="Angle" value="88.862"/>
      <Property name="Filename" value="/Objects/pipe_straight.hs"/>
    </Properties>
  </Object>
  <Object name="Object68">
    <AbsoluteLocation value="-29.250875 -7.091922"/>
    <Properties>
      <Property name="Angle" value="87.4937"/>
      <Property name="Filename" value="/Objects/pipe_straight.hs"/>
    </Properties>
  </Object>
  <Object name="WaterBalloon25">
    <AbsoluteLocation value="-5.400002 -5.600010"/>
    <Properties>
      <Property name="Angle" value="0"/>
      <Property name="Filename" value="/Objects/balloon.hs"/>
      <Property name="InitialParticles" value="water 50"/>
      <Property name="Type" value="waterballoon"/>
    </Properties>
  </Object>
  <Object name="Ducky65">
    <AbsoluteLocation value="-17.107300 39.208839"/>
    <Properties>
      <Property name="Angle" value="0"/>
      <Property name="Filename" value="/Objects/star_baby.hs"/>
      <Property name="StarType" value="baby"/>
      <Property name="Type" value="star"/>
    </Properties>
  </Object>
  <Object name="Ducky66">
    <AbsoluteLocation value="-14.556253 36.675003"/>
    <Properties>
      <Property name="Angle" value="0"/>
      <Property name="Filename" value="/Objects/star_baby.hs"/>
      <Property name="StarType" value="baby"/>
      <Property name="Type" value="star"/>
    </Properties>
  </Object>
  <Object name="Ducky68">
    <AbsoluteLocation value="-3.200000 42.000000"/>
    <Properties>
      <Property name="Angle" value="0"/>
      <Property name="Filename" value="/Objects/star_baby.hs"/>
      <Property name="StarType" value="baby"/>
      <Property name="Type" value="star"/>
    </Properties>
  </Object>
  <Object name="Ducky69">
    <AbsoluteLocation value="-3.077751 38.290001"/>
    <Properties>
      <Property name="Angle" value="0"/>
      <Property name="Filename" value="/Objects/star_baby.hs"/>
      <Property name="StarType" value="baby"/>
      <Property name="Type" value="star"/>
    </Properties>
  </Object>
  <Object name="Ducky70">
    <AbsoluteLocation value="-11.706253 -40.062500"/>
    <Properties>
      <Property name="Angle" value="0"/>
      <Property name="Filename" value="/Objects/star_baby.hs"/>
      <Property name="StarType" value="baby"/>
      <Property name="Type" value="star"/>
    </Properties>
  </Object>
  <Object name="Ducky71">
    <AbsoluteLocation value="3.961697 -39.823959"/>
    <Properties>
      <Property name="Angle" value="0"/>
      <Property name="Filename" value="/Objects/star_baby.hs"/>
      <Property name="StarType" value="baby"/>
      <Property name="Type" value="star"/>
    </Properties>
  </Object>
  <Object name="Ducky72">
    <AbsoluteLocation value="-12.000000 -31.600000"/>
    <Properties>
      <Property name="Angle" value="0"/>
      <Property name="Filename" value="/Objects/star_baby.hs"/>
      <Property name="StarType" value="baby"/>
      <Property name="Type" value="star"/>
    </Properties>
  </Object>
  <Object name="Ducky73">
    <AbsoluteLocation value="3.999998 -31.600000"/>
    <Properties>
      <Property name="Angle" value="0"/>
      <Property name="Filename" value="/Objects/star_baby.hs"/>
      <Property name="StarType" value="baby"/>
      <Property name="Type" value="star"/>
    </Properties>
  </Object>
  <Object name="Ducky74">
    <AbsoluteLocation value="-18.800001 -35.200001"/>
    <Properties>
      <Property name="Angle" value="0"/>
      <Property name="Filename" value="/Objects/star_baby.hs"/>
      <Property name="StarType" value="baby"/>
      <Property name="Type" value="star"/>
    </Properties>
  </Object>
  <Object name="Ducky75">
    <AbsoluteLocation value="12.000002 -35.600002"/>
    <Properties>
      <Property name="Angle" value="0"/>
      <Property name="Filename" value="/Objects/star_baby.hs"/>
      <Property name="StarType" value="baby"/>
      <Property name="Type" value="star"/>
    </Properties>
  </Object>
  <Room>
    <AbsoluteLocation value="18.000002 -2.000004"/>
  </Room>
</Objects>
