<?xml version="1.0"?>
<Objects>
  <Object name="Object260">
    <AbsoluteLocation value="-27.656307 5.685583"/>
    <Properties>
      <Property name="Angle" value="-258.19"/>
      <Property name="Filename" value="/Objects/pipe_elbow_2.hs"/>
    </Properties>
  </Object>
  <Object name="Object254">
    <AbsoluteLocation value="-23.216923 3.674624"/>
    <Properties>
      <Property name="Angle" value="-106.841"/>
      <Property name="Filename" value="/Objects/pipe_straight_short.hs"/>
    </Properties>
  </Object>
  <Object name="Object259">
    <AbsoluteLocation value="-23.341364 5.604890"/>
    <Properties>
      <Property name="Angle" value="-15.1239"/>
      <Property name="Filename" value="/Objects/pipe_elbow_1.hs"/>
    </Properties>
  </Object>
  <Object name="Object249">
    <AbsoluteLocation value="-23.756561 1.356052"/>
    <Properties>
      <Property name="Angle" value="-100.043"/>
      <Property name="Filename" value="/Objects/pipe_straight_short.hs"/>
    </Properties>
  </Object>
  <Object name="Object246">
    <AbsoluteLocation value="-23.368837 -1.080616"/>
    <Properties>
      <Property name="Angle" value="-183.955"/>
      <Property name="Filename" value="/Objects/pipe_elbow_2.hs"/>
    </Properties>
  </Object>
  <Object name="Object244">
    <AbsoluteLocation value="-26.794153 -4.494746"/>
    <Properties>
      <Property name="Angle" value="-183.268"/>
      <Property name="Filename" value="/Objects/pipe_elbow_2.hs"/>
    </Properties>
  </Object>
  <Object name="Object235">
    <AbsoluteLocation value="-23.982777 -5.612100"/>
    <Properties>
      <Property name="Angle" value="-11.8594"/>
      <Property name="Filename" value="/Objects/pipe_straight_short.hs"/>
    </Properties>
  </Object>
  <Object name="Object236">
    <AbsoluteLocation value="-23.365482 -3.632778"/>
    <Properties>
      <Property name="Angle" value="-5.31771"/>
      <Property name="Filename" value="/Objects/pipe_straight_short.hs"/>
    </Properties>
  </Object>
  <Object name="Object245">
    <AbsoluteLocation value="-25.033609 -2.931100"/>
    <Properties>
      <Property name="Angle" value="-180.525"/>
      <Property name="Filename" value="/Objects/pipe_elbow_2.hs"/>
    </Properties>
  </Object>
  <Object name="Object247">
    <AbsoluteLocation value="-27.411892 -1.612414"/>
    <Properties>
      <Property name="Angle" value="-89.649"/>
      <Property name="Filename" value="/Objects/pipe_straight_short.hs"/>
    </Properties>
  </Object>
  <Object name="Object248">
    <AbsoluteLocation value="-25.640171 -0.106475"/>
    <Properties>
      <Property name="Angle" value="-91.686"/>
      <Property name="Filename" value="/Objects/pipe_straight_short.hs"/>
    </Properties>
  </Object>
  <Object name="Object252">
    <AbsoluteLocation value="-25.493874 2.690653"/>
    <Properties>
      <Property name="Angle" value="-93.4914"/>
      <Property name="Filename" value="/Objects/pipe_straight_short.hs"/>
    </Properties>
  </Object>
  <Object name="Object253">
    <AbsoluteLocation value="-25.306622 5.677875"/>
    <Properties>
      <Property name="Angle" value="-94.1224"/>
      <Property name="Filename" value="/Objects/pipe_straight_short.hs"/>
    </Properties>
  </Object>
  <Object name="Object257">
    <AbsoluteLocation value="-25.144773 9.079646"/>
    <Properties>
      <Property name="Angle" value="-92.8158"/>
      <Property name="Filename" value="/Objects/pipe_straight_short.hs"/>
    </Properties>
  </Object>
  <Object name="Object258">
    <AbsoluteLocation value="-25.002369 11.253665"/>
    <Properties>
      <Property name="Angle" value="83.9838"/>
      <Property name="Filename" value="/Objects/pipe_into_wall_2.hs"/>
    </Properties>
  </Object>
  <Object name="Spout222">
    <AbsoluteLocation value="-20.127710 -6.502848"/>
    <Properties>
      <Property name="Angle" value="-103.229"/>
      <Property name="ConnectedSpout0" value="Spout221"/>
      <Property name="ConnectedSpoutProbability0" value="1"/>
      <Property name="Filename" value="/Objects/basic_drain.hs"/>
      <Property name="Type" value="spout"/>
    </Properties>
  </Object>
  <Object name="Spout153">
    <AbsoluteLocation value="-20.038464 -3.443404"/>
    <Properties>
      <Property name="Angle" value="-82.8031"/>
      <Property name="ConnectedSpout0" value="Spout221"/>
      <Property name="ConnectedSpoutProbability0" value="1"/>
      <Property name="Filename" value="/Objects/basic_drain.hs"/>
      <Property name="Type" value="spout"/>
    </Properties>
  </Object>
  <Object name="Spout223">
    <AbsoluteLocation value="-20.819296 -0.568290"/>
    <Properties>
      <Property name="Angle" value="-61.183"/>
      <Property name="ConnectedSpout0" value="Spout221"/>
      <Property name="ConnectedSpoutProbability0" value="1"/>
      <Property name="Filename" value="/Objects/basic_drain.hs"/>
      <Property name="Type" value="spout"/>
    </Properties>
  </Object>
  <Object name="Object255">
    <AbsoluteLocation value="-25.406179 5.751258"/>
    <Properties>
      <Property name="Angle" value="177.152"/>
      <Property name="Filename" value="/Objects/pipe_spout_base.hs"/>
    </Properties>
  </Object>
  <Object name="Object256">
    <AbsoluteLocation value="-25.319717 7.241953"/>
    <Properties>
      <Property name="Angle" value="-2.87616"/>
      <Property name="Filename" value="/Objects/pipe_spout_base.hs"/>
    </Properties>
  </Object>
  <Object name="Object242">
    <AbsoluteLocation value="33.042126 34.253845"/>
    <Properties>
      <Property name="Angle" value="21.2034"/>
      <Property name="Filename" value="/Objects/pipe_straight_long.hs"/>
    </Properties>
  </Object>
  <Object name="Object147">
    <AbsoluteLocation value="3.587822 -83.216400"/>
    <Properties>
      <Property name="Angle" value="-33.0059"/>
      <Property name="Filename" value="/Objects/pipe_straight_short.hs"/>
      <Property name="Parent" value="CenterPivot1"/>
    </Properties>
  </Object>
  <Object name="Object143">
    <AbsoluteLocation value="-4.015434 -86.473824"/>
    <Properties>
      <Property name="Angle" value="-126.273"/>
      <Property name="Filename" value="/Objects/pipe_straight.hs"/>
      <Property name="Parent" value="CenterPivot1"/>
    </Properties>
  </Object>
  <Object name="Object125">
    <AbsoluteLocation value="-52.545937 -107.582779"/>
    <Properties>
      <Property name="Angle" value="270.206"/>
      <Property name="Filename" value="/Objects/pipe_straight_short.hs"/>
      <Property name="Parent" value="CenterPivot1"/>
    </Properties>
  </Object>
  <Object name="Object123">
    <AbsoluteLocation value="-70.676254 -98.662674"/>
    <Properties>
      <Property name="Angle" value="236.68"/>
      <Property name="Filename" value="/Objects/pipe_straight_short.hs"/>
      <Property name="Parent" value="CenterPivot1"/>
    </Properties>
  </Object>
  <Object name="Object112">
    <AbsoluteLocation value="-86.907227 -84.306023"/>
    <Properties>
      <Property name="Angle" value="224.54"/>
      <Property name="Filename" value="/Objects/pipe_straight_short.hs"/>
      <Property name="Parent" value="CenterPivot1"/>
    </Properties>
  </Object>
  <Object name="Object110">
    <AbsoluteLocation value="-93.196846 -65.103996"/>
    <Properties>
      <Property name="Angle" value="191.013"/>
      <Property name="Filename" value="/Objects/pipe_straight_short.hs"/>
      <Property name="Parent" value="CenterPivot1"/>
    </Properties>
  </Object>
  <Object name="Object97">
    <AbsoluteLocation value="-86.674355 -24.339245"/>
    <Properties>
      <Property name="Angle" value="146.864"/>
      <Property name="Filename" value="/Objects/pipe_straight_short.hs"/>
      <Property name="Parent" value="CenterPivot1"/>
    </Properties>
  </Object>
  <Object name="Object18">
    <AbsoluteLocation value="4.800808 -23.044760"/>
    <Properties>
      <Property name="Angle" value="43.7561"/>
      <Property name="Filename" value="/Objects/pipe_straight_short.hs"/>
      <Property name="Parent" value="CenterPivot1"/>
    </Properties>
  </Object>
  <Object name="Object3">
    <AbsoluteLocation value="-34.031250 -53.531250"/>
    <Properties>
      <Property name="Angle" value="0"/>
      <Property name="Filename" value="/Objects/pipe_straight_long.hs"/>
      <Property name="Parent" value="CenterPivot1"/>
    </Properties>
  </Object>
  <Object name="Object4">
    <AbsoluteLocation value="-24.500000 -53.531250"/>
    <Properties>
      <Property name="Angle" value="0"/>
      <Property name="Filename" value="/Objects/pipe_straight_long.hs"/>
      <Property name="Parent" value="CenterPivot1"/>
    </Properties>
  </Object>
  <Object name="Object5">
    <AbsoluteLocation value="-15.062500 -53.531250"/>
    <Properties>
      <Property name="Angle" value="0"/>
      <Property name="Filename" value="/Objects/pipe_straight_long.hs"/>
      <Property name="Parent" value="CenterPivot1"/>
    </Properties>
  </Object>
  <Object name="Object7">
    <AbsoluteLocation value="2.875000 -53.531250"/>
    <Properties>
      <Property name="Angle" value="0"/>
      <Property name="Filename" value="/Objects/pipe_straight_long.hs"/>
      <Property name="Parent" value="CenterPivot1"/>
    </Properties>
  </Object>
  <Object name="Object9">
    <AbsoluteLocation value="-9.949762 -22.269732"/>
    <Properties>
      <Property name="Angle" value="44.7615"/>
      <Property name="Filename" value="/Objects/pipe_straight_long.hs"/>
      <Property name="Parent" value="CenterPivot1"/>
    </Properties>
  </Object>
  <Object name="Object10">
    <AbsoluteLocation value="-29.387207 -41.546036"/>
    <Properties>
      <Property name="Angle" value="44.7615"/>
      <Property name="Filename" value="/Objects/pipe_straight_long.hs"/>
      <Property name="Parent" value="CenterPivot1"/>
    </Properties>
  </Object>
  <Object name="Object11">
    <AbsoluteLocation value="-22.686172 -34.900551"/>
    <Properties>
      <Property name="Angle" value="44.7615"/>
      <Property name="Filename" value="/Objects/pipe_straight_long.hs"/>
      <Property name="Parent" value="CenterPivot1"/>
    </Properties>
  </Object>
  <Object name="Object12">
    <AbsoluteLocation value="-36.154816 -48.257523"/>
    <Properties>
      <Property name="Angle" value="44.7615"/>
      <Property name="Filename" value="/Objects/pipe_straight_long.hs"/>
      <Property name="Parent" value="CenterPivot1"/>
    </Properties>
  </Object>
  <Object name="Object15">
    <AbsoluteLocation value="-2.464603 -22.101206"/>
    <Properties>
      <Property name="Angle" value="-45.817"/>
      <Property name="Filename" value="/Objects/pipe_straight.hs"/>
      <Property name="Parent" value="CenterPivot1"/>
    </Properties>
  </Object>
  <Object name="Object16">
    <AbsoluteLocation value="1.403992 -24.460100"/>
    <Properties>
      <Property name="Angle" value="42.6905"/>
      <Property name="Filename" value="/Objects/pipe_connector_90.hs"/>
      <Property name="Parent" value="CenterPivot1"/>
    </Properties>
  </Object>
  <Object name="Object17">
    <AbsoluteLocation value="6.441910 -19.685005"/>
    <Properties>
      <Property name="Angle" value="132.675"/>
      <Property name="Filename" value="/Objects/pipe_connector_90.hs"/>
      <Property name="Parent" value="CenterPivot1"/>
    </Properties>
  </Object>
  <Object name="Object21">
    <AbsoluteLocation value="8.048378 -58.650467"/>
    <Properties>
      <Property name="Angle" value="-89.8956"/>
      <Property name="Filename" value="/Objects/pipe_straight.hs"/>
      <Property name="Parent" value="CenterPivot1"/>
    </Properties>
  </Object>
  <Object name="Object22">
    <AbsoluteLocation value="12.611370 -64.382431"/>
    <Properties>
      <Property name="Angle" value="-0.322459"/>
      <Property name="Filename" value="/Objects/pipe_straight_short.hs"/>
      <Property name="Parent" value="CenterPivot1"/>
    </Properties>
  </Object>
  <Object name="Object19">
    <AbsoluteLocation value="9.186584 -63.036232"/>
    <Properties>
      <Property name="Angle" value="-1.38802"/>
      <Property name="Filename" value="/Objects/pipe_connector_90.hs"/>
      <Property name="Parent" value="CenterPivot1"/>
    </Properties>
  </Object>
  <Object name="Object20">
    <AbsoluteLocation value="16.127514 -63.110474"/>
    <Properties>
      <Property name="Angle" value="88.596"/>
      <Property name="Filename" value="/Objects/pipe_connector_90.hs"/>
      <Property name="Parent" value="CenterPivot1"/>
    </Properties>
  </Object>
  <Object name="Object25">
    <AbsoluteLocation value="-1.432652 -25.922022"/>
    <Properties>
      <Property name="Angle" value="-43.3782"/>
      <Property name="Filename" value="/Objects/pipe_straight_long.hs"/>
      <Property name="Parent" value="CenterPivot1"/>
    </Properties>
  </Object>
  <Object name="Object26">
    <AbsoluteLocation value="3.699615 -33.413185"/>
    <Properties>
      <Property name="Angle" value="-67.3585"/>
      <Property name="Filename" value="/Objects/pipe_straight_long.hs"/>
      <Property name="Parent" value="CenterPivot1"/>
    </Properties>
  </Object>
  <Object name="Object27">
    <AbsoluteLocation value="6.284271 -42.130981"/>
    <Properties>
      <Property name="Angle" value="-79.1839"/>
      <Property name="Filename" value="/Objects/pipe_straight_long.hs"/>
      <Property name="Parent" value="CenterPivot1"/>
    </Properties>
  </Object>
  <Object name="Object29">
    <AbsoluteLocation value="7.519295 -49.912434"/>
    <Properties>
      <Property name="Angle" value="-83.0377"/>
      <Property name="Filename" value="/Objects/pipe_straight.hs"/>
      <Property name="Parent" value="CenterPivot1"/>
    </Properties>
  </Object>
  <Object name="Object23">
    <AbsoluteLocation value="7.376095 -54.190475"/>
    <Properties>
      <Property name="Angle" value="-0.668204"/>
      <Property name="Filename" value="/Objects/pipe_elbow_1.hs"/>
      <Property name="Parent" value="CenterPivot1"/>
    </Properties>
  </Object>
  <Object name="Object30">
    <AbsoluteLocation value="10.827282 -42.331024"/>
    <Properties>
      <Property name="Angle" value="10.2296"/>
      <Property name="Filename" value="/Objects/pipe_straight_short.hs"/>
      <Property name="Parent" value="CenterPivot1"/>
    </Properties>
  </Object>
  <Object name="Object32">
    <AbsoluteLocation value="14.051037 -40.436672"/>
    <Properties>
      <Property name="Angle" value="99.148"/>
      <Property name="Filename" value="/Objects/pipe_connector_90.hs"/>
      <Property name="Parent" value="CenterPivot1"/>
    </Properties>
  </Object>
  <Object name="Object33">
    <AbsoluteLocation value="-41.553970 -46.074883"/>
    <Properties>
      <Property name="Angle" value="90.012"/>
      <Property name="Filename" value="/Objects/pipe_straight_long.hs"/>
      <Property name="Parent" value="CenterPivot1"/>
    </Properties>
  </Object>
  <Object name="Object35">
    <AbsoluteLocation value="-41.561707 -9.168674"/>
    <Properties>
      <Property name="Angle" value="90.012"/>
      <Property name="Filename" value="/Objects/pipe_straight_long.hs"/>
      <Property name="Parent" value="CenterPivot1"/>
    </Properties>
  </Object>
  <Object name="Object36">
    <AbsoluteLocation value="-41.555962 -36.543606"/>
    <Properties>
      <Property name="Angle" value="90.012"/>
      <Property name="Filename" value="/Objects/pipe_straight_long.hs"/>
      <Property name="Parent" value="CenterPivot1"/>
    </Properties>
  </Object>
  <Object name="Object37">
    <AbsoluteLocation value="-41.557915 -27.106125"/>
    <Properties>
      <Property name="Angle" value="90.012"/>
      <Property name="Filename" value="/Objects/pipe_straight_long.hs"/>
      <Property name="Parent" value="CenterPivot1"/>
    </Properties>
  </Object>
  <Object name="Object38">
    <AbsoluteLocation value="-72.771805 -21.854532"/>
    <Properties>
      <Property name="Angle" value="134.124"/>
      <Property name="Filename" value="/Objects/pipe_straight_long.hs"/>
      <Property name="Parent" value="CenterPivot1"/>
    </Properties>
  </Object>
  <Object name="Object39">
    <AbsoluteLocation value="-53.712936 -41.505112"/>
    <Properties>
      <Property name="Angle" value="134.124"/>
      <Property name="Filename" value="/Objects/pipe_straight_long.hs"/>
      <Property name="Parent" value="CenterPivot1"/>
    </Properties>
  </Object>
  <Object name="Object40">
    <AbsoluteLocation value="-60.283386 -34.730560"/>
    <Properties>
      <Property name="Angle" value="134.124"/>
      <Property name="Filename" value="/Objects/pipe_straight_long.hs"/>
      <Property name="Parent" value="CenterPivot1"/>
    </Properties>
  </Object>
  <Object name="Object41">
    <AbsoluteLocation value="-47.077095 -48.346962"/>
    <Properties>
      <Property name="Angle" value="134.124"/>
      <Property name="Filename" value="/Objects/pipe_straight_long.hs"/>
      <Property name="Parent" value="CenterPivot1"/>
    </Properties>
  </Object>
  <Object name="Object43">
    <AbsoluteLocation value="-57.592209 -53.604507"/>
    <Properties>
      <Property name="Angle" value="-180.227"/>
      <Property name="Filename" value="/Objects/pipe_straight_long.hs"/>
      <Property name="Parent" value="CenterPivot1"/>
    </Properties>
  </Object>
  <Object name="Object44">
    <AbsoluteLocation value="-84.967026 -53.495811"/>
    <Properties>
      <Property name="Angle" value="-180.227"/>
      <Property name="Filename" value="/Objects/pipe_straight_long.hs"/>
      <Property name="Parent" value="CenterPivot1"/>
    </Properties>
  </Object>
  <Object name="Object45">
    <AbsoluteLocation value="-48.061050 -53.642342"/>
    <Properties>
      <Property name="Angle" value="-180.227"/>
      <Property name="Filename" value="/Objects/pipe_straight_long.hs"/>
      <Property name="Parent" value="CenterPivot1"/>
    </Properties>
  </Object>
  <Object name="Object47">
    <AbsoluteLocation value="-67.029655 -53.567039"/>
    <Properties>
      <Property name="Angle" value="-180.227"/>
      <Property name="Filename" value="/Objects/pipe_straight_long.hs"/>
      <Property name="Parent" value="CenterPivot1"/>
    </Properties>
  </Object>
  <Object name="Object48">
    <AbsoluteLocation value="-47.048355 -59.546082"/>
    <Properties>
      <Property name="Angle" value="-134.448"/>
      <Property name="Filename" value="/Objects/pipe_straight_long.hs"/>
      <Property name="Parent" value="CenterPivot1"/>
    </Properties>
  </Object>
  <Object name="Object50">
    <AbsoluteLocation value="-29.762600 -65.525833"/>
    <Properties>
      <Property name="Angle" value="-45.3329"/>
      <Property name="Filename" value="/Objects/pipe_straight_long.hs"/>
      <Property name="Parent" value="CenterPivot1"/>
    </Properties>
  </Object>
  <Object name="Object51">
    <AbsoluteLocation value="-23.128227 -72.237717"/>
    <Properties>
      <Property name="Angle" value="-45.3329"/>
      <Property name="Filename" value="/Objects/pipe_straight_long.hs"/>
      <Property name="Parent" value="CenterPivot1"/>
    </Properties>
  </Object>
  <Object name="Object52">
    <AbsoluteLocation value="-36.462959 -58.747162"/>
    <Properties>
      <Property name="Angle" value="-45.3329"/>
      <Property name="Filename" value="/Objects/pipe_straight_long.hs"/>
      <Property name="Parent" value="CenterPivot1"/>
    </Properties>
  </Object>
  <Object name="Object54">
    <AbsoluteLocation value="-72.892578 -85.892738"/>
    <Properties>
      <Property name="Angle" value="-134.448"/>
      <Property name="Filename" value="/Objects/pipe_straight_long.hs"/>
      <Property name="Parent" value="CenterPivot1"/>
    </Properties>
  </Object>
  <Object name="Object55">
    <AbsoluteLocation value="-53.722778 -66.350266"/>
    <Properties>
      <Property name="Angle" value="-134.448"/>
      <Property name="Filename" value="/Objects/pipe_straight_long.hs"/>
      <Property name="Parent" value="CenterPivot1"/>
    </Properties>
  </Object>
  <Object name="Object56">
    <AbsoluteLocation value="-60.331543 -73.087494"/>
    <Properties>
      <Property name="Angle" value="-134.448"/>
      <Property name="Filename" value="/Objects/pipe_straight_long.hs"/>
      <Property name="Parent" value="CenterPivot1"/>
    </Properties>
  </Object>
  <Object name="Object57">
    <AbsoluteLocation value="-10.518353 -84.994896"/>
    <Properties>
      <Property name="Angle" value="-45.3329"/>
      <Property name="Filename" value="/Objects/pipe_straight_long.hs"/>
      <Property name="Parent" value="CenterPivot1"/>
    </Properties>
  </Object>
  <Object name="Object58">
    <AbsoluteLocation value="-41.467186 -96.871918"/>
    <Properties>
      <Property name="Angle" value="-90.1278"/>
      <Property name="Filename" value="/Objects/pipe_straight_long.hs"/>
      <Property name="Parent" value="CenterPivot1"/>
    </Properties>
  </Object>
  <Object name="Object59">
    <AbsoluteLocation value="-41.406120 -69.497047"/>
    <Properties>
      <Property name="Angle" value="-90.1278"/>
      <Property name="Filename" value="/Objects/pipe_straight_long.hs"/>
      <Property name="Parent" value="CenterPivot1"/>
    </Properties>
  </Object>
  <Object name="Object60">
    <AbsoluteLocation value="-41.427254 -78.934586"/>
    <Properties>
      <Property name="Angle" value="-90.1278"/>
      <Property name="Filename" value="/Objects/pipe_straight_long.hs"/>
      <Property name="Parent" value="CenterPivot1"/>
    </Properties>
  </Object>
  <Object name="Object61">
    <AbsoluteLocation value="-41.384888 -59.965813"/>
    <Properties>
      <Property name="Angle" value="-90.1278"/>
      <Property name="Filename" value="/Objects/pipe_straight_long.hs"/>
      <Property name="Parent" value="CenterPivot1"/>
    </Properties>
  </Object>
  <Object name="Object63">
    <AbsoluteLocation value="-30.909649 -0.278290"/>
    <Properties>
      <Property name="Angle" value="91.5812"/>
      <Property name="Filename" value="/Objects/pipe_straight_short.hs"/>
      <Property name="Parent" value="CenterPivot1"/>
    </Properties>
  </Object>
  <Object name="Object65">
    <AbsoluteLocation value="-36.486885 -5.029175"/>
    <Properties>
      <Property name="Angle" value="2.00814"/>
      <Property name="Filename" value="/Objects/pipe_straight.hs"/>
      <Property name="Parent" value="CenterPivot1"/>
    </Properties>
  </Object>
  <Object name="Object66">
    <AbsoluteLocation value="-32.141350 -3.745918"/>
    <Properties>
      <Property name="Angle" value="90.5156"/>
      <Property name="Filename" value="/Objects/pipe_connector_90.hs"/>
      <Property name="Parent" value="CenterPivot1"/>
    </Properties>
  </Object>
  <Object name="Object67">
    <AbsoluteLocation value="-32.297729 3.193645"/>
    <Properties>
      <Property name="Angle" value="180.5"/>
      <Property name="Filename" value="/Objects/pipe_connector_90.hs"/>
      <Property name="Parent" value="CenterPivot1"/>
    </Properties>
  </Object>
  <Object name="Object69">
    <AbsoluteLocation value="-12.570467 -8.760784"/>
    <Properties>
      <Property name="Angle" value="58.0547"/>
      <Property name="Filename" value="/Objects/pipe_straight_short.hs"/>
      <Property name="Parent" value="CenterPivot1"/>
    </Properties>
  </Object>
  <Object name="Object70">
    <AbsoluteLocation value="-32.962429 -6.829678"/>
    <Properties>
      <Property name="Angle" value="4.44694"/>
      <Property name="Filename" value="/Objects/pipe_straight_long.hs"/>
      <Property name="Parent" value="CenterPivot1"/>
    </Properties>
  </Object>
  <Object name="Object71">
    <AbsoluteLocation value="-23.964951 -8.055698"/>
    <Properties>
      <Property name="Angle" value="-19.5334"/>
      <Property name="Filename" value="/Objects/pipe_straight_long.hs"/>
      <Property name="Parent" value="CenterPivot1"/>
    </Properties>
  </Object>
  <Object name="Object72">
    <AbsoluteLocation value="-15.768875 -11.993298"/>
    <Properties>
      <Property name="Angle" value="-31.3588"/>
      <Property name="Filename" value="/Objects/pipe_straight_long.hs"/>
      <Property name="Parent" value="CenterPivot1"/>
    </Properties>
  </Object>
  <Object name="Object73">
    <AbsoluteLocation value="-9.172867 -16.302452"/>
    <Properties>
      <Property name="Angle" value="-35.2126"/>
      <Property name="Filename" value="/Objects/pipe_straight.hs"/>
      <Property name="Parent" value="CenterPivot1"/>
    </Properties>
  </Object>
  <Object name="Object75">
    <AbsoluteLocation value="-11.809952 -5.099800"/>
    <Properties>
      <Property name="Angle" value="146.973"/>
      <Property name="Filename" value="/Objects/pipe_connector_90.hs"/>
      <Property name="Parent" value="CenterPivot1"/>
    </Properties>
  </Object>
  <Object name="Object14">
    <AbsoluteLocation value="-6.050133 -19.364883"/>
    <Properties>
      <Property name="Angle" value="43.4104"/>
      <Property name="Filename" value="/Objects/pipe_elbow_1.hs"/>
      <Property name="Parent" value="CenterPivot1"/>
    </Properties>
  </Object>
  <Object name="Object76">
    <AbsoluteLocation value="-61.264618 -8.679489"/>
    <Properties>
      <Property name="Angle" value="20.499"/>
      <Property name="Filename" value="/Objects/pipe_straight_long.hs"/>
      <Property name="Parent" value="CenterPivot1"/>
    </Properties>
  </Object>
  <Object name="Object77">
    <AbsoluteLocation value="-52.456299 -6.422565"/>
    <Properties>
      <Property name="Angle" value="8.67355"/>
      <Property name="Filename" value="/Objects/pipe_straight_long.hs"/>
      <Property name="Parent" value="CenterPivot1"/>
    </Properties>
  </Object>
  <Object name="Object78">
    <AbsoluteLocation value="-44.634109 -5.479321"/>
    <Properties>
      <Property name="Angle" value="4.81975"/>
      <Property name="Filename" value="/Objects/pipe_straight.hs"/>
      <Property name="Parent" value="CenterPivot1"/>
    </Properties>
  </Object>
  <Object name="Object84">
    <AbsoluteLocation value="-52.086533 -1.890217"/>
    <Properties>
      <Property name="Angle" value="98.0871"/>
      <Property name="Filename" value="/Objects/pipe_straight_short.hs"/>
      <Property name="Parent" value="CenterPivot1"/>
    </Properties>
  </Object>
  <Object name="Object85">
    <AbsoluteLocation value="-68.942436 -13.528103"/>
    <Properties>
      <Property name="Angle" value="44.4792"/>
      <Property name="Filename" value="/Objects/pipe_straight_long.hs"/>
      <Property name="Parent" value="CenterPivot1"/>
    </Properties>
  </Object>
  <Object name="Object86">
    <AbsoluteLocation value="-71.584625 -7.191437"/>
    <Properties>
      <Property name="Angle" value="131.614"/>
      <Property name="Filename" value="/Objects/pipe_straight_short.hs"/>
      <Property name="Parent" value="CenterPivot1"/>
    </Properties>
  </Object>
  <Object name="Object88">
    <AbsoluteLocation value="-72.799118 -14.416481"/>
    <Properties>
      <Property name="Angle" value="42.0404"/>
      <Property name="Filename" value="/Objects/pipe_straight.hs"/>
      <Property name="Parent" value="CenterPivot1"/>
    </Properties>
  </Object>
  <Object name="Object81">
    <AbsoluteLocation value="-70.297279 -10.638794"/>
    <Properties>
      <Property name="Angle" value="130.548"/>
      <Property name="Filename" value="/Objects/pipe_connector_90.hs"/>
      <Property name="Parent" value="CenterPivot1"/>
    </Properties>
  </Object>
  <Object name="Object82">
    <AbsoluteLocation value="-74.880661 -5.425880"/>
    <Properties>
      <Property name="Angle" value="220.532"/>
      <Property name="Filename" value="/Objects/pipe_connector_90.hs"/>
      <Property name="Parent" value="CenterPivot1"/>
    </Properties>
  </Object>
  <Object name="Object80">
    <AbsoluteLocation value="-53.859039 1.402119"/>
    <Properties>
      <Property name="Angle" value="187.005"/>
      <Property name="Filename" value="/Objects/pipe_connector_90.hs"/>
      <Property name="Parent" value="CenterPivot1"/>
    </Properties>
  </Object>
  <Object name="Object64">
    <AbsoluteLocation value="-40.922077 -5.849258"/>
    <Properties>
      <Property name="Angle" value="91.2355"/>
      <Property name="Filename" value="/Objects/pipe_elbow_1.hs"/>
      <Property name="Parent" value="CenterPivot1"/>
    </Properties>
  </Object>
  <Object name="Object89">
    <AbsoluteLocation value="-83.191666 -27.075165"/>
    <Properties>
      <Property name="Angle" value="57.4501"/>
      <Property name="Filename" value="/Objects/pipe_straight_long.hs"/>
      <Property name="Parent" value="CenterPivot1"/>
    </Properties>
  </Object>
  <Object name="Object90">
    <AbsoluteLocation value="-78.852104 -20.675949"/>
    <Properties>
      <Property name="Angle" value="53.5963"/>
      <Property name="Filename" value="/Objects/pipe_straight.hs"/>
      <Property name="Parent" value="CenterPivot1"/>
    </Properties>
  </Object>
  <Object name="Object92">
    <AbsoluteLocation value="-90.318756 -23.502787"/>
    <Properties>
      <Property name="Angle" value="235.782"/>
      <Property name="Filename" value="/Objects/pipe_connector_90.hs"/>
      <Property name="Parent" value="CenterPivot1"/>
    </Properties>
  </Object>
  <Object name="Object95">
    <AbsoluteLocation value="-87.404602 -35.399216"/>
    <Properties>
      <Property name="Angle" value="69.2755"/>
      <Property name="Filename" value="/Objects/pipe_straight_long.hs"/>
      <Property name="Parent" value="CenterPivot1"/>
    </Properties>
  </Object>
  <Object name="Object98">
    <AbsoluteLocation value="-88.711594 -44.263458"/>
    <Properties>
      <Property name="Angle" value="93.2557"/>
      <Property name="Filename" value="/Objects/pipe_straight_long.hs"/>
      <Property name="Parent" value="CenterPivot1"/>
    </Properties>
  </Object>
  <Object name="Object99">
    <AbsoluteLocation value="-95.536270 -42.498112"/>
    <Properties>
      <Property name="Angle" value="180.39"/>
      <Property name="Filename" value="/Objects/pipe_straight_short.hs"/>
      <Property name="Parent" value="CenterPivot1"/>
    </Properties>
  </Object>
  <Object name="Object101">
    <AbsoluteLocation value="-90.902374 -48.384502"/>
    <Properties>
      <Property name="Angle" value="90.8169"/>
      <Property name="Filename" value="/Objects/pipe_straight.hs"/>
      <Property name="Parent" value="CenterPivot1"/>
    </Properties>
  </Object>
  <Object name="Object93">
    <AbsoluteLocation value="-92.094994 -43.801651"/>
    <Properties>
      <Property name="Angle" value="179.324"/>
      <Property name="Filename" value="/Objects/pipe_connector_90.hs"/>
      <Property name="Parent" value="CenterPivot1"/>
    </Properties>
  </Object>
  <Object name="Object94">
    <AbsoluteLocation value="-99.036316 -43.813721"/>
    <Properties>
      <Property name="Angle" value="269.309"/>
      <Property name="Filename" value="/Objects/pipe_connector_90.hs"/>
      <Property name="Parent" value="CenterPivot1"/>
    </Properties>
  </Object>
  <Object name="Object87">
    <AbsoluteLocation value="-75.667580 -17.897213"/>
    <Properties>
      <Property name="Angle" value="131.268"/>
      <Property name="Filename" value="/Objects/pipe_elbow_1.hs"/>
      <Property name="Parent" value="CenterPivot1"/>
    </Properties>
  </Object>
  <Object name="Object103">
    <AbsoluteLocation value="-96.394447 -67.042244"/>
    <Properties>
      <Property name="Angle" value="279.931"/>
      <Property name="Filename" value="/Objects/pipe_connector_90.hs"/>
      <Property name="Parent" value="CenterPivot1"/>
    </Properties>
  </Object>
  <Object name="Object105">
    <AbsoluteLocation value="-88.502213 -87.687920"/>
    <Properties>
      <Property name="Angle" value="313.458"/>
      <Property name="Filename" value="/Objects/pipe_connector_90.hs"/>
      <Property name="Parent" value="CenterPivot1"/>
    </Properties>
  </Object>
  <Object name="Object106">
    <AbsoluteLocation value="-86.017181 -73.548424"/>
    <Properties>
      <Property name="Angle" value="113.425"/>
      <Property name="Filename" value="/Objects/pipe_straight_long.hs"/>
      <Property name="Parent" value="CenterPivot1"/>
    </Properties>
  </Object>
  <Object name="Object108">
    <AbsoluteLocation value="-88.792282 -64.641273"/>
    <Properties>
      <Property name="Angle" value="101.6"/>
      <Property name="Filename" value="/Objects/pipe_straight_long.hs"/>
      <Property name="Parent" value="CenterPivot1"/>
    </Properties>
  </Object>
  <Object name="Object109">
    <AbsoluteLocation value="-90.135773 -57.027046"/>
    <Properties>
      <Property name="Angle" value="97.7458"/>
      <Property name="Filename" value="/Objects/pipe_straight.hs"/>
      <Property name="Parent" value="CenterPivot1"/>
    </Properties>
  </Object>
  <Object name="Object111">
    <AbsoluteLocation value="-80.780754 -80.819092"/>
    <Properties>
      <Property name="Angle" value="137.405"/>
      <Property name="Filename" value="/Objects/pipe_straight_long.hs"/>
      <Property name="Parent" value="CenterPivot1"/>
    </Properties>
  </Object>
  <Object name="Object114">
    <AbsoluteLocation value="-79.482254 -85.302040"/>
    <Properties>
      <Property name="Angle" value="134.966"/>
      <Property name="Filename" value="/Objects/pipe_straight.hs"/>
      <Property name="Parent" value="CenterPivot1"/>
    </Properties>
  </Object>
  <Object name="Object116">
    <AbsoluteLocation value="-71.524437 -102.304375"/>
    <Properties>
      <Property name="Angle" value="325.598"/>
      <Property name="Filename" value="/Objects/pipe_connector_90.hs"/>
      <Property name="Parent" value="CenterPivot1"/>
    </Properties>
  </Object>
  <Object name="Object118">
    <AbsoluteLocation value="-51.241547 -111.087036"/>
    <Properties>
      <Property name="Angle" value="359.125"/>
      <Property name="Filename" value="/Objects/pipe_connector_90.hs"/>
      <Property name="Parent" value="CenterPivot1"/>
    </Properties>
  </Object>
  <Object name="Object119">
    <AbsoluteLocation value="-59.618683 -99.428398"/>
    <Properties>
      <Property name="Angle" value="159.092"/>
      <Property name="Filename" value="/Objects/pipe_straight_long.hs"/>
      <Property name="Parent" value="CenterPivot1"/>
    </Properties>
  </Object>
  <Object name="Object121">
    <AbsoluteLocation value="-67.929199 -95.188789"/>
    <Properties>
      <Property name="Angle" value="147.266"/>
      <Property name="Filename" value="/Objects/pipe_straight_long.hs"/>
      <Property name="Parent" value="CenterPivot1"/>
    </Properties>
  </Object>
  <Object name="Object122">
    <AbsoluteLocation value="-73.774788 -90.612854"/>
    <Properties>
      <Property name="Angle" value="135.47"/>
      <Property name="Filename" value="/Objects/pipe_straight.hs"/>
      <Property name="Parent" value="CenterPivot1"/>
    </Properties>
  </Object>
  <Object name="Object124">
    <AbsoluteLocation value="-50.758713 -100.763802"/>
    <Properties>
      <Property name="Angle" value="183.072"/>
      <Property name="Filename" value="/Objects/pipe_straight_long.hs"/>
      <Property name="Parent" value="CenterPivot1"/>
    </Properties>
  </Object>
  <Object name="Object127">
    <AbsoluteLocation value="-46.644691 -102.967850"/>
    <Properties>
      <Property name="Angle" value="180.633"/>
      <Property name="Filename" value="/Objects/pipe_straight.hs"/>
      <Property name="Parent" value="CenterPivot1"/>
    </Properties>
  </Object>
  <Object name="Object100">
    <AbsoluteLocation value="-90.174637 -52.835785"/>
    <Properties>
      <Property name="Angle" value="180.044"/>
      <Property name="Filename" value="/Objects/pipe_elbow_1.hs"/>
      <Property name="Parent" value="CenterPivot1"/>
    </Properties>
  </Object>
  <Object name="Object104">
    <AbsoluteLocation value="-83.530075 -82.844421"/>
    <Properties>
      <Property name="Angle" value="223.474"/>
      <Property name="Filename" value="/Objects/pipe_connector_90.hs"/>
      <Property name="Parent" value="CenterPivot1"/>
    </Properties>
  </Object>
  <Object name="Object113">
    <AbsoluteLocation value="-75.859612 -87.989037"/>
    <Properties>
      <Property name="Angle" value="224.194"/>
      <Property name="Filename" value="/Objects/pipe_elbow_1.hs"/>
      <Property name="Parent" value="CenterPivot1"/>
    </Properties>
  </Object>
  <Object name="Object117">
    <AbsoluteLocation value="-51.231323 -104.145760"/>
    <Properties>
      <Property name="Angle" value="269.14"/>
      <Property name="Filename" value="/Objects/pipe_connector_90.hs"/>
      <Property name="Parent" value="CenterPivot1"/>
    </Properties>
  </Object>
  <Object name="Object128">
    <AbsoluteLocation value="-11.015224 -100.320312"/>
    <Properties>
      <Property name="Angle" value="-47.3045"/>
      <Property name="Filename" value="/Objects/pipe_straight_short.hs"/>
      <Property name="Parent" value="CenterPivot1"/>
    </Properties>
  </Object>
  <Object name="Object129">
    <AbsoluteLocation value="-7.135136 -89.539383"/>
    <Properties>
      <Property name="Angle" value="-47.6502"/>
      <Property name="Filename" value="/Objects/pipe_elbow_1.hs"/>
      <Property name="Parent" value="CenterPivot1"/>
    </Properties>
  </Object>
  <Object name="Object130">
    <AbsoluteLocation value="-9.937359 -93.073578"/>
    <Properties>
      <Property name="Angle" value="-136.878"/>
      <Property name="Filename" value="/Objects/pipe_straight.hs"/>
      <Property name="Parent" value="CenterPivot1"/>
    </Properties>
  </Object>
  <Object name="Object131">
    <AbsoluteLocation value="-12.367456 -96.897865"/>
    <Properties>
      <Property name="Angle" value="-48.3701"/>
      <Property name="Filename" value="/Objects/pipe_connector_90.hs"/>
      <Property name="Parent" value="CenterPivot1"/>
    </Properties>
  </Object>
  <Object name="Object132">
    <AbsoluteLocation value="-7.686428 -102.023323"/>
    <Properties>
      <Property name="Angle" value="41.6144"/>
      <Property name="Filename" value="/Objects/pipe_connector_90.hs"/>
      <Property name="Parent" value="CenterPivot1"/>
    </Properties>
  </Object>
  <Object name="Object134">
    <AbsoluteLocation value="-30.409737 -105.988800"/>
    <Properties>
      <Property name="Angle" value="-80.8309"/>
      <Property name="Filename" value="/Objects/pipe_straight_short.hs"/>
      <Property name="Parent" value="CenterPivot1"/>
    </Properties>
  </Object>
  <Object name="Object135">
    <AbsoluteLocation value="-13.776613 -94.034706"/>
    <Properties>
      <Property name="Angle" value="-134.439"/>
      <Property name="Filename" value="/Objects/pipe_straight_long.hs"/>
      <Property name="Parent" value="CenterPivot1"/>
    </Properties>
  </Object>
  <Object name="Object136">
    <AbsoluteLocation value="-21.361492 -99.027374"/>
    <Properties>
      <Property name="Angle" value="-158.419"/>
      <Property name="Filename" value="/Objects/pipe_straight_long.hs"/>
      <Property name="Parent" value="CenterPivot1"/>
    </Properties>
  </Object>
  <Object name="Object137">
    <AbsoluteLocation value="-30.125648 -101.450241"/>
    <Properties>
      <Property name="Angle" value="-170.244"/>
      <Property name="Filename" value="/Objects/pipe_straight_long.hs"/>
      <Property name="Parent" value="CenterPivot1"/>
    </Properties>
  </Object>
  <Object name="Object138">
    <AbsoluteLocation value="-37.928596 -102.541054"/>
    <Properties>
      <Property name="Angle" value="-174.098"/>
      <Property name="Filename" value="/Objects/pipe_straight.hs"/>
      <Property name="Parent" value="CenterPivot1"/>
    </Properties>
  </Object>
  <Object name="Object140">
    <AbsoluteLocation value="-28.575363 -109.247086"/>
    <Properties>
      <Property name="Angle" value="8.08744"/>
      <Property name="Filename" value="/Objects/pipe_connector_90.hs"/>
      <Property name="Parent" value="CenterPivot1"/>
    </Properties>
  </Object>
  <Object name="Object141">
    <AbsoluteLocation value="4.503708 -71.836952"/>
    <Properties>
      <Property name="Angle" value="-110.594"/>
      <Property name="Filename" value="/Objects/pipe_straight_long.hs"/>
      <Property name="Parent" value="CenterPivot1"/>
    </Properties>
  </Object>
  <Object name="Object142">
    <AbsoluteLocation value="0.415066 -79.958717"/>
    <Properties>
      <Property name="Angle" value="-122.419"/>
      <Property name="Filename" value="/Objects/pipe_straight_long.hs"/>
      <Property name="Parent" value="CenterPivot1"/>
    </Properties>
  </Object>
  <Object name="Object145">
    <AbsoluteLocation value="7.234100 -84.044563"/>
    <Properties>
      <Property name="Angle" value="55.9126"/>
      <Property name="Filename" value="/Objects/pipe_connector_90.hs"/>
      <Property name="Parent" value="CenterPivot1"/>
    </Properties>
  </Object>
  <Object name="Object148">
    <AbsoluteLocation value="5.896065 -62.863655"/>
    <Properties>
      <Property name="Angle" value="-86.6136"/>
      <Property name="Filename" value="/Objects/pipe_straight_long.hs"/>
      <Property name="Parent" value="CenterPivot1"/>
    </Properties>
  </Object>
  <Object name="Object126">
    <AbsoluteLocation value="-42.191097 -102.254410"/>
    <Properties>
      <Property name="Angle" value="269.86"/>
      <Property name="Filename" value="/Objects/pipe_elbow_1.hs"/>
      <Property name="Parent" value="CenterPivot1"/>
    </Properties>
  </Object>
  <Object name="Object165">
    <AbsoluteLocation value="0.566650 -39.755901"/>
    <Properties>
      <Property name="Angle" value="-6.67246"/>
      <Property name="Filename" value="/Objects/pipe_straight_long.hs"/>
      <Property name="Parent" value="CenterPivot1"/>
    </Properties>
  </Object>
  <Object name="Object166">
    <AbsoluteLocation value="-17.621799 -37.628128"/>
    <Properties>
      <Property name="Angle" value="-6.67246"/>
      <Property name="Filename" value="/Objects/pipe_straight_long.hs"/>
      <Property name="Parent" value="CenterPivot1"/>
    </Properties>
  </Object>
  <Object name="Object167">
    <AbsoluteLocation value="-4.527760 -50.231968"/>
    <Properties>
      <Property name="Angle" value="43.756"/>
      <Property name="Filename" value="/Objects/pipe_straight_long.hs"/>
      <Property name="Parent" value="CenterPivot1"/>
    </Properties>
  </Object>
  <Object name="Object168">
    <AbsoluteLocation value="2.018009 -43.964443"/>
    <Properties>
      <Property name="Angle" value="43.756"/>
      <Property name="Filename" value="/Objects/pipe_straight_long.hs"/>
      <Property name="Parent" value="CenterPivot1"/>
    </Properties>
  </Object>
  <Object name="Object170">
    <AbsoluteLocation value="-17.653938 -25.619406"/>
    <Properties>
      <Property name="Angle" value="86.7273"/>
      <Property name="Filename" value="/Objects/pipe_straight_long.hs"/>
      <Property name="Parent" value="CenterPivot1"/>
    </Properties>
  </Object>
  <Object name="Object171">
    <AbsoluteLocation value="-17.136574 -16.571678"/>
    <Properties>
      <Property name="Angle" value="86.7273"/>
      <Property name="Filename" value="/Objects/pipe_straight_long.hs"/>
      <Property name="Parent" value="CenterPivot1"/>
    </Properties>
  </Object>
  <Object name="Object173">
    <AbsoluteLocation value="-35.825981 -25.322557"/>
    <Properties>
      <Property name="Angle" value="36.2989"/>
      <Property name="Filename" value="/Objects/pipe_straight_long.hs"/>
      <Property name="Parent" value="CenterPivot1"/>
    </Properties>
  </Object>
  <Object name="Object174">
    <AbsoluteLocation value="-21.067211 -14.481606"/>
    <Properties>
      <Property name="Angle" value="36.2989"/>
      <Property name="Filename" value="/Objects/pipe_straight_long.hs"/>
      <Property name="Parent" value="CenterPivot1"/>
    </Properties>
  </Object>
  <Object name="Object175">
    <AbsoluteLocation value="-44.583229 -16.820908"/>
    <Properties>
      <Property name="Angle" value="131.88"/>
      <Property name="Filename" value="/Objects/pipe_straight_long.hs"/>
      <Property name="Parent" value="CenterPivot1"/>
    </Properties>
  </Object>
  <Object name="Object176">
    <AbsoluteLocation value="-50.633156 -10.073502"/>
    <Properties>
      <Property name="Angle" value="131.88"/>
      <Property name="Filename" value="/Objects/pipe_straight_long.hs"/>
      <Property name="Parent" value="CenterPivot1"/>
    </Properties>
  </Object>
  <Object name="Object178">
    <AbsoluteLocation value="-57.608910 -29.495415"/>
    <Properties>
      <Property name="Angle" value="81.4519"/>
      <Property name="Filename" value="/Objects/pipe_straight_long.hs"/>
      <Property name="Parent" value="CenterPivot1"/>
    </Properties>
  </Object>
  <Object name="Object179">
    <AbsoluteLocation value="-54.886940 -11.386341"/>
    <Properties>
      <Property name="Angle" value="81.4519"/>
      <Property name="Filename" value="/Objects/pipe_straight_long.hs"/>
      <Property name="Parent" value="CenterPivot1"/>
    </Properties>
  </Object>
  <Object name="Object180">
    <AbsoluteLocation value="-70.241379 -29.650600"/>
    <Properties>
      <Property name="Angle" value="179.887"/>
      <Property name="Filename" value="/Objects/pipe_straight_long.hs"/>
      <Property name="Parent" value="CenterPivot1"/>
    </Properties>
  </Object>
  <Object name="Object181">
    <AbsoluteLocation value="-79.303871 -29.632751"/>
    <Properties>
      <Property name="Angle" value="179.887"/>
      <Property name="Filename" value="/Objects/pipe_straight_long.hs"/>
      <Property name="Parent" value="CenterPivot1"/>
    </Properties>
  </Object>
  <Object name="Object183">
    <AbsoluteLocation value="-69.536125 -47.811367"/>
    <Properties>
      <Property name="Angle" value="129.459"/>
      <Property name="Filename" value="/Objects/pipe_straight_long.hs"/>
      <Property name="Parent" value="CenterPivot1"/>
    </Properties>
  </Object>
  <Object name="Object184">
    <AbsoluteLocation value="-81.174110 -33.672619"/>
    <Properties>
      <Property name="Angle" value="129.459"/>
      <Property name="Filename" value="/Objects/pipe_straight_long.hs"/>
      <Property name="Parent" value="CenterPivot1"/>
    </Properties>
  </Object>
  <Object name="Object185">
    <AbsoluteLocation value="-78.462357 -56.978867"/>
    <Properties>
      <Property name="Angle" value="223.796"/>
      <Property name="Filename" value="/Objects/pipe_straight_long.hs"/>
      <Property name="Parent" value="CenterPivot1"/>
    </Properties>
  </Object>
  <Object name="Object186">
    <AbsoluteLocation value="-85.003685 -63.250965"/>
    <Properties>
      <Property name="Angle" value="223.796"/>
      <Property name="Filename" value="/Objects/pipe_straight_long.hs"/>
      <Property name="Parent" value="CenterPivot1"/>
    </Properties>
  </Object>
  <Object name="Object188">
    <AbsoluteLocation value="-65.359489 -69.573578"/>
    <Properties>
      <Property name="Angle" value="173.368"/>
      <Property name="Filename" value="/Objects/pipe_straight_long.hs"/>
      <Property name="Parent" value="CenterPivot1"/>
    </Properties>
  </Object>
  <Object name="Object189">
    <AbsoluteLocation value="-83.549438 -67.458519"/>
    <Properties>
      <Property name="Angle" value="173.368"/>
      <Property name="Filename" value="/Objects/pipe_straight_long.hs"/>
      <Property name="Parent" value="CenterPivot1"/>
    </Properties>
  </Object>
  <Object name="Object190">
    <AbsoluteLocation value="-64.893990 -82.352997"/>
    <Properties>
      <Property name="Angle" value="268.338"/>
      <Property name="Filename" value="/Objects/pipe_straight_long.hs"/>
      <Property name="Parent" value="CenterPivot1"/>
    </Properties>
  </Object>
  <Object name="Object191">
    <AbsoluteLocation value="-65.156693 -91.411613"/>
    <Properties>
      <Property name="Angle" value="268.338"/>
      <Property name="Filename" value="/Objects/pipe_straight_long.hs"/>
      <Property name="Parent" value="CenterPivot1"/>
    </Properties>
  </Object>
  <Object name="Object193">
    <AbsoluteLocation value="-46.720787 -82.138771"/>
    <Properties>
      <Property name="Angle" value="217.91"/>
      <Property name="Filename" value="/Objects/pipe_straight_long.hs"/>
      <Property name="Parent" value="CenterPivot1"/>
    </Properties>
  </Object>
  <Object name="Object194">
    <AbsoluteLocation value="-61.168900 -93.390419"/>
    <Properties>
      <Property name="Angle" value="217.91"/>
      <Property name="Filename" value="/Objects/pipe_straight_long.hs"/>
      <Property name="Parent" value="CenterPivot1"/>
    </Properties>
  </Object>
  <Object name="Object195">
    <AbsoluteLocation value="-25.307468 -77.618683"/>
    <Properties>
      <Property name="Angle" value="262.756"/>
      <Property name="Filename" value="/Objects/pipe_straight_long.hs"/>
      <Property name="Parent" value="CenterPivot1"/>
    </Properties>
  </Object>
  <Object name="Object196">
    <AbsoluteLocation value="-27.616554 -95.785004"/>
    <Properties>
      <Property name="Angle" value="262.756"/>
      <Property name="Filename" value="/Objects/pipe_straight_long.hs"/>
      <Property name="Parent" value="CenterPivot1"/>
    </Properties>
  </Object>
  <Object name="Object197">
    <AbsoluteLocation value="-38.041283 -90.586357"/>
    <Properties>
      <Property name="Angle" value="313.184"/>
      <Property name="Filename" value="/Objects/pipe_straight_long.hs"/>
      <Property name="Parent" value="CenterPivot1"/>
    </Properties>
  </Object>
  <Object name="Object198">
    <AbsoluteLocation value="-31.839375 -97.194214"/>
    <Properties>
      <Property name="Angle" value="313.184"/>
      <Property name="Filename" value="/Objects/pipe_straight_long.hs"/>
      <Property name="Parent" value="CenterPivot1"/>
    </Properties>
  </Object>
  <Object name="Object200">
    <AbsoluteLocation value="-13.728655 -59.276726"/>
    <Properties>
      <Property name="Angle" value="308.886"/>
      <Property name="Filename" value="/Objects/pipe_straight_long.hs"/>
      <Property name="Parent" value="CenterPivot1"/>
    </Properties>
  </Object>
  <Object name="Object201">
    <AbsoluteLocation value="-2.232544 -73.531090"/>
    <Properties>
      <Property name="Angle" value="308.886"/>
      <Property name="Filename" value="/Objects/pipe_straight_long.hs"/>
      <Property name="Parent" value="CenterPivot1"/>
    </Properties>
  </Object>
  <Object name="Object202">
    <AbsoluteLocation value="-13.204922 -77.443604"/>
    <Properties>
      <Property name="Angle" value="359.314"/>
      <Property name="Filename" value="/Objects/pipe_straight_long.hs"/>
      <Property name="Parent" value="CenterPivot1"/>
    </Properties>
  </Object>
  <Object name="Object203">
    <AbsoluteLocation value="-4.143150 -77.552002"/>
    <Properties>
      <Property name="Angle" value="359.314"/>
      <Property name="Filename" value="/Objects/pipe_straight_long.hs"/>
      <Property name="Parent" value="CenterPivot1"/>
    </Properties>
  </Object>
  <Object name="Object205">
    <AbsoluteLocation value="-6.444427 -34.198727"/>
    <Properties>
      <Property name="Angle" value="88.4393"/>
      <Property name="Filename" value="/Objects/pipe_straight_long.hs"/>
      <Property name="Parent" value="CenterPivot1"/>
    </Properties>
  </Object>
  <Object name="Object206">
    <AbsoluteLocation value="-6.197617 -25.139599"/>
    <Properties>
      <Property name="Angle" value="88.4393"/>
      <Property name="Filename" value="/Objects/pipe_straight_long.hs"/>
      <Property name="Parent" value="CenterPivot1"/>
    </Properties>
  </Object>
  <Object name="Object207">
    <AbsoluteLocation value="-30.127371 -15.622936"/>
    <Properties>
      <Property name="Angle" value="137.639"/>
      <Property name="Filename" value="/Objects/pipe_straight_long.hs"/>
      <Property name="Parent" value="CenterPivot1"/>
    </Properties>
  </Object>
  <Object name="Object208">
    <AbsoluteLocation value="-36.823769 -9.516636"/>
    <Properties>
      <Property name="Angle" value="137.639"/>
      <Property name="Filename" value="/Objects/pipe_straight_long.hs"/>
      <Property name="Parent" value="CenterPivot1"/>
    </Properties>
  </Object>
  <Object name="Object209">
    <AbsoluteLocation value="-60.714428 -18.406048"/>
    <Properties>
      <Property name="Angle" value="179.709"/>
      <Property name="Filename" value="/Objects/pipe_straight_long.hs"/>
      <Property name="Parent" value="CenterPivot1"/>
    </Properties>
  </Object>
  <Object name="Object210">
    <AbsoluteLocation value="-69.776810 -18.359970"/>
    <Properties>
      <Property name="Angle" value="179.709"/>
      <Property name="Filename" value="/Objects/pipe_straight_long.hs"/>
      <Property name="Parent" value="CenterPivot1"/>
    </Properties>
  </Object>
  <Object name="Object211">
    <AbsoluteLocation value="-80.164795 -42.221886"/>
    <Properties>
      <Property name="Angle" value="225.62"/>
      <Property name="Filename" value="/Objects/pipe_straight_long.hs"/>
      <Property name="Parent" value="CenterPivot1"/>
    </Properties>
  </Object>
  <Object name="Object212">
    <AbsoluteLocation value="-86.503288 -48.698975"/>
    <Properties>
      <Property name="Angle" value="225.62"/>
      <Property name="Filename" value="/Objects/pipe_straight_long.hs"/>
      <Property name="Parent" value="CenterPivot1"/>
    </Properties>
  </Object>
  <Object name="Object213">
    <AbsoluteLocation value="-76.338394 -72.459343"/>
    <Properties>
      <Property name="Angle" value="271.724"/>
      <Property name="Filename" value="/Objects/pipe_straight_long.hs"/>
      <Property name="Parent" value="CenterPivot1"/>
    </Properties>
  </Object>
  <Object name="Object214">
    <AbsoluteLocation value="-76.065788 -81.517708"/>
    <Properties>
      <Property name="Angle" value="271.724"/>
      <Property name="Filename" value="/Objects/pipe_straight_long.hs"/>
      <Property name="Parent" value="CenterPivot1"/>
    </Properties>
  </Object>
  <Object name="Object215">
    <AbsoluteLocation value="-46.143967 -98.588440"/>
    <Properties>
      <Property name="Angle" value="316.934"/>
      <Property name="Filename" value="/Objects/pipe_straight_long.hs"/>
      <Property name="Parent" value="CenterPivot1"/>
    </Properties>
  </Object>
  <Object name="Object216">
    <AbsoluteLocation value="-52.764702 -92.400269"/>
    <Properties>
      <Property name="Angle" value="316.934"/>
      <Property name="Filename" value="/Objects/pipe_straight_long.hs"/>
      <Property name="Parent" value="CenterPivot1"/>
    </Properties>
  </Object>
  <Object name="Object217">
    <AbsoluteLocation value="-12.900620 -89.307915"/>
    <Properties>
      <Property name="Angle" value="359.576"/>
      <Property name="Filename" value="/Objects/pipe_straight_long.hs"/>
      <Property name="Parent" value="CenterPivot1"/>
    </Properties>
  </Object>
  <Object name="Object218">
    <AbsoluteLocation value="-21.962824 -89.240761"/>
    <Properties>
      <Property name="Angle" value="359.576"/>
      <Property name="Filename" value="/Objects/pipe_straight_long.hs"/>
      <Property name="Parent" value="CenterPivot1"/>
    </Properties>
  </Object>
  <Object name="Object219">
    <AbsoluteLocation value="3.081509 -58.543839"/>
    <Properties>
      <Property name="Angle" value="405.761"/>
      <Property name="Filename" value="/Objects/pipe_straight_long.hs"/>
      <Property name="Parent" value="CenterPivot1"/>
    </Properties>
  </Object>
  <Object name="Object220">
    <AbsoluteLocation value="-3.241051 -65.036362"/>
    <Properties>
      <Property name="Angle" value="405.761"/>
      <Property name="Filename" value="/Objects/pipe_straight_long.hs"/>
      <Property name="Parent" value="CenterPivot1"/>
    </Properties>
  </Object>
  <Object name="Object24">
    <AbsoluteLocation value="4.448570 -57.285770"/>
    <Properties>
      <Property name="Angle" value="0.36256"/>
      <Property name="Filename" value="/Objects/wall_8x8_plain.hs"/>
      <Property name="Parent" value="CenterPivot1"/>
    </Properties>
  </Object>
  <Object name="Object13">
    <AbsoluteLocation value="-6.000000 -23.625000"/>
    <Properties>
      <Property name="Angle" value="44.4411"/>
      <Property name="Filename" value="/Objects/wall_8x8_plain.hs"/>
      <Property name="Parent" value="CenterPivot1"/>
    </Properties>
  </Object>
  <Object name="Object68">
    <AbsoluteLocation value="-37.731255 -8.672333"/>
    <Properties>
      <Property name="Angle" value="92.2662"/>
      <Property name="Filename" value="/Objects/wall_8x8_plain.hs"/>
      <Property name="Parent" value="CenterPivot1"/>
    </Properties>
  </Object>
  <Object name="Object83">
    <AbsoluteLocation value="-71.408569 -18.006378"/>
    <Properties>
      <Property name="Angle" value="132.299"/>
      <Property name="Filename" value="/Objects/wall_8x8_plain.hs"/>
      <Property name="Parent" value="CenterPivot1"/>
    </Properties>
  </Object>
  <Object name="Object96">
    <AbsoluteLocation value="-87.285835 -49.492714"/>
    <Properties>
      <Property name="Angle" value="181.075"/>
      <Property name="Filename" value="/Objects/wall_8x8_plain.hs"/>
      <Property name="Parent" value="CenterPivot1"/>
    </Properties>
  </Object>
  <Object name="Object107">
    <AbsoluteLocation value="-76.115372 -83.578110"/>
    <Properties>
      <Property name="Angle" value="225.225"/>
      <Property name="Filename" value="/Objects/wall_8x8_plain.hs"/>
      <Property name="Parent" value="CenterPivot1"/>
    </Properties>
  </Object>
  <Object name="Object120">
    <AbsoluteLocation value="-45.524895 -99.354836"/>
    <Properties>
      <Property name="Angle" value="270.891"/>
      <Property name="Filename" value="/Objects/wall_8x8_plain.hs"/>
      <Property name="Parent" value="CenterPivot1"/>
    </Properties>
  </Object>
  <Object name="Object133">
    <AbsoluteLocation value="-11.395449 -89.510582"/>
    <Properties>
      <Property name="Angle" value="-46.6195"/>
      <Property name="Filename" value="/Objects/wall_8x8_plain.hs"/>
      <Property name="Parent" value="CenterPivot1"/>
    </Properties>
  </Object>
  <Object name="Object139">
    <AbsoluteLocation value="-29.646706 -102.388855"/>
    <Properties>
      <Property name="Angle" value="-81.8965"/>
      <Property name="Filename" value="/Objects/pipe_connector_90.hs"/>
      <Property name="Parent" value="CenterPivot1"/>
    </Properties>
  </Object>
  <Object name="Object74">
    <AbsoluteLocation value="-15.512484 -10.971210"/>
    <Properties>
      <Property name="Angle" value="56.9891"/>
      <Property name="Filename" value="/Objects/pipe_connector_90.hs"/>
      <Property name="Parent" value="CenterPivot1"/>
    </Properties>
  </Object>
  <Object name="Object79">
    <AbsoluteLocation value="-52.917389 -5.279114"/>
    <Properties>
      <Property name="Angle" value="97.0215"/>
      <Property name="Filename" value="/Objects/pipe_connector_90.hs"/>
      <Property name="Parent" value="CenterPivot1"/>
    </Properties>
  </Object>
  <Object name="Object91">
    <AbsoluteLocation value="-84.672951 -27.197433"/>
    <Properties>
      <Property name="Angle" value="145.798"/>
      <Property name="Filename" value="/Objects/pipe_connector_90.hs"/>
      <Property name="Parent" value="CenterPivot1"/>
    </Properties>
  </Object>
  <Object name="Object102">
    <AbsoluteLocation value="-89.769951 -65.760757"/>
    <Properties>
      <Property name="Angle" value="189.947"/>
      <Property name="Filename" value="/Objects/pipe_connector_90.hs"/>
      <Property name="Parent" value="CenterPivot1"/>
    </Properties>
  </Object>
  <Object name="Object115">
    <AbsoluteLocation value="-67.811661 -96.670433"/>
    <Properties>
      <Property name="Angle" value="235.614"/>
      <Property name="Filename" value="/Objects/pipe_connector_90.hs"/>
      <Property name="Parent" value="CenterPivot1"/>
    </Properties>
  </Object>
  <Object name="Object144">
    <AbsoluteLocation value="1.432240 -80.233994"/>
    <Properties>
      <Property name="Angle" value="-34.0715"/>
      <Property name="Filename" value="/Objects/pipe_connector_90.hs"/>
      <Property name="Parent" value="CenterPivot1"/>
    </Properties>
  </Object>
  <Object name="Object31">
    <AbsoluteLocation value="7.213886 -41.634769"/>
    <Properties>
      <Property name="Angle" value="9.16401"/>
      <Property name="Filename" value="/Objects/pipe_connector_90.hs"/>
      <Property name="Parent" value="CenterPivot1"/>
    </Properties>
  </Object>
  <Object name="Object164">
    <AbsoluteLocation value="-8.248226 -38.724678"/>
    <Properties>
      <Property name="Angle" value="-6.67246"/>
      <Property name="Filename" value="/Objects/pipe_straight_long.hs"/>
      <Property name="Parent" value="CenterPivot1"/>
    </Properties>
  </Object>
  <Object name="Object172">
    <AbsoluteLocation value="-28.219917 -19.735569"/>
    <Properties>
      <Property name="Angle" value="36.2989"/>
      <Property name="Filename" value="/Objects/pipe_straight_long.hs"/>
      <Property name="Parent" value="CenterPivot1"/>
    </Properties>
  </Object>
  <Object name="Object177">
    <AbsoluteLocation value="-56.206108 -20.162743"/>
    <Properties>
      <Property name="Angle" value="81.4519"/>
      <Property name="Filename" value="/Objects/pipe_straight_long.hs"/>
      <Property name="Parent" value="CenterPivot1"/>
    </Properties>
  </Object>
  <Object name="Object182">
    <AbsoluteLocation value="-75.533852 -40.524822"/>
    <Properties>
      <Property name="Angle" value="129.459"/>
      <Property name="Filename" value="/Objects/pipe_straight_long.hs"/>
      <Property name="Parent" value="CenterPivot1"/>
    </Properties>
  </Object>
  <Object name="Object187">
    <AbsoluteLocation value="-74.733795 -68.483574"/>
    <Properties>
      <Property name="Angle" value="173.368"/>
      <Property name="Filename" value="/Objects/pipe_straight_long.hs"/>
      <Property name="Parent" value="CenterPivot1"/>
    </Properties>
  </Object>
  <Object name="Object192">
    <AbsoluteLocation value="-54.166710 -87.937393"/>
    <Properties>
      <Property name="Angle" value="217.91"/>
      <Property name="Filename" value="/Objects/pipe_straight_long.hs"/>
      <Property name="Parent" value="CenterPivot1"/>
    </Properties>
  </Object>
  <Object name="Object199">
    <AbsoluteLocation value="-26.497467 -86.980789"/>
    <Properties>
      <Property name="Angle" value="262.756"/>
      <Property name="Filename" value="/Objects/pipe_straight_long.hs"/>
      <Property name="Parent" value="CenterPivot1"/>
    </Properties>
  </Object>
  <Object name="Object204">
    <AbsoluteLocation value="-7.804081 -66.622780"/>
    <Properties>
      <Property name="Angle" value="308.886"/>
      <Property name="Filename" value="/Objects/pipe_straight_long.hs"/>
      <Property name="Parent" value="CenterPivot1"/>
    </Properties>
  </Object>
  <Object name="Object8">
    <AbsoluteLocation value="-16.384533 -28.651154"/>
    <Properties>
      <Property name="Angle" value="44.7615"/>
      <Property name="Filename" value="/Objects/pipe_straight_long.hs"/>
      <Property name="Parent" value="CenterPivot1"/>
    </Properties>
  </Object>
  <Object name="Object34">
    <AbsoluteLocation value="-41.559799 -18.231133"/>
    <Properties>
      <Property name="Angle" value="90.012"/>
      <Property name="Filename" value="/Objects/pipe_straight_long.hs"/>
      <Property name="Parent" value="CenterPivot1"/>
    </Properties>
  </Object>
  <Object name="Object42">
    <AbsoluteLocation value="-66.462387 -28.359852"/>
    <Properties>
      <Property name="Angle" value="134.124"/>
      <Property name="Filename" value="/Objects/pipe_straight_long.hs"/>
      <Property name="Parent" value="CenterPivot1"/>
    </Properties>
  </Object>
  <Object name="Object46">
    <AbsoluteLocation value="-75.904587 -53.531807"/>
    <Properties>
      <Property name="Angle" value="-180.227"/>
      <Property name="Filename" value="/Objects/pipe_straight_long.hs"/>
      <Property name="Parent" value="CenterPivot1"/>
    </Properties>
  </Object>
  <Object name="Object49">
    <AbsoluteLocation value="-66.546371 -79.423210"/>
    <Properties>
      <Property name="Angle" value="-134.448"/>
      <Property name="Filename" value="/Objects/pipe_straight_long.hs"/>
      <Property name="Parent" value="CenterPivot1"/>
    </Properties>
  </Object>
  <Object name="Object62">
    <AbsoluteLocation value="-41.446972 -87.809509"/>
    <Properties>
      <Property name="Angle" value="-90.1278"/>
      <Property name="Filename" value="/Objects/pipe_straight_long.hs"/>
      <Property name="Parent" value="CenterPivot1"/>
    </Properties>
  </Object>
  <Object name="Object53">
    <AbsoluteLocation value="-16.889133 -78.549713"/>
    <Properties>
      <Property name="Angle" value="-45.3329"/>
      <Property name="Filename" value="/Objects/pipe_straight_long.hs"/>
      <Property name="Parent" value="CenterPivot1"/>
    </Properties>
  </Object>
  <Object name="Object6">
    <AbsoluteLocation value="-6.187500 -53.531250"/>
    <Properties>
      <Property name="Angle" value="0"/>
      <Property name="Filename" value="/Objects/pipe_straight_long.hs"/>
      <Property name="Parent" value="CenterPivot1"/>
    </Properties>
  </Object>
  <Object name="Object155">
    <AbsoluteLocation value="-17.682659 -44.267242"/>
    <Properties>
      <Property name="Angle" value="-45.0109"/>
      <Property name="Filename" value="/Objects/wall_24x8_no_gear.hs"/>
      <Property name="Parent" value="CenterPivot1"/>
    </Properties>
  </Object>
  <Object name="Object157">
    <AbsoluteLocation value="-31.428923 -30.684570"/>
    <Properties>
      <Property name="Angle" value="-0.485238"/>
      <Property name="Filename" value="/Objects/wall_24x8_no_gear.hs"/>
      <Property name="Parent" value="CenterPivot1"/>
    </Properties>
  </Object>
  <Object name="Object156">
    <AbsoluteLocation value="-50.654724 -30.030258"/>
    <Properties>
      <Property name="Angle" value="44.7426"/>
      <Property name="Filename" value="/Objects/wall_24x8_no_gear.hs"/>
      <Property name="Parent" value="CenterPivot1"/>
    </Properties>
  </Object>
  <Object name="Object158">
    <AbsoluteLocation value="-64.593086 -43.240021"/>
    <Properties>
      <Property name="Angle" value="89.8905"/>
      <Property name="Filename" value="/Objects/wall_24x8_no_gear.hs"/>
      <Property name="Parent" value="CenterPivot1"/>
    </Properties>
  </Object>
  <Object name="Object159">
    <AbsoluteLocation value="-64.714073 -62.899750"/>
    <Properties>
      <Property name="Angle" value="134.311"/>
      <Property name="Filename" value="/Objects/wall_24x8_no_gear.hs"/>
      <Property name="Parent" value="CenterPivot1"/>
    </Properties>
  </Object>
  <Object name="Object160">
    <AbsoluteLocation value="-51.483086 -76.790115"/>
    <Properties>
      <Property name="Angle" value="179.937"/>
      <Property name="Filename" value="/Objects/wall_24x8_no_gear.hs"/>
      <Property name="Parent" value="CenterPivot1"/>
    </Properties>
  </Object>
  <Object name="Object153">
    <AbsoluteLocation value="-32.441063 -77.312233"/>
    <Properties>
      <Property name="Angle" value="-136.811"/>
      <Property name="Filename" value="/Objects/wall_24x8_no_gear.hs"/>
      <Property name="Parent" value="CenterPivot1"/>
    </Properties>
  </Object>
  <Object name="Object154">
    <AbsoluteLocation value="-18.880383 -63.674423"/>
    <Properties>
      <Property name="Angle" value="-89.9651"/>
      <Property name="Filename" value="/Objects/wall_24x8_no_gear.hs"/>
      <Property name="Parent" value="CenterPivot1"/>
    </Properties>
  </Object>
  <Object name="CenterPivot1">
    <AbsoluteLocation value="-41.531250 -53.531250"/>
    <Properties>
      <Property name="Angle" value="0"/>
      <Property name="DegreesPerSecond" value="8"/>
      <Property name="Filename" value="/Objects/wall_8x8.hs"/>
      <Property name="MotorOn" value="0"/>
    </Properties>
  </Object>
  <Object name="Ducky218">
    <AbsoluteLocation value="24.843750 -25.406250"/>
    <Properties>
      <Property name="Angle" value="0"/>
      <Property name="Filename" value="/Objects/star_poison.hs"/>
      <Property name="Type" value="star"/>
    </Properties>
  </Object>
  <Object name="Ducky219">
    <AbsoluteLocation value="-7.156250 -12.531250"/>
    <Properties>
      <Property name="Angle" value="0"/>
      <Property name="Filename" value="/Objects/star_poison.hs"/>
      <Property name="Type" value="star"/>
    </Properties>
  </Object>
  <Object name="Ducky220">
    <AbsoluteLocation value="8.112939 5.691883"/>
    <Properties>
      <Property name="Angle" value="0"/>
      <Property name="Filename" value="/Objects/star_poison.hs"/>
      <Property name="Type" value="star"/>
    </Properties>
  </Object>
  <Object name="Object230">
    <AbsoluteLocation value="-9.506193 8.329304"/>
    <Properties>
      <Property name="Angle" value="29.3708"/>
      <Property name="Filename" value="/Objects/pipe_straight_short.hs"/>
    </Properties>
  </Object>
  <Object name="Object233">
    <AbsoluteLocation value="-15.278185 10.739366"/>
    <Properties>
      <Property name="Angle" value="-56.6785"/>
      <Property name="Filename" value="/Objects/pipe_straight.hs"/>
    </Properties>
  </Object>
  <Object name="Object234">
    <AbsoluteLocation value="-16.170193 12.568338"/>
    <Properties>
      <Property name="Angle" value="118.449"/>
      <Property name="Filename" value="/Objects/pipe_connector_end.hs"/>
    </Properties>
  </Object>
  <Object name="Spout147">
    <AbsoluteLocation value="-7.430849 9.604241"/>
    <Properties>
      <Property name="Angle" value="306.864"/>
      <Property name="ConnectedSpout0" value="SWAMPY_SPOUT"/>
      <Property name="ConnectedSpoutProbability0" value="1"/>
      <Property name="Filename" value="/Objects/broken_pipe_cranky.hs"/>
      <Property name="Type" value="spout"/>
    </Properties>
  </Object>
  <Object name="Object238">
    <AbsoluteLocation value="-7.299159 44.021500"/>
    <Properties>
      <Property name="Angle" value="-6.90562"/>
      <Property name="Filename" value="/Objects/pipe_straight.hs"/>
    </Properties>
  </Object>
  <Object name="Object239">
    <AbsoluteLocation value="-10.379050 44.397484"/>
    <Properties>
      <Property name="Angle" value="-187.687"/>
      <Property name="Filename" value="/Objects/pipe_into_wall_2.hs"/>
    </Properties>
  </Object>
  <Object name="Spout150">
    <AbsoluteLocation value="27.125988 31.753992"/>
    <Properties>
      <Property name="Angle" value="-147.98"/>
      <Property name="Filename" value="/Objects/shower_head.hs"/>
      <Property name="FluidType" value="Water"/>
      <Property name="ParticleSpeed" value="15"/>
      <Property name="ParticlesPerSecond" value="6"/>
      <Property name="Type" value="spout"/>
    </Properties>
  </Object>
  <Object name="Spout221">
    <AbsoluteLocation value="-5.266392 43.677994"/>
    <Properties>
      <Property name="Angle" value="-0.956688"/>
      <Property name="Filename" value="/Objects/shower_head.hs"/>
      <Property name="FluidType" value="Water"/>
      <Property name="NumberParticles" value="0"/>
      <Property name="ParticleSpeed" value="10"/>
      <Property name="Type" value="spout"/>
    </Properties>
  </Object>
  <Object name="Object237">
    <AbsoluteLocation value="41.978703 36.427376"/>
    <Properties>
      <Property name="Angle" value="5.90596"/>
      <Property name="Filename" value="/Objects/pipe_straight_long.hs"/>
    </Properties>
  </Object>
  <Object name="Switch217">
    <AbsoluteLocation value="25.125000 -33.187500"/>
    <Properties>
      <Property name="Angle" value="-0.868073"/>
      <Property name="ConnectedObject0" value="CenterPivot1"/>
      <Property name="Filename" value="/Objects/switch.hs"/>
      <Property name="Type" value="switch"/>
    </Properties>
  </Object>
  <Object name="Object261">
    <AbsoluteLocation value="-27.568150 1.398135"/>
    <Properties>
      <Property name="Angle" value="-84.1975"/>
      <Property name="Filename" value="/Objects/pipe_straight_short.hs"/>
    </Properties>
  </Object>
  <Object name="Object262">
    <AbsoluteLocation value="-27.949741 3.532366"/>
    <Properties>
      <Property name="Angle" value="-79.524"/>
      <Property name="Filename" value="/Objects/pipe_straight_short.hs"/>
    </Properties>
  </Object>
  <Object name="Object251">
    <AbsoluteLocation value="-12.259904 7.406329"/>
    <Properties>
      <Property name="Angle" value="-145.69"/>
      <Property name="Filename" value="/Objects/pipe_elbow_2.hs"/>
    </Properties>
  </Object>
  <Room>
    <AbsoluteLocation value="-21.199997 25.999998"/>
  </Room>
</Objects>
