<?xml version="1.0"?>
<Objects>
  <Object name="Obj10">
    <AbsoluteLocation value="-6.802248 -42.832737"/>
    <Properties>
      <Property name="Angle" value="10.0306"/>
      <Property name="Filename" value="/Objects/pipe_elbow_1.hs"/>
    </Properties>
  </Object>
  <Object name="Obj5">
    <AbsoluteLocation value="-14.775051 -42.865170"/>
    <Properties>
      <Property name="Angle" value="-170.504"/>
      <Property name="Filename" value="/Objects/pipe_elbow_2.hs"/>
    </Properties>
  </Object>
  <Object name="Star2">
    <AbsoluteLocation value="3.206394 18.722603"/>
    <Properties>
      <Property name="Angle" value="0"/>
      <Property name="Filename" value="/Objects/star.hs"/>
      <Property name="Type" value="star"/>
    </Properties>
  </Object>
  <Object name="Star3">
    <AbsoluteLocation value="2.508737 0.810012"/>
    <Properties>
      <Property name="Angle" value="0"/>
      <Property name="Filename" value="/Objects/star.hs"/>
      <Property name="Type" value="star"/>
    </Properties>
  </Object>
  <Object name="Star4">
    <AbsoluteLocation value="3.006389 -16.051353"/>
    <Properties>
      <Property name="Angle" value="0"/>
      <Property name="Filename" value="/Objects/star.hs"/>
      <Property name="Type" value="star"/>
    </Properties>
  </Object>
  <Object name="Spout5">
    <AbsoluteLocation value="-15.647921 -40.141781"/>
    <Properties>
      <Property name="Angle" value="1.43571"/>
      <Property name="ConnectedSpout0" value="SWAMPY_SPOUT"/>
      <Property name="ConnectedSpoutProbability0" value="1"/>
      <Property name="Filename" value="/Objects/broken_pipe.hs"/>
      <Property name="Type" value="spout"/>
    </Properties>
  </Object>
  <Object name="Obj6">
    <AbsoluteLocation value="1.606753 -44.065166"/>
    <Properties>
      <Property name="Angle" value="34.6532"/>
      <Property name="Filename" value="/Objects/pipe_straight.hs"/>
    </Properties>
  </Object>
  <Object name="Obj7">
    <AbsoluteLocation value="-10.910763 -42.878086"/>
    <Properties>
      <Property name="Angle" value="10.1707"/>
      <Property name="Filename" value="/Objects/pipe_straight.hs"/>
    </Properties>
  </Object>
  <Object name="Obj8">
    <AbsoluteLocation value="4.957888 -41.901215"/>
    <Properties>
      <Property name="Angle" value="-331.018"/>
      <Property name="Filename" value="/Objects/pipe_connector_end.hs"/>
    </Properties>
  </Object>
  <Object name="Obj9">
    <AbsoluteLocation value="-3.749930 -45.473259"/>
    <Properties>
      <Property name="Angle" value="26.85"/>
      <Property name="Filename" value="/Objects/pipe_connector_90.hs"/>
    </Properties>
  </Object>
  <Room>
    <AbsoluteLocation value="18.000002 -34.800003"/>
  </Room>
</Objects>
