<?xml version="1.0"?>
<Objects>
  <Object name="Object35">
    <AbsoluteLocation value="-12.631647 -46.783802"/>
    <Properties>
      <Property name="Angle" value="0"/>
      <Property name="Filename" value="/Objects/pipe_straight_long.hs"/>
    </Properties>
  </Object>
  <Object name="Object3">
    <AbsoluteLocation value="4.740039 -40.711658"/>
    <Properties>
      <Property name="Angle" value="0.0818295"/>
      <Property name="Filename" value="/Objects/cup_5blocks_green.hs"/>
      <Property name="MotorMoveSpeed" value="7"/>
      <Property name="MotorWaitTime" value="1"/>
      <Property name="MotorWaitTurn0" value="0"/>
      <Property name="MotorWaitTurn1" value="0"/>
      <Property name="MotorWaitTurn2" value="-135"/>
      <Property name="MotorWaitTurn3" value="0"/>
      <Property name="MotorWaitTurn4" value="135"/>
      <Property name="MotorWaitTurn5" value="0"/>
      <Property name="MotorWaitTurn6" value="0"/>
      <Property name="PathPos0" value="0 0"/>
      <Property name="PathPos1" value="0 50"/>
      <Property name="PathPos2" value="10 50"/>
      <Property name="PathPos3" value="10 50"/>
      <Property name="PathPos4" value="10 50"/>
      <Property name="PathPos5" value="0 50"/>
      <Property name="PathPos6" value="0 -30"/>
    </Properties>
  </Object>
  <Object name="Switch6">
    <AbsoluteLocation value="-26.385527 -7.223549"/>
    <Properties>
      <Property name="Angle" value="0"/>
      <Property name="ConnectedObject0" value="Object3"/>
      <Property name="Filename" value="/Objects/switch_green.hs"/>
      <Property name="Type" value="switch"/>
    </Properties>
  </Object>
  <Object name="Switch7">
    <AbsoluteLocation value="27.939938 16.282288"/>
    <Properties>
      <Property name="Angle" value="-0.500688"/>
      <Property name="ConnectedObject0" value="Object5"/>
      <Property name="Filename" value="/Objects/switch.hs"/>
      <Property name="Type" value="switch"/>
    </Properties>
  </Object>
  <Object name="Ducky9">
    <AbsoluteLocation value="-25.530752 24.668856"/>
    <Properties>
      <Property name="Angle" value="0"/>
      <Property name="Filename" value="/Objects/star_poison.hs"/>
      <Property name="Type" value="star"/>
    </Properties>
  </Object>
  <Object name="Ducky10">
    <AbsoluteLocation value="24.532238 -14.148293"/>
    <Properties>
      <Property name="Angle" value="0"/>
      <Property name="Filename" value="/Objects/star_poison.hs"/>
      <Property name="Type" value="star"/>
    </Properties>
  </Object>
  <Object name="Ducky11">
    <AbsoluteLocation value="4.813636 -11.864727"/>
    <Properties>
      <Property name="Angle" value="0"/>
      <Property name="Filename" value="/Objects/star_poison.hs"/>
      <Property name="Type" value="star"/>
    </Properties>
  </Object>
  <Object name="Object15">
    <AbsoluteLocation value="4.763741 -52.936306"/>
    <Properties>
      <Property name="Angle" value="90"/>
      <Property name="Filename" value="/Objects/path_locking_mid.hs"/>
    </Properties>
  </Object>
  <Object name="Object16">
    <AbsoluteLocation value="4.763740 -48.049107"/>
    <Properties>
      <Property name="Angle" value="90"/>
      <Property name="Filename" value="/Objects/path_locking_mid.hs"/>
    </Properties>
  </Object>
  <Object name="Object17">
    <AbsoluteLocation value="4.763740 -43.161903"/>
    <Properties>
      <Property name="Angle" value="90"/>
      <Property name="Filename" value="/Objects/path_locking_mid.hs"/>
    </Properties>
  </Object>
  <Object name="Object18">
    <AbsoluteLocation value="4.763740 -38.274704"/>
    <Properties>
      <Property name="Angle" value="90"/>
      <Property name="Filename" value="/Objects/path_locking_mid.hs"/>
    </Properties>
  </Object>
  <Object name="Object19">
    <AbsoluteLocation value="4.763740 -33.387505"/>
    <Properties>
      <Property name="Angle" value="90"/>
      <Property name="Filename" value="/Objects/path_locking_mid.hs"/>
    </Properties>
  </Object>
  <Object name="Object20">
    <AbsoluteLocation value="4.763739 -28.500303"/>
    <Properties>
      <Property name="Angle" value="90"/>
      <Property name="Filename" value="/Objects/path_locking_mid.hs"/>
    </Properties>
  </Object>
  <Object name="Object21">
    <AbsoluteLocation value="4.763739 -23.613100"/>
    <Properties>
      <Property name="Angle" value="90"/>
      <Property name="Filename" value="/Objects/path_locking_mid.hs"/>
    </Properties>
  </Object>
  <Object name="Object22">
    <AbsoluteLocation value="4.763739 -18.725895"/>
    <Properties>
      <Property name="Angle" value="90"/>
      <Property name="Filename" value="/Objects/path_locking_mid.hs"/>
    </Properties>
  </Object>
  <Object name="Object23">
    <AbsoluteLocation value="4.763739 -13.838696"/>
    <Properties>
      <Property name="Angle" value="90"/>
      <Property name="Filename" value="/Objects/path_locking_mid.hs"/>
    </Properties>
  </Object>
  <Object name="Object24">
    <AbsoluteLocation value="4.763739 -8.951496"/>
    <Properties>
      <Property name="Angle" value="90"/>
      <Property name="Filename" value="/Objects/path_locking_mid.hs"/>
    </Properties>
  </Object>
  <Object name="Object25">
    <AbsoluteLocation value="4.763738 -4.064297"/>
    <Properties>
      <Property name="Angle" value="90"/>
      <Property name="Filename" value="/Objects/path_locking_mid.hs"/>
    </Properties>
  </Object>
  <Object name="Object27">
    <AbsoluteLocation value="6.459843 -1.861164"/>
    <Properties>
      <Property name="Angle" value="-90.1314"/>
      <Property name="Filename" value="/Objects/path_locking_elbow_5.hs"/>
    </Properties>
  </Object>
  <Object name="Object34">
    <AbsoluteLocation value="-6.454685 -46.818836"/>
    <Properties>
      <Property name="Angle" value="0"/>
      <Property name="Filename" value="/Objects/pipe_into_wall_1.hs"/>
    </Properties>
  </Object>
  <Object name="Object30">
    <AbsoluteLocation value="24.532143 -43.593605"/>
    <Properties>
      <Property name="Angle" value="89.4516"/>
      <Property name="Filename" value="/Objects/pipe_straight_short.hs"/>
    </Properties>
  </Object>
  <Object name="Object29">
    <AbsoluteLocation value="23.893978 -45.008263"/>
    <Properties>
      <Property name="Angle" value="-89.179"/>
      <Property name="Filename" value="/Objects/pipe_elbow_2.hs"/>
    </Properties>
  </Object>
  <Object name="Object31">
    <AbsoluteLocation value="20.938297 -45.674126"/>
    <Properties>
      <Property name="Angle" value="-0.382735"/>
      <Property name="Filename" value="/Objects/pipe_straight_short.hs"/>
    </Properties>
  </Object>
  <Object name="Object32">
    <AbsoluteLocation value="19.158897 -45.650177"/>
    <Properties>
      <Property name="Angle" value="-0.382735"/>
      <Property name="Filename" value="/Objects/pipe_straight_short.hs"/>
    </Properties>
  </Object>
  <Object name="Object33">
    <AbsoluteLocation value="17.073990 -45.640591"/>
    <Properties>
      <Property name="Angle" value="-179.864"/>
      <Property name="Filename" value="/Objects/pipe_into_wall_2.hs"/>
    </Properties>
  </Object>
  <Object name="Spout1">
    <AbsoluteLocation value="24.446384 -40.736038"/>
    <Properties>
      <Property name="Angle" value="-0.62216"/>
      <Property name="ConnectedSpout0" value="SWAMPY_SPOUT"/>
      <Property name="ConnectedSpoutProbability0" value="1"/>
      <Property name="Filename" value="/Objects/broken_pipe_cranky.hs"/>
      <Property name="Type" value="spout"/>
    </Properties>
  </Object>
  <Object name="Object37">
    <AbsoluteLocation value="-18.437628 -46.093987"/>
    <Properties>
      <Property name="Angle" value="-180"/>
      <Property name="Filename" value="/Objects/pipe_elbow_2.hs"/>
    </Properties>
  </Object>
  <Object name="Object38">
    <AbsoluteLocation value="-19.199980 -44.223682"/>
    <Properties>
      <Property name="Angle" value="90"/>
      <Property name="Filename" value="/Objects/pipe_connector_end.hs"/>
    </Properties>
  </Object>
  <Object name="Object28">
    <AbsoluteLocation value="12.451970 -0.168650"/>
    <Properties>
      <Property name="Angle" value="0"/>
      <Property name="Filename" value="/Objects/path_locking_end_right.hs"/>
    </Properties>
  </Object>
  <Object name="Object5">
    <AbsoluteLocation value="20.001846 -31.172676"/>
    <Properties>
      <Property name="Angle" value="0"/>
      <Property name="Filename" value="/Objects/wall_16x8.hs"/>
      <Property name="MotorWaitTime" value=".3"/>
      <Property name="MotorWaitTurn0" value="-90"/>
      <Property name="PathPos0" value="0 0"/>
      <Property name="PathPos1" value="0 0"/>
    </Properties>
  </Object>
  <Room>
    <AbsoluteLocation value="-18.799997 -30.800003"/>
  </Room>
</Objects>
