<?xml version="1.0"?>
<Objects>
  <Object name="Ducky13">
    <AbsoluteLocation value="0.199999 33.400005"/>
    <Properties>
      <Property name="Angle" value="0"/>
      <Property name="Filename" value="/Objects/star.hs"/>
      <Property name="Type" value="star"/>
    </Properties>
  </Object>
  <Object name="Object35">
    <AbsoluteLocation value="0.200295 -41.870567"/>
    <Properties>
      <Property name="Angle" value="-52.4972"/>
      <Property name="Filename" value="/Objects/pipe_straight.hs"/>
    </Properties>
  </Object>
  <Object name="Object36">
    <AbsoluteLocation value="7.624710 -44.628551"/>
    <Properties>
      <Property name="Angle" value="0"/>
      <Property name="Filename" value="/Objects/pipe_straight_long.hs"/>
    </Properties>
  </Object>
  <Object name="Object34">
    <AbsoluteLocation value="13.771654 -50.511185"/>
    <Properties>
      <Property name="Angle" value="89.7098"/>
      <Property name="Filename" value="/Objects/pipe_straight.hs"/>
    </Properties>
  </Object>
  <Object name="Object33">
    <AbsoluteLocation value="13.830914 -48.155151"/>
    <Properties>
      <Property name="Angle" value="179.642"/>
      <Property name="Filename" value="/Objects/pipe_spout_base.hs"/>
    </Properties>
  </Object>
  <Object name="Object28">
    <AbsoluteLocation value="1.536983 16.906801"/>
    <Properties>
      <Property name="Angle" value="-179.378"/>
      <Property name="Filename" value="/Objects/pipe_elbow_2.hs"/>
    </Properties>
  </Object>
  <Object name="Object27">
    <AbsoluteLocation value="2.220081 -44.254219"/>
    <Properties>
      <Property name="Angle" value="-182.094"/>
      <Property name="Filename" value="/Objects/pipe_bend_1.hs"/>
    </Properties>
  </Object>
  <Object name="Object24">
    <AbsoluteLocation value="10.967480 -44.683289"/>
    <Properties>
      <Property name="Angle" value="89.8804"/>
      <Property name="Filename" value="/Objects/pipe_spout_base.hs"/>
    </Properties>
  </Object>
  <Object name="FluidConverter4">
    <AbsoluteLocation value="14.407887 -44.551201"/>
    <Properties>
      <Property name="Angle" value="0"/>
      <Property name="Filename" value="/Objects/converter_dynamic_all.hs"/>
      <Property name="FluidType0" value="steam"/>
      <Property name="FluidType1" value="water"/>
      <Property name="FluidType2" value="contaminatedwater"/>
      <Property name="Type" value="fluidconverter"/>
    </Properties>
  </Object>
  <Object name="Object5">
    <AbsoluteLocation value="2.799999 -6.800014"/>
    <Properties>
      <Property name="Angle" value="0"/>
      <Property name="Filename" value="/Objects/icicle_large.hs"/>
      <Property name="Type" value="icyhot"/>
    </Properties>
  </Object>
  <Object name="Switch8">
    <AbsoluteLocation value="-20.845480 -3.143815"/>
    <Properties>
      <Property name="Angle" value="39.5533"/>
      <Property name="ConnectedObject0" value="Object11"/>
      <Property name="Filename" value="/Objects/switch.hs"/>
      <Property name="Type" value="switch"/>
    </Properties>
  </Object>
  <Object name="Spout8">
    <AbsoluteLocation value="1.000000 18.799997"/>
    <Properties>
      <Property name="Angle" value="0"/>
      <Property name="ConnectedSpout0" value="SWAMPY_SPOUT"/>
      <Property name="ConnectedSpoutProbability0" value="1"/>
      <Property name="Filename" value="/Objects/broken_pipe.hs"/>
      <Property name="Type" value="spout"/>
    </Properties>
  </Object>
  <Object name="Object11">
    <AbsoluteLocation value="0.799997 25.400000"/>
    <Properties>
      <Property name="Angle" value="0"/>
      <Property name="Filename" value="/Objects/wall_8x8.hs"/>
      <Property name="MotorMoveSpeed" value="10"/>
      <Property name="PathPos0" value="0 0"/>
      <Property name="PathPos1" value="0 24"/>
    </Properties>
  </Object>
  <Object name="Ducky11">
    <AbsoluteLocation value="-4.206251 -11.699301"/>
    <Properties>
      <Property name="Angle" value="0"/>
      <Property name="Filename" value="/Objects/star.hs"/>
      <Property name="Type" value="star"/>
    </Properties>
  </Object>
  <Object name="Ducky12">
    <AbsoluteLocation value="-20.850679 -32.852806"/>
    <Properties>
      <Property name="Angle" value="0"/>
      <Property name="Filename" value="/Objects/star.hs"/>
      <Property name="Type" value="star"/>
    </Properties>
  </Object>
  <Object name="Object29">
    <AbsoluteLocation value="3.586294 16.394474"/>
    <Properties>
      <Property name="Angle" value="-128.035"/>
      <Property name="Filename" value="/Objects/pipe_bend_1.hs"/>
    </Properties>
  </Object>
  <Object name="Object30">
    <AbsoluteLocation value="6.404095 19.084194"/>
    <Properties>
      <Property name="Angle" value="47.0634"/>
      <Property name="Filename" value="/Objects/pipe_straight.hs"/>
    </Properties>
  </Object>
  <Object name="Object31">
    <AbsoluteLocation value="7.172585 20.108849"/>
    <Properties>
      <Property name="Angle" value="48.1954"/>
      <Property name="Filename" value="/Objects/pipe_connector_end.hs"/>
    </Properties>
  </Object>
  <Object name="Object10">
    <AbsoluteLocation value="1.033403 21.600000"/>
    <Properties>
      <Property name="Angle" value="0"/>
      <Property name="Filename" value="/Objects/icicle_medium.hs"/>
      <Property name="Parent" value="Object11"/>
      <Property name="Type" value="icyhot"/>
    </Properties>
  </Object>
  <Object name="Object39">
    <AbsoluteLocation value="1.139771 42.019119"/>
    <Properties>
      <Property name="Angle" value="-90.0743"/>
      <Property name="Filename" value="/Objects/path_locking_end.hs"/>
    </Properties>
  </Object>
  <Object name="Object40">
    <AbsoluteLocation value="1.120764 27.357527"/>
    <Properties>
      <Property name="Angle" value="-90.0743"/>
      <Property name="Filename" value="/Objects/path_locking_end_right.hs"/>
    </Properties>
  </Object>
  <Object name="Object41">
    <AbsoluteLocation value="1.133436 37.131920"/>
    <Properties>
      <Property name="Angle" value="-90.0743"/>
      <Property name="Filename" value="/Objects/path_locking_mid.hs"/>
    </Properties>
  </Object>
  <Object name="Object42">
    <AbsoluteLocation value="1.127099 32.244720"/>
    <Properties>
      <Property name="Angle" value="-90.0743"/>
      <Property name="Filename" value="/Objects/path_locking_mid.hs"/>
    </Properties>
  </Object>
  <Object name="Object43">
    <AbsoluteLocation value="-6.600000 -7.000000"/>
    <Properties>
      <Property name="Angle" value="0"/>
      <Property name="Filename" value="/Objects/icicle_medium.hs"/>
      <Property name="Type" value="icyhot"/>
    </Properties>
  </Object>
  <Object name="WaterBalloon4">
    <AbsoluteLocation value="-8.563547 -37.341728"/>
    <Properties>
      <Property name="Angle" value="-135.555"/>
      <Property name="ConnectedSpout" value="Spout1"/>
      <Property name="Filename" value="/Objects/balloon.hs"/>
      <Property name="InitialParticles" value="steam 10"/>
      <Property name="Type" value="waterballoon"/>
    </Properties>
  </Object>
  <Object name="Spout1">
    <AbsoluteLocation value="-4.204214 -38.561951"/>
    <Properties>
      <Property name="Angle" value="159.915"/>
      <Property name="ConnectedConverter" value="FluidConverter4"/>
      <Property name="Filename" value="/Objects/touch_spout_generic.hs"/>
      <Property name="FluidType" value="Water"/>
      <Property name="ParticleSpeed" value="48"/>
      <Property name="ParticlesPerSecond" value="10"/>
      <Property name="Type" value="spout"/>
    </Properties>
  </Object>
  <Object name="Ducky32">
    <AbsoluteLocation value="39.596806 -42.173393"/>
    <Properties>
      <Property name="Angle" value="0"/>
      <Property name="Filename" value="/Objects/star_teleport.hs"/>
      <Property name="StarType" value="teleport"/>
      <Property name="TeleportWaitTime" value="0.001"/>
      <Property name="Type" value="star"/>
    </Properties>
  </Object>
  <Object name="Ducky33">
    <AbsoluteLocation value="-14.943981 -18.207405"/>
    <Properties>
      <Property name="Angle" value="0"/>
      <Property name="CutsRock" value="1"/>
      <Property name="Filename" value="/Objects/star_teleport.hs"/>
      <Property name="StarType" value="teleport"/>
      <Property name="TeleportMoveEase" value="in"/>
      <Property name="TeleportMoveTime" value="1.5"/>
      <Property name="TeleportWaitTime" value="1.0"/>
      <Property name="Type" value="star"/>
    </Properties>
  </Object>
  <Object name="Ducky36">
    <AbsoluteLocation value="-14.596252 -24.711823"/>
    <Properties>
      <Property name="Angle" value="0"/>
      <Property name="CutsRock" value="1"/>
      <Property name="Filename" value="/Objects/star_teleport.hs"/>
      <Property name="StarType" value="teleport"/>
      <Property name="TeleportMoveEase" value="in"/>
      <Property name="TeleportMoveTime" value="2.0"/>
      <Property name="TeleportWaitTime" value="1.0"/>
      <Property name="Type" value="star"/>
    </Properties>
  </Object>
  <Object name="Ducky38">
    <AbsoluteLocation value="-13.135334 -3.737309"/>
    <Properties>
      <Property name="Angle" value="0"/>
      <Property name="CutsRock" value="1"/>
      <Property name="Filename" value="/Objects/star_teleport.hs"/>
      <Property name="StarType" value="teleport"/>
      <Property name="TeleportMoveTime" value="0.5"/>
      <Property name="TeleportWaitTime" value="2"/>
      <Property name="Type" value="star"/>
    </Properties>
  </Object>
  <Object name="Ducky39">
    <AbsoluteLocation value="-25.669598 18.624130"/>
    <Properties>
      <Property name="Angle" value="0"/>
      <Property name="Filename" value="/Objects/star_teleport.hs"/>
      <Property name="StarType" value="teleport"/>
      <Property name="TeleportWaitTime" value="99999"/>
      <Property name="Type" value="star"/>
    </Properties>
  </Object>
  <Room>
    <AbsoluteLocation value="18.000002 29.199997"/>
  </Room>
  <Properties>
    <Property name="ShowTopEdge" value="1"/>
  </Properties>
</Objects>
