<?xml version="1.0"?>
<Objects>
  <Object name="Object34">
    <AbsoluteLocation value="-18.092232 -4.390575"/>
    <Properties>
      <Property name="Angle" value="-176.909"/>
      <Property name="Filename" value="/Objects/pipe_straight_short.hs"/>
    </Properties>
  </Object>
  <Object name="Object32">
    <AbsoluteLocation value="-15.151247 -4.984669"/>
    <Properties>
      <Property name="Angle" value="0"/>
      <Property name="Filename" value="/Objects/pipe_elbow_2.hs"/>
    </Properties>
  </Object>
  <Object name="Object28">
    <AbsoluteLocation value="1.125000 32.718399"/>
    <Properties>
      <Property name="Angle" value="269.407"/>
      <Property name="Filename" value="/Objects/pipe_straight_short.hs"/>
    </Properties>
  </Object>
  <Object name="Object29">
    <AbsoluteLocation value="-13.403025 -44.782837"/>
    <Properties>
      <Property name="Angle" value="149.689"/>
      <Property name="Filename" value="/Objects/pipe_straight.hs"/>
    </Properties>
  </Object>
  <Object name="Object20">
    <AbsoluteLocation value="-21.572887 -8.983307"/>
    <Properties>
      <Property name="Angle" value="82.0614"/>
      <Property name="Filename" value="/Objects/pipe_straight_long.hs"/>
    </Properties>
  </Object>
  <Object name="Object24">
    <AbsoluteLocation value="2.134220 -19.473755"/>
    <Properties>
      <Property name="Angle" value="-180.294"/>
      <Property name="Filename" value="/Objects/pipe_elbow_2.hs"/>
    </Properties>
  </Object>
  <Object name="Object23">
    <AbsoluteLocation value="16.371897 -15.026456"/>
    <Properties>
      <Property name="Angle" value="74.4654"/>
      <Property name="Filename" value="/Objects/pipe_straight_short.hs"/>
    </Properties>
  </Object>
  <Object name="Object22">
    <AbsoluteLocation value="16.467850 -12.145294"/>
    <Properties>
      <Property name="Angle" value="-14.9821"/>
      <Property name="Filename" value="/Objects/pipe_elbow_2.hs"/>
    </Properties>
  </Object>
  <Object name="Object19">
    <AbsoluteLocation value="9.402649 -15.574692"/>
    <Properties>
      <Property name="Angle" value="58.2998"/>
      <Property name="Filename" value="/Objects/pipe_straight_long.hs"/>
    </Properties>
  </Object>
  <Object name="Object11">
    <AbsoluteLocation value="-14.551146 -7.815934"/>
    <Properties>
      <Property name="Angle" value="-271.842"/>
      <Property name="Filename" value="/Objects/pipe_straight_short.hs"/>
    </Properties>
  </Object>
  <Object name="Spout8">
    <AbsoluteLocation value="1.545018 -16.792549"/>
    <Properties>
      <Property name="Angle" value="0"/>
      <Property name="ConnectedSpout0" value="Spout10"/>
      <Property name="ConnectedSpoutProbability0" value="1"/>
      <Property name="Filename" value="/Objects/basic_drain.hs"/>
      <Property name="Type" value="spout"/>
    </Properties>
  </Object>
  <Object name="Ducky9">
    <AbsoluteLocation value="-16.933073 26.281876"/>
    <Properties>
      <Property name="Angle" value="0"/>
      <Property name="Filename" value="/Objects/star.hs"/>
      <Property name="Type" value="star"/>
    </Properties>
  </Object>
  <Object name="Ducky10">
    <AbsoluteLocation value="19.067497 26.461102"/>
    <Properties>
      <Property name="Angle" value="0"/>
      <Property name="Filename" value="/Objects/star.hs"/>
      <Property name="Type" value="star"/>
    </Properties>
  </Object>
  <Object name="Bomb6">
    <AbsoluteLocation value="0.966977 12.537376"/>
    <Properties>
      <Property name="Angle" value="7.21612"/>
      <Property name="BlastRadius" value="10"/>
      <Property name="Filename" value="/Objects/bomb.hs"/>
      <Property name="Type" value="bomb"/>
    </Properties>
  </Object>
  <Object name="Object14">
    <AbsoluteLocation value="12.530350 -11.957794"/>
    <Properties>
      <Property name="Angle" value="-104.212"/>
      <Property name="Filename" value="/Objects/pipe_connector_90.hs"/>
    </Properties>
  </Object>
  <Object name="Object16">
    <AbsoluteLocation value="-20.431276 -5.721108"/>
    <Properties>
      <Property name="Angle" value="273.072"/>
      <Property name="Filename" value="/Objects/pipe_connector_90.hs"/>
    </Properties>
  </Object>
  <Object name="Object15">
    <AbsoluteLocation value="5.953770 -19.747953"/>
    <Properties>
      <Property name="Angle" value="71.9152"/>
      <Property name="Filename" value="/Objects/pipe_connector_90.hs"/>
    </Properties>
  </Object>
  <Object name="Spout2">
    <AbsoluteLocation value="-14.576000 -11.281860"/>
    <Properties>
      <Property name="Angle" value="-180.167"/>
      <Property name="ConnectedSpout0" value="SWAMPY_SPOUT"/>
      <Property name="ConnectedSpoutProbability0" value="1"/>
      <Property name="Filename" value="/Objects/broken_pipe.hs"/>
      <Property name="Type" value="spout"/>
    </Properties>
  </Object>
  <Object name="Object21">
    <AbsoluteLocation value="-21.515522 -18.243889"/>
    <Properties>
      <Property name="Angle" value="98.2027"/>
      <Property name="Filename" value="/Objects/pipe_straight_long.hs"/>
    </Properties>
  </Object>
  <Object name="Object25">
    <AbsoluteLocation value="-20.856770 -27.639359"/>
    <Properties>
      <Property name="Angle" value="89.4878"/>
      <Property name="Filename" value="/Objects/pipe_straight_long.hs"/>
    </Properties>
  </Object>
  <Object name="Object26">
    <AbsoluteLocation value="-20.903370 -33.282867"/>
    <Properties>
      <Property name="Angle" value="89.4878"/>
      <Property name="Filename" value="/Objects/pipe_straight_long.hs"/>
    </Properties>
  </Object>
  <Object name="Object27">
    <AbsoluteLocation value="-19.155346 -39.801189"/>
    <Properties>
      <Property name="Angle" value="132.399"/>
      <Property name="Filename" value="/Objects/pipe_straight_long.hs"/>
    </Properties>
  </Object>
  <Object name="Object30">
    <AbsoluteLocation value="-11.472388 -45.735126"/>
    <Properties>
      <Property name="Angle" value="-23.1009"/>
      <Property name="Filename" value="/Objects/pipe_connector_end.hs"/>
    </Properties>
  </Object>
  <Object name="Object31">
    <AbsoluteLocation value="-21.030735 -37.145546"/>
    <Properties>
      <Property name="Angle" value="331.061"/>
      <Property name="Filename" value="/Objects/pipe_connector_90.hs"/>
    </Properties>
  </Object>
  <Object name="Ducky27">
    <AbsoluteLocation value="-14.006313 -17.722458"/>
    <Properties>
      <Property name="Angle" value="0"/>
      <Property name="Filename" value="/Objects/star.hs"/>
      <Property name="Type" value="star"/>
    </Properties>
  </Object>
  <Object name="Spout25">
    <AbsoluteLocation value="1.218750 35.624649"/>
    <Properties>
      <Property name="Angle" value="0"/>
      <Property name="ConnectedSpout0" value="Spout26"/>
      <Property name="ConnectedSpoutProbability0" value="1"/>
      <Property name="Filename" value="/Objects/basic_drain.hs"/>
      <Property name="Type" value="spout"/>
    </Properties>
  </Object>
  <Object name="Spout10">
    <AbsoluteLocation value="15.730503 -17.367790"/>
    <Properties>
      <Property name="Angle" value="-99.1445"/>
      <Property name="Filename" value="/Objects/shower_head.hs"/>
      <Property name="FluidType" value="Water"/>
      <Property name="NumberParticles" value="0"/>
      <Property name="ParticleSpeed" value="70"/>
      <Property name="Type" value="spout"/>
    </Properties>
  </Object>
  <Object name="Spout26">
    <AbsoluteLocation value="0.656250 29.999649"/>
    <Properties>
      <Property name="Angle" value="-98.4318"/>
      <Property name="Filename" value="/Objects/shower_head.hs"/>
      <Property name="FluidType" value="Water"/>
      <Property name="NumberParticles" value="0"/>
      <Property name="ParticleSpeed" value="20"/>
      <Property name="ParticleVariation" value="2"/>
      <Property name="Type" value="spout"/>
    </Properties>
  </Object>
  <Room>
    <AbsoluteLocation value="2.000002 -51.600002"/>
  </Room>
</Objects>
