<?xml version="1.0"?>
<Objects>
  <Object name="Object26">
    <AbsoluteLocation value="1.552469 41.382915"/>
    <Properties>
      <Property name="Angle" value="-53.1305"/>
      <Property name="Filename" value="/Objects/pipe_straight_short.hs"/>
    </Properties>
  </Object>
  <Object name="Object22">
    <AbsoluteLocation value="9.995752 -40.906639"/>
    <Properties>
      <Property name="Angle" value="40.1916"/>
      <Property name="Filename" value="/Objects/pipe_straight.hs"/>
    </Properties>
  </Object>
  <Object name="Object21">
    <AbsoluteLocation value="5.036818 -40.439564"/>
    <Properties>
      <Property name="Angle" value="-55.3232"/>
      <Property name="Filename" value="/Objects/pipe_straight.hs"/>
    </Properties>
  </Object>
  <Object name="Object20">
    <AbsoluteLocation value="-5.322439 -40.628597"/>
    <Properties>
      <Property name="Angle" value="53.3288"/>
      <Property name="Filename" value="/Objects/pipe_straight.hs"/>
    </Properties>
  </Object>
  <Object name="Object19">
    <AbsoluteLocation value="-10.079491 -40.767166"/>
    <Properties>
      <Property name="Angle" value="-42.3533"/>
      <Property name="Filename" value="/Objects/pipe_straight.hs"/>
    </Properties>
  </Object>
  <Object name="Object12">
    <AbsoluteLocation value="-8.687500 -4.906250"/>
    <Properties>
      <Property name="Angle" value="51.5574"/>
      <Property name="Filename" value="/Objects/icicle_small.hs"/>
      <Property name="Type" value="icyhot"/>
    </Properties>
  </Object>
  <Object name="Object11">
    <AbsoluteLocation value="8.312500 -4.750000"/>
    <Properties>
      <Property name="Angle" value="-49.9426"/>
      <Property name="Filename" value="/Objects/icicle_small.hs"/>
      <Property name="Type" value="icyhot"/>
    </Properties>
  </Object>
  <Object name="Spout2">
    <AbsoluteLocation value="2.906250 39.375000"/>
    <Properties>
      <Property name="Angle" value="-148.66"/>
      <Property name="ConnectedSpout0" value="SWAMPY_SPOUT"/>
      <Property name="ConnectedSpoutProbability0" value="1"/>
      <Property name="Filename" value="/Objects/broken_pipe_allie.hs"/>
      <Property name="Type" value="spout"/>
    </Properties>
  </Object>
  <Object name="Ducky3">
    <AbsoluteLocation value="-0.398209 -6.001797"/>
    <Properties>
      <Property name="Angle" value="0"/>
      <Property name="Filename" value="/Objects/star_steam_allie.hs"/>
      <Property name="StarType" value="allie"/>
      <Property name="Type" value="star"/>
    </Properties>
  </Object>
  <Object name="Ducky4">
    <AbsoluteLocation value="-26.750000 5.187500"/>
    <Properties>
      <Property name="Angle" value="0"/>
      <Property name="Filename" value="/Objects/star_steam_allie.hs"/>
      <Property name="StarType" value="allie"/>
      <Property name="Type" value="star"/>
    </Properties>
  </Object>
  <Object name="Ducky5">
    <AbsoluteLocation value="27.218750 30.343750"/>
    <Properties>
      <Property name="Angle" value="0"/>
      <Property name="Filename" value="/Objects/star_steam_allie.hs"/>
      <Property name="StarType" value="allie"/>
      <Property name="Type" value="star"/>
    </Properties>
  </Object>
  <Object name="Object6">
    <AbsoluteLocation value="-0.375000 1.781250"/>
    <Properties>
      <Property name="Angle" value="0"/>
      <Property name="Filename" value="/Objects/icicle_small.hs"/>
      <Property name="Type" value="icyhot"/>
    </Properties>
  </Object>
  <Object name="Object7">
    <AbsoluteLocation value="-4.687500 -1.406250"/>
    <Properties>
      <Property name="Angle" value="39.9052"/>
      <Property name="Filename" value="/Objects/icicle_medium.hs"/>
      <Property name="Type" value="icyhot"/>
    </Properties>
  </Object>
  <Object name="Object8">
    <AbsoluteLocation value="3.625000 -1.281250"/>
    <Properties>
      <Property name="Angle" value="-46.9697"/>
      <Property name="Filename" value="/Objects/icicle_medium.hs"/>
      <Property name="Type" value="icyhot"/>
    </Properties>
  </Object>
  <Object name="Object9">
    <AbsoluteLocation value="9.593750 -24.781250"/>
    <Properties>
      <Property name="Angle" value="-53.8247"/>
      <Property name="Filename" value="/Objects/icicle_medium.hs"/>
      <Property name="Type" value="icyhot"/>
    </Properties>
  </Object>
  <Object name="Object10">
    <AbsoluteLocation value="-9.375000 -24.375000"/>
    <Properties>
      <Property name="Angle" value="56.5137"/>
      <Property name="Filename" value="/Objects/icicle_medium.hs"/>
      <Property name="Type" value="icyhot"/>
    </Properties>
  </Object>
  <Object name="Spout15">
    <AbsoluteLocation value="-3.321706 -36.400467"/>
    <Properties>
      <Property name="Angle" value="-13.745"/>
      <Property name="ConnectedSpout0" value="Spout18"/>
      <Property name="ConnectedSpoutProbability0" value="1"/>
      <Property name="Filename" value="/Objects/basic_drain.hs"/>
      <Property name="Type" value="spout"/>
    </Properties>
  </Object>
  <Object name="Spout16">
    <AbsoluteLocation value="3.178175 -36.395729"/>
    <Properties>
      <Property name="Angle" value="374.168"/>
      <Property name="ConnectedSpout0" value="Spout17"/>
      <Property name="ConnectedSpoutProbability0" value="1"/>
      <Property name="Filename" value="/Objects/basic_drain.hs"/>
      <Property name="Type" value="spout"/>
    </Properties>
  </Object>
  <Object name="Spout17">
    <AbsoluteLocation value="13.209633 -38.256050"/>
    <Properties>
      <Property name="Angle" value="36.7458"/>
      <Property name="ConnectedConverter" value="FluidConverter18"/>
      <Property name="Filename" value="/Objects/shower_head.hs"/>
      <Property name="FluidType" value="Steam"/>
      <Property name="NumberParticles" value="0"/>
      <Property name="ParticleSpeed" value="80"/>
      <Property name="ParticlesPerSecond" value="8"/>
      <Property name="Type" value="spout"/>
    </Properties>
  </Object>
  <Object name="Spout18">
    <AbsoluteLocation value="-13.280025 -38.065475"/>
    <Properties>
      <Property name="Angle" value="144.84"/>
      <Property name="ConnectedConverter" value="FluidConverter17"/>
      <Property name="Filename" value="/Objects/shower_head.hs"/>
      <Property name="FluidType" value="Steam"/>
      <Property name="NumberParticles" value="0"/>
      <Property name="ParticleSpeed" value="80"/>
      <Property name="ParticlesPerSecond" value="8"/>
      <Property name="Type" value="spout"/>
    </Properties>
  </Object>
  <Object name="FluidConverter17">
    <AbsoluteLocation value="-7.255639 -42.803513"/>
    <Properties>
      <Property name="Angle" value="53.349"/>
      <Property name="Filename" value="/Objects/converter_static_steam.hs"/>
      <Property name="FluidType" value="steam"/>
      <Property name="Type" value="fluidconverter"/>
    </Properties>
  </Object>
  <Object name="FluidConverter18">
    <AbsoluteLocation value="7.713261 -42.862312"/>
    <Properties>
      <Property name="Angle" value="-30.2639"/>
      <Property name="Filename" value="/Objects/converter_static_steam.hs"/>
      <Property name="FluidType" value="steam"/>
      <Property name="Type" value="fluidconverter"/>
    </Properties>
  </Object>
  <Object name="Object23">
    <AbsoluteLocation value="-3.261136 39.813534"/>
    <Properties>
      <Property name="Angle" value="51.8731"/>
      <Property name="Filename" value="/Objects/pipe_straight.hs"/>
    </Properties>
  </Object>
  <Object name="Object24">
    <AbsoluteLocation value="-6.197805 36.435368"/>
    <Properties>
      <Property name="Angle" value="-139.129"/>
      <Property name="Filename" value="/Objects/pipe_connector_end.hs"/>
    </Properties>
  </Object>
  <Object name="Object25">
    <AbsoluteLocation value="0.069734 42.359024"/>
    <Properties>
      <Property name="Angle" value="34.2261"/>
      <Property name="Filename" value="/Objects/pipe_elbow_1.hs"/>
    </Properties>
  </Object>
  <Room>
    <AbsoluteLocation value="-17.199997 27.599998"/>
  </Room>
</Objects>
