<?xml version="1.0"?>
<Objects>
  <Object name="Object24">
    <AbsoluteLocation value="22.066357 -8.482643"/>
    <Properties>
      <Property name="Angle" value="6.70037"/>
      <Property name="Filename" value="/Objects/pipe_elbow_1.hs"/>
    </Properties>
  </Object>
  <Object name="Object22">
    <AbsoluteLocation value="20.840578 -7.256865"/>
    <Properties>
      <Property name="Angle" value="-173.788"/>
      <Property name="Filename" value="/Objects/pipe_elbow_2.hs"/>
    </Properties>
  </Object>
  <Object name="Object18">
    <AbsoluteLocation value="10.246861 -12.085287"/>
    <Properties>
      <Property name="Angle" value="4.26892"/>
      <Property name="Filename" value="/Objects/pipe_straight_short.hs"/>
    </Properties>
  </Object>
  <Object name="Object13">
    <AbsoluteLocation value="-1.450390 -3.105579"/>
    <Properties>
      <Property name="Angle" value="100.639"/>
      <Property name="Filename" value="/Objects/pipe_elbow_1.hs"/>
    </Properties>
  </Object>
  <Object name="Object12">
    <AbsoluteLocation value="16.029179 10.057241"/>
    <Properties>
      <Property name="Angle" value="-6.39112"/>
      <Property name="Filename" value="/Objects/pipe_straight.hs"/>
      <Property name="Parent" value="Object8"/>
    </Properties>
  </Object>
  <Object name="Spout5">
    <AbsoluteLocation value="20.216370 5.276670"/>
    <Properties>
      <Property name="Angle" value="180.988"/>
      <Property name="ConnectedSpout0" value="Spout6"/>
      <Property name="ConnectedSpoutProbability0" value="1"/>
      <Property name="Filename" value="/Objects/basic_drain.hs"/>
      <Property name="Parent" value="Object8"/>
      <Property name="Type" value="spout"/>
    </Properties>
  </Object>
  <Object name="Spout2">
    <AbsoluteLocation value="-1.811821 -5.938255"/>
    <Properties>
      <Property name="Angle" value="185.408"/>
      <Property name="ConnectedSpout0" value="SWAMPY_SPOUT"/>
      <Property name="ConnectedSpoutProbability0" value="1"/>
      <Property name="Filename" value="/Objects/broken_pipe_allie.hs"/>
      <Property name="Type" value="spout"/>
    </Properties>
  </Object>
  <Object name="Spout3">
    <AbsoluteLocation value="20.163271 -4.007029"/>
    <Properties>
      <Property name="Angle" value="90.3277"/>
      <Property name="Filename" value="/Objects/shower_head.hs"/>
      <Property name="FluidType" value="Water"/>
      <Property name="ParticleSpeed" value="30"/>
      <Property name="Type" value="spout"/>
    </Properties>
  </Object>
  <Object name="FluidConverter4">
    <AbsoluteLocation value="20.196070 10.047873"/>
    <Properties>
      <Property name="Angle" value="0"/>
      <Property name="Filename" value="/Objects/converter_dynamic_all.hs"/>
      <Property name="FluidType0" value="contaminatedwater"/>
      <Property name="FluidType1" value="steam"/>
      <Property name="Parent" value="Object8"/>
      <Property name="Type" value="fluidconverter"/>
    </Properties>
  </Object>
  <Object name="Spout6">
    <AbsoluteLocation value="9.559225 9.912197"/>
    <Properties>
      <Property name="Angle" value="187.685"/>
      <Property name="ConnectedConverter" value="FluidConverter4"/>
      <Property name="ExpulsionAngleVariation" value="15"/>
      <Property name="Filename" value="/Objects/touch_spout_generic.hs"/>
      <Property name="FluidType" value="Water"/>
      <Property name="Parent" value="Object8"/>
      <Property name="ParticleSpeed" value="20"/>
      <Property name="Type" value="spout"/>
    </Properties>
  </Object>
  <Object name="Object8">
    <AbsoluteLocation value="20.221605 16.296530"/>
    <Properties>
      <Property name="Angle" value="0"/>
      <Property name="Filename" value="/Objects/wall_8x8_locking.hs"/>
      <Property name="PathPos0" value="0 -7"/>
      <Property name="PathPos1" value="0 25"/>
    </Properties>
  </Object>
  <Object name="Ducky10">
    <AbsoluteLocation value="0.021252 43.697525"/>
    <Properties>
      <Property name="Angle" value="0"/>
      <Property name="Filename" value="/Objects/star_steam_allie.hs"/>
      <Property name="StarType" value="allie"/>
      <Property name="Type" value="star"/>
    </Properties>
  </Object>
  <Object name="Ducky11">
    <AbsoluteLocation value="-5.582163 29.417501"/>
    <Properties>
      <Property name="Angle" value="0"/>
      <Property name="Filename" value="/Objects/star_steam_allie.hs"/>
      <Property name="StarType" value="allie"/>
      <Property name="Type" value="star"/>
    </Properties>
  </Object>
  <Object name="Ducky12">
    <AbsoluteLocation value="-1.703072 -12.925377"/>
    <Properties>
      <Property name="Angle" value="0"/>
      <Property name="Filename" value="/Objects/star_steam_allie.hs"/>
      <Property name="StarType" value="allie"/>
      <Property name="Type" value="star"/>
    </Properties>
  </Object>
  <Object name="Object14">
    <AbsoluteLocation value="2.206314 -2.547178"/>
    <Properties>
      <Property name="Angle" value="-4.75075"/>
      <Property name="Filename" value="/Objects/pipe_straight.hs"/>
    </Properties>
  </Object>
  <Object name="Object15">
    <AbsoluteLocation value="5.936722 -3.790539"/>
    <Properties>
      <Property name="Angle" value="-15.4251"/>
      <Property name="Filename" value="/Objects/pipe_elbow_1.hs"/>
    </Properties>
  </Object>
  <Object name="Object16">
    <AbsoluteLocation value="5.845987 -7.628168"/>
    <Properties>
      <Property name="Angle" value="-100.942"/>
      <Property name="Filename" value="/Objects/pipe_straight.hs"/>
    </Properties>
  </Object>
  <Object name="Object17">
    <AbsoluteLocation value="6.715620 -10.283638"/>
    <Properties>
      <Property name="Angle" value="-11.0208"/>
      <Property name="Filename" value="/Objects/pipe_connector_90.hs"/>
    </Properties>
  </Object>
  <Object name="Object19">
    <AbsoluteLocation value="12.481562 -12.662479"/>
    <Properties>
      <Property name="Angle" value="1.29105"/>
      <Property name="Filename" value="/Objects/pipe_elbow_1.hs"/>
    </Properties>
  </Object>
  <Object name="Object20">
    <AbsoluteLocation value="13.382072 -14.788095"/>
    <Properties>
      <Property name="Angle" value="-83.1219"/>
      <Property name="Filename" value="/Objects/pipe_straight_short.hs"/>
    </Properties>
  </Object>
  <Object name="Object21">
    <AbsoluteLocation value="13.633963 -16.048923"/>
    <Properties>
      <Property name="Angle" value="-79.3838"/>
      <Property name="Filename" value="/Objects/pipe_connector_end.hs"/>
    </Properties>
  </Object>
  <Object name="Object23">
    <AbsoluteLocation value="23.074623 -9.635046"/>
    <Properties>
      <Property name="Angle" value="147.524"/>
      <Property name="Filename" value="/Objects/pipe_bend_1.hs"/>
    </Properties>
  </Object>
  <Object name="Object25">
    <AbsoluteLocation value="27.038261 -13.310419"/>
    <Properties>
      <Property name="Angle" value="-40.0501"/>
      <Property name="Filename" value="/Objects/pipe_straight_long.hs"/>
    </Properties>
  </Object>
  <Object name="Object26">
    <AbsoluteLocation value="33.344376 -19.544470"/>
    <Properties>
      <Property name="Angle" value="-49.0193"/>
      <Property name="Filename" value="/Objects/pipe_straight_long.hs"/>
    </Properties>
  </Object>
  <Object name="Object27">
    <AbsoluteLocation value="20.065796 8.386936"/>
    <Properties>
      <Property name="Angle" value="0"/>
      <Property name="Filename" value="/Objects/path_vertical_locking_end_bottom.hs"/>
    </Properties>
  </Object>
  <Object name="Object28">
    <AbsoluteLocation value="20.065796 13.248398"/>
    <Properties>
      <Property name="Angle" value="0"/>
      <Property name="Filename" value="/Objects/path_vertical_locking_mid.hs"/>
    </Properties>
  </Object>
  <Object name="Object29">
    <AbsoluteLocation value="20.088236 18.087421"/>
    <Properties>
      <Property name="Angle" value="0"/>
      <Property name="Filename" value="/Objects/path_vertical_locking_mid.hs"/>
    </Properties>
  </Object>
  <Object name="Object30">
    <AbsoluteLocation value="20.110672 27.876295"/>
    <Properties>
      <Property name="Angle" value="0"/>
      <Property name="Filename" value="/Objects/path_vertical_locking_mid.hs"/>
    </Properties>
  </Object>
  <Object name="Object31">
    <AbsoluteLocation value="20.088232 23.037273"/>
    <Properties>
      <Property name="Angle" value="0"/>
      <Property name="Filename" value="/Objects/path_vertical_locking_mid.hs"/>
    </Properties>
  </Object>
  <Object name="Object32">
    <AbsoluteLocation value="20.120951 32.617153"/>
    <Properties>
      <Property name="Angle" value="0"/>
      <Property name="Filename" value="/Objects/path_vertical_locking_end_top.hs"/>
    </Properties>
  </Object>
  <Room>
    <AbsoluteLocation value="16.400003 -29.200005"/>
  </Room>
</Objects>
