<?xml version="1.0"?>
<Objects>
  <Object name="Object49">
    <AbsoluteLocation value="19.604830 -74.959885"/>
    <Properties>
      <Property name="Angle" value="89.3772"/>
      <Property name="Filename" value="/Objects/pipe_straight.hs"/>
    </Properties>
  </Object>
  <Object name="Object44">
    <AbsoluteLocation value="-11.277557 -6.603374"/>
    <Properties>
      <Property name="Angle" value="-90.824"/>
      <Property name="Filename" value="/Objects/pipe_straight_short.hs"/>
    </Properties>
  </Object>
  <Object name="Object45">
    <AbsoluteLocation value="3.105713 -6.352562"/>
    <Properties>
      <Property name="Angle" value="-90.824"/>
      <Property name="Filename" value="/Objects/pipe_straight_short.hs"/>
    </Properties>
  </Object>
  <Object name="Object8">
    <AbsoluteLocation value="15.023613 42.929501"/>
    <Properties>
      <Property name="Angle" value="270.008"/>
      <Property name="Filename" value="/Objects/pipe_straight_long.hs"/>
    </Properties>
  </Object>
  <Object name="Object2">
    <AbsoluteLocation value="-10.376686 43.229374"/>
    <Properties>
      <Property name="Angle" value="270.364"/>
      <Property name="Filename" value="/Objects/pipe_straight_long.hs"/>
    </Properties>
  </Object>
  <Object name="Object3">
    <AbsoluteLocation value="15.213051 46.038937"/>
    <Properties>
      <Property name="Angle" value="-0.26898"/>
      <Property name="Filename" value="/Objects/pipe_spout_base.hs"/>
    </Properties>
  </Object>
  <Object name="Object4">
    <AbsoluteLocation value="15.182198 39.612499"/>
    <Properties>
      <Property name="Angle" value="179.731"/>
      <Property name="Filename" value="/Objects/pipe_spout_base.hs"/>
    </Properties>
  </Object>
  <Object name="Ducky1">
    <AbsoluteLocation value="25.597807 58.009724"/>
    <Properties>
      <Property name="Angle" value="0"/>
      <Property name="Filename" value="/Objects/star_poison.hs"/>
      <Property name="Type" value="star"/>
    </Properties>
  </Object>
  <Object name="Ducky2">
    <AbsoluteLocation value="9.830773 10.995320"/>
    <Properties>
      <Property name="Angle" value="0"/>
      <Property name="Filename" value="/Objects/star_poison.hs"/>
      <Property name="Type" value="star"/>
    </Properties>
  </Object>
  <Object name="Ducky3">
    <AbsoluteLocation value="-11.564087 -38.096981"/>
    <Properties>
      <Property name="Angle" value="0"/>
      <Property name="Filename" value="/Objects/star_poison.hs"/>
      <Property name="Type" value="star"/>
    </Properties>
  </Object>
  <Object name="Object31">
    <AbsoluteLocation value="12.572750 -79.044098"/>
    <Properties>
      <Property name="Angle" value="360.011"/>
      <Property name="Filename" value="/Objects/pipe_straight_long.hs"/>
    </Properties>
  </Object>
  <Object name="Spout1">
    <AbsoluteLocation value="19.676710 -71.395477"/>
    <Properties>
      <Property name="Angle" value="0"/>
      <Property name="ConnectedSpout0" value="SWAMPY_SPOUT"/>
      <Property name="ConnectedSpoutProbability0" value="1"/>
      <Property name="Filename" value="/Objects/broken_pipe_cranky.hs"/>
      <Property name="Type" value="spout"/>
    </Properties>
  </Object>
  <Object name="Object34">
    <AbsoluteLocation value="6.673664 -73.315384"/>
    <Properties>
      <Property name="Angle" value="270.025"/>
      <Property name="Filename" value="/Objects/pipe_straight_long.hs"/>
    </Properties>
  </Object>
  <Object name="Object35">
    <AbsoluteLocation value="5.981693 -67.955223"/>
    <Properties>
      <Property name="Angle" value="0"/>
      <Property name="Filename" value="/Objects/pipe_elbow_1.hs"/>
    </Properties>
  </Object>
  <Object name="Object36">
    <AbsoluteLocation value="2.498386 -67.295723"/>
    <Properties>
      <Property name="Angle" value="0"/>
      <Property name="Filename" value="/Objects/pipe_straight.hs"/>
    </Properties>
  </Object>
  <Object name="Object37">
    <AbsoluteLocation value="1.804333 -67.121651"/>
    <Properties>
      <Property name="Angle" value="-179.758"/>
      <Property name="Filename" value="/Objects/pipe_connector_end.hs"/>
    </Properties>
  </Object>
  <Object name="Object38">
    <AbsoluteLocation value="-32.655869 23.643787"/>
    <Properties>
      <Property name="Angle" value="363.977"/>
      <Property name="Filename" value="/Objects/pipe_straight_long.hs"/>
    </Properties>
  </Object>
  <Object name="Object39">
    <AbsoluteLocation value="-32.154709 17.803780"/>
    <Properties>
      <Property name="Angle" value="363.977"/>
      <Property name="Filename" value="/Objects/pipe_straight_long.hs"/>
    </Properties>
  </Object>
  <Object name="Object40">
    <AbsoluteLocation value="-33.373161 -29.832493"/>
    <Properties>
      <Property name="Angle" value="365.402"/>
      <Property name="Filename" value="/Objects/pipe_straight_long.hs"/>
    </Properties>
  </Object>
  <Object name="Object43">
    <AbsoluteLocation value="2.223923 42.893810"/>
    <Properties>
      <Property name="Angle" value="268.833"/>
      <Property name="Filename" value="/Objects/pipe_straight_long.hs"/>
    </Properties>
  </Object>
  <Object name="FluidConverter36">
    <AbsoluteLocation value="15.216084 42.889450"/>
    <Properties>
      <Property name="Angle" value="0.00810978"/>
      <Property name="Filename" value="/Objects/converter_static_water.hs"/>
      <Property name="FluidType" value="water"/>
      <Property name="Type" value="fluidconverter"/>
    </Properties>
  </Object>
  <Object name="Spout11">
    <AbsoluteLocation value="-26.693283 24.457245"/>
    <Properties>
      <Property name="Angle" value="15"/>
      <Property name="Filename" value="/Objects/shower_head.hs"/>
      <Property name="FluidType" value="Lava"/>
      <Property name="ParticleSpeed" value="35"/>
      <Property name="ParticlesPerSecond" value="8"/>
      <Property name="Type" value="spout"/>
    </Properties>
  </Object>
  <Object name="Object42">
    <AbsoluteLocation value="2.362328 46.424000"/>
    <Properties>
      <Property name="Angle" value="-1.44357"/>
      <Property name="Filename" value="/Objects/pipe_spout_base.hs"/>
    </Properties>
  </Object>
  <Object name="Object47">
    <AbsoluteLocation value="2.153385 40.047829"/>
    <Properties>
      <Property name="Angle" value="178.557"/>
      <Property name="Filename" value="/Objects/pipe_spout_base.hs"/>
    </Properties>
  </Object>
  <Object name="FluidConverter43">
    <AbsoluteLocation value="2.300797 43.275112"/>
    <Properties>
      <Property name="Angle" value="-1.16648"/>
      <Property name="Filename" value="/Objects/converter_static_water.hs"/>
      <Property name="FluidType" value="water"/>
      <Property name="Type" value="fluidconverter"/>
    </Properties>
  </Object>
  <Object name="Spout15">
    <AbsoluteLocation value="-26.599960 -29.129177"/>
    <Properties>
      <Property name="Angle" value="15"/>
      <Property name="Filename" value="/Objects/shower_head.hs"/>
      <Property name="FluidType" value="Lava"/>
      <Property name="ParticleSpeed" value="35"/>
      <Property name="ParticlesPerSecond" value="8"/>
      <Property name="Type" value="spout"/>
    </Properties>
  </Object>
  <Object name="Spout14">
    <AbsoluteLocation value="-26.693283 18.532745"/>
    <Properties>
      <Property name="Angle" value="15"/>
      <Property name="Filename" value="/Objects/shower_head.hs"/>
      <Property name="FluidType" value="Lava"/>
      <Property name="ParticleSpeed" value="35"/>
      <Property name="ParticlesPerSecond" value="8"/>
      <Property name="Type" value="spout"/>
    </Properties>
  </Object>
  <Object name="Object41">
    <AbsoluteLocation value="-10.423138 46.118526"/>
    <Properties>
      <Property name="Angle" value="0.0868283"/>
      <Property name="Filename" value="/Objects/pipe_spout_base.hs"/>
    </Properties>
  </Object>
  <Object name="Object46">
    <AbsoluteLocation value="-10.461716 39.739056"/>
    <Properties>
      <Property name="Angle" value="180.087"/>
      <Property name="Filename" value="/Objects/pipe_spout_base.hs"/>
    </Properties>
  </Object>
  <Object name="FluidConverter47">
    <AbsoluteLocation value="-10.400543 42.969120"/>
    <Properties>
      <Property name="Angle" value="0.363918"/>
      <Property name="Filename" value="/Objects/converter_static_water.hs"/>
      <Property name="FluidType" value="water"/>
      <Property name="Type" value="fluidconverter"/>
    </Properties>
  </Object>
  <Object name="Spout6">
    <AbsoluteLocation value="-10.389107 50.000000"/>
    <Properties>
      <Property name="Angle" value="0"/>
      <Property name="ConnectedSpout0" value="Spout7"/>
      <Property name="ConnectedSpoutProbability0" value="1"/>
      <Property name="Filename" value="/Objects/basic_drain.hs"/>
      <Property name="Type" value="spout"/>
    </Properties>
  </Object>
  <Object name="Spout41">
    <AbsoluteLocation value="2.424257 50.000000"/>
    <Properties>
      <Property name="Angle" value="0"/>
      <Property name="ConnectedSpout0" value="Spout42"/>
      <Property name="ConnectedSpoutProbability0" value="1"/>
      <Property name="Filename" value="/Objects/basic_drain.hs"/>
      <Property name="Type" value="spout"/>
    </Properties>
  </Object>
  <Object name="Spout9">
    <AbsoluteLocation value="15.177574 50.000000"/>
    <Properties>
      <Property name="Angle" value="0"/>
      <Property name="ConnectedSpout0" value="Spout10"/>
      <Property name="ConnectedSpoutProbability0" value="1"/>
      <Property name="Filename" value="/Objects/basic_drain.hs"/>
      <Property name="Type" value="spout"/>
    </Properties>
  </Object>
  <Object name="Spout43">
    <AbsoluteLocation value="-11.240898 -2.696766"/>
    <Properties>
      <Property name="Angle" value="0"/>
      <Property name="ConnectedSpout0" value="Spout38"/>
      <Property name="ConnectedSpoutProbability0" value="1"/>
      <Property name="Filename" value="/Objects/basic_drain.hs"/>
      <Property name="Type" value="spout"/>
    </Properties>
  </Object>
  <Object name="Spout47">
    <AbsoluteLocation value="3.185726 -2.696766"/>
    <Properties>
      <Property name="Angle" value="0"/>
      <Property name="ConnectedSpout0" value="Spout48"/>
      <Property name="ConnectedSpoutProbability0" value="1"/>
      <Property name="Filename" value="/Objects/basic_drain.hs"/>
      <Property name="Type" value="spout"/>
    </Properties>
  </Object>
  <Object name="Spout7">
    <AbsoluteLocation value="-10.387493 36.458050"/>
    <Properties>
      <Property name="Angle" value="270.364"/>
      <Property name="ConnectedConverter" value="FluidConverter47"/>
      <Property name="Filename" value="/Objects/shower_head.hs"/>
      <Property name="FluidType" value="Water"/>
      <Property name="NumberParticles" value="0"/>
      <Property name="ParticleQueueThreshold" value="1"/>
      <Property name="ParticleSpeed" value="35"/>
      <Property name="ParticlesPerSecond" value="8"/>
      <Property name="Type" value="spout"/>
    </Properties>
  </Object>
  <Object name="Spout42">
    <AbsoluteLocation value="2.020905 36.595573"/>
    <Properties>
      <Property name="Angle" value="268.833"/>
      <Property name="ConnectedConverter" value="FluidConverter43"/>
      <Property name="Filename" value="/Objects/shower_head.hs"/>
      <Property name="FluidType" value="Water"/>
      <Property name="NumberParticles" value="0"/>
      <Property name="ParticleQueueThreshold" value="1"/>
      <Property name="ParticleSpeed" value="35"/>
      <Property name="ParticlesPerSecond" value="8"/>
      <Property name="Type" value="spout"/>
    </Properties>
  </Object>
  <Object name="Spout10">
    <AbsoluteLocation value="14.960503 36.190151"/>
    <Properties>
      <Property name="Angle" value="270.008"/>
      <Property name="ConnectedConverter" value="FluidConverter36"/>
      <Property name="Filename" value="/Objects/shower_head.hs"/>
      <Property name="FluidType" value="Water"/>
      <Property name="NumberParticles" value="0"/>
      <Property name="ParticleQueueThreshold" value="1"/>
      <Property name="ParticleSpeed" value="35"/>
      <Property name="ParticlesPerSecond" value="8"/>
      <Property name="Type" value="spout"/>
    </Properties>
  </Object>
  <Object name="Spout38">
    <AbsoluteLocation value="-11.327347 -10.356651"/>
    <Properties>
      <Property name="Angle" value="-89.5809"/>
      <Property name="Filename" value="/Objects/shower_head.hs"/>
      <Property name="FluidType" value="Water"/>
      <Property name="NumberParticles" value="0"/>
      <Property name="ParticleQueueThreshold" value="1"/>
      <Property name="ParticleSpeed" value="35"/>
      <Property name="ParticlesPerSecond" value="8"/>
      <Property name="Type" value="spout"/>
    </Properties>
  </Object>
  <Object name="Spout48">
    <AbsoluteLocation value="3.036556 -10.053839"/>
    <Properties>
      <Property name="Angle" value="-89.5809"/>
      <Property name="Filename" value="/Objects/shower_head.hs"/>
      <Property name="FluidType" value="Water"/>
      <Property name="NumberParticles" value="0"/>
      <Property name="ParticleQueueThreshold" value="1"/>
      <Property name="ParticleSpeed" value="35"/>
      <Property name="ParticlesPerSecond" value="8"/>
      <Property name="Type" value="spout"/>
    </Properties>
  </Object>
  <Object name="Object48">
    <AbsoluteLocation value="7.735180 -77.547073"/>
    <Properties>
      <Property name="Angle" value="0"/>
      <Property name="Filename" value="/Objects/pipe_connector_90.hs"/>
    </Properties>
  </Object>
  <Object name="Object50">
    <AbsoluteLocation value="18.546764 -77.554070"/>
    <Properties>
      <Property name="Angle" value="91.8097"/>
      <Property name="Filename" value="/Objects/pipe_connector_90.hs"/>
    </Properties>
  </Object>
  <Room>
    <AbsoluteLocation value="-12.399998 -66.000008"/>
  </Room>
</Objects>
