<?xml version="1.0"?>
<Objects>
  <Object name="Obj17">
    <AbsoluteLocation value="23.981071 -38.245094"/>
    <Properties>
      <Property name="Angle" value="83.7281"/>
      <Property name="Filename" value="/Objects/pipe_straight.hs"/>
    </Properties>
  </Object>
  <Object name="Obj4">
    <AbsoluteLocation value="17.410477 -42.324104"/>
    <Properties>
      <Property name="Angle" value="-12.9416"/>
      <Property name="Filename" value="/Objects/pipe_straight.hs"/>
    </Properties>
  </Object>
  <Object name="Obj3">
    <AbsoluteLocation value="22.333998 -41.997108"/>
    <Properties>
      <Property name="Angle" value="84.5331"/>
      <Property name="Filename" value="/Objects/pipe_connector_90.hs"/>
    </Properties>
  </Object>
  <Object name="Obj5">
    <AbsoluteLocation value="13.041428 -41.290382"/>
    <Properties>
      <Property name="Angle" value="-196.126"/>
      <Property name="Filename" value="/Objects/pipe_connector_end.hs"/>
    </Properties>
  </Object>
  <Object name="Star6">
    <AbsoluteLocation value="-0.145301 -2.508193"/>
    <Properties>
      <Property name="Angle" value="0"/>
      <Property name="Filename" value="/Objects/star.hs"/>
      <Property name="Type" value="star"/>
    </Properties>
  </Object>
  <Object name="Star7">
    <AbsoluteLocation value="-22.547029 -31.093699"/>
    <Properties>
      <Property name="Angle" value="0"/>
      <Property name="Filename" value="/Objects/star.hs"/>
      <Property name="Type" value="star"/>
    </Properties>
  </Object>
  <Object name="Star8">
    <AbsoluteLocation value="24.948376 9.509005"/>
    <Properties>
      <Property name="Angle" value="0"/>
      <Property name="Filename" value="/Objects/star.hs"/>
      <Property name="Type" value="star"/>
    </Properties>
  </Object>
  <Object name="Spout10">
    <AbsoluteLocation value="24.470772 -34.126053"/>
    <Properties>
      <Property name="Angle" value="-5.42563"/>
      <Property name="ConnectedSpout0" value="SWAMPY_SPOUT"/>
      <Property name="ConnectedSpoutProbability0" value="1"/>
      <Property name="Filename" value="/Objects/broken_pipe.hs"/>
      <Property name="Type" value="spout"/>
    </Properties>
  </Object>
  <Object name="Obj11">
    <AbsoluteLocation value="18.491249 0.490775"/>
    <Properties>
      <Property name="Angle" value="-108.853"/>
      <Property name="Filename" value="/Objects/pipe_bend_1.hs"/>
    </Properties>
  </Object>
  <Object name="Obj12">
    <AbsoluteLocation value="15.866121 -0.700325"/>
    <Properties>
      <Property name="Angle" value="22.4605"/>
      <Property name="Filename" value="/Objects/pipe_straight.hs"/>
    </Properties>
  </Object>
  <Object name="Obj13">
    <AbsoluteLocation value="9.774424 1.404156"/>
    <Properties>
      <Property name="Angle" value="-64.1059"/>
      <Property name="Filename" value="/Objects/pipe_straight.hs"/>
    </Properties>
  </Object>
  <Object name="Obj14">
    <AbsoluteLocation value="7.998306 4.905931"/>
    <Properties>
      <Property name="Angle" value="-17.0531"/>
      <Property name="Filename" value="/Objects/pipe_bend_2.hs"/>
    </Properties>
  </Object>
  <Object name="Obj15">
    <AbsoluteLocation value="4.036146 6.449045"/>
    <Properties>
      <Property name="Angle" value="-17.7835"/>
      <Property name="Filename" value="/Objects/pipe_straight.hs"/>
    </Properties>
  </Object>
  <Object name="Obj16">
    <AbsoluteLocation value="1.377450 6.577459"/>
    <Properties>
      <Property name="Angle" value="73.2875"/>
      <Property name="Filename" value="/Objects/pipe_elbow_1.hs"/>
    </Properties>
  </Object>
  <Object name="Spout11">
    <AbsoluteLocation value="0.033501 3.902516"/>
    <Properties>
      <Property name="Angle" value="-92.8849"/>
      <Property name="ExpulsionAngleVariation" value="5"/>
      <Property name="Filename" value="/Objects/shower_head.hs"/>
      <Property name="FluidType" value="Water"/>
      <Property name="NumberParticles" value="0"/>
      <Property name="Type" value="spout"/>
    </Properties>
  </Object>
  <Object name="Spout1">
    <AbsoluteLocation value="19.463959 3.405006"/>
    <Properties>
      <Property name="Angle" value="-0.551912"/>
      <Property name="ConnectedSpout0" value="Spout11"/>
      <Property name="ConnectedSpoutProbability0" value="1"/>
      <Property name="Filename" value="/Objects/basic_drain.hs"/>
      <Property name="Type" value="spout"/>
    </Properties>
  </Object>
  <Object name="Obj17">
    <AbsoluteLocation value="12.093910 -1.031171"/>
    <Properties>
      <Property name="Angle" value="24.2049"/>
      <Property name="Filename" value="/Objects/pipe_connector_90.hs"/>
    </Properties>
  </Object>
  <Object name="Ducky29">
    <AbsoluteLocation value="-23.062500 -30.937500"/>
    <Properties>
      <Property name="Angle" value="0"/>
      <Property name="Filename" value="/Objects/star_mega.hs"/>
      <Property name="StarType" value="mega"/>
      <Property name="Type" value="star"/>
    </Properties>
  </Object>
  <Room>
    <AbsoluteLocation value="1.200003 -34.000000"/>
  </Room>
  <Properties>
    <Property name="HeavyIntro" value="1"/>
    <Property name="HeavyIntroGameSpeed" value="0.25"/>    
  </Properties>
</Objects>
