<?xml version="1.0"?>
<Objects>
  <Object name="Object14">
    <AbsoluteLocation value="-1.990049 -58.595547"/>
    <Properties>
      <Property name="Angle" value="82.4502"/>
      <Property name="Filename" value="/Objects/pipe_bend_1.hs"/>
    </Properties>
  </Object>
  <Object name="Object12">
    <AbsoluteLocation value="-29.740017 -61.801716"/>
    <Properties>
      <Property name="Angle" value="-45.4878"/>
      <Property name="Filename" value="/Objects/pipe_straight_long.hs"/>
    </Properties>
  </Object>
  <Object name="Spout7">
    <AbsoluteLocation value="-24.982090 -66.962799"/>
    <Properties>
      <Property name="Angle" value="-46.7138"/>
      <Property name="Filename" value="/Objects/touch_spout.hs"/>
      <Property name="FluidType" value="Water"/>
      <Property name="ParticlesPerSecond" value="10"/>
      <Property name="Type" value="spout"/>
    </Properties>
  </Object>
  <Object name="Spout12">
    <AbsoluteLocation value="29.978649 -70.169418"/>
    <Properties>
      <Property name="Angle" value="57.8061"/>
      <Property name="ConnectedSpout0" value="SWAMPY_SPOUT"/>
      <Property name="ConnectedSpoutProbability0" value="1"/>
      <Property name="Filename" value="/Objects/broken_pipe.hs"/>
      <Property name="Type" value="spout"/>
    </Properties>
  </Object>
  <Object name="Ducky6">
    <AbsoluteLocation value="17.574577 -58.888443"/>
    <Properties>
      <Property name="Angle" value="0"/>
      <Property name="Filename" value="/Objects/star.hs"/>
      <Property name="Type" value="star"/>
    </Properties>
  </Object>
  <Object name="Ducky7">
    <AbsoluteLocation value="0.306335 2.325260"/>
    <Properties>
      <Property name="Angle" value="1.27748"/>
      <Property name="Filename" value="/Objects/star.hs"/>
      <Property name="Type" value="star"/>
    </Properties>
  </Object>
  <Object name="Ducky8">
    <AbsoluteLocation value="24.108192 51.786732"/>
    <Properties>
      <Property name="Angle" value="0"/>
      <Property name="Filename" value="/Objects/star.hs"/>
      <Property name="Type" value="star"/>
    </Properties>
  </Object>
  <Object name="Object9">
    <AbsoluteLocation value="19.301693 86.400497"/>
    <Properties>
      <Property name="Angle" value="89.6509"/>
      <Property name="Filename" value="/Objects/dirtywall_large.hs"/>
      <Property name="Type" value="dirtywall"/>
    </Properties>
  </Object>
  <Object name="Object10">
    <AbsoluteLocation value="-9.161367 28.878586"/>
    <Properties>
      <Property name="Angle" value="0"/>
      <Property name="Filename" value="/Objects/icicle_large.hs"/>
      <Property name="Type" value="icyhot"/>
    </Properties>
  </Object>
  <Object name="Object11">
    <AbsoluteLocation value="22.819454 57.731792"/>
    <Properties>
      <Property name="Angle" value="0"/>
      <Property name="Filename" value="/Objects/icicle_large.hs"/>
      <Property name="Type" value="icyhot"/>
    </Properties>
  </Object>
  <Object name="Object13">
    <AbsoluteLocation value="-36.464111 -54.967068"/>
    <Properties>
      <Property name="Angle" value="-45.4878"/>
      <Property name="Filename" value="/Objects/pipe_straight_long.hs"/>
    </Properties>
  </Object>
  <Object name="Object15">
    <AbsoluteLocation value="-2.432283 -64.233963"/>
    <Properties>
      <Property name="Angle" value="-90.2241"/>
      <Property name="Filename" value="/Objects/pipe_straight_long.hs"/>
    </Properties>
  </Object>
  <Object name="Object16">
    <AbsoluteLocation value="-2.321726 -69.761856"/>
    <Properties>
      <Property name="Angle" value="138.559"/>
      <Property name="Filename" value="/Objects/pipe_bend_1.hs"/>
    </Properties>
  </Object>
  <Object name="Object17">
    <AbsoluteLocation value="1.768904 -73.963043"/>
    <Properties>
      <Property name="Angle" value="-42.8222"/>
      <Property name="Filename" value="/Objects/pipe_straight_long.hs"/>
    </Properties>
  </Object>
  <Object name="Object19">
    <AbsoluteLocation value="5.748972 -78.053680"/>
    <Properties>
      <Property name="Angle" value="-41.8347"/>
      <Property name="Filename" value="/Objects/pipe_bend_2.hs"/>
    </Properties>
  </Object>
  <Object name="Object20">
    <AbsoluteLocation value="5.859529 -83.471008"/>
    <Properties>
      <Property name="Angle" value="-90.4373"/>
      <Property name="Filename" value="/Objects/pipe_straight_long.hs"/>
    </Properties>
  </Object>
  <Object name="Object22">
    <AbsoluteLocation value="5.527861 -89.330566"/>
    <Properties>
      <Property name="Angle" value="-89.1995"/>
      <Property name="Filename" value="/Objects/pipe_bend_2.hs"/>
    </Properties>
  </Object>
  <Object name="Spout13">
    <AbsoluteLocation value="3.493011 -90.531250"/>
    <Properties>
      <Property name="Angle" value="117.171"/>
      <Property name="ConnectedSpout0" value="Spout14"/>
      <Property name="ConnectedSpoutProbability0" value="1"/>
      <Property name="Filename" value="/Objects/basic_drain.hs"/>
      <Property name="Type" value="spout"/>
    </Properties>
  </Object>
  <Object name="Spout14">
    <AbsoluteLocation value="0.289438 -58.221115"/>
    <Properties>
      <Property name="Angle" value="0"/>
      <Property name="Filename" value="/Objects/shower_head.hs"/>
      <Property name="FluidType" value="Water"/>
      <Property name="NumberParticles" value="0"/>
      <Property name="Type" value="spout"/>
    </Properties>
  </Object>
  <Object name="Object23">
    <AbsoluteLocation value="32.192169 -71.992935"/>
    <Properties>
      <Property name="Angle" value="-34.4903"/>
      <Property name="Filename" value="/Objects/pipe_bend_2.hs"/>
    </Properties>
  </Object>
  <Object name="Object25">
    <AbsoluteLocation value="32.282799 -75.842529"/>
    <Properties>
      <Property name="Angle" value="-91.6547"/>
      <Property name="Filename" value="/Objects/pipe_straight.hs"/>
    </Properties>
  </Object>
  <Room>
    <AbsoluteLocation value="22.000002 -86.000008"/>
  </Room>
</Objects>
