<?xml version="1.0"?>
<Objects>
  <Object name="Object23">
    <AbsoluteLocation value="27.070637 7.431494"/>
    <Properties>
      <Property name="Angle" value="0"/>
      <Property name="Filename" value="/Objects/pipe_straight_long.hs"/>
    </Properties>
  </Object>
  <Object name="Object24">
    <AbsoluteLocation value="36.185802 7.441128"/>
    <Properties>
      <Property name="Angle" value="0"/>
      <Property name="Filename" value="/Objects/pipe_straight_long.hs"/>
    </Properties>
  </Object>
  <Object name="Obj15">
    <AbsoluteLocation value="26.599998 11.004869"/>
    <Properties>
      <Property name="Angle" value="0"/>
      <Property name="Filename" value="/Objects/pipe_straight_long.hs"/>
    </Properties>
  </Object>
  <Object name="Obj14">
    <AbsoluteLocation value="36.401733 16.857841"/>
    <Properties>
      <Property name="Angle" value="70.0511"/>
      <Property name="Filename" value="/Objects/pipe_straight.hs"/>
    </Properties>
  </Object>
  <Object name="2">
    <AbsoluteLocation value="10.288067 -38.499027"/>
    <Properties>
      <Property name="Angle" value="89.3669"/>
      <Property name="Filename" value="/Objects/pipe_straight.hs"/>
    </Properties>
  </Object>
  <Object name="3">
    <AbsoluteLocation value="16.195766 -44.572445"/>
    <Properties>
      <Property name="Angle" value="-12.6438"/>
      <Property name="Filename" value="/Objects/pipe_straight.hs"/>
    </Properties>
  </Object>
  <Object name="7">
    <AbsoluteLocation value="23.558811 -35.704124"/>
    <Properties>
      <Property name="Angle" value="77.829"/>
      <Property name="Filename" value="/Objects/pipe_straight.hs"/>
    </Properties>
  </Object>
  <Object name="8">
    <AbsoluteLocation value="22.445498 -40.438915"/>
    <Properties>
      <Property name="Angle" value="76.3616"/>
      <Property name="Filename" value="/Objects/pipe_straight.hs"/>
    </Properties>
  </Object>
  <Object name="9">
    <AbsoluteLocation value="20.627151 11.387558"/>
    <Properties>
      <Property name="Angle" value="-187.552"/>
      <Property name="Filename" value="/Objects/shower_head.hs"/>
      <Property name="FluidType" value="Lava"/>
      <Property name="OffsetToMouth" value="1.5 0"/>
      <Property name="ParticleSpeed" value="36"/>
      <Property name="ParticlesPerSecond" value="3"/>
      <Property name="Timer0" value="1 5"/>
      <Property name="Timer1" value="0 4"/>
      <Property name="Type" value="spout"/>
    </Properties>
  </Object>
  <Object name="10">
    <AbsoluteLocation value="20.533401 7.700058"/>
    <Properties>
      <Property name="Angle" value="-187.552"/>
      <Property name="Filename" value="/Objects/shower_head.hs"/>
      <Property name="FluidType" value="Lava"/>
      <Property name="OffsetToMouth" value="1.5 0"/>
      <Property name="ParticleSpeed" value="36"/>
      <Property name="ParticlesPerSecond" value="3"/>
      <Property name="Timer0" value="1 5"/>
      <Property name="Timer1" value="0 4"/>
      <Property name="Type" value="spout"/>
    </Properties>
  </Object>
  <Object name="Obj10">
    <AbsoluteLocation value="11.234699 -42.800030"/>
    <Properties>
      <Property name="Angle" value="0"/>
      <Property name="Filename" value="/Objects/pipe_connector_90.hs"/>
    </Properties>
  </Object>
  <Object name="Obj10">
    <AbsoluteLocation value="24.434704 -31.400032"/>
    <Properties>
      <Property name="Angle" value="83.7416"/>
      <Property name="Filename" value="/Objects/pipe_connector_end.hs"/>
    </Properties>
  </Object>
  <Object name="Star11">
    <AbsoluteLocation value="-7.100977 -34.085552"/>
    <Properties>
      <Property name="Angle" value="0"/>
      <Property name="Filename" value="/Objects/star.hs"/>
      <Property name="Type" value="star"/>
    </Properties>
  </Object>
  <Object name="Star12">
    <AbsoluteLocation value="-2.467180 16.666265"/>
    <Properties>
      <Property name="Angle" value="0"/>
      <Property name="Filename" value="/Objects/star.hs"/>
      <Property name="Type" value="star"/>
    </Properties>
  </Object>
  <Object name="Star13">
    <AbsoluteLocation value="-2.256901 -13.700771"/>
    <Properties>
      <Property name="Angle" value="0"/>
      <Property name="Filename" value="/Objects/star.hs"/>
      <Property name="Type" value="star"/>
    </Properties>
  </Object>
  <Object name="Spout13">
    <AbsoluteLocation value="10.164340 -34.712208"/>
    <Properties>
      <Property name="Angle" value="6.86109"/>
      <Property name="ConnectedSpout0" value="SWAMPY_SPOUT"/>
      <Property name="ConnectedSpoutProbability0" value="1"/>
      <Property name="Filename" value="/Objects/broken_pipe.hs"/>
      <Property name="Type" value="spout"/>
    </Properties>
  </Object>
  <Object name="Obj16">
    <AbsoluteLocation value="33.599998 11.761951"/>
    <Properties>
      <Property name="Angle" value="78.4885"/>
      <Property name="Filename" value="/Objects/pipe_connector_90.hs"/>
    </Properties>
  </Object>
  <Object name="Obj17">
    <AbsoluteLocation value="20.600004 -44.000008"/>
    <Properties>
      <Property name="Angle" value="85.8556"/>
      <Property name="Filename" value="/Objects/pipe_connector_90.hs"/>
    </Properties>
  </Object>
  <Object name="Bomb18">
    <AbsoluteLocation value="-15.093750 -14.625000"/>
    <Properties>
      <Property name="Angle" value="53.3538"/>
      <Property name="Filename" value="/Objects/bomb.hs"/>
      <Property name="Type" value="bomb"/>
    </Properties>
  </Object>
  <Object name="Ducky20">
    <AbsoluteLocation value="1.284374 -44.590626"/>
    <Properties>
      <Property name="Angle" value="0"/>
      <Property name="CutsRock" value="1"/>
      <Property name="Filename" value="/Objects/star_teleport.hs"/>
      <Property name="StarType" value="teleport"/>
      <Property name="TeleportMoveEase" value="both"/>
      <Property name="TeleportMoveTime" value="2"/>
      <Property name="TeleportWaitTime" value="2"/>
      <Property name="Type" value="star"/>
    </Properties>
  </Object>
  <Object name="Ducky21">
    <AbsoluteLocation value="1.549999 -28.093750"/>
    <Properties>
      <Property name="Angle" value="0"/>
      <Property name="CutsRock" value="1"/>
      <Property name="Filename" value="/Objects/star_teleport.hs"/>
      <Property name="StarType" value="teleport"/>
      <Property name="TeleportMoveEase" value="both"/>
      <Property name="TeleportMoveTime" value="2"/>
      <Property name="TeleportWaitTime" value="2"/>
      <Property name="Type" value="star"/>
    </Properties>
  </Object>
  <Object name="Ducky22">
    <AbsoluteLocation value="4.406250 -8.593750"/>
    <Properties>
      <Property name="Angle" value="0"/>
      <Property name="Burst" value="0"/>
      <Property name="CutsRock" value="1"/>
      <Property name="Filename" value="/Objects/star_teleport.hs"/>
      <Property name="StarType" value="teleport"/>
      <Property name="TeleportMoveEase" value="both"/>
      <Property name="TeleportMoveTime" value="2"/>
      <Property name="TeleportWaitTime" value="2"/>
      <Property name="Type" value="star"/>
    </Properties>
  </Object>
  <Object name="Ducky23">
    <AbsoluteLocation value="18.156250 0.350000"/>
    <Properties>
      <Property name="Angle" value="0"/>
      <Property name="CutsRock" value="1"/>
      <Property name="Filename" value="/Objects/star_teleport.hs"/>
      <Property name="StarType" value="teleport"/>
      <Property name="TeleportMoveEase" value="both"/>
      <Property name="TeleportMoveTime" value="2"/>
      <Property name="TeleportWaitTime" value="9999"/>
      <Property name="Type" value="star"/>
    </Properties>
  </Object>
  <Room>
    <AbsoluteLocation value="19.600002 -18.000002"/>
  </Room>
</Objects>
