<?xml version="1.0"?>
<Objects>
  <Object name="Object70">
    <AbsoluteLocation value="28.745180 -45.946701"/>
    <Properties>
      <Property name="Angle" value="0"/>
      <Property name="Filename" value="/Objects/pipe_straight_short.hs"/>
    </Properties>
  </Object>
  <Object name="Object61">
    <AbsoluteLocation value="21.099201 4.543264"/>
    <Properties>
      <Property name="Angle" value="-0.170489"/>
      <Property name="Filename" value="/Objects/pipe_straight_long.hs"/>
    </Properties>
  </Object>
  <Object name="Object60">
    <AbsoluteLocation value="-0.935436 6.029110"/>
    <Properties>
      <Property name="Angle" value="0"/>
      <Property name="Filename" value="/Objects/pipe_straight_long.hs"/>
    </Properties>
  </Object>
  <Object name="Object81">
    <AbsoluteLocation value="16.222372 -0.671406"/>
    <Properties>
      <Property name="Angle" value="-179.494"/>
      <Property name="Filename" value="/Objects/pipe_elbow_2.hs"/>
    </Properties>
  </Object>
  <Object name="Object66">
    <AbsoluteLocation value="-7.412498 41.600002"/>
    <Properties>
      <Property name="Angle" value="0.8452"/>
      <Property name="Filename" value="/Objects/pipe_straight_short.hs"/>
    </Properties>
  </Object>
  <Object name="Object82">
    <AbsoluteLocation value="15.540392 1.379265"/>
    <Properties>
      <Property name="Angle" value="-89.5588"/>
      <Property name="Filename" value="/Objects/pipe_straight_short.hs"/>
    </Properties>
  </Object>
  <Object name="Object64">
    <AbsoluteLocation value="6.356747 -45.513874"/>
    <Properties>
      <Property name="Angle" value="-0.112375"/>
      <Property name="Filename" value="/Objects/pipe_straight_long.hs"/>
    </Properties>
  </Object>
  <Object name="Object49">
    <AbsoluteLocation value="-5.974121 -44.183643"/>
    <Properties>
      <Property name="Angle" value="-33.5549"/>
      <Property name="Filename" value="/Objects/pipe_straight_short.hs"/>
    </Properties>
  </Object>
  <Object name="Object48">
    <AbsoluteLocation value="-7.592125 -43.063477"/>
    <Properties>
      <Property name="Angle" value="-214.948"/>
      <Property name="Filename" value="/Objects/pipe_connector_end.hs"/>
    </Properties>
  </Object>
  <Object name="Object63">
    <AbsoluteLocation value="6.349006 10.581602"/>
    <Properties>
      <Property name="Angle" value="90.2948"/>
      <Property name="Filename" value="/Objects/pipe_straight.hs"/>
    </Properties>
  </Object>
  <Object name="Object59">
    <AbsoluteLocation value="-1.238467 6.029116"/>
    <Properties>
      <Property name="Angle" value="0"/>
      <Property name="Filename" value="/Objects/pipe_straight_long.hs"/>
    </Properties>
  </Object>
  <Object name="Object58">
    <AbsoluteLocation value="3.379996 14.738211"/>
    <Properties>
      <Property name="Angle" value="-2.3983"/>
      <Property name="Filename" value="/Objects/pipe_straight.hs"/>
    </Properties>
  </Object>
  <Object name="Object50">
    <AbsoluteLocation value="-5.131175 10.185734"/>
    <Properties>
      <Property name="Angle" value="-178.989"/>
      <Property name="Filename" value="/Objects/pipe_elbow_1.hs"/>
    </Properties>
  </Object>
  <Object name="Ducky27">
    <AbsoluteLocation value="-23.439201 15.476059"/>
    <Properties>
      <Property name="Angle" value="0"/>
      <Property name="Filename" value="/Objects/star_poison.hs"/>
      <Property name="Type" value="star"/>
    </Properties>
  </Object>
  <Object name="Ducky25">
    <AbsoluteLocation value="-26.518751 -16.931252"/>
    <Properties>
      <Property name="Angle" value="0"/>
      <Property name="Filename" value="/Objects/star_poison.hs"/>
      <Property name="Type" value="star"/>
    </Properties>
  </Object>
  <Object name="Ducky26">
    <AbsoluteLocation value="22.458809 -38.599365"/>
    <Properties>
      <Property name="Angle" value="0"/>
      <Property name="Filename" value="/Objects/star_poison.hs"/>
      <Property name="Type" value="star"/>
    </Properties>
  </Object>
  <Object name="Object62">
    <AbsoluteLocation value="7.605194 -31.830059"/>
    <Properties>
      <Property name="Angle" value="89.7459"/>
      <Property name="Filename" value="/Objects/pipe_straight_short.hs"/>
    </Properties>
  </Object>
  <Object name="Spout6">
    <AbsoluteLocation value="7.642509 -29.103748"/>
    <Properties>
      <Property name="Angle" value="0"/>
      <Property name="ConnectedSpout0" value="Spout30"/>
      <Property name="ConnectedSpoutProbability0" value="1"/>
      <Property name="Filename" value="/Objects/basic_drain.hs"/>
      <Property name="Type" value="spout"/>
    </Properties>
  </Object>
  <Object name="Object52">
    <AbsoluteLocation value="0.782726 -16.498222"/>
    <Properties>
      <Property name="Angle" value="90.1379"/>
      <Property name="Filename" value="/Objects/pipe_straight_long.hs"/>
    </Properties>
  </Object>
  <Object name="Object53">
    <AbsoluteLocation value="0.806156 -22.994143"/>
    <Properties>
      <Property name="Angle" value="90.1379"/>
      <Property name="Filename" value="/Objects/pipe_straight_long.hs"/>
    </Properties>
  </Object>
  <Object name="Object51">
    <AbsoluteLocation value="0.825699 -12.996450"/>
    <Properties>
      <Property name="Angle" value="89.3967"/>
      <Property name="Filename" value="/Objects/pipe_into_wall_1.hs"/>
    </Properties>
  </Object>
  <Object name="Spout3">
    <AbsoluteLocation value="-5.666580 4.630640"/>
    <Properties>
      <Property name="Angle" value="-90.8704"/>
      <Property name="ConnectedConverter" value="FluidConverter42"/>
      <Property name="Filename" value="/Objects/shower_head.hs"/>
      <Property name="FluidType" value="Lava"/>
      <Property name="NumberParticles" value="0"/>
      <Property name="Type" value="spout"/>
    </Properties>
  </Object>
  <Object name="Object26">
    <AbsoluteLocation value="-12.926212 39.597034"/>
    <Properties>
      <Property name="Angle" value="24.9649"/>
      <Property name="Filename" value="/Objects/pipe_straight_long.hs"/>
    </Properties>
  </Object>
  <Object name="Object27">
    <AbsoluteLocation value="-20.381485 34.366867"/>
    <Properties>
      <Property name="Angle" value="45.1689"/>
      <Property name="Filename" value="/Objects/pipe_straight_long.hs"/>
    </Properties>
  </Object>
  <Object name="Object29">
    <AbsoluteLocation value="-31.384436 33.665871"/>
    <Properties>
      <Property name="Angle" value="-30.8735"/>
      <Property name="Filename" value="/Objects/pipe_straight_long.hs"/>
    </Properties>
  </Object>
  <Object name="Object35">
    <AbsoluteLocation value="0.878174 -27.296436"/>
    <Properties>
      <Property name="Angle" value="-220.28"/>
      <Property name="Filename" value="/Objects/pipe_bend_2.hs"/>
    </Properties>
  </Object>
  <Object name="Object36">
    <AbsoluteLocation value="2.648136 -29.072655"/>
    <Properties>
      <Property name="Angle" value="142.612"/>
      <Property name="Filename" value="/Objects/pipe_straight_short.hs"/>
    </Properties>
  </Object>
  <Object name="Object25">
    <AbsoluteLocation value="-6.685713 40.885715"/>
    <Properties>
      <Property name="Angle" value="0"/>
      <Property name="Filename" value="/Objects/pipe_elbow_1.hs"/>
    </Properties>
  </Object>
  <Object name="Object39">
    <AbsoluteLocation value="-24.703176 30.993776"/>
    <Properties>
      <Property name="Angle" value="55.0913"/>
      <Property name="Filename" value="/Objects/pipe_connector_90.hs"/>
    </Properties>
  </Object>
  <Object name="Object46">
    <AbsoluteLocation value="2.918145 14.936148"/>
    <Properties>
      <Property name="Angle" value="89.6317"/>
      <Property name="Filename" value="/Objects/pipe_spout_base.hs"/>
    </Properties>
  </Object>
  <Object name="Object47">
    <AbsoluteLocation value="6.324348 11.397991"/>
    <Properties>
      <Property name="Angle" value="-179.87"/>
      <Property name="Filename" value="/Objects/pipe_spout_base.hs"/>
    </Properties>
  </Object>
  <Object name="FluidConverter42">
    <AbsoluteLocation value="6.329758 14.795738"/>
    <Properties>
      <Property name="Angle" value="0"/>
      <Property name="Filename" value="/Objects/converter_static_sludge.hs"/>
      <Property name="FluidType" value="lava"/>
      <Property name="Type" value="fluidconverter"/>
    </Properties>
  </Object>
  <Object name="Object56">
    <AbsoluteLocation value="-0.207482 14.169067"/>
    <Properties>
      <Property name="Angle" value="-270.246"/>
      <Property name="Filename" value="/Objects/pipe_elbow_1.hs"/>
    </Properties>
  </Object>
  <Object name="Object57">
    <AbsoluteLocation value="-1.749212 10.765215"/>
    <Properties>
      <Property name="Angle" value="89.9255"/>
      <Property name="Filename" value="/Objects/pipe_connector_90.hs"/>
    </Properties>
  </Object>
  <Object name="Object54">
    <AbsoluteLocation value="-4.604605 -45.110798"/>
    <Properties>
      <Property name="Angle" value="-34.0912"/>
      <Property name="Filename" value="/Objects/pipe_into_wall_1.hs"/>
    </Properties>
  </Object>
  <Object name="Object65">
    <AbsoluteLocation value="12.013493 -45.522614"/>
    <Properties>
      <Property name="Angle" value="-0.112375"/>
      <Property name="Filename" value="/Objects/pipe_straight_long.hs"/>
    </Properties>
  </Object>
  <Object name="Object67">
    <AbsoluteLocation value="16.772421 -45.669476"/>
    <Properties>
      <Property name="Angle" value="-360.245"/>
      <Property name="Filename" value="/Objects/pipe_into_wall_1.hs"/>
    </Properties>
  </Object>
  <Object name="Spout43">
    <AbsoluteLocation value="18.576656 -1.030490"/>
    <Properties>
      <Property name="Angle" value="-88.3165"/>
      <Property name="ConnectedSpout0" value="SWAMPY_SPOUT"/>
      <Property name="ConnectedSpoutProbability0" value="1"/>
      <Property name="Filename" value="/Objects/broken_pipe_cranky.hs"/>
      <Property name="Type" value="spout"/>
    </Properties>
  </Object>
  <Object name="Spout67">
    <AbsoluteLocation value="-5.864395 12.803249"/>
    <Properties>
      <Property name="Angle" value="0"/>
      <Property name="ConnectedSpout0" value="Spout3"/>
      <Property name="ConnectedSpoutProbability0" value="1"/>
      <Property name="Filename" value="/Objects/basic_drain.hs"/>
      <Property name="Type" value="spout"/>
    </Properties>
  </Object>
  <Object name="Spout66">
    <AbsoluteLocation value="-6.000000 38.314289"/>
    <Properties>
      <Property name="Angle" value="-90"/>
      <Property name="Filename" value="/Objects/shower_head.hs"/>
      <Property name="FluidType" value="ContaminatedWater"/>
      <Property name="Timer0" value="1 3.7"/>
      <Property name="Timer1" value="0 9"/>
      <Property name="Type" value="spout"/>
    </Properties>
  </Object>
  <Object name="Spout30">
    <AbsoluteLocation value="7.373875 -34.143242"/>
    <Properties>
      <Property name="Angle" value="-90"/>
      <Property name="Filename" value="/Objects/shower_head.hs"/>
      <Property name="FluidType" value="Water"/>
      <Property name="NumberParticles" value="0"/>
      <Property name="ParticleSpeed" value="120"/>
      <Property name="ParticlesPerSecond" value="8"/>
      <Property name="Type" value="spout"/>
    </Properties>
  </Object>
  <Object name="Object80">
    <AbsoluteLocation value="5.050789 7.365217"/>
    <Properties>
      <Property name="Angle" value="89.9255"/>
      <Property name="Filename" value="/Objects/pipe_connector_90.hs"/>
    </Properties>
  </Object>
  <Object name="Object71">
    <AbsoluteLocation value="30.224602 -45.302036"/>
    <Properties>
      <Property name="Angle" value="-89.3679"/>
      <Property name="Filename" value="/Objects/pipe_elbow_2.hs"/>
    </Properties>
  </Object>
  <Object name="Object69">
    <AbsoluteLocation value="30.918903 -39.292782"/>
    <Properties>
      <Property name="Angle" value="89.9125"/>
      <Property name="Filename" value="/Objects/pipe_straight_long.hs"/>
    </Properties>
  </Object>
  <Object name="Object72">
    <AbsoluteLocation value="30.927269 -30.074495"/>
    <Properties>
      <Property name="Angle" value="89.9125"/>
      <Property name="Filename" value="/Objects/pipe_straight_long.hs"/>
    </Properties>
  </Object>
  <Object name="Object73">
    <AbsoluteLocation value="30.935638 -21.832123"/>
    <Properties>
      <Property name="Angle" value="89.9125"/>
      <Property name="Filename" value="/Objects/pipe_straight_long.hs"/>
    </Properties>
  </Object>
  <Object name="Object74">
    <AbsoluteLocation value="30.955292 -13.453243"/>
    <Properties>
      <Property name="Angle" value="89.9125"/>
      <Property name="Filename" value="/Objects/pipe_straight_long.hs"/>
    </Properties>
  </Object>
  <Object name="Object75">
    <AbsoluteLocation value="30.959137 -8.037088"/>
    <Properties>
      <Property name="Angle" value="89.9125"/>
      <Property name="Filename" value="/Objects/pipe_straight_long.hs"/>
    </Properties>
  </Object>
  <Object name="Object76">
    <AbsoluteLocation value="30.968376 -1.013323"/>
    <Properties>
      <Property name="Angle" value="89.9125"/>
      <Property name="Filename" value="/Objects/pipe_straight_long.hs"/>
    </Properties>
  </Object>
  <Object name="Object78">
    <AbsoluteLocation value="25.063555 4.521832"/>
    <Properties>
      <Property name="Angle" value="-0.170489"/>
      <Property name="Filename" value="/Objects/pipe_straight_long.hs"/>
    </Properties>
  </Object>
  <Object name="Object77">
    <AbsoluteLocation value="29.716370 3.421989"/>
    <Properties>
      <Property name="Angle" value="180.386"/>
      <Property name="Filename" value="/Objects/pipe_connector_90.hs"/>
    </Properties>
  </Object>
  <Object name="Object79">
    <AbsoluteLocation value="16.603813 3.507702"/>
    <Properties>
      <Property name="Angle" value="269.784"/>
      <Property name="Filename" value="/Objects/pipe_connector_90.hs"/>
    </Properties>
  </Object>
  <Object name="Object83">
    <AbsoluteLocation value="-37.266617 37.186272"/>
    <Properties>
      <Property name="Angle" value="-30.8735"/>
      <Property name="Filename" value="/Objects/pipe_straight_long.hs"/>
    </Properties>
  </Object>
  <Object name="Object84">
    <AbsoluteLocation value="1.079324 -45.539661"/>
    <Properties>
      <Property name="Angle" value="-180"/>
      <Property name="Filename" value="/Objects/pipe_into_wall_2.hs"/>
    </Properties>
  </Object>
  <Object name="Object85">
    <AbsoluteLocation value="26.499338 -45.979713"/>
    <Properties>
      <Property name="Angle" value="-180"/>
      <Property name="Filename" value="/Objects/pipe_into_wall_2.hs"/>
    </Properties>
  </Object>
  <Object name="Object86">
    <AbsoluteLocation value="4.198964 -30.347805"/>
    <Properties>
      <Property name="Angle" value="-40.1626"/>
      <Property name="Filename" value="/Objects/pipe_into_wall_2.hs"/>
    </Properties>
  </Object>
  <Room>
    <AbsoluteLocation value="-18.799997 -34.800003"/>
  </Room>
</Objects>
