<?xml version="1.0"?>
<Objects>
  <Object name="Obj22">
    <AbsoluteLocation value="18.171400 -16.173496"/>
    <Properties>
      <Property name="Angle" value="-81.6264"/>
      <Property name="Filename" value="/Objects/pipe_straight.hs"/>
    </Properties>
  </Object>
  <Object name="Obj20">
    <AbsoluteLocation value="21.826517 -21.095974"/>
    <Properties>
      <Property name="Angle" value="-23.6156"/>
      <Property name="Filename" value="/Objects/pipe_straight.hs"/>
    </Properties>
  </Object>
  <Object name="Star11">
    <AbsoluteLocation value="-1.000000 2.399995"/>
    <Properties>
      <Property name="Angle" value="0"/>
      <Property name="Filename" value="/Objects/star.hs"/>
      <Property name="Type" value="star"/>
    </Properties>
  </Object>
  <Object name="Star12">
    <AbsoluteLocation value="-15.799998 21.599995"/>
    <Properties>
      <Property name="Angle" value="0"/>
      <Property name="Filename" value="/Objects/star.hs"/>
      <Property name="Type" value="star"/>
    </Properties>
  </Object>
  <Object name="Obj9">
    <AbsoluteLocation value="4.172371 -46.266335"/>
    <Properties>
      <Property name="Angle" value="47.209"/>
      <Property name="Filename" value="/Objects/pipe_straight.hs"/>
    </Properties>
  </Object>
  <Object name="Obj7">
    <AbsoluteLocation value="6.635675 -43.705345"/>
    <Properties>
      <Property name="Angle" value="44.1911"/>
      <Property name="Filename" value="/Objects/pipe_connector_end.hs"/>
    </Properties>
  </Object>
  <Object name="Obj2">
    <AbsoluteLocation value="-20.510420 -30.729666"/>
    <Properties>
      <Property name="Angle" value="-805.783"/>
      <Property name="Filename" value="/Objects/pipe_straight_long.hs"/>
    </Properties>
  </Object>
  <Object name="Obj4">
    <AbsoluteLocation value="-19.357157 -36.706757"/>
    <Properties>
      <Property name="Angle" value="-174.69"/>
      <Property name="Filename" value="/Objects/pipe_elbow_2.hs"/>
    </Properties>
  </Object>
  <Object name="Obj3">
    <AbsoluteLocation value="-16.535913 -37.740204"/>
    <Properties>
      <Property name="Angle" value="5.73642"/>
      <Property name="Filename" value="/Objects/pipe_elbow_1.hs"/>
    </Properties>
  </Object>
  <Object name="Obj5">
    <AbsoluteLocation value="-15.292060 -43.817169"/>
    <Properties>
      <Property name="Angle" value="-85.2397"/>
      <Property name="Filename" value="/Objects/pipe_straight_long.hs"/>
    </Properties>
  </Object>
  <Object name="Spout11">
    <AbsoluteLocation value="17.774004 -12.825405"/>
    <Properties>
      <Property name="Angle" value="90.2618"/>
      <Property name="Filename" value="/Objects/touch_spout.hs"/>
      <Property name="FluidType" value="Water"/>
      <Property name="ParticleSpeed" value="35.0"/>
      <Property name="Type" value="spout"/>
    </Properties>
  </Object>
  <Object name="Star16">
    <AbsoluteLocation value="17.709900 34.511520"/>
    <Properties>
      <Property name="Angle" value="0"/>
      <Property name="Filename" value="/Objects/star.hs"/>
      <Property name="Type" value="star"/>
    </Properties>
  </Object>
  <Object name="Spout0">
    <AbsoluteLocation value="-20.791956 -24.399807"/>
    <Properties>
      <Property name="Angle" value="0"/>
      <Property name="ConnectedSpout0" value="SWAMPY_SPOUT"/>
      <Property name="ConnectedSpoutProbability0" value="1"/>
      <Property name="Filename" value="/Objects/broken_pipe.hs"/>
      <Property name="Type" value="spout"/>
    </Properties>
  </Object>
  <Object name="Obj17">
    <AbsoluteLocation value="-4.039033 -4.463263"/>
    <Properties>
      <Property name="Angle" value="-0.102751"/>
      <Property name="Filename" value="/Objects/path_locking_end.hs"/>
    </Properties>
  </Object>
  <Object name="Obj18">
    <AbsoluteLocation value="15.396927 -4.507085"/>
    <Properties>
      <Property name="Angle" value="-0.102751"/>
      <Property name="Filename" value="/Objects/path_locking_end_right.hs"/>
    </Properties>
  </Object>
  <Object name="Obj20">
    <AbsoluteLocation value="0.735352 -4.480792"/>
    <Properties>
      <Property name="Angle" value="-0.102751"/>
      <Property name="Filename" value="/Objects/path_locking_mid.hs"/>
    </Properties>
  </Object>
  <Object name="Obj21">
    <AbsoluteLocation value="5.622544 -4.489556"/>
    <Properties>
      <Property name="Angle" value="-0.102751"/>
      <Property name="Filename" value="/Objects/path_locking_mid.hs"/>
    </Properties>
  </Object>
  <Object name="Obj22">
    <AbsoluteLocation value="10.509738 -4.498320"/>
    <Properties>
      <Property name="Angle" value="-0.102751"/>
      <Property name="Filename" value="/Objects/path_locking_mid.hs"/>
    </Properties>
  </Object>
  <Object name="Obj22">
    <AbsoluteLocation value="24.967154 -22.630833"/>
    <Properties>
      <Property name="Angle" value="-26.1024"/>
      <Property name="Filename" value="/Objects/pipe_into_wall_1.hs"/>
    </Properties>
  </Object>
  <Object name="Obj21">
    <AbsoluteLocation value="18.751383 -19.265974"/>
    <Properties>
      <Property name="Angle" value="-204.429"/>
      <Property name="Filename" value="/Objects/pipe_bend_1.hs"/>
    </Properties>
  </Object>
  <Object name="Collectible24">
    <AbsoluteLocation value="4.031250 28.031250"/>
    <Properties>
      <Property name="Angle" value="-44.7828"/>
      <Property name="Filename" value="/Objects/z_collectible_14.hs"/>
      <Property name="PlatinumType" value="normal"/>
      <Property name="Type" value="collectible"/>
    </Properties>
  </Object>
  <Object name="Ducky39">
    <AbsoluteLocation value="-23.328125 28.671875"/>
    <Properties>
      <Property name="Angle" value="0"/>
      <Property name="Filename" value="/Objects/star_baby.hs"/>
      <Property name="StarType" value="baby"/>
      <Property name="Type" value="star"/>
    </Properties>
  </Object>
  <Object name="Ducky34">
    <AbsoluteLocation value="-3.703125 25.921875"/>
    <Properties>
      <Property name="Angle" value="0"/>
      <Property name="Filename" value="/Objects/star_baby.hs"/>
      <Property name="StarType" value="baby"/>
      <Property name="Type" value="star"/>
    </Properties>
  </Object>
  <Object name="Ducky33">
    <AbsoluteLocation value="6.921875 30.203125"/>
    <Properties>
      <Property name="Angle" value="0"/>
      <Property name="Filename" value="/Objects/star_baby.hs"/>
      <Property name="StarType" value="baby"/>
      <Property name="Type" value="star"/>
    </Properties>
  </Object>
  <Object name="Ducky32">
    <AbsoluteLocation value="16.937500 38.234375"/>
    <Properties>
      <Property name="Angle" value="0"/>
      <Property name="Filename" value="/Objects/star_baby.hs"/>
      <Property name="StarType" value="baby"/>
      <Property name="Type" value="star"/>
    </Properties>
  </Object>
  <Object name="Ducky36">
    <AbsoluteLocation value="28.859375 27.109375"/>
    <Properties>
      <Property name="Angle" value="0"/>
      <Property name="Filename" value="/Objects/star_baby.hs"/>
      <Property name="StarType" value="baby"/>
      <Property name="Type" value="star"/>
    </Properties>
  </Object>
  <Object name="Ducky30">
    <AbsoluteLocation value="17.281250 25.421875"/>
    <Properties>
      <Property name="Angle" value="0"/>
      <Property name="Filename" value="/Objects/star_baby.hs"/>
      <Property name="StarType" value="baby"/>
      <Property name="Type" value="star"/>
    </Properties>
  </Object>
  <Object name="Ducky38">
    <AbsoluteLocation value="4.312500 1.171875"/>
    <Properties>
      <Property name="Angle" value="0"/>
      <Property name="Filename" value="/Objects/star_baby.hs"/>
      <Property name="StarType" value="baby"/>
      <Property name="Type" value="star"/>
    </Properties>
  </Object>
  <Object name="Ducky40">
    <AbsoluteLocation value="1.531250 -17.515625"/>
    <Properties>
      <Property name="Angle" value="0"/>
      <Property name="Filename" value="/Objects/star_baby.hs"/>
      <Property name="StarType" value="baby"/>
      <Property name="Type" value="star"/>
    </Properties>
  </Object>
  <Object name="Ducky42">
    <AbsoluteLocation value="-3.718750 -26.515625"/>
    <Properties>
      <Property name="Angle" value="0"/>
      <Property name="Filename" value="/Objects/star_baby.hs"/>
      <Property name="StarType" value="baby"/>
      <Property name="Type" value="star"/>
    </Properties>
  </Object>
  <Object name="Ducky43">
    <AbsoluteLocation value="-6.281250 -34.359375"/>
    <Properties>
      <Property name="Angle" value="0"/>
      <Property name="Filename" value="/Objects/star_baby.hs"/>
      <Property name="StarType" value="baby"/>
      <Property name="Type" value="star"/>
    </Properties>
  </Object>
  <Object name="Obj11">
    <AbsoluteLocation value="17.479357 -4.473530"/>
    <Properties>
      <Property name="Angle" value="0"/>
      <Property name="Filename" value="/Objects/cup_5blocks.hs"/>
      <Property name="MotorMoveSpeed" value="4.0"/>
      <Property name="MotorOn" value="1"/>
      <Property name="MotorPingPong" value="1"/>
      <Property name="MotorWaitTime0" value="2.0"/>
      <Property name="MotorWaitTime1" value="2.5"/>
      <Property name="MotorWaitTime2" value="1.5"/>
      <Property name="MotorWaitTime3" value="2.5"/>
      <Property name="MotorWaitTurn0" value="0"/>
      <Property name="MotorWaitTurn1" value="110"/>
      <Property name="MotorWaitTurn2" value="0"/>
      <Property name="MotorWaitTurn3" value="-110"/>
      <Property name="PathPos0" value="0 0"/>
      <Property name="PathPos1" value="-30 0"/>
      <Property name="PathPos2" value="-30 0"/>
      <Property name="PathPos3" value="-30 0"/>
    </Properties>
  </Object>
  <Object name="Ducky35">
    <AbsoluteLocation value="1.781250 28.875000"/>
    <Properties>
      <Property name="Angle" value="0"/>
      <Property name="Filename" value="/Objects/star_note_1.hs"/>
      <Property name="StarType" value="note"/>
      <Property name="Type" value="star"/>
    </Properties>
  </Object>
  <Object name="Ducky37">
    <AbsoluteLocation value="27.843750 22.875000"/>
    <Properties>
      <Property name="Angle" value="0"/>
      <Property name="Filename" value="/Objects/star_note_2.hs"/>
      <Property name="StarType" value="note"/>
      <Property name="Type" value="star"/>
    </Properties>
  </Object>
  <Object name="Ducky41">
    <AbsoluteLocation value="-16.125000 21.281250"/>
    <Properties>
      <Property name="Angle" value="0"/>
      <Property name="Filename" value="/Objects/star_note_3.hs"/>
      <Property name="StarType" value="note"/>
      <Property name="Type" value="star"/>
    </Properties>
  </Object>
  <Object name="Ducky44">
    <AbsoluteLocation value="-1.600000 0.000000"/>
    <Properties>
      <Property name="Angle" value="0"/>
      <Property name="Filename" value="/Objects/star_note_4.hs"/>
      <Property name="StarType" value="note"/>
      <Property name="Type" value="star"/>
    </Properties>
  </Object>
  <Object name="Ducky45">
    <AbsoluteLocation value="-28.000000 20.000000"/>
    <Properties>
      <Property name="Angle" value="0"/>
      <Property name="Filename" value="/Objects/star_note_5.hs"/>
      <Property name="StarType" value="note"/>
      <Property name="Type" value="star"/>
    </Properties>
  </Object>
  <Room>
    <AbsoluteLocation value="18.000002 -35.600006"/>
  </Room>
</Objects>
