<?xml version="1.0"?>
<Objects>
  <Object name="2">
    <AbsoluteLocation value="0.299999 -4.400005"/>
    <Properties>
      <Property name="Angle" value="-269.688"/>
      <Property name="Filename" value="/Objects/pipe_straight.hs"/>
    </Properties>
  </Object>
  <Object name="1">
    <AbsoluteLocation value="0.399245 -9.471123"/>
    <Properties>
      <Property name="Angle" value="-179.506"/>
      <Property name="ConnectedSpout0" value="SWAMPY_SPOUT"/>
      <Property name="ConnectedSpoutProbability0" value="1"/>
      <Property name="Filename" value="/Objects/broken_pipe.hs"/>
      <Property name="Type" value="spout"/>
    </Properties>
  </Object>
  <Object name="3">
    <AbsoluteLocation value="0.400000 1.699997"/>
    <Properties>
      <Property name="Angle" value="87.7678"/>
      <Property name="Filename" value="/Objects/pipe_straight.hs"/>
    </Properties>
  </Object>
  <Object name="4">
    <AbsoluteLocation value="0.399998 7.099993"/>
    <Properties>
      <Property name="Angle" value="-268.765"/>
      <Property name="Filename" value="/Objects/pipe_straight.hs"/>
    </Properties>
  </Object>
  <Object name="5">
    <AbsoluteLocation value="0.499998 11.300003"/>
    <Properties>
      <Property name="Angle" value="-272.27"/>
      <Property name="Filename" value="/Objects/pipe_straight.hs"/>
    </Properties>
  </Object>
  <Object name="6">
    <AbsoluteLocation value="23.540796 -43.415138"/>
    <Properties>
      <Property name="Angle" value="0"/>
      <Property name="Filename" value="/Objects/star.hs"/>
      <Property name="Type" value="star"/>
    </Properties>
  </Object>
  <Object name="7">
    <AbsoluteLocation value="-10.329268 -34.193947"/>
    <Properties>
      <Property name="Angle" value="1.34673"/>
      <Property name="Filename" value="/Objects/star.hs"/>
      <Property name="Type" value="star"/>
    </Properties>
  </Object>
  <Object name="8">
    <AbsoluteLocation value="12.100000 -29.600010"/>
    <Properties>
      <Property name="Angle" value="0"/>
      <Property name="Filename" value="/Objects/star.hs"/>
      <Property name="Type" value="star"/>
    </Properties>
  </Object>
  <Object name="Obj9">
    <AbsoluteLocation value="0.321615 14.326710"/>
    <Properties>
      <Property name="Angle" value="89.9455"/>
      <Property name="Filename" value="/Objects/pipe_connector_end.hs"/>
    </Properties>
  </Object>
  <Object name="Switch11">
    <AbsoluteLocation value="-27.599998 -15.800003"/>
    <Properties>
      <Property name="Angle" value="0"/>
      <Property name="ConnectedObject0" value="Obj11"/>
      <Property name="Filename" value="/Objects/switch.hs"/>
      <Property name="Type" value="switch"/>
    </Properties>
  </Object>
  <Object name="Obj11">
    <AbsoluteLocation value="-12.200003 -25.599991"/>
    <Properties>
      <Property name="Angle" value="0"/>
      <Property name="Filename" value="/Objects/wall_24x8.hs"/>
      <Property name="MotorMoveSpeed" value="9"/>
      <Property name="MotorOn" value="0"/>
      <Property name="PathPos0" value="0 0"/>
      <Property name="PathPos1" value="9 0"/>
    </Properties>
  </Object>
  <Object name="Obj12">
    <AbsoluteLocation value="-14.571203 -25.713896"/>
    <Properties>
      <Property name="Angle" value="0.718413"/>
      <Property name="Filename" value="/Objects/path_locking_end.hs"/>
    </Properties>
  </Object>
  <Object name="Obj13">
    <AbsoluteLocation value="0.089245 -25.530064"/>
    <Properties>
      <Property name="Angle" value="0.718413"/>
      <Property name="Filename" value="/Objects/path_locking_end_right.hs"/>
    </Properties>
  </Object>
  <Object name="Obj14">
    <AbsoluteLocation value="-9.684387 -25.652618"/>
    <Properties>
      <Property name="Angle" value="0.718413"/>
      <Property name="Filename" value="/Objects/path_locking_mid.hs"/>
    </Properties>
  </Object>
  <Object name="Obj15">
    <AbsoluteLocation value="-4.797571 -25.591341"/>
    <Properties>
      <Property name="Angle" value="0.718413"/>
      <Property name="Filename" value="/Objects/path_locking_mid.hs"/>
    </Properties>
  </Object>
  <Object name="Ducky37">
    <AbsoluteLocation value="-20.400000 -36.799999"/>
    <Properties>
      <Property name="Angle" value="0"/>
      <Property name="Filename" value="/Objects/star_mega.hs"/>
      <Property name="StarType" value="mega"/>
      <Property name="Type" value="star"/>
    </Properties>
  </Object>
  <Room>
    <AbsoluteLocation value="0.400003 27.599998"/>
  </Room>
  <Properties>
    <Property name="ShowTopEdge" value="1"/>
  </Properties>
</Objects>
