<?xml version="1.0"?>
<Objects>
  <Object name="Object25">
    <AbsoluteLocation value="29.318745 -5.106251"/>
    <Properties>
      <Property name="Angle" value="-111.179"/>
      <Property name="Filename" value="/Objects/pipe_elbow_2.hs"/>
    </Properties>
  </Object>
  <Object name="Object13">
    <AbsoluteLocation value="-9.681253 -40.906250"/>
    <Properties>
      <Property name="Angle" value="90"/>
      <Property name="Filename" value="/Objects/pipe_straight_short.hs"/>
      <Property name="Parent" value="Object4"/>
    </Properties>
  </Object>
  <Object name="Object4">
    <AbsoluteLocation value="-9.681248 -44.106251"/>
    <Properties>
      <Property name="Angle" value="1"/>
      <Property name="Filename" value="/Objects/wall_8x8_green.hs"/>
      <Property name="MotorMoveSpeed" value="4"/>
      <Property name="MotorOn" value="1"/>
      <Property name="MotorWaitTime0" value="3"/>
      <Property name="MotorWaitTime1" value="0"/>
      <Property name="MotorWaitTime2" value="3"/>
      <Property name="MotorWaitTime3" value="0"/>
      <Property name="PathIsClosed" value="1"/>
      <Property name="PathPos0" value="0 0"/>
      <Property name="PathPos1" value="43 0"/>
      <Property name="PathPos2" value="43 0"/>
      <Property name="PathPos3" value="0 0"/>
    </Properties>
  </Object>
  <Object name="Spout5">
    <AbsoluteLocation value="-9.481247 -38.106251"/>
    <Properties>
      <Property name="Angle" value="88"/>
      <Property name="Filename" value="/Objects/shower_head.hs"/>
      <Property name="FluidType" value="Water"/>
      <Property name="NumberParticles" value="0"/>
      <Property name="Parent" value="Object4"/>
      <Property name="ParticleSpeed" value="45"/>
      <Property name="ParticlesPerSecond" value="10"/>
      <Property name="Type" value="spout"/>
    </Properties>
  </Object>
  <Object name="Ducky6">
    <AbsoluteLocation value="5.562504 3.343742"/>
    <Properties>
      <Property name="Angle" value="0"/>
      <Property name="Filename" value="/Objects/star.hs"/>
      <Property name="Type" value="star"/>
    </Properties>
  </Object>
  <Object name="Ducky7">
    <AbsoluteLocation value="-14.093748 -23.299995"/>
    <Properties>
      <Property name="Angle" value="0"/>
      <Property name="Filename" value="/Objects/star.hs"/>
      <Property name="Type" value="star"/>
    </Properties>
  </Object>
  <Object name="Ducky8">
    <AbsoluteLocation value="21.456251 -19.481270"/>
    <Properties>
      <Property name="Angle" value="0"/>
      <Property name="Filename" value="/Objects/star.hs"/>
      <Property name="Type" value="star"/>
    </Properties>
  </Object>
  <Object name="Object14">
    <AbsoluteLocation value="-26.443752 -39.574993"/>
    <Properties>
      <Property name="Angle" value="-90"/>
      <Property name="Filename" value="/Objects/pipe_straight_short.hs"/>
    </Properties>
  </Object>
  <Object name="Object15">
    <AbsoluteLocation value="-26.443756 -42.574993"/>
    <Properties>
      <Property name="Angle" value="-90"/>
      <Property name="Filename" value="/Objects/pipe_into_wall_1.hs"/>
    </Properties>
  </Object>
  <Object name="Spout3">
    <AbsoluteLocation value="-26.443748 -37.174999"/>
    <Properties>
      <Property name="Angle" value="0"/>
      <Property name="ConnectedSpout0" value="Spout5"/>
      <Property name="ConnectedSpoutProbability0" value="1"/>
      <Property name="Filename" value="/Objects/basic_drain.hs"/>
      <Property name="Type" value="spout"/>
    </Properties>
  </Object>
  <Object name="Spout1">
    <AbsoluteLocation value="26.700598 -4.042419"/>
    <Properties>
      <Property name="Angle" value="45"/>
      <Property name="ConnectedSpout0" value="SWAMPY_SPOUT"/>
      <Property name="ConnectedSpoutProbability0" value="1"/>
      <Property name="Filename" value="/Objects/broken_pipe.hs"/>
      <Property name="Type" value="spout"/>
    </Properties>
  </Object>
  <Object name="Object17">
    <AbsoluteLocation value="-9.187500 -44.002853"/>
    <Properties>
      <Property name="Angle" value="0"/>
      <Property name="Filename" value="/Objects/path_locking_end.hs"/>
    </Properties>
  </Object>
  <Object name="Object18">
    <AbsoluteLocation value="25.022903 -44.002853"/>
    <Properties>
      <Property name="Angle" value="0"/>
      <Property name="Filename" value="/Objects/path_locking_end_right.hs"/>
    </Properties>
  </Object>
  <Object name="Object19">
    <AbsoluteLocation value="-4.300301 -44.002853"/>
    <Properties>
      <Property name="Angle" value="0"/>
      <Property name="Filename" value="/Objects/path_locking_mid.hs"/>
    </Properties>
  </Object>
  <Object name="Object20">
    <AbsoluteLocation value="0.586901 -44.002853"/>
    <Properties>
      <Property name="Angle" value="0"/>
      <Property name="Filename" value="/Objects/path_locking_mid.hs"/>
    </Properties>
  </Object>
  <Object name="Object21">
    <AbsoluteLocation value="5.474101 -44.002853"/>
    <Properties>
      <Property name="Angle" value="0"/>
      <Property name="Filename" value="/Objects/path_locking_mid.hs"/>
    </Properties>
  </Object>
  <Object name="Object22">
    <AbsoluteLocation value="10.361301 -44.002853"/>
    <Properties>
      <Property name="Angle" value="0"/>
      <Property name="Filename" value="/Objects/path_locking_mid.hs"/>
    </Properties>
  </Object>
  <Object name="Object23">
    <AbsoluteLocation value="15.248501 -44.002853"/>
    <Properties>
      <Property name="Angle" value="0"/>
      <Property name="Filename" value="/Objects/path_locking_mid.hs"/>
    </Properties>
  </Object>
  <Object name="Object24">
    <AbsoluteLocation value="20.135702 -44.002853"/>
    <Properties>
      <Property name="Angle" value="0"/>
      <Property name="Filename" value="/Objects/path_locking_mid.hs"/>
    </Properties>
  </Object>
  <Object name="Object26">
    <AbsoluteLocation value="30.068748 6.250000"/>
    <Properties>
      <Property name="Angle" value="94.1733"/>
      <Property name="Filename" value="/Objects/pipe_straight_long.hs"/>
    </Properties>
  </Object>
  <Object name="Object28">
    <AbsoluteLocation value="-15.399998 -14.399998"/>
    <Properties>
      <Property name="Angle" value="49.427"/>
      <Property name="Filename" value="/Objects/wall_16x8_blue.hs"/>
      <Property name="MotorWaitTime0" value="5"/>
      <Property name="MotorWaitTurn0" value="-100"/>
      <Property name="PathPos0" value="0 0"/>
      <Property name="PathPos1" value="0 0"/>
    </Properties>
  </Object>
  <Object name="Switch29">
    <AbsoluteLocation value="-20.000006 -28.999992"/>
    <Properties>
      <Property name="Angle" value="-44.3326"/>
      <Property name="ConnectedObject0" value="Object28"/>
      <Property name="Filename" value="/Objects/switch_blue.hs"/>
      <Property name="Type" value="switch"/>
    </Properties>
  </Object>
  <Object name="Object31">
    <AbsoluteLocation value="30.399996 -1.399994"/>
    <Properties>
      <Property name="Angle" value="90.4549"/>
      <Property name="Filename" value="/Objects/pipe_straight.hs"/>
    </Properties>
  </Object>
  <Object name="Object29">
    <AbsoluteLocation value="28.199997 13.200012"/>
    <Properties>
      <Property name="Angle" value="119.482"/>
      <Property name="Filename" value="/Objects/pipe_straight.hs"/>
    </Properties>
  </Object>
  <Object name="Object32">
    <AbsoluteLocation value="25.800007 17.200001"/>
    <Properties>
      <Property name="Angle" value="124.036"/>
      <Property name="Filename" value="/Objects/pipe_straight_short.hs"/>
    </Properties>
  </Object>
  <Object name="Switch27">
    <AbsoluteLocation value="28.000002 -14.599998"/>
    <Properties>
      <Property name="Angle" value="134.023"/>
      <Property name="ConnectedObject0" value="Object30"/>
      <Property name="Filename" value="/Objects/switch_fan1.hs"/>
      <Property name="Type" value="switch"/>
    </Properties>
  </Object>
  <Object name="Object30">
    <AbsoluteLocation value="16.199999 -22.799995"/>
    <Properties>
      <Property name="Angle" value="214.549"/>
      <Property name="Filename" value="/Objects/wall_16x8.hs"/>
      <Property name="MotorWaitTime0" value="5"/>
      <Property name="MotorWaitTurn0" value="100"/>
      <Property name="PathPos0" value="0 0"/>
      <Property name="PathPos1" value="0 0"/>
    </Properties>
  </Object>
  <Room>
    <AbsoluteLocation value="17.200003 26.799999"/>
  </Room>
</Objects>
