<?xml version="1.0"?>
<Objects>
  <Object name="Ducky14">
    <AbsoluteLocation value="0.400002 8.500000"/>
    <Properties>
      <Property name="Angle" value="0"/>
      <Property name="Filename" value="/Objects/star.hs"/>
      <Property name="Type" value="star"/>
    </Properties>
  </Object>
  <Object name="Object18">
    <AbsoluteLocation value="-9.114573 -18.178123"/>
    <Properties>
      <Property name="Angle" value="85.5425"/>
      <Property name="Filename" value="/Objects/pipe_straight.hs"/>
    </Properties>
  </Object>
  <Object name="Object8">
    <AbsoluteLocation value="30.786930 -35.459335"/>
    <Properties>
      <Property name="Angle" value="0.157898"/>
      <Property name="Filename" value="/Objects/pipe_straight.hs"/>
      <Property name="Parent" value="Object4"/>
    </Properties>
  </Object>
  <Object name="Object7">
    <AbsoluteLocation value="27.200348 -31.384045"/>
    <Properties>
      <Property name="Angle" value="90.0044"/>
      <Property name="Filename" value="/Objects/pipe_straight.hs"/>
      <Property name="Parent" value="Object4"/>
    </Properties>
  </Object>
  <Object name="Object6">
    <AbsoluteLocation value="31.158291 -35.406757"/>
    <Properties>
      <Property name="Angle" value="-90.0695"/>
      <Property name="Filename" value="/Objects/pipe_spout_base.hs"/>
      <Property name="Parent" value="Object4"/>
    </Properties>
  </Object>
  <Object name="Object5">
    <AbsoluteLocation value="27.198891 -32.036499"/>
    <Properties>
      <Property name="Angle" value="0"/>
      <Property name="Filename" value="/Objects/pipe_spout_base.hs"/>
      <Property name="Parent" value="Object4"/>
    </Properties>
  </Object>
  <Object name="Object2">
    <AbsoluteLocation value="0.750136 2.050088"/>
    <Properties>
      <Property name="Angle" value="0.258359"/>
      <Property name="Filename" value="/Objects/wall_24x8_pivot.hs"/>
      <Property name="Parent" value="Object3"/>
    </Properties>
  </Object>
  <Object name="Object3">
    <AbsoluteLocation value="0.749688 2.050088"/>
    <Properties>
      <Property name="Angle" value="180.559"/>
      <Property name="DegreesPerSecond" value="-18"/>
      <Property name="Filename" value="/Objects/wall_24x8_pivot.hs"/>
      <Property name="MotorOn" value="1"/>
      <Property name="SwitchBehavior" value="ReverseDirection"/>
    </Properties>
  </Object>
  <Object name="Object4">
    <AbsoluteLocation value="27.563320 -35.138184"/>
    <Properties>
      <Property name="Angle" value="0"/>
      <Property name="Filename" value="/Objects/wall_8x8_blue.hs"/>
      <Property name="MotorMoveSpeed" value="1"/>
      <Property name="MotorTurnSpeed" value="90"/>
      <Property name="PathPos0" value="0 0"/>
      <Property name="PathPos1" value="-1 0"/>
    </Properties>
  </Object>
  <Object name="Spout9">
    <AbsoluteLocation value="34.853233 -35.560284"/>
    <Properties>
      <Property name="Angle" value="0"/>
      <Property name="Filename" value="/Objects/shower_head.hs"/>
      <Property name="FluidType" value="Water"/>
      <Property name="NumberParticles" value="0"/>
      <Property name="Parent" value="Object4"/>
      <Property name="ParticleSpeed" value="50"/>
      <Property name="ParticlesPerSecond" value="12"/>
      <Property name="Type" value="spout"/>
    </Properties>
  </Object>
  <Object name="Spout10">
    <AbsoluteLocation value="27.366451 -27.316998"/>
    <Properties>
      <Property name="Angle" value="-10.9202"/>
      <Property name="ConnectedSpout0" value="Spout9"/>
      <Property name="ConnectedSpoutProbability0" value="1"/>
      <Property name="Filename" value="/Objects/basic_drain.hs"/>
      <Property name="Parent" value="Object4"/>
      <Property name="Type" value="spout"/>
    </Properties>
  </Object>
  <Object name="Switch11">
    <AbsoluteLocation value="-25.951994 -17.288086"/>
    <Properties>
      <Property name="Angle" value="0"/>
      <Property name="ConnectedObject0" value="Object4"/>
      <Property name="Filename" value="/Objects/switch_blue.hs"/>
      <Property name="Type" value="switch"/>
    </Properties>
  </Object>
  <Object name="Switch12">
    <AbsoluteLocation value="27.194149 34.643879"/>
    <Properties>
      <Property name="Angle" value="180.167"/>
      <Property name="ConnectedObject0" value="Object3"/>
      <Property name="Filename" value="/Objects/switch.hs"/>
      <Property name="Type" value="switch"/>
    </Properties>
  </Object>
  <Object name="Spout13">
    <AbsoluteLocation value="-8.873565 -14.720544"/>
    <Properties>
      <Property name="Angle" value="-4.11525"/>
      <Property name="ConnectedSpout0" value="SWAMPY_SPOUT"/>
      <Property name="ConnectedSpoutProbability0" value="1"/>
      <Property name="Filename" value="/Objects/broken_pipe.hs"/>
      <Property name="Type" value="spout"/>
    </Properties>
  </Object>
  <Object name="Ducky15">
    <AbsoluteLocation value="25.900002 16.700005"/>
    <Properties>
      <Property name="Angle" value="0"/>
      <Property name="Filename" value="/Objects/star.hs"/>
      <Property name="Type" value="star"/>
    </Properties>
  </Object>
  <Object name="Ducky16">
    <AbsoluteLocation value="-26.299999 1.499992"/>
    <Properties>
      <Property name="Angle" value="0"/>
      <Property name="Filename" value="/Objects/star.hs"/>
      <Property name="Type" value="star"/>
    </Properties>
  </Object>
  <Object name="Object17">
    <AbsoluteLocation value="-9.214577 -19.692719"/>
    <Properties>
      <Property name="Angle" value="-94.3555"/>
      <Property name="Filename" value="/Objects/pipe_connector_end.hs"/>
    </Properties>
  </Object>
  <Room>
    <AbsoluteLocation value="-10.799998 -33.200005"/>
  </Room>
  <Properties>
    <Property name="ShowTopEdge" value="1"/>
  </Properties>
</Objects>
