<?xml version="1.0"?>
<Objects>
  <Object name="Object113">
    <AbsoluteLocation value="-1.727398 -13.047297"/>
    <Properties>
      <Property name="Angle" value="134.77"/>
      <Property name="Filename" value="/Objects/pipe_bend_1.hs"/>
    </Properties>
  </Object>
  <Object name="Object115">
    <AbsoluteLocation value="0.727445 -16.244467"/>
    <Properties>
      <Property name="Angle" value="-39.1008"/>
      <Property name="Filename" value="/Objects/pipe_bend_2.hs"/>
    </Properties>
  </Object>
  <Object name="Object109">
    <AbsoluteLocation value="0.899949 -30.375116"/>
    <Properties>
      <Property name="Angle" value="-90"/>
      <Property name="Filename" value="/Objects/pipe_straight_long.hs"/>
    </Properties>
  </Object>
  <Object name="Object114">
    <AbsoluteLocation value="-4.195235 -47.102539"/>
    <Properties>
      <Property name="Angle" value="90"/>
      <Property name="Filename" value="/Objects/pipe_straight_long.hs"/>
      <Property name="Parent" value="Object62"/>
    </Properties>
  </Object>
  <Object name="Object86">
    <AbsoluteLocation value="-4.139635 -45.253895"/>
    <Properties>
      <Property name="Angle" value="180"/>
      <Property name="Filename" value="/Objects/pipe_spout_base.hs"/>
      <Property name="Parent" value="Object62"/>
    </Properties>
  </Object>
  <Object name="Object56">
    <AbsoluteLocation value="-5.200000 -42.000000"/>
    <Properties>
      <Property name="Angle" value="-0.555574"/>
      <Property name="Filename" value="/Objects/path_locking_end_right.hs"/>
    </Properties>
  </Object>
  <Object name="Object58">
    <AbsoluteLocation value="-10.000000 -42.000000"/>
    <Properties>
      <Property name="Angle" value="-0.281473"/>
      <Property name="Filename" value="/Objects/path_locking_mid.hs"/>
    </Properties>
  </Object>
  <Object name="Object89">
    <AbsoluteLocation value="-24.475060 1.880846"/>
    <Properties>
      <Property name="Angle" value="-11.907"/>
      <Property name="Filename" value="/Objects/pipe_elbow_1.hs"/>
    </Properties>
  </Object>
  <Object name="Object88">
    <AbsoluteLocation value="-20.733183 27.539083"/>
    <Properties>
      <Property name="Angle" value="2.3365"/>
      <Property name="Filename" value="/Objects/pipe_straight.hs"/>
    </Properties>
  </Object>
  <Object name="Object76">
    <AbsoluteLocation value="-10.085050 -41.175526"/>
    <Properties>
      <Property name="Angle" value="179.191"/>
      <Property name="Filename" value="/Objects/pipe_elbow_1.hs"/>
      <Property name="Parent" value="Object62"/>
    </Properties>
  </Object>
  <Object name="Object92">
    <AbsoluteLocation value="-26.135445 -8.429570"/>
    <Properties>
      <Property name="Angle" value="-91.1016"/>
      <Property name="Filename" value="/Objects/pipe_straight.hs"/>
      <Property name="Parent" value="Object68"/>
    </Properties>
  </Object>
  <Object name="Object85">
    <AbsoluteLocation value="-26.135445 -9.061110"/>
    <Properties>
      <Property name="Angle" value="-180"/>
      <Property name="Filename" value="/Objects/pipe_spout_base.hs"/>
      <Property name="Parent" value="Object68"/>
    </Properties>
  </Object>
  <Object name="Object84">
    <AbsoluteLocation value="-26.775764 28.238148"/>
    <Properties>
      <Property name="Angle" value="-4.95476"/>
      <Property name="Filename" value="/Objects/pipe_bend_2.hs"/>
    </Properties>
  </Object>
  <Object name="Object74">
    <AbsoluteLocation value="-28.359735 27.921356"/>
    <Properties>
      <Property name="Angle" value="90.1409"/>
      <Property name="Filename" value="/Objects/pipe_elbow_1.hs"/>
    </Properties>
  </Object>
  <Object name="Object73">
    <AbsoluteLocation value="-13.800421 36.656643"/>
    <Properties>
      <Property name="Angle" value="26.423"/>
      <Property name="Filename" value="/Objects/pipe_straight_short.hs"/>
      <Property name="Parent" value="Object9"/>
    </Properties>
  </Object>
  <Object name="Object96">
    <AbsoluteLocation value="9.605356 6.928037"/>
    <Properties>
      <Property name="Angle" value="314.242"/>
      <Property name="Filename" value="/Objects/pipe_straight.hs"/>
      <Property name="Parent" value="Object46"/>
    </Properties>
  </Object>
  <Object name="Object91">
    <AbsoluteLocation value="-24.835754 25.806879"/>
    <Properties>
      <Property name="Angle" value="306.308"/>
      <Property name="Filename" value="/Objects/pipe_straight.hs"/>
    </Properties>
  </Object>
  <Object name="Object53">
    <AbsoluteLocation value="14.400001 1.600000"/>
    <Properties>
      <Property name="Angle" value="320"/>
      <Property name="Filename" value="/Objects/pipe_straight.hs"/>
      <Property name="Parent" value="Object46"/>
    </Properties>
  </Object>
  <Object name="Object52">
    <AbsoluteLocation value="14.861665 1.323321"/>
    <Properties>
      <Property name="Angle" value="-135.613"/>
      <Property name="Filename" value="/Objects/pipe_spout_base.hs"/>
      <Property name="Parent" value="Object46"/>
    </Properties>
  </Object>
  <Object name="Object51">
    <AbsoluteLocation value="10.238945 6.336176"/>
    <Properties>
      <Property name="Angle" value="44.2986"/>
      <Property name="Filename" value="/Objects/pipe_spout_base.hs"/>
      <Property name="Parent" value="Object46"/>
    </Properties>
  </Object>
  <Object name="Object45">
    <AbsoluteLocation value="-14.549780 36.285011"/>
    <Properties>
      <Property name="Angle" value="-65.1687"/>
      <Property name="Filename" value="/Objects/pipe_spout_base.hs"/>
      <Property name="Parent" value="Object9"/>
    </Properties>
  </Object>
  <Object name="Object30">
    <AbsoluteLocation value="-18.450113 31.730152"/>
    <Properties>
      <Property name="Angle" value="90.3129"/>
      <Property name="Filename" value="/Objects/pipe_straight.hs"/>
    </Properties>
  </Object>
  <Object name="Object26">
    <AbsoluteLocation value="-22.465611 28.114801"/>
    <Properties>
      <Property name="Angle" value="-176.367"/>
      <Property name="Filename" value="/Objects/pipe_elbow_2.hs"/>
    </Properties>
  </Object>
  <Object name="Object8">
    <AbsoluteLocation value="3.669537 19.800406"/>
    <Properties>
      <Property name="Angle" value="311.675"/>
      <Property name="Filename" value="/Objects/pipe_straight.hs"/>
      <Property name="Parent" value="Object7"/>
    </Properties>
  </Object>
  <Object name="Object13">
    <AbsoluteLocation value="3.270820 20.362009"/>
    <Properties>
      <Property name="Angle" value="44.6119"/>
      <Property name="Filename" value="/Objects/pipe_spout_base.hs"/>
      <Property name="Parent" value="Object7"/>
    </Properties>
  </Object>
  <Object name="Spout4">
    <AbsoluteLocation value="-11.560848 37.682922"/>
    <Properties>
      <Property name="Angle" value="30.5101"/>
      <Property name="Filename" value="/Objects/shower_head.hs"/>
      <Property name="FluidType" value="Water"/>
      <Property name="NumberParticles" value="0"/>
      <Property name="Parent" value="Object9"/>
      <Property name="ParticleQueueThreshold" value="3"/>
      <Property name="ParticleSpeed" value="20"/>
      <Property name="Type" value="spout"/>
    </Properties>
  </Object>
  <Object name="SpoutDrip">
    <AbsoluteLocation value="-24.940718 73.127869"/>
    <Properties>
      <Property name="Angle" value="-85.1924"/>
      <Property name="Filename" value="/Objects/shower_head.hs"/>
      <Property name="FluidType" value="Water"/>
      <Property name="ParticleSpeed" value="20"/>
      <Property name="Timer0" value="0 2"/>
      <Property name="Timer1" value="1 1"/>
      <Property name="Type" value="spout"/>
    </Properties>
  </Object>
  <Object name="Object7">
    <AbsoluteLocation value="5.615554 17.964256"/>
    <Properties>
      <Property name="Angle" value="-45.1371"/>
      <Property name="Filename" value="/Objects/wall_8x8_locking.hs"/>
      <Property name="GravityScale" value="1"/>
      <Property name="PathPos0" value="0 0"/>
      <Property name="PathPos1" value="20 20"/>
    </Properties>
  </Object>
  <Object name="Spout14">
    <AbsoluteLocation value="-23.271767 30.617945"/>
    <Properties>
      <Property name="Angle" value="2.27818"/>
      <Property name="ConnectedSpout0" value="Spout4"/>
      <Property name="ConnectedSpoutProbability0" value="1"/>
      <Property name="Filename" value="/Objects/basic_drain.hs"/>
      <Property name="Type" value="spout"/>
    </Properties>
  </Object>
  <Object name="Ducky20">
    <AbsoluteLocation value="27.200001 -8.799999"/>
    <Properties>
      <Property name="Angle" value="0"/>
      <Property name="Filename" value="/Objects/star.hs"/>
      <Property name="Type" value="star"/>
    </Properties>
  </Object>
  <Object name="Ducky21">
    <AbsoluteLocation value="27.600000 -28.000000"/>
    <Properties>
      <Property name="Angle" value="0"/>
      <Property name="Filename" value="/Objects/star.hs"/>
      <Property name="Type" value="star"/>
    </Properties>
  </Object>
  <Object name="Spout16">
    <AbsoluteLocation value="0.486963 23.453495"/>
    <Properties>
      <Property name="Angle" value="41.2599"/>
      <Property name="ConnectedSpout0" value="Spout19"/>
      <Property name="ConnectedSpoutProbability0" value="1"/>
      <Property name="Filename" value="/Objects/basic_drain.hs"/>
      <Property name="Parent" value="Object7"/>
      <Property name="Type" value="spout"/>
    </Properties>
  </Object>
  <Object name="Spout19">
    <AbsoluteLocation value="16.918478 -1.442230"/>
    <Properties>
      <Property name="Angle" value="295.194"/>
      <Property name="Filename" value="/Objects/shower_head.hs"/>
      <Property name="FluidType" value="Water"/>
      <Property name="NumberParticles" value="0"/>
      <Property name="Parent" value="Object46"/>
      <Property name="ParticleSpeed" value="40"/>
      <Property name="Type" value="spout"/>
    </Properties>
  </Object>
  <Object name="Object50">
    <AbsoluteLocation value="-7.787697 -41.883987"/>
    <Properties>
      <Property name="Angle" value="179.573"/>
      <Property name="Filename" value="/Objects/pipe_straight_short.hs"/>
      <Property name="Parent" value="Object62"/>
    </Properties>
  </Object>
  <Object name="Object20">
    <AbsoluteLocation value="-23.201370 23.676802"/>
    <Properties>
      <Property name="Angle" value="-49.1882"/>
      <Property name="Filename" value="/Objects/pipe_connector_end.hs"/>
    </Properties>
  </Object>
  <Object name="Object46">
    <AbsoluteLocation value="12.573349 3.868294"/>
    <Properties>
      <Property name="Angle" value="-45.6129"/>
      <Property name="Filename" value="/Objects/wall_8x8_locking.hs"/>
      <Property name="PathPos0" value="0 0"/>
      <Property name="PathPos1" value="13 13"/>
    </Properties>
  </Object>
  <Object name="Object64">
    <AbsoluteLocation value="8.997437 9.384594"/>
    <Properties>
      <Property name="Angle" value="44.8113"/>
      <Property name="Filename" value="/Objects/pipe_straight_long.hs"/>
    </Properties>
  </Object>
  <Object name="Object65">
    <AbsoluteLocation value="12.624613 12.928501"/>
    <Properties>
      <Property name="Angle" value="44.8113"/>
      <Property name="Filename" value="/Objects/pipe_straight_long.hs"/>
    </Properties>
  </Object>
  <Object name="Object67">
    <AbsoluteLocation value="19.285316 19.574711"/>
    <Properties>
      <Property name="Angle" value="44.8113"/>
      <Property name="Filename" value="/Objects/pipe_straight_long.hs"/>
    </Properties>
  </Object>
  <Object name="Switch55">
    <AbsoluteLocation value="19.738480 -16.261522"/>
    <Properties>
      <Property name="Angle" value="-180.927"/>
      <Property name="ConnectedObject0" value="Object54"/>
      <Property name="ConnectedObject1" value="Object97"/>
      <Property name="Filename" value="/Objects/switch_blue.hs"/>
      <Property name="MotorWaitTime" value="1"/>
      <Property name="MotorWaitTurn" value="90"/>
      <Property name="PathPos0" value="0 0"/>
      <Property name="PathPos1" value="0 0"/>
      <Property name="Type" value="switch"/>
    </Properties>
  </Object>
  <Object name="Spout63">
    <AbsoluteLocation value="-26.315584 -12.441525"/>
    <Properties>
      <Property name="Angle" value="-92.9271"/>
      <Property name="Filename" value="/Objects/shower_head.hs"/>
      <Property name="FluidType" value="Water"/>
      <Property name="Parent" value="Object68"/>
      <Property name="ParticleSpeed" value="50"/>
      <Property name="ParticlesPerSecond" value="15"/>
      <Property name="Type" value="spout"/>
    </Properties>
  </Object>
  <Object name="Object63">
    <AbsoluteLocation value="20.035145 11.375086"/>
    <Properties>
      <Property name="Angle" value="45.6919"/>
      <Property name="Filename" value="/Objects/path_locking_mid.hs"/>
    </Properties>
  </Object>
  <Object name="Object70">
    <AbsoluteLocation value="23.455675 14.858895"/>
    <Properties>
      <Property name="Angle" value="45.6919"/>
      <Property name="Filename" value="/Objects/path_locking_end_right.hs"/>
    </Properties>
  </Object>
  <Object name="Object71">
    <AbsoluteLocation value="16.621355 7.877834"/>
    <Properties>
      <Property name="Angle" value="45.6919"/>
      <Property name="Filename" value="/Objects/path_locking_mid.hs"/>
    </Properties>
  </Object>
  <Object name="Object75">
    <AbsoluteLocation value="13.207565 4.380581"/>
    <Properties>
      <Property name="Angle" value="45.6919"/>
      <Property name="Filename" value="/Objects/path_locking_end.hs"/>
    </Properties>
  </Object>
  <Object name="Object78">
    <AbsoluteLocation value="-7.512300 -41.912476"/>
    <Properties>
      <Property name="Angle" value="89.6179"/>
      <Property name="Filename" value="/Objects/pipe_spout_base.hs"/>
      <Property name="Parent" value="Object62"/>
    </Properties>
  </Object>
  <Object name="Object80">
    <AbsoluteLocation value="-26.799999 -6.000000"/>
    <Properties>
      <Property name="Angle" value="-0.264875"/>
      <Property name="Filename" value="/Objects/path_locking_end.hs"/>
    </Properties>
  </Object>
  <Object name="Object81">
    <AbsoluteLocation value="-7.600002 -6.000000"/>
    <Properties>
      <Property name="Angle" value="-0.555574"/>
      <Property name="Filename" value="/Objects/path_locking_end_right.hs"/>
    </Properties>
  </Object>
  <Object name="Object82">
    <AbsoluteLocation value="-17.200001 -6.000000"/>
    <Properties>
      <Property name="Angle" value="-0.217876"/>
      <Property name="Filename" value="/Objects/path_locking_mid.hs"/>
    </Properties>
  </Object>
  <Object name="Object83">
    <AbsoluteLocation value="-12.400000 -6.000000"/>
    <Properties>
      <Property name="Angle" value="-0.217876"/>
      <Property name="Filename" value="/Objects/path_locking_mid.hs"/>
    </Properties>
  </Object>
  <Object name="Object57">
    <AbsoluteLocation value="-14.800000 -42.000000"/>
    <Properties>
      <Property name="Angle" value="-0.217876"/>
      <Property name="Filename" value="/Objects/path_locking_mid.hs"/>
    </Properties>
  </Object>
  <Object name="Object59">
    <AbsoluteLocation value="-19.600000 -42.000000"/>
    <Properties>
      <Property name="Angle" value="-0.264875"/>
      <Property name="Filename" value="/Objects/path_locking_end.hs"/>
    </Properties>
  </Object>
  <Object name="Spout60">
    <AbsoluteLocation value="-29.087278 25.990294"/>
    <Properties>
      <Property name="Angle" value="-178.869"/>
      <Property name="ConnectedSpout0" value="SWAMPY_SPOUT"/>
      <Property name="ConnectedSpoutProbability0" value="1"/>
      <Property name="Filename" value="/Objects/broken_pipe.hs"/>
      <Property name="Type" value="spout"/>
    </Properties>
  </Object>
  <Object name="Spout61">
    <AbsoluteLocation value="-10.800804 -37.665508"/>
    <Properties>
      <Property name="Angle" value="1.24875"/>
      <Property name="ConnectedSpout0" value="Spout62"/>
      <Property name="ConnectedSpoutProbability0" value="1"/>
      <Property name="Filename" value="/Objects/basic_drain.hs"/>
      <Property name="Limit" value="30"/>
      <Property name="Parent" value="Object62"/>
      <Property name="Type" value="spout"/>
    </Properties>
  </Object>
  <Object name="Spout62">
    <AbsoluteLocation value="-26.906343 3.249180"/>
    <Properties>
      <Property name="Angle" value="171.279"/>
      <Property name="Filename" value="/Objects/shower_head.hs"/>
      <Property name="FluidType" value="Water"/>
      <Property name="NumberParticles" value="0"/>
      <Property name="ParticlesPerSecond" value="30"/>
      <Property name="Type" value="spout"/>
    </Properties>
  </Object>
  <Object name="Object62">
    <AbsoluteLocation value="-4.130667 -41.862930"/>
    <Properties>
      <Property name="Angle" value="90.3086"/>
      <Property name="Filename" value="/Objects/wall_8x8_locking.hs"/>
      <Property name="PathPos0" value="0 0"/>
      <Property name="PathPos1" value="-20 0"/>
    </Properties>
  </Object>
  <Object name="Object93">
    <AbsoluteLocation value="5.661432 6.028591"/>
    <Properties>
      <Property name="Angle" value="-135.437"/>
      <Property name="Filename" value="/Objects/pipe_into_wall_2.hs"/>
    </Properties>
  </Object>
  <Object name="Object94">
    <AbsoluteLocation value="7.633410 8.986398"/>
    <Properties>
      <Property name="Angle" value="44.1353"/>
      <Property name="Filename" value="/Objects/pipe_spout_base.hs"/>
      <Property name="Parent" value="Object46"/>
    </Properties>
  </Object>
  <Object name="Object95">
    <AbsoluteLocation value="8.635382 7.958508"/>
    <Properties>
      <Property name="Angle" value="-135.865"/>
      <Property name="Filename" value="/Objects/pipe_spout_base.hs"/>
      <Property name="Parent" value="Object46"/>
    </Properties>
  </Object>
  <Object name="Object87">
    <AbsoluteLocation value="22.846735 23.157177"/>
    <Properties>
      <Property name="Angle" value="44.4329"/>
      <Property name="Filename" value="/Objects/pipe_into_wall_1.hs"/>
    </Properties>
  </Object>
  <Object name="Ducky19">
    <AbsoluteLocation value="-24.728228 -35.821346"/>
    <Properties>
      <Property name="Angle" value="3.16164"/>
      <Property name="Filename" value="/Objects/star.hs"/>
      <Property name="Type" value="star"/>
    </Properties>
  </Object>
  <Object name="Object68">
    <AbsoluteLocation value="-26.200001 -6.000000"/>
    <Properties>
      <Property name="Angle" value="-180"/>
      <Property name="Filename" value="/Objects/wall_8x8.hs"/>
      <Property name="MotorMoveSpeed" value="10"/>
      <Property name="MotorOn" value="1"/>
      <Property name="MotorPingPong" value="1"/>
      <Property name="PathPos0" value="0 0"/>
      <Property name="PathPos1" value="23.5 0"/>
    </Properties>
  </Object>
  <Object name="Ducky72">
    <AbsoluteLocation value="22.031250 -38.812500"/>
    <Properties>
      <Property name="Angle" value="0"/>
      <Property name="Filename" value="/Objects/star_teleport.hs"/>
      <Property name="StarType" value="teleport"/>
      <Property name="Type" value="star"/>
    </Properties>
  </Object>
  <Object name="Object72">
    <AbsoluteLocation value="-19.056957 28.269497"/>
    <Properties>
      <Property name="Angle" value="-87.4482"/>
      <Property name="Filename" value="/Objects/pipe_elbow_2.hs"/>
    </Properties>
  </Object>
  <Object name="Object77">
    <AbsoluteLocation value="-22.000000 -6.000000"/>
    <Properties>
      <Property name="Angle" value="-0.217876"/>
      <Property name="Filename" value="/Objects/path_locking_mid.hs"/>
    </Properties>
  </Object>
  <Object name="Object90">
    <AbsoluteLocation value="21.854429 34.254429"/>
    <Properties>
      <Property name="Angle" value="-45"/>
      <Property name="Filename" value="/Objects/path_smooth_vertical_end_top.hs"/>
    </Properties>
  </Object>
  <Object name="Object98">
    <AbsoluteLocation value="18.760347 31.160347"/>
    <Properties>
      <Property name="Angle" value="-45"/>
      <Property name="Filename" value="/Objects/path_smooth_vertical_mid.hs"/>
    </Properties>
  </Object>
  <Object name="Object100">
    <AbsoluteLocation value="6.232090 18.632088"/>
    <Properties>
      <Property name="Angle" value="-45"/>
      <Property name="Filename" value="/Objects/path_smooth_vertical_end_bottom.hs"/>
    </Properties>
  </Object>
  <Object name="Object101">
    <AbsoluteLocation value="15.542322 27.942322"/>
    <Properties>
      <Property name="Angle" value="-45"/>
      <Property name="Filename" value="/Objects/path_smooth_vertical_mid.hs"/>
    </Properties>
  </Object>
  <Object name="Object102">
    <AbsoluteLocation value="12.447689 24.847687"/>
    <Properties>
      <Property name="Angle" value="-45"/>
      <Property name="Filename" value="/Objects/path_smooth_vertical_mid.hs"/>
    </Properties>
  </Object>
  <Object name="Object104">
    <AbsoluteLocation value="9.163127 21.563122"/>
    <Properties>
      <Property name="Angle" value="-45"/>
      <Property name="Filename" value="/Objects/path_smooth_vertical_mid.hs"/>
    </Properties>
  </Object>
  <Object name="Object79">
    <AbsoluteLocation value="-23.516464 -0.562181"/>
    <Properties>
      <Property name="Angle" value="-187.285"/>
      <Property name="Filename" value="/Objects/pipe_elbow_2.hs"/>
    </Properties>
  </Object>
  <Object name="Object99">
    <AbsoluteLocation value="-17.730446 -1.428499"/>
    <Properties>
      <Property name="Angle" value="-0.511687"/>
      <Property name="Filename" value="/Objects/pipe_straight_long.hs"/>
    </Properties>
  </Object>
  <Object name="Object103">
    <AbsoluteLocation value="-8.750088 -1.481472"/>
    <Properties>
      <Property name="Angle" value="-0.190806"/>
      <Property name="Filename" value="/Objects/pipe_straight_long.hs"/>
    </Properties>
  </Object>
  <Object name="Object105">
    <AbsoluteLocation value="-1.887862 -2.242482"/>
    <Properties>
      <Property name="Angle" value="-1.45501"/>
      <Property name="Filename" value="/Objects/pipe_elbow_1.hs"/>
    </Properties>
  </Object>
  <Object name="Object106">
    <AbsoluteLocation value="-3.904819 -1.511162"/>
    <Properties>
      <Property name="Angle" value="-0.537554"/>
      <Property name="Filename" value="/Objects/pipe_straight_short.hs"/>
    </Properties>
  </Object>
  <Object name="Object107">
    <AbsoluteLocation value="-1.549819 -8.299845"/>
    <Properties>
      <Property name="Angle" value="-93.6513"/>
      <Property name="Filename" value="/Objects/pipe_straight_long.hs"/>
    </Properties>
  </Object>
  <Object name="Object108">
    <AbsoluteLocation value="0.899949 -21.075167"/>
    <Properties>
      <Property name="Angle" value="-90"/>
      <Property name="Filename" value="/Objects/pipe_straight_long.hs"/>
    </Properties>
  </Object>
  <Object name="Object110">
    <AbsoluteLocation value="0.899949 -39.799900"/>
    <Properties>
      <Property name="Angle" value="-90"/>
      <Property name="Filename" value="/Objects/pipe_straight_long.hs"/>
    </Properties>
  </Object>
  <Object name="Object111">
    <AbsoluteLocation value="0.899948 -48.974911"/>
    <Properties>
      <Property name="Angle" value="-90"/>
      <Property name="Filename" value="/Objects/pipe_straight_long.hs"/>
    </Properties>
  </Object>
  <Object name="Object112">
    <AbsoluteLocation value="-0.594283 -14.570307"/>
    <Properties>
      <Property name="Angle" value="-42.8798"/>
      <Property name="Filename" value="/Objects/pipe_straight_short.hs"/>
    </Properties>
  </Object>
  <Object name="Ducky87">
    <AbsoluteLocation value="14.894199 -36.373070"/>
    <Properties>
      <Property name="Angle" value="0"/>
      <Property name="Filename" value="/Objects/star_teleport.hs"/>
      <Property name="StarType" value="teleport"/>
      <Property name="Type" value="star"/>
    </Properties>
  </Object>
  <Object name="Ducky88">
    <AbsoluteLocation value="20.002628 -31.030617"/>
    <Properties>
      <Property name="Angle" value="0"/>
      <Property name="Filename" value="/Objects/star_teleport.hs"/>
      <Property name="StarType" value="teleport"/>
      <Property name="Type" value="star"/>
    </Properties>
  </Object>
  <Object name="Ducky89">
    <AbsoluteLocation value="26.272259 -32.497070"/>
    <Properties>
      <Property name="Angle" value="0"/>
      <Property name="Filename" value="/Objects/star_teleport.hs"/>
      <Property name="StarType" value="teleport"/>
      <Property name="Type" value="star"/>
    </Properties>
  </Object>
  <Object name="Ducky90">
    <AbsoluteLocation value="29.216610 -40.614082"/>
    <Properties>
      <Property name="Angle" value="0"/>
      <Property name="Filename" value="/Objects/star_teleport.hs"/>
      <Property name="StarType" value="teleport"/>
      <Property name="Type" value="star"/>
    </Properties>
  </Object>
  <Object name="Object54">
    <AbsoluteLocation value="-4.366474 -30.000015"/>
    <Properties>
      <Property name="Angle" value="-539.876"/>
      <Property name="Filename" value="/Objects/wall_24x8_pivot_blue.hs"/>
      <Property name="MotorWaitTime" value="1"/>
      <Property name="MotorWaitTurn" value="-90"/>
      <Property name="PathPos0" value="0 0"/>
      <Property name="PathPos1" value="0 0"/>
    </Properties>
  </Object>
  <Object name="Object97">
    <AbsoluteLocation value="-30.050175 -30.233358"/>
    <Properties>
      <Property name="Angle" value="-720"/>
      <Property name="Filename" value="/Objects/wall_24x8_pivot_blue.hs"/>
      <Property name="MotorWaitTime" value="1"/>
      <Property name="MotorWaitTurn" value="90"/>
      <Property name="PathPos0" value="0 0"/>
      <Property name="PathPos1" value="0 0"/>
    </Properties>
  </Object>
  <Object name="Object116">
    <AbsoluteLocation value="-18.352516 31.697319"/>
    <Properties>
      <Property name="Angle" value="-195.635"/>
      <Property name="Filename" value="/Objects/pipe_spout_base.hs"/>
    </Properties>
  </Object>
  <Object name="Object9">
    <AbsoluteLocation value="-17.200001 35.200001"/>
    <Properties>
      <Property name="Angle" value="24.6009"/>
      <Property name="Filename" value="/Objects/wall_8x8.hs"/>
      <Property name="MotorMoveSpeed" value="0.05"/>
      <Property name="MotorOn" value="1"/>
      <Property name="MotorPingPong" value="1"/>
      <Property name="MotorTurnSpeed" value="-20"/>
      <Property name="PathPos0" value="0 0"/>
      <Property name="PathPos1" value="0 0.1"/>
    </Properties>
  </Object>
  <Room>
    <AbsoluteLocation value="-13.999998 13.199998"/>
  </Room>
</Objects>
