<?xml version="1.0"?>
<Objects>
  <Object name="Object16">
    <AbsoluteLocation value="17.328789 12.164703"/>
    <Properties>
      <Property name="Angle" value="-37.2001"/>
      <Property name="Filename" value="/Objects/pipe_bend_2.hs"/>
    </Properties>
  </Object>
  <Object name="Object13">
    <AbsoluteLocation value="20.781250 -46.187500"/>
    <Properties>
      <Property name="Angle" value="-101.413"/>
      <Property name="Filename" value="/Objects/pipe_straight_long.hs"/>
    </Properties>
  </Object>
  <Object name="Object12">
    <AbsoluteLocation value="3.995659 39.594276"/>
    <Properties>
      <Property name="Angle" value="0"/>
      <Property name="Filename" value="/Objects/pipe_straight_long.hs"/>
    </Properties>
  </Object>
  <Object name="Spout2">
    <AbsoluteLocation value="17.625000 9.524075"/>
    <Properties>
      <Property name="Angle" value="-178.148"/>
      <Property name="ConnectedSpout0" value="SWAMPY_SPOUT"/>
      <Property name="ConnectedSpoutProbability0" value="1"/>
      <Property name="Filename" value="/Objects/broken_pipe_allie.hs"/>
      <Property name="Type" value="spout"/>
    </Properties>
  </Object>
  <Object name="Spout3">
    <AbsoluteLocation value="21.375000 -40.406250"/>
    <Properties>
      <Property name="Angle" value="102.599"/>
      <Property name="Filename" value="/Objects/shower_head.hs"/>
      <Property name="FluidType" value="Steam"/>
      <Property name="NumParticles" value="1"/>
      <Property name="ParticleSpeed" value="20"/>
      <Property name="Type" value="spout"/>
    </Properties>
  </Object>
  <Object name="Object5">
    <AbsoluteLocation value="15.281250 -29.343750"/>
    <Properties>
      <Property name="Angle" value="-3.17599"/>
      <Property name="Filename" value="/Objects/wall_24x8_pivot_brown.hs"/>
      <Property name="MotorWaitTime" value="2"/>
      <Property name="MotorWaitTurn0" value="100.0"/>
      <Property name="MotorturnSpeed" value="30"/>
      <Property name="PathPos0" value="0 0"/>
      <Property name="PathPos1" value="0 0"/>
    </Properties>
  </Object>
  <Object name="Switch5">
    <AbsoluteLocation value="-21.000000 -40.593750"/>
    <Properties>
      <Property name="Angle" value="-386.854"/>
      <Property name="ConnectedObject0" value="Object5"/>
      <Property name="Filename" value="/Objects/switch_brown.hs"/>
      <Property name="Type" value="switch"/>
    </Properties>
  </Object>
  <Object name="Spout6">
    <AbsoluteLocation value="-2.344807 39.256569"/>
    <Properties>
      <Property name="Angle" value="202.356"/>
      <Property name="Filename" value="/Objects/shower_head.hs"/>
      <Property name="FluidType" value="Water"/>
      <Property name="NumParticles" value="1"/>
      <Property name="ParticleSpeed" value="20"/>
      <Property name="Type" value="spout"/>
      <Property name="Blockable" value="1"/>
    </Properties>
  </Object>
  <Object name="Object7">
    <AbsoluteLocation value="-24.843750 30.562500"/>
    <Properties>
      <Property name="Angle" value="0"/>
      <Property name="Filename" value="/Objects/wall_24x8_pivot.hs"/>
      <Property name="MotorWaitTime" value="2"/>
      <Property name="MotorWaitTurn0" value="90.0"/>
      <Property name="MotorturnSpeed" value="30"/>
      <Property name="PathPos0" value="0 0"/>
      <Property name="PathPos1" value="0 0"/>
    </Properties>
  </Object>
  <Object name="Switch8">
    <AbsoluteLocation value="2.718750 19.312500"/>
    <Properties>
      <Property name="Angle" value="-223.283"/>
      <Property name="ConnectedObject0" value="Object7"/>
      <Property name="Filename" value="/Objects/switch.hs"/>
      <Property name="Type" value="switch"/>
    </Properties>
  </Object>
  <Object name="Ducky9">
    <AbsoluteLocation value="11.156250 -9.562500"/>
    <Properties>
      <Property name="Angle" value="0"/>
      <Property name="Filename" value="/Objects/star_steam_allie.hs"/>
      <Property name="StarType" value="allie"/>
      <Property name="Type" value="star"/>
    </Properties>
  </Object>
  <Object name="Ducky10">
    <AbsoluteLocation value="-24.187500 -15.325001"/>
    <Properties>
      <Property name="Angle" value="0"/>
      <Property name="Filename" value="/Objects/star_steam_allie.hs"/>
      <Property name="StarType" value="allie"/>
      <Property name="Type" value="star"/>
    </Properties>
  </Object>
  <Object name="Ducky11">
    <AbsoluteLocation value="-17.968750 37.375000"/>
    <Properties>
      <Property name="Angle" value="0"/>
      <Property name="Filename" value="/Objects/star_steam_allie.hs"/>
      <Property name="StarType" value="allie"/>
      <Property name="Type" value="star"/>
    </Properties>
  </Object>
  <Object name="Object19">
    <AbsoluteLocation value="16.126974 13.320534"/>
    <Properties>
      <Property name="Angle" value="13.9385"/>
      <Property name="Filename" value="/Objects/pipe_bend_2.hs"/>
    </Properties>
  </Object>
  <Object name="Object20">
    <AbsoluteLocation value="13.547939 12.998821"/>
    <Properties>
      <Property name="Angle" value="15.7119"/>
      <Property name="Filename" value="/Objects/pipe_straight_short.hs"/>
    </Properties>
  </Object>
  <Object name="Object21">
    <AbsoluteLocation value="12.080528 42.333916"/>
    <Properties>
      <Property name="Angle" value="47.2261"/>
      <Property name="Filename" value="/Objects/pipe_straight.hs"/>
    </Properties>
  </Object>
  <Object name="Object22">
    <AbsoluteLocation value="10.880522 12.584909"/>
    <Properties>
      <Property name="Angle" value="-163.554"/>
      <Property name="Filename" value="/Objects/pipe_bend_1.hs"/>
    </Properties>
  </Object>
  <Object name="Object23">
    <AbsoluteLocation value="9.086912 13.734659"/>
    <Properties>
      <Property name="Angle" value="-37.8488"/>
      <Property name="Filename" value="/Objects/pipe_straight_short.hs"/>
    </Properties>
  </Object>
  <Object name="Object24">
    <AbsoluteLocation value="7.522133 15.483404"/>
    <Properties>
      <Property name="Angle" value="-221.338"/>
      <Property name="Filename" value="/Objects/pipe_bend_1.hs"/>
    </Properties>
  </Object>
  <Object name="Object25">
    <AbsoluteLocation value="7.750957 17.232151"/>
    <Properties>
      <Property name="Angle" value="-270.197"/>
      <Property name="Filename" value="/Objects/pipe_bend_1.hs"/>
    </Properties>
  </Object>
  <Object name="Object27">
    <AbsoluteLocation value="9.149952 39.670551"/>
    <Properties>
      <Property name="Angle" value="-132.718"/>
      <Property name="Filename" value="/Objects/pipe_bend_1.hs"/>
    </Properties>
  </Object>
  <Object name="Object28">
    <AbsoluteLocation value="15.243286 45.799324"/>
    <Properties>
      <Property name="Angle" value="47.2261"/>
      <Property name="Filename" value="/Objects/pipe_straight.hs"/>
    </Properties>
  </Object>
  <Object name="Object29">
    <AbsoluteLocation value="7.875000 17.531250"/>
    <Properties>
      <Property name="Angle" value="61.4335"/>
      <Property name="Filename" value="/Objects/pipe_connector_end.hs"/>
    </Properties>
  </Object>
  <Object name="Object26">
    <AbsoluteLocation value="23.062500 -8.906250"/>
    <Properties>
      <Property name="Angle" value="0"/>
      <Property name="Filename" value="/Objects/icicle_medium.hs"/>
      <Property name="Type" value="icyhot"/>
    </Properties>
  </Object>
  <Object name="Object30">
    <AbsoluteLocation value="11.500000 -1.750000"/>
    <Properties>
      <Property name="Angle" value="0"/>
      <Property name="Filename" value="/Objects/icicle_medium.hs"/>
      <Property name="Type" value="icyhot"/>
    </Properties>
  </Object>
  <Room>
    <AbsoluteLocation value="18.800001 26.799999"/>
  </Room>
</Objects>
