<?xml version="1.0"?>
<Objects>
  <Object name="Object50">
    <AbsoluteLocation value="18.413830 -12.913010"/>
    <Properties>
      <Property name="Angle" value="-144.101"/>
      <Property name="Filename" value="/Objects/pipe_straight.hs"/>
    </Properties>
  </Object>
  <Object name="Object58">
    <AbsoluteLocation value="3.343750 -42.437500"/>
    <Properties>
      <Property name="Angle" value="206.245"/>
      <Property name="Filename" value="/Objects/pipe_bend_1.hs"/>
    </Properties>
  </Object>
  <Object name="Object53">
    <AbsoluteLocation value="0.468750 -34.687500"/>
    <Properties>
      <Property name="Angle" value="-33.8508"/>
      <Property name="Filename" value="/Objects/pipe_bend_2.hs"/>
    </Properties>
  </Object>
  <Object name="Object49">
    <AbsoluteLocation value="11.103288 0.978428"/>
    <Properties>
      <Property name="Angle" value="296.078"/>
      <Property name="Filename" value="/Objects/pipe_bend_1.hs"/>
    </Properties>
  </Object>
  <Object name="Object45">
    <AbsoluteLocation value="-10.702391 1.955807"/>
    <Properties>
      <Property name="Angle" value="463.812"/>
      <Property name="Filename" value="/Objects/pipe_bend_2.hs"/>
    </Properties>
  </Object>
  <Object name="Object40">
    <AbsoluteLocation value="-29.235367 -43.037090"/>
    <Properties>
      <Property name="Angle" value="178.697"/>
      <Property name="Filename" value="/Objects/pipe_elbow_2.hs"/>
    </Properties>
  </Object>
  <Object name="Object37">
    <AbsoluteLocation value="10.813547 -0.424619"/>
    <Properties>
      <Property name="Angle" value="477.322"/>
      <Property name="Filename" value="/Objects/pipe_bend_2.hs"/>
    </Properties>
  </Object>
  <Object name="Object31">
    <AbsoluteLocation value="29.547626 19.705320"/>
    <Properties>
      <Property name="Angle" value="-30.3074"/>
      <Property name="Filename" value="/Objects/pipe_bend_2.hs"/>
    </Properties>
  </Object>
  <Object name="Object26">
    <AbsoluteLocation value="-10.945522 -0.285809"/>
    <Properties>
      <Property name="Angle" value="278.744"/>
      <Property name="Filename" value="/Objects/pipe_bend_1.hs"/>
    </Properties>
  </Object>
  <Object name="Object15">
    <AbsoluteLocation value="-29.504089 20.267099"/>
    <Properties>
      <Property name="Angle" value="85.8397"/>
      <Property name="Filename" value="/Objects/pipe_bend_1.hs"/>
    </Properties>
  </Object>
  <Object name="Spout2">
    <AbsoluteLocation value="-9.545221 3.480984"/>
    <Properties>
      <Property name="Angle" value="45"/>
      <Property name="Filename" value="/Objects/shower_head.hs"/>
      <Property name="FluidType" value="Water"/>
      <Property name="NumberParticles" value="0"/>
      <Property name="ParticleQueueThreshold" value="1"/>
      <Property name="ParticleSpeed" value="15"/>
      <Property name="ParticlesPerSecond" value="1"/>
      <Property name="Type" value="spout"/>
    </Properties>
  </Object>
  <Object name="Spout3">
    <AbsoluteLocation value="9.545221 3.480984"/>
    <Properties>
      <Property name="Angle" value="135"/>
      <Property name="Filename" value="/Objects/shower_head.hs"/>
      <Property name="FluidType" value="Water"/>
      <Property name="NumberParticles" value="0"/>
      <Property name="ParticleQueueThreshold" value="1"/>
      <Property name="ParticleSpeed" value="15"/>
      <Property name="ParticlesPerSecond" value="1"/>
      <Property name="Type" value="spout"/>
    </Properties>
  </Object>
  <Object name="Spout4">
    <AbsoluteLocation value="-27.195055 21.838715"/>
    <Properties>
      <Property name="Angle" value="-58.6037"/>
      <Property name="ConnectedSpout0" value="Spout2"/>
      <Property name="ConnectedSpoutProbability0" value="1"/>
      <Property name="Filename" value="/Objects/basic_drain.hs"/>
      <Property name="Type" value="spout"/>
    </Properties>
  </Object>
  <Object name="Spout5">
    <AbsoluteLocation value="27.116472 21.867083"/>
    <Properties>
      <Property name="Angle" value="54.5335"/>
      <Property name="ConnectedSpout0" value="Spout3"/>
      <Property name="ConnectedSpoutProbability0" value="1"/>
      <Property name="Filename" value="/Objects/basic_drain.hs"/>
      <Property name="Type" value="spout"/>
    </Properties>
  </Object>
  <Object name="Spout6">
    <AbsoluteLocation value="-1.496041 -32.558594"/>
    <Properties>
      <Property name="Angle" value="45.2544"/>
      <Property name="ConnectedSpout0" value="SWAMPY_SPOUT"/>
      <Property name="ConnectedSpoutProbability0" value="1"/>
      <Property name="Filename" value="/Objects/broken_pipe.hs"/>
      <Property name="Type" value="spout"/>
    </Properties>
  </Object>
  <Object name="Ducky7">
    <AbsoluteLocation value="18.350422 1.287594"/>
    <Properties>
      <Property name="Angle" value="0"/>
      <Property name="Filename" value="/Objects/star.hs"/>
      <Property name="Type" value="star"/>
    </Properties>
  </Object>
  <Object name="Ducky8">
    <AbsoluteLocation value="-18.153790 -37.192535"/>
    <Properties>
      <Property name="Angle" value="0"/>
      <Property name="Filename" value="/Objects/star.hs"/>
      <Property name="Type" value="star"/>
    </Properties>
  </Object>
  <Object name="Ducky9">
    <AbsoluteLocation value="-18.093750 0.375000"/>
    <Properties>
      <Property name="Angle" value="0"/>
      <Property name="Filename" value="/Objects/star.hs"/>
      <Property name="Type" value="star"/>
    </Properties>
  </Object>
  <Object name="Spout10">
    <AbsoluteLocation value="-26.791454 -42.585903"/>
    <Properties>
      <Property name="Angle" value="-56.7289"/>
      <Property name="ConnectedSpout0" value="Spout11"/>
      <Property name="ConnectedSpoutProbability0" value="1"/>
      <Property name="Filename" value="/Objects/basic_drain.hs"/>
      <Property name="Type" value="spout"/>
    </Properties>
  </Object>
  <Object name="Spout11">
    <AbsoluteLocation value="15.834274 -14.498390"/>
    <Properties>
      <Property name="Angle" value="-143.835"/>
      <Property name="Filename" value="/Objects/shower_head.hs"/>
      <Property name="FluidType" value="Water"/>
      <Property name="NumberParticles" value="0"/>
      <Property name="ParticleSpeed" value="35"/>
      <Property name="Type" value="spout"/>
    </Properties>
  </Object>
  <Object name="Object13">
    <AbsoluteLocation value="-29.893429 5.060284"/>
    <Properties>
      <Property name="Angle" value="-89.9139"/>
      <Property name="Filename" value="/Objects/pipe_straight_long.hs"/>
    </Properties>
  </Object>
  <Object name="Object14">
    <AbsoluteLocation value="-29.909201 14.415070"/>
    <Properties>
      <Property name="Angle" value="-89.9139"/>
      <Property name="Filename" value="/Objects/pipe_straight_long.hs"/>
    </Properties>
  </Object>
  <Object name="Object17">
    <AbsoluteLocation value="-29.877645 -0.185345"/>
    <Properties>
      <Property name="Angle" value="-89.8828"/>
      <Property name="Filename" value="/Objects/pipe_straight.hs"/>
    </Properties>
  </Object>
  <Object name="Object19">
    <AbsoluteLocation value="-29.223913 -4.668072"/>
    <Properties>
      <Property name="Angle" value="178.697"/>
      <Property name="Filename" value="/Objects/pipe_elbow_2.hs"/>
    </Properties>
  </Object>
  <Object name="Object21">
    <AbsoluteLocation value="-24.368710 -5.321800"/>
    <Properties>
      <Property name="Angle" value="0"/>
      <Property name="Filename" value="/Objects/pipe_straight_long.hs"/>
    </Properties>
  </Object>
  <Object name="Object22">
    <AbsoluteLocation value="-20.418352 -5.357331"/>
    <Properties>
      <Property name="Angle" value="0"/>
      <Property name="Filename" value="/Objects/pipe_straight_long.hs"/>
    </Properties>
  </Object>
  <Object name="Object23">
    <AbsoluteLocation value="-15.001722 -5.170548"/>
    <Properties>
      <Property name="Angle" value="231.59"/>
      <Property name="Filename" value="/Objects/pipe_bend_1.hs"/>
    </Properties>
  </Object>
  <Object name="Object25">
    <AbsoluteLocation value="-12.689278 -2.736072"/>
    <Properties>
      <Property name="Angle" value="-308.094"/>
      <Property name="Filename" value="/Objects/pipe_straight.hs"/>
    </Properties>
  </Object>
  <Object name="Object27">
    <AbsoluteLocation value="29.812008 -0.451180"/>
    <Properties>
      <Property name="Angle" value="-89.8828"/>
      <Property name="Filename" value="/Objects/pipe_straight.hs"/>
    </Properties>
  </Object>
  <Object name="Object28">
    <AbsoluteLocation value="29.796227 5.168007"/>
    <Properties>
      <Property name="Angle" value="-89.9139"/>
      <Property name="Filename" value="/Objects/pipe_straight_long.hs"/>
    </Properties>
  </Object>
  <Object name="Object29">
    <AbsoluteLocation value="29.780453 14.522795"/>
    <Properties>
      <Property name="Angle" value="-89.9139"/>
      <Property name="Filename" value="/Objects/pipe_straight_long.hs"/>
    </Properties>
  </Object>
  <Object name="Object30">
    <AbsoluteLocation value="29.130814 -4.482361"/>
    <Properties>
      <Property name="Angle" value="-91.0189"/>
      <Property name="Filename" value="/Objects/pipe_elbow_1.hs"/>
    </Properties>
  </Object>
  <Object name="Object33">
    <AbsoluteLocation value="23.428244 -5.202667"/>
    <Properties>
      <Property name="Angle" value="180.059"/>
      <Property name="Filename" value="/Objects/pipe_straight_long.hs"/>
    </Properties>
  </Object>
  <Object name="Object34">
    <AbsoluteLocation value="18.942434 -5.214069"/>
    <Properties>
      <Property name="Angle" value="180.059"/>
      <Property name="Filename" value="/Objects/pipe_straight_long.hs"/>
    </Properties>
  </Object>
  <Object name="Object35">
    <AbsoluteLocation value="13.448183 -4.669502"/>
    <Properties>
      <Property name="Angle" value="169.997"/>
      <Property name="Filename" value="/Objects/pipe_bend_2.hs"/>
    </Properties>
  </Object>
  <Object name="Object47">
    <AbsoluteLocation value="12.222325 -3.070026"/>
    <Properties>
      <Property name="Angle" value="124.698"/>
      <Property name="Filename" value="/Objects/pipe_straight_short.hs"/>
    </Properties>
  </Object>
  <Object name="Object48">
    <AbsoluteLocation value="11.559714 -2.156742"/>
    <Properties>
      <Property name="Angle" value="124.698"/>
      <Property name="Filename" value="/Objects/pipe_straight_short.hs"/>
    </Properties>
  </Object>
  <Object name="Object46">
    <AbsoluteLocation value="5.156250 -42.281250"/>
    <Properties>
      <Property name="Angle" value="126.165"/>
      <Property name="Filename" value="/Objects/pipe_spout_base.hs"/>
    </Properties>
  </Object>
  <Object name="Object52">
    <AbsoluteLocation value="1.218750 -38.156250"/>
    <Properties>
      <Property name="Angle" value="-80.0001"/>
      <Property name="Filename" value="/Objects/pipe_straight.hs"/>
    </Properties>
  </Object>
  <Object name="Object57">
    <AbsoluteLocation value="1.875000 -41.437500"/>
    <Properties>
      <Property name="Angle" value="148.704"/>
      <Property name="Filename" value="/Objects/pipe_bend_1.hs"/>
    </Properties>
  </Object>
  <Object name="Object51">
    <AbsoluteLocation value="-29.875000 -38.562500"/>
    <Properties>
      <Property name="Angle" value="-90.3445"/>
      <Property name="Filename" value="/Objects/pipe_straight.hs"/>
    </Properties>
  </Object>
  <Object name="Object55">
    <AbsoluteLocation value="-29.857374 -32.363739"/>
    <Properties>
      <Property name="Angle" value="-90.3445"/>
      <Property name="Filename" value="/Objects/pipe_straight.hs"/>
    </Properties>
  </Object>
  <Object name="Object56">
    <AbsoluteLocation value="-29.839748 -26.164978"/>
    <Properties>
      <Property name="Angle" value="-90.3445"/>
      <Property name="Filename" value="/Objects/pipe_straight.hs"/>
    </Properties>
  </Object>
  <Object name="Object59">
    <AbsoluteLocation value="-29.822123 -19.966217"/>
    <Properties>
      <Property name="Angle" value="-90.3445"/>
      <Property name="Filename" value="/Objects/pipe_straight.hs"/>
    </Properties>
  </Object>
  <Object name="Object60">
    <AbsoluteLocation value="-29.804495 -13.670326"/>
    <Properties>
      <Property name="Angle" value="-90.3445"/>
      <Property name="Filename" value="/Objects/pipe_straight.hs"/>
    </Properties>
  </Object>
  <Object name="Object61">
    <AbsoluteLocation value="-29.109156 -10.125038"/>
    <Properties>
      <Property name="Angle" value="89.0372"/>
      <Property name="Filename" value="/Objects/pipe_elbow_2.hs"/>
    </Properties>
  </Object>
  <Object name="Object62">
    <AbsoluteLocation value="-22.926134 -9.454460"/>
    <Properties>
      <Property name="Angle" value="-180.081"/>
      <Property name="Filename" value="/Objects/pipe_straight_long.hs"/>
    </Properties>
  </Object>
  <Object name="Object63">
    <AbsoluteLocation value="-13.681059 -9.472088"/>
    <Properties>
      <Property name="Angle" value="-180.081"/>
      <Property name="Filename" value="/Objects/pipe_straight_long.hs"/>
    </Properties>
  </Object>
  <Object name="Object68">
    <AbsoluteLocation value="20.212387 -10.716377"/>
    <Properties>
      <Property name="Angle" value="-52.811"/>
      <Property name="Filename" value="/Objects/pipe_elbow_1.hs"/>
    </Properties>
  </Object>
  <Object name="Object69">
    <AbsoluteLocation value="20.070723 -9.737942"/>
    <Properties>
      <Property name="Angle" value="-2.01105"/>
      <Property name="Filename" value="/Objects/pipe_bend_2.hs"/>
    </Properties>
  </Object>
  <Object name="Object70">
    <AbsoluteLocation value="14.327936 -9.410210"/>
    <Properties>
      <Property name="Angle" value="-359.673"/>
      <Property name="Filename" value="/Objects/pipe_straight_long.hs"/>
    </Properties>
  </Object>
  <Object name="Object72">
    <AbsoluteLocation value="12.597204 -9.427837"/>
    <Properties>
      <Property name="Angle" value="-359.673"/>
      <Property name="Filename" value="/Objects/pipe_straight_long.hs"/>
    </Properties>
  </Object>
  <Object name="Object73">
    <AbsoluteLocation value="6.532137 -9.478104"/>
    <Properties>
      <Property name="Angle" value="-178.485"/>
      <Property name="Filename" value="/Objects/pipe_into_wall_2.hs"/>
    </Properties>
  </Object>
  <Object name="Object74">
    <AbsoluteLocation value="-41.109638 -54.592716"/>
    <Properties>
      <Property name="Angle" value="0"/>
      <Property name="Filename" value="/Objects/pipe_into_wall_1.hs"/>
    </Properties>
  </Object>
  <Object name="Object75">
    <AbsoluteLocation value="-7.502296 -9.426781"/>
    <Properties>
      <Property name="Angle" value="0"/>
      <Property name="Filename" value="/Objects/pipe_into_wall_2.hs"/>
    </Properties>
  </Object>
  <Object name="Ducky58">
    <AbsoluteLocation value="-21.281250 -19.031250"/>
    <Properties>
      <Property name="Angle" value="0"/>
      <Property name="Filename" value="/Objects/star_teleport.hs"/>
      <Property name="StarType" value="teleport"/>
      <Property name="Type" value="star"/>
    </Properties>
  </Object>
  <Object name="Ducky59">
    <AbsoluteLocation value="17.312500 6.125000"/>
    <Properties>
      <Property name="Angle" value="0"/>
      <Property name="Filename" value="/Objects/star_teleport.hs"/>
      <Property name="StarType" value="teleport"/>
      <Property name="Type" value="star"/>
    </Properties>
  </Object>
  <Object name="Ducky60">
    <AbsoluteLocation value="-17.218750 6.343750"/>
    <Properties>
      <Property name="Angle" value="0"/>
      <Property name="Filename" value="/Objects/star_teleport.hs"/>
      <Property name="StarType" value="teleport"/>
      <Property name="Type" value="star"/>
    </Properties>
  </Object>
  <Room>
    <AbsoluteLocation value="16.800001 -34.000004"/>
  </Room>
</Objects>
