<?xml version="1.0"?>
<Objects>
  <Object name="Object35">
    <AbsoluteLocation value="-0.855316 39.479961"/>
    <Properties>
      <Property name="Angle" value="-180.824"/>
      <Property name="Filename" value="/Objects/pipe_elbow_2.hs"/>
    </Properties>
  </Object>
  <Object name="Object33">
    <AbsoluteLocation value="-14.595425 -45.781548"/>
    <Properties>
      <Property name="Angle" value="-141.956"/>
      <Property name="Filename" value="/Objects/pipe_elbow_2.hs"/>
    </Properties>
  </Object>
  <Object name="Object31">
    <AbsoluteLocation value="-5.540304 1.432884"/>
    <Properties>
      <Property name="Angle" value="0"/>
      <Property name="Filename" value="/Objects/dirtywall_large.hs"/>
      <Property name="Type" value="dirtywall"/>
    </Properties>
  </Object>
  <Object name="Object28">
    <AbsoluteLocation value="-5.642962 -5.375057"/>
    <Properties>
      <Property name="Angle" value="0"/>
      <Property name="Filename" value="/Objects/dirtywall_mid.hs"/>
      <Property name="Type" value="dirtywall"/>
    </Properties>
  </Object>
  <Object name="Object24">
    <AbsoluteLocation value="21.211071 38.913754"/>
    <Properties>
      <Property name="Angle" value="-3.47301"/>
      <Property name="Filename" value="/Objects/pipe_elbow_1.hs"/>
    </Properties>
  </Object>
  <Object name="Object19">
    <AbsoluteLocation value="-1.148174 45.545395"/>
    <Properties>
      <Property name="Angle" value="-94.2873"/>
      <Property name="Filename" value="/Objects/pipe_straight_long.hs"/>
    </Properties>
  </Object>
  <Object name="Spout38">
    <AbsoluteLocation value="-16.882629 -43.869370"/>
    <Properties>
      <Property name="Angle" value="34.8464"/>
      <Property name="ConnectedSpout0" value="SWAMPY_SPOUT"/>
      <Property name="ConnectedSpoutProbability0" value="1"/>
      <Property name="Filename" value="/Objects/broken_pipe.hs"/>
      <Property name="Type" value="spout"/>
    </Properties>
  </Object>
  <Object name="Fan40">
    <AbsoluteLocation value="28.787487 21.850277"/>
    <Properties>
      <Property name="Angle" value="90.6302"/>
      <Property name="Filename" value="/Objects/fan_24x8.hs"/>
      <Property name="Type" value="fan"/>
      <Property name="VacuumForce" value="70"/>
      <Property name="VacuumFriction" value="0.01"/>
      <Property name="VacuumMaxForce" value="70"/>
    </Properties>
  </Object>
  <Object name="Spout41">
    <AbsoluteLocation value="21.864126 36.136185"/>
    <Properties>
      <Property name="Angle" value="-86.4591"/>
      <Property name="ConnectedConverter" value="FluidConverter39"/>
      <Property name="Filename" value="/Objects/shower_head.hs"/>
      <Property name="FluidType" value="Water"/>
      <Property name="ParticleSpeed" value="16"/>
      <Property name="ParticlesPerSecond" value="8"/>
      <Property name="SprinklerSteps" value="3"/>
      <Property name="SprinklerWidth" value="2"/>
      <Property name="Type" value="spout"/>
    </Properties>
  </Object>
  <Object name="Ducky7">
    <AbsoluteLocation value="16.921875 -44.437500"/>
    <Properties>
      <Property name="Angle" value="0"/>
      <Property name="Filename" value="/Objects/star.hs"/>
      <Property name="Type" value="star"/>
    </Properties>
  </Object>
  <Object name="Ducky8">
    <AbsoluteLocation value="23.921875 -19.843750"/>
    <Properties>
      <Property name="Angle" value="0"/>
      <Property name="Filename" value="/Objects/star.hs"/>
      <Property name="Type" value="star"/>
    </Properties>
  </Object>
  <Object name="Ducky9">
    <AbsoluteLocation value="0.791832 -15.130020"/>
    <Properties>
      <Property name="Angle" value="0"/>
      <Property name="Filename" value="/Objects/star.hs"/>
      <Property name="Type" value="star"/>
    </Properties>
  </Object>
  <Object name="Object15">
    <AbsoluteLocation value="-0.946365 64.136765"/>
    <Properties>
      <Property name="Angle" value="-87.6833"/>
      <Property name="Filename" value="/Objects/pipe_straight_long.hs"/>
    </Properties>
  </Object>
  <Object name="Object16">
    <AbsoluteLocation value="5.342125 43.650589"/>
    <Properties>
      <Property name="Angle" value="88.3879"/>
      <Property name="Filename" value="/Objects/pipe_elbow_1.hs"/>
    </Properties>
  </Object>
  <Object name="Object17">
    <AbsoluteLocation value="4.598129 42.233448"/>
    <Properties>
      <Property name="Angle" value="0"/>
      <Property name="Filename" value="/Objects/pipe_spout_base.hs"/>
    </Properties>
  </Object>
  <Object name="Object18">
    <AbsoluteLocation value="0.757057 38.844124"/>
    <Properties>
      <Property name="Angle" value="88.9258"/>
      <Property name="Filename" value="/Objects/pipe_spout_base.hs"/>
    </Properties>
  </Object>
  <Object name="FluidConverter39">
    <AbsoluteLocation value="4.328880 38.775864"/>
    <Properties>
      <Property name="Angle" value="-0.574713"/>
      <Property name="Filename" value="/Objects/converter_dynamic_all_horiz.hs"/>
      <Property name="FluidType0" value="water"/>
      <Property name="FluidType1" value="lava"/>
      <Property name="Type" value="fluidconverter"/>
    </Properties>
  </Object>
  <Object name="Object23">
    <AbsoluteLocation value="10.711288 44.193748"/>
    <Properties>
      <Property name="Angle" value="-1.39035"/>
      <Property name="Filename" value="/Objects/pipe_straight_long.hs"/>
    </Properties>
  </Object>
  <Object name="Object26">
    <AbsoluteLocation value="5.159960 -5.543629"/>
    <Properties>
      <Property name="Angle" value="0"/>
      <Property name="Filename" value="/Objects/dirtywall_large.hs"/>
      <Property name="Type" value="dirtywall"/>
    </Properties>
  </Object>
  <Object name="Object30">
    <AbsoluteLocation value="8.707836 1.200096"/>
    <Properties>
      <Property name="Angle" value="0"/>
      <Property name="Filename" value="/Objects/dirtywall_large.hs"/>
      <Property name="Type" value="dirtywall"/>
    </Properties>
  </Object>
  <Object name="Object34">
    <AbsoluteLocation value="-12.103527 -44.624603"/>
    <Properties>
      <Property name="Angle" value="39.5383"/>
      <Property name="Filename" value="/Objects/pipe_straight_short.hs"/>
    </Properties>
  </Object>
  <Object name="Object36">
    <AbsoluteLocation value="-10.101097 -42.889164"/>
    <Properties>
      <Property name="Angle" value="41.5873"/>
      <Property name="Filename" value="/Objects/pipe_connector_end.hs"/>
    </Properties>
  </Object>
  <Object name="Object40">
    <AbsoluteLocation value="-0.768841 54.856071"/>
    <Properties>
      <Property name="Angle" value="-89.8291"/>
      <Property name="Filename" value="/Objects/pipe_straight_long.hs"/>
    </Properties>
  </Object>
  <Object name="Object41">
    <AbsoluteLocation value="13.604332 -4.584991"/>
    <Properties>
      <Property name="Angle" value="0"/>
      <Property name="Filename" value="/Objects/dirtywall_small.hs"/>
      <Property name="Type" value="dirtywall"/>
    </Properties>
  </Object>
  <Object name="Object42">
    <AbsoluteLocation value="-10.933966 -4.716095"/>
    <Properties>
      <Property name="Angle" value="0"/>
      <Property name="Filename" value="/Objects/dirtywall_small.hs"/>
      <Property name="Type" value="dirtywall"/>
    </Properties>
  </Object>
  <Object name="Switch30">
    <AbsoluteLocation value="24.680489 -33.416405"/>
    <Properties>
      <Property name="Angle" value="-42.1243"/>
      <Property name="ConnectedObject0" value="Fan40"/>
      <Property name="Filename" value="/Objects/switch.hs"/>
      <Property name="Type" value="switch"/>
    </Properties>
  </Object>
  <Object name="Object37">
    <AbsoluteLocation value="15.174236 43.401287"/>
    <Properties>
      <Property name="Angle" value="-1.15397"/>
      <Property name="Filename" value="/Objects/pipe_elbow_1.hs"/>
    </Properties>
  </Object>
  <Object name="Object38">
    <AbsoluteLocation value="17.177139 40.820961"/>
    <Properties>
      <Property name="Angle" value="-0.926199"/>
      <Property name="Filename" value="/Objects/pipe_connector_90.hs"/>
    </Properties>
  </Object>
  <Object name="Object39">
    <AbsoluteLocation value="-8.870463 70.331360"/>
    <Properties>
      <Property name="Angle" value="0"/>
      <Property name="Filename" value="/Objects/pipe_straight_long.hs"/>
    </Properties>
  </Object>
  <Object name="Object43">
    <AbsoluteLocation value="-18.186298 70.320114"/>
    <Properties>
      <Property name="Angle" value="0"/>
      <Property name="Filename" value="/Objects/pipe_straight_long.hs"/>
    </Properties>
  </Object>
  <Object name="Object44">
    <AbsoluteLocation value="-36.709251 70.308861"/>
    <Properties>
      <Property name="Angle" value="0"/>
      <Property name="Filename" value="/Objects/pipe_straight_long.hs"/>
    </Properties>
  </Object>
  <Object name="Object45">
    <AbsoluteLocation value="-27.393417 70.320107"/>
    <Properties>
      <Property name="Angle" value="0"/>
      <Property name="Filename" value="/Objects/pipe_straight_long.hs"/>
    </Properties>
  </Object>
  <Object name="Object32">
    <AbsoluteLocation value="-2.238361 69.317505"/>
    <Properties>
      <Property name="Angle" value="-177.285"/>
      <Property name="Filename" value="/Objects/pipe_connector_90.hs"/>
    </Properties>
  </Object>
  <Room>
    <AbsoluteLocation value="1.200003 -34.000000"/>
  </Room>
</Objects>
