<?xml version="1.0"?>
<Objects>
  <Object name="Switch1">
    <AbsoluteLocation value="-9.212616 23.293180"/>
    <Properties>
      <Property name="Angle" value="28.4551"/>
      <Property name="ConnectedObject0" value="Obj1"/>
      <Property name="Filename" value="/Objects/switch.hs"/>
      <Property name="Type" value="switch"/>
    </Properties>
  </Object>
  <Object name="Obj1">
    <AbsoluteLocation value="-28.679804 -41.702682"/>
    <Properties>
      <Property name="Angle" value="90"/>
      <Property name="Filename" value="/Objects/wall_16x8.hs"/>
      <Property name="MotorMoveSpeed" value="40"/>
      <Property name="MotorPingPong" value="0"/>
      <Property name="PathPos0" value="0 0"/>
      <Property name="PathPos1" value="58 0"/>
    </Properties>
  </Object>
  <Object name="Obj4">
    <AbsoluteLocation value="-23.146523 -21.312799"/>
    <Properties>
      <Property name="Angle" value="91.7023"/>
      <Property name="Filename" value="/Objects/pipe_straight_long.hs"/>
    </Properties>
  </Object>
  <Object name="Obj5">
    <AbsoluteLocation value="-22.976740 -27.149439"/>
    <Properties>
      <Property name="Angle" value="91.1189"/>
      <Property name="Filename" value="/Objects/pipe_straight.hs"/>
    </Properties>
  </Object>
  <Object name="Spout3">
    <AbsoluteLocation value="-23.069559 -30.344971"/>
    <Properties>
      <Property name="Angle" value="-90.316"/>
      <Property name="Filename" value="/Objects/shower_head.hs"/>
      <Property name="FluidType" value="Water"/>
      <Property name="NumberParticles" value="0"/>
      <Property name="OffsetVariation" value="0.8"/>
      <Property name="ParticleSpeed" value="10"/>
      <Property name="ParticlesPerSecond" value="9"/>
      <Property name="Type" value="spout"/>
    </Properties>
  </Object>
  <Object name="Spout2">
    <AbsoluteLocation value="-23.239267 -15.595675"/>
    <Properties>
      <Property name="Angle" value="0"/>
      <Property name="ConnectedSpout0" value="Spout3"/>
      <Property name="ConnectedSpoutProbability0" value="1"/>
      <Property name="Filename" value="/Objects/basic_drain.hs"/>
      <Property name="Type" value="spout"/>
    </Properties>
  </Object>
  <Object name="Obj11">
    <AbsoluteLocation value="16.799999 4.500000"/>
    <Properties>
      <Property name="Angle" value="65.2354"/>
      <Property name="Filename" value="/Objects/pipe_straight.hs"/>
    </Properties>
  </Object>
  <Object name="Obj12">
    <AbsoluteLocation value="14.289088 0.800887"/>
    <Properties>
      <Property name="Angle" value="-117.731"/>
      <Property name="Filename" value="/Objects/pipe_elbow_2.hs"/>
    </Properties>
  </Object>
  <Object name="Obj14">
    <AbsoluteLocation value="7.589507 -1.745555"/>
    <Properties>
      <Property name="Angle" value="70.1237"/>
      <Property name="Filename" value="/Objects/pipe_straight.hs"/>
    </Properties>
  </Object>
  <Object name="Obj15">
    <AbsoluteLocation value="10.187029 1.117018"/>
    <Properties>
      <Property name="Angle" value="-119.51"/>
      <Property name="Filename" value="/Objects/pipe_connector_90.hs"/>
    </Properties>
  </Object>
  <Object name="Obj13">
    <AbsoluteLocation value="7.006390 -3.653940"/>
    <Properties>
      <Property name="Angle" value="-101.661"/>
      <Property name="Filename" value="/Objects/pipe_connector_end.hs"/>
    </Properties>
  </Object>
  <Object name="Spout8">
    <AbsoluteLocation value="18.522985 8.857203"/>
    <Properties>
      <Property name="Angle" value="-15.0437"/>
      <Property name="ConnectedSpout0" value="SWAMPY_SPOUT"/>
      <Property name="ConnectedSpoutProbability0" value="1"/>
      <Property name="Filename" value="/Objects/broken_pipe.hs"/>
      <Property name="Type" value="spout"/>
    </Properties>
  </Object>
  <Object name="Obj16">
    <AbsoluteLocation value="20.365582 -1.463229"/>
    <Properties>
      <Property name="Angle" value="289.765"/>
      <Property name="Filename" value="/Objects/pipe_straight.hs"/>
    </Properties>
  </Object>
  <Object name="Obj18">
    <AbsoluteLocation value="19.087761 1.750378"/>
    <Properties>
      <Property name="Angle" value="-22.8038"/>
      <Property name="Filename" value="/Objects/pipe_bend_2.hs"/>
    </Properties>
  </Object>
  <Object name="Spout6">
    <AbsoluteLocation value="22.255802 -6.583473"/>
    <Properties>
      <Property name="Angle" value="200.721"/>
      <Property name="ConnectedSpout0" value="Spout7"/>
      <Property name="ConnectedSpoutProbability0" value="1"/>
      <Property name="Filename" value="/Objects/basic_drain.hs"/>
      <Property name="Type" value="spout"/>
    </Properties>
  </Object>
  <Object name="Obj19">
    <AbsoluteLocation value="9.617300 4.586490"/>
    <Properties>
      <Property name="Angle" value="-10.5645"/>
      <Property name="Filename" value="/Objects/pipe_straight.hs"/>
    </Properties>
  </Object>
  <Object name="Obj20">
    <AbsoluteLocation value="4.908160 17.206434"/>
    <Properties>
      <Property name="Angle" value="77.4641"/>
      <Property name="Filename" value="/Objects/pipe_straight_long.hs"/>
    </Properties>
  </Object>
  <Object name="Spout7">
    <AbsoluteLocation value="6.615293 23.590572"/>
    <Properties>
      <Property name="Angle" value="72.6548"/>
      <Property name="Filename" value="/Objects/shower_head.hs"/>
      <Property name="FluidType" value="Water"/>
      <Property name="NumberParticles" value="0"/>
      <Property name="OffsetVariation" value="0.8"/>
      <Property name="ParticleSpeed" value="18"/>
      <Property name="ParticlesPerSecond" value="6"/>
      <Property name="Type" value="spout"/>
    </Properties>
  </Object>
  <Object name="Obj22">
    <AbsoluteLocation value="-28.600000 -41.400002"/>
    <Properties>
      <Property name="Angle" value="0"/>
      <Property name="Filename" value="/Objects/path_locking_end.hs"/>
    </Properties>
  </Object>
  <Object name="Obj22">
    <AbsoluteLocation value="-23.799999 -41.400002"/>
    <Properties>
      <Property name="Angle" value="0"/>
      <Property name="Filename" value="/Objects/path_locking_mid.hs"/>
    </Properties>
  </Object>
  <Object name="Obj22">
    <AbsoluteLocation value="-19.000000 -41.400002"/>
    <Properties>
      <Property name="Angle" value="0"/>
      <Property name="Filename" value="/Objects/path_locking_mid.hs"/>
    </Properties>
  </Object>
  <Object name="Obj22">
    <AbsoluteLocation value="-14.200000 -41.400002"/>
    <Properties>
      <Property name="Angle" value="0"/>
      <Property name="Filename" value="/Objects/path_locking_mid.hs"/>
    </Properties>
  </Object>
  <Object name="Obj22">
    <AbsoluteLocation value="-9.400000 -41.400002"/>
    <Properties>
      <Property name="Angle" value="0"/>
      <Property name="Filename" value="/Objects/path_locking_mid.hs"/>
    </Properties>
  </Object>
  <Object name="Obj22">
    <AbsoluteLocation value="-4.600000 -41.400002"/>
    <Properties>
      <Property name="Angle" value="0"/>
      <Property name="Filename" value="/Objects/path_locking_mid.hs"/>
    </Properties>
  </Object>
  <Object name="Obj22">
    <AbsoluteLocation value="0.200000 -41.400002"/>
    <Properties>
      <Property name="Angle" value="0"/>
      <Property name="Filename" value="/Objects/path_locking_mid.hs"/>
    </Properties>
  </Object>
  <Object name="Obj22">
    <AbsoluteLocation value="5.000000 -41.400002"/>
    <Properties>
      <Property name="Angle" value="0"/>
      <Property name="Filename" value="/Objects/path_locking_mid.hs"/>
    </Properties>
  </Object>
  <Object name="Obj22">
    <AbsoluteLocation value="9.800000 -41.400002"/>
    <Properties>
      <Property name="Angle" value="0"/>
      <Property name="Filename" value="/Objects/path_locking_mid.hs"/>
    </Properties>
  </Object>
  <Object name="Obj22">
    <AbsoluteLocation value="14.600000 -41.400002"/>
    <Properties>
      <Property name="Angle" value="0"/>
      <Property name="Filename" value="/Objects/path_locking_mid.hs"/>
    </Properties>
  </Object>
  <Object name="Obj22">
    <AbsoluteLocation value="19.400000 -41.400002"/>
    <Properties>
      <Property name="Angle" value="0"/>
      <Property name="Filename" value="/Objects/path_locking_end_right.hs"/>
    </Properties>
  </Object>
  <Object name="Star32">
    <AbsoluteLocation value="12.782469 36.497612"/>
    <Properties>
      <Property name="Angle" value="0"/>
      <Property name="Filename" value="/Objects/star.hs"/>
      <Property name="Type" value="star"/>
    </Properties>
  </Object>
  <Object name="Star33">
    <AbsoluteLocation value="-20.799995 -3.899995"/>
    <Properties>
      <Property name="Angle" value="0"/>
      <Property name="Filename" value="/Objects/star.hs"/>
      <Property name="Type" value="star"/>
    </Properties>
  </Object>
  <Object name="Star34">
    <AbsoluteLocation value="20.997902 20.786755"/>
    <Properties>
      <Property name="Angle" value="0"/>
      <Property name="Filename" value="/Objects/star.hs"/>
      <Property name="Type" value="star"/>
    </Properties>
  </Object>
  <Object name="Obj35">
    <AbsoluteLocation value="15.517185 3.215449"/>
    <Properties>
      <Property name="Angle" value="-15.8914"/>
      <Property name="Filename" value="/Objects/pipe_straight.hs"/>
    </Properties>
  </Object>
  <Object name="Obj35">
    <AbsoluteLocation value="3.467505 10.331203"/>
    <Properties>
      <Property name="Angle" value="79.0694"/>
      <Property name="Filename" value="/Objects/pipe_straight.hs"/>
    </Properties>
  </Object>
  <Object name="Obj35">
    <AbsoluteLocation value="4.208255 6.411286"/>
    <Properties>
      <Property name="Angle" value="-1.70152"/>
      <Property name="Filename" value="/Objects/pipe_connector_90.hs"/>
    </Properties>
  </Object>
  <Object name="Collectible38">
    <AbsoluteLocation value="-11.531250 0.656250"/>
    <Properties>
      <Property name="Angle" value="18.2212"/>
      <Property name="Filename" value="/Objects/z_collectible_08.hs"/>
      <Property name="PlatinumType" value="normal"/>
      <Property name="Type" value="collectible"/>
    </Properties>
  </Object>
  <Object name="Ducky38">
    <AbsoluteLocation value="23.721874 31.771877"/>
    <Properties>
      <Property name="Angle" value="0"/>
      <Property name="Filename" value="/Objects/star_teleport.hs"/>
      <Property name="StarType" value="teleport"/>
      <Property name="Type" value="star"/>
    </Properties>
  </Object>
  <Object name="Ducky39">
    <AbsoluteLocation value="16.634373 -6.865625"/>
    <Properties>
      <Property name="Angle" value="0"/>
      <Property name="Filename" value="/Objects/star_teleport.hs"/>
      <Property name="StarType" value="teleport"/>
      <Property name="Type" value="star"/>
    </Properties>
  </Object>
  <Object name="Ducky40">
    <AbsoluteLocation value="30.234375 -7.265625"/>
    <Properties>
      <Property name="Angle" value="0"/>
      <Property name="Filename" value="/Objects/star_teleport.hs"/>
      <Property name="StarType" value="teleport"/>
      <Property name="Type" value="star"/>
    </Properties>
  </Object>
  <Room>
    <AbsoluteLocation value="5.200003 -18.000002"/>
  </Room>
</Objects>
