<?xml version="1.0"?>
<Objects>
  <Object name="Object89">
    <AbsoluteLocation value="3.966433 -4.707453"/>
    <Properties>
      <Property name="Angle" value="10.4933"/>
      <Property name="Filename" value="/Objects/pipe_straight.hs"/>
    </Properties>
  </Object>
  <Object name="Object116">
    <AbsoluteLocation value="9.893159 -7.381275"/>
    <Properties>
      <Property name="Angle" value="-45.7643"/>
      <Property name="Filename" value="/Objects/pipe_straight.hs"/>
    </Properties>
  </Object>
  <Object name="Object129">
    <AbsoluteLocation value="8.623589 -92.245422"/>
    <Properties>
      <Property name="Angle" value="-115.129"/>
      <Property name="Filename" value="/Objects/pipe_elbow_2.hs"/>
    </Properties>
  </Object>
  <Object name="Object43">
    <AbsoluteLocation value="-12.558727 -16.902630"/>
    <Properties>
      <Property name="Angle" value="7.17274"/>
      <Property name="Filename" value="/Objects/pipe_straight_long.hs"/>
    </Properties>
  </Object>
  <Object name="Object110">
    <AbsoluteLocation value="0.880877 -5.372945"/>
    <Properties>
      <Property name="Angle" value="61.3145"/>
      <Property name="Filename" value="/Objects/pipe_bend_2.hs"/>
    </Properties>
  </Object>
  <Object name="Object37">
    <AbsoluteLocation value="-14.111141 23.867826"/>
    <Properties>
      <Property name="Angle" value="-25.5227"/>
      <Property name="Filename" value="/Objects/pipe_straight_long.hs"/>
    </Properties>
  </Object>
  <Object name="Object80">
    <AbsoluteLocation value="4.565956 -11.824461"/>
    <Properties>
      <Property name="Angle" value="-90.8122"/>
      <Property name="Filename" value="/Objects/pipe_straight_short.hs"/>
    </Properties>
  </Object>
  <Object name="Object79">
    <AbsoluteLocation value="5.190816 -10.250147"/>
    <Properties>
      <Property name="Angle" value="88.685"/>
      <Property name="Filename" value="/Objects/pipe_elbow_2.hs"/>
    </Properties>
  </Object>
  <Object name="Object33">
    <AbsoluteLocation value="-15.667705 29.142097"/>
    <Properties>
      <Property name="Angle" value="-1.52997"/>
      <Property name="Filename" value="/Objects/pipe_straight_long.hs"/>
    </Properties>
  </Object>
  <Object name="Ducky13">
    <AbsoluteLocation value="-13.035164 14.766804"/>
    <Properties>
      <Property name="Angle" value="0"/>
      <Property name="Filename" value="/Objects/star.hs"/>
      <Property name="Type" value="star"/>
    </Properties>
  </Object>
  <Object name="Ducky14">
    <AbsoluteLocation value="19.538944 43.905643"/>
    <Properties>
      <Property name="Angle" value="0"/>
      <Property name="Filename" value="/Objects/star.hs"/>
      <Property name="Type" value="star"/>
    </Properties>
  </Object>
  <Object name="Ducky15">
    <AbsoluteLocation value="-8.684214 0.588474"/>
    <Properties>
      <Property name="Angle" value="0"/>
      <Property name="Filename" value="/Objects/star.hs"/>
      <Property name="Type" value="star"/>
    </Properties>
  </Object>
  <Object name="Switch6">
    <AbsoluteLocation value="-13.978886 53.731415"/>
    <Properties>
      <Property name="Angle" value="-0.564747"/>
      <Property name="ConnectedObject0" value="Object140"/>
      <Property name="Filename" value="/Objects/switch.hs"/>
      <Property name="Type" value="switch"/>
    </Properties>
  </Object>
  <Object name="Switch9">
    <AbsoluteLocation value="28.411221 -39.974224"/>
    <Properties>
      <Property name="Angle" value="0"/>
      <Property name="ConnectedObject0" value="Object143"/>
      <Property name="Filename" value="/Objects/switch_brown.hs"/>
      <Property name="Type" value="switch"/>
    </Properties>
  </Object>
  <Object name="Switch10">
    <AbsoluteLocation value="-25.398766 -92.069817"/>
    <Properties>
      <Property name="Angle" value="0.0656081"/>
      <Property name="ConnectedObject0" value="Object144"/>
      <Property name="Filename" value="/Objects/switch_green.hs"/>
      <Property name="Type" value="switch"/>
    </Properties>
  </Object>
  <Object name="Spout14">
    <AbsoluteLocation value="-21.375000 29.156250"/>
    <Properties>
      <Property name="Angle" value="88.5035"/>
      <Property name="ConnectedSpout0" value="Spout15"/>
      <Property name="ConnectedSpoutProbability0" value="1"/>
      <Property name="Filename" value="/Objects/basic_drain.hs"/>
      <Property name="Type" value="spout"/>
    </Properties>
  </Object>
  <Object name="Object32">
    <AbsoluteLocation value="-10.078392 41.628185"/>
    <Properties>
      <Property name="Angle" value="87.5663"/>
      <Property name="Filename" value="/Objects/pipe_straight_long.hs"/>
    </Properties>
  </Object>
  <Object name="Object34">
    <AbsoluteLocation value="-10.684972 33.662689"/>
    <Properties>
      <Property name="Angle" value="84.4703"/>
      <Property name="Filename" value="/Objects/pipe_straight_long.hs"/>
    </Properties>
  </Object>
  <Object name="Object38">
    <AbsoluteLocation value="-10.122128 -13.561421"/>
    <Properties>
      <Property name="Angle" value="73.7867"/>
      <Property name="Filename" value="/Objects/pipe_straight_long.hs"/>
    </Properties>
  </Object>
  <Object name="Object42">
    <AbsoluteLocation value="-16.746578 -14.715341"/>
    <Properties>
      <Property name="Angle" value="6.66154"/>
      <Property name="Filename" value="/Objects/pipe_straight_long.hs"/>
    </Properties>
  </Object>
  <Object name="Object47">
    <AbsoluteLocation value="0.909934 -7.264721"/>
    <Properties>
      <Property name="Angle" value="11.1015"/>
      <Property name="Filename" value="/Objects/pipe_straight_long.hs"/>
    </Properties>
  </Object>
  <Object name="Object49">
    <AbsoluteLocation value="10.060468 -7.152235"/>
    <Properties>
      <Property name="Angle" value="-9.26466"/>
      <Property name="Filename" value="/Objects/pipe_straight_long.hs"/>
    </Properties>
  </Object>
  <Object name="Object50">
    <AbsoluteLocation value="18.821594 -9.585665"/>
    <Properties>
      <Property name="Angle" value="-21.427"/>
      <Property name="Filename" value="/Objects/pipe_straight_long.hs"/>
    </Properties>
  </Object>
  <Object name="Spout19">
    <AbsoluteLocation value="13.507888 -10.487916"/>
    <Properties>
      <Property name="Angle" value="-23.9943"/>
      <Property name="Filename" value="/Objects/shower_head.hs"/>
      <Property name="FluidType" value="Water"/>
      <Property name="NumberParticles" value="0"/>
      <Property name="Type" value="spout"/>
    </Properties>
  </Object>
  <Object name="Object61">
    <AbsoluteLocation value="14.203278 -61.269745"/>
    <Properties>
      <Property name="Angle" value="-88.8108"/>
      <Property name="Filename" value="/Objects/pipe_straight_long.hs"/>
    </Properties>
  </Object>
  <Object name="Object62">
    <AbsoluteLocation value="18.895195 -66.192291"/>
    <Properties>
      <Property name="Angle" value="-6.88003"/>
      <Property name="Filename" value="/Objects/pipe_straight_long.hs"/>
    </Properties>
  </Object>
  <Object name="Object65">
    <AbsoluteLocation value="13.216476 31.416542"/>
    <Properties>
      <Property name="Angle" value="-0.26619"/>
      <Property name="Filename" value="/Objects/pipe_straight_long.hs"/>
    </Properties>
  </Object>
  <Object name="Object67">
    <AbsoluteLocation value="1.460691 -35.068649"/>
    <Properties>
      <Property name="Angle" value="88.9959"/>
      <Property name="Filename" value="/Objects/pipe_straight_long.hs"/>
    </Properties>
  </Object>
  <Object name="Object68">
    <AbsoluteLocation value="1.476159 -25.534870"/>
    <Properties>
      <Property name="Angle" value="90.557"/>
      <Property name="Filename" value="/Objects/pipe_straight_long.hs"/>
    </Properties>
  </Object>
  <Object name="Object69">
    <AbsoluteLocation value="1.188543 -16.008003"/>
    <Properties>
      <Property name="Angle" value="92.835"/>
      <Property name="Filename" value="/Objects/pipe_straight_long.hs"/>
    </Properties>
  </Object>
  <Object name="Object71">
    <AbsoluteLocation value="9.596827 -15.461895"/>
    <Properties>
      <Property name="Angle" value="-78.7423"/>
      <Property name="Filename" value="/Objects/pipe_straight_long.hs"/>
    </Properties>
  </Object>
  <Object name="Object72">
    <AbsoluteLocation value="10.635868 -24.501921"/>
    <Properties>
      <Property name="Angle" value="-87.5473"/>
      <Property name="Filename" value="/Objects/pipe_straight_long.hs"/>
    </Properties>
  </Object>
  <Object name="Spout29">
    <AbsoluteLocation value="10.718632 -31.046768"/>
    <Properties>
      <Property name="Angle" value="-90.6578"/>
      <Property name="Filename" value="/Objects/shower_head.hs"/>
      <Property name="FluidType" value="Water"/>
      <Property name="NumberParticles" value="0"/>
      <Property name="Type" value="spout"/>
    </Properties>
  </Object>
  <Object name="Object73">
    <AbsoluteLocation value="6.583392 -25.950436"/>
    <Properties>
      <Property name="Angle" value="83.3071"/>
      <Property name="Filename" value="/Objects/pipe_straight_long.hs"/>
    </Properties>
  </Object>
  <Object name="Object75">
    <AbsoluteLocation value="5.779415 -35.384594"/>
    <Properties>
      <Property name="Angle" value="86.9234"/>
      <Property name="Filename" value="/Objects/pipe_straight_long.hs"/>
    </Properties>
  </Object>
  <Object name="Object76">
    <AbsoluteLocation value="6.570034 -44.649906"/>
    <Properties>
      <Property name="Angle" value="102.653"/>
      <Property name="Filename" value="/Objects/pipe_straight_long.hs"/>
    </Properties>
  </Object>
  <Object name="Object77">
    <AbsoluteLocation value="7.681319 -53.951797"/>
    <Properties>
      <Property name="Angle" value="90.9856"/>
      <Property name="Filename" value="/Objects/pipe_straight_long.hs"/>
    </Properties>
  </Object>
  <Object name="Object78">
    <AbsoluteLocation value="7.167568 -63.360165"/>
    <Properties>
      <Property name="Angle" value="82.6876"/>
      <Property name="Filename" value="/Objects/pipe_straight_long.hs"/>
    </Properties>
  </Object>
  <Object name="Object81">
    <AbsoluteLocation value="18.314325 30.746170"/>
    <Properties>
      <Property name="Angle" value="0"/>
      <Property name="Filename" value="/Objects/pipe_elbow_1.hs"/>
    </Properties>
  </Object>
  <Object name="Object82">
    <AbsoluteLocation value="18.252312 28.153734"/>
    <Properties>
      <Property name="Angle" value="-92.5733"/>
      <Property name="Filename" value="/Objects/pipe_elbow_1.hs"/>
    </Properties>
  </Object>
  <Object name="Object85">
    <AbsoluteLocation value="-10.131354 19.449253"/>
    <Properties>
      <Property name="Angle" value="-203.768"/>
      <Property name="Filename" value="/Objects/pipe_elbow_2.hs"/>
    </Properties>
  </Object>
  <Object name="Object86">
    <AbsoluteLocation value="-25.483994 24.785419"/>
    <Properties>
      <Property name="Angle" value="-260.992"/>
      <Property name="Filename" value="/Objects/pipe_elbow_1.hs"/>
    </Properties>
  </Object>
  <Object name="Spout17">
    <AbsoluteLocation value="-25.914064 22.365669"/>
    <Properties>
      <Property name="Angle" value="-87.0973"/>
      <Property name="Filename" value="/Objects/shower_head.hs"/>
      <Property name="FluidType" value="Water"/>
      <Property name="NumberParticles" value="0"/>
      <Property name="Type" value="spout"/>
    </Properties>
  </Object>
  <Object name="Object87">
    <AbsoluteLocation value="-9.277412 46.150230"/>
    <Properties>
      <Property name="Angle" value="-269.942"/>
      <Property name="Filename" value="/Objects/pipe_elbow_1.hs"/>
    </Properties>
  </Object>
  <Object name="Object88">
    <AbsoluteLocation value="-7.640472 46.272411"/>
    <Properties>
      <Property name="Angle" value="-355.197"/>
      <Property name="Filename" value="/Objects/pipe_elbow_1.hs"/>
    </Properties>
  </Object>
  <Object name="Spout15">
    <AbsoluteLocation value="-6.750000 44.062500"/>
    <Properties>
      <Property name="Angle" value="-87.0973"/>
      <Property name="Filename" value="/Objects/shower_head.hs"/>
      <Property name="FluidType" value="Water"/>
      <Property name="NumberParticles" value="0"/>
      <Property name="Type" value="spout"/>
    </Properties>
  </Object>
  <Object name="Object44">
    <AbsoluteLocation value="-7.671782 -12.949707"/>
    <Properties>
      <Property name="Angle" value="14.8106"/>
      <Property name="Filename" value="/Objects/pipe_straight_long.hs"/>
    </Properties>
  </Object>
  <Object name="Object90">
    <AbsoluteLocation value="30.517487 -7.439435"/>
    <Properties>
      <Property name="Angle" value="-12.4586"/>
      <Property name="Filename" value="/Objects/pipe_elbow_2.hs"/>
    </Properties>
  </Object>
  <Object name="Spout24">
    <AbsoluteLocation value="28.170862 -5.890580"/>
    <Properties>
      <Property name="Angle" value="72.6096"/>
      <Property name="ConnectedSpout0" value="Spout25"/>
      <Property name="ConnectedSpoutProbability0" value="1"/>
      <Property name="Filename" value="/Objects/basic_drain.hs"/>
      <Property name="Type" value="spout"/>
    </Properties>
  </Object>
  <Object name="Object92">
    <AbsoluteLocation value="11.778991 -56.314957"/>
    <Properties>
      <Property name="Angle" value="-271.211"/>
      <Property name="Filename" value="/Objects/pipe_elbow_1.hs"/>
    </Properties>
  </Object>
  <Object name="Object93">
    <AbsoluteLocation value="13.360253 -56.198444"/>
    <Properties>
      <Property name="Angle" value="-356.466"/>
      <Property name="Filename" value="/Objects/pipe_elbow_1.hs"/>
    </Properties>
  </Object>
  <Object name="Spout31">
    <AbsoluteLocation value="10.731983 -58.671806"/>
    <Properties>
      <Property name="Angle" value="-89.6076"/>
      <Property name="Filename" value="/Objects/shower_head.hs"/>
      <Property name="FluidType" value="Water"/>
      <Property name="NumberParticles" value="0"/>
      <Property name="Type" value="spout"/>
    </Properties>
  </Object>
  <Object name="Object95">
    <AbsoluteLocation value="10.107962 21.646513"/>
    <Properties>
      <Property name="Angle" value="192.406"/>
      <Property name="Filename" value="/Objects/pipe_elbow_2.hs"/>
    </Properties>
  </Object>
  <Object name="Spout63">
    <AbsoluteLocation value="13.756229 21.340786"/>
    <Properties>
      <Property name="Angle" value="270.386"/>
      <Property name="ConnectedSpout0" value="Spout62"/>
      <Property name="ConnectedSpoutProbability0" value="1"/>
      <Property name="Filename" value="/Objects/basic_drain.hs"/>
      <Property name="Type" value="spout"/>
    </Properties>
  </Object>
  <Object name="Object98">
    <AbsoluteLocation value="-15.870588 24.705574"/>
    <Properties>
      <Property name="Angle" value="25.0026"/>
      <Property name="Filename" value="/Objects/pipe_straight.hs"/>
    </Properties>
  </Object>
  <Object name="Object55">
    <AbsoluteLocation value="-11.834307 26.341881"/>
    <Properties>
      <Property name="Angle" value="14.1291"/>
      <Property name="Filename" value="/Objects/pipe_into_wall_1.hs"/>
    </Properties>
  </Object>
  <Object name="Spout62">
    <AbsoluteLocation value="-19.275450 22.073767"/>
    <Properties>
      <Property name="Angle" value="-107.446"/>
      <Property name="Filename" value="/Objects/shower_head.hs"/>
      <Property name="FluidType" value="Water"/>
      <Property name="NumberParticles" value="0"/>
      <Property name="Type" value="spout"/>
    </Properties>
  </Object>
  <Object name="Object99">
    <AbsoluteLocation value="-21.233561 25.688580"/>
    <Properties>
      <Property name="Angle" value="0.499184"/>
      <Property name="Filename" value="/Objects/pipe_straight.hs"/>
    </Properties>
  </Object>
  <Object name="Object100">
    <AbsoluteLocation value="-10.664176 21.479750"/>
    <Properties>
      <Property name="Angle" value="-385.106"/>
      <Property name="Filename" value="/Objects/pipe_elbow_1.hs"/>
    </Properties>
  </Object>
  <Object name="Object102">
    <AbsoluteLocation value="-11.561581 30.292633"/>
    <Properties>
      <Property name="Angle" value="95.0423"/>
      <Property name="Filename" value="/Objects/pipe_connector_90.hs"/>
    </Properties>
  </Object>
  <Object name="Object103">
    <AbsoluteLocation value="-7.861016 18.286720"/>
    <Properties>
      <Property name="Angle" value="-118.154"/>
      <Property name="Filename" value="/Objects/pipe_elbow_2.hs"/>
    </Properties>
  </Object>
  <Object name="Spout16">
    <AbsoluteLocation value="-6.670651 20.799498"/>
    <Properties>
      <Property name="Angle" value="-6.63595"/>
      <Property name="ConnectedSpout0" value="Spout17"/>
      <Property name="ConnectedSpoutProbability0" value="1"/>
      <Property name="Filename" value="/Objects/basic_drain.hs"/>
      <Property name="Type" value="spout"/>
    </Properties>
  </Object>
  <Object name="Object105">
    <AbsoluteLocation value="17.307663 12.751537"/>
    <Properties>
      <Property name="Angle" value="-30.887"/>
      <Property name="Filename" value="/Objects/pipe_elbow_2.hs"/>
    </Properties>
  </Object>
  <Object name="Spout26">
    <AbsoluteLocation value="14.722965 14.026154"/>
    <Properties>
      <Property name="Angle" value="-178.99"/>
      <Property name="Filename" value="/Objects/shower_head.hs"/>
      <Property name="FluidType" value="Water"/>
      <Property name="NumberParticles" value="0"/>
      <Property name="Type" value="spout"/>
    </Properties>
  </Object>
  <Object name="Object106">
    <AbsoluteLocation value="15.007635 9.294699"/>
    <Properties>
      <Property name="Angle" value="43.4439"/>
      <Property name="Filename" value="/Objects/pipe_straight.hs"/>
    </Properties>
  </Object>
  <Object name="Object107">
    <AbsoluteLocation value="14.120716 7.622735"/>
    <Properties>
      <Property name="Angle" value="-229.199"/>
      <Property name="Filename" value="/Objects/pipe_elbow_1.hs"/>
    </Properties>
  </Object>
  <Object name="Spout27">
    <AbsoluteLocation value="16.442207 6.587719"/>
    <Properties>
      <Property name="Angle" value="271.386"/>
      <Property name="ConnectedSpout0" value="Spout26"/>
      <Property name="ConnectedSpoutProbability0" value="1"/>
      <Property name="Filename" value="/Objects/basic_drain.hs"/>
      <Property name="Type" value="spout"/>
    </Properties>
  </Object>
  <Object name="Object108">
    <AbsoluteLocation value="-22.769941 -14.606808"/>
    <Properties>
      <Property name="Angle" value="-178.577"/>
      <Property name="Filename" value="/Objects/pipe_elbow_2.hs"/>
    </Properties>
  </Object>
  <Object name="Spout18">
    <AbsoluteLocation value="-23.891029 -12.177553"/>
    <Properties>
      <Property name="Angle" value="0.137142"/>
      <Property name="ConnectedSpout0" value="Spout19"/>
      <Property name="ConnectedSpoutProbability0" value="1"/>
      <Property name="Filename" value="/Objects/basic_drain.hs"/>
      <Property name="Type" value="spout"/>
    </Properties>
  </Object>
  <Object name="Object109">
    <AbsoluteLocation value="-2.874646 -11.577896"/>
    <Properties>
      <Property name="Angle" value="-116.487"/>
      <Property name="Filename" value="/Objects/pipe_bend_1.hs"/>
    </Properties>
  </Object>
  <Object name="Object111">
    <AbsoluteLocation value="-0.956680 -8.485955"/>
    <Properties>
      <Property name="Angle" value="64.0588"/>
      <Property name="Filename" value="/Objects/pipe_straight.hs"/>
    </Properties>
  </Object>
  <Object name="Object113">
    <AbsoluteLocation value="5.986032 -91.539291"/>
    <Properties>
      <Property name="Angle" value="-32.0274"/>
      <Property name="Filename" value="/Objects/pipe_straight_short.hs"/>
    </Properties>
  </Object>
  <Object name="Switch8">
    <AbsoluteLocation value="9.543060 0.843351"/>
    <Properties>
      <Property name="Angle" value="0.637069"/>
      <Property name="ConnectedObject0" value="Object141"/>
      <Property name="Filename" value="/Objects/switch_blue.hs"/>
      <Property name="Type" value="switch"/>
    </Properties>
  </Object>
  <Object name="Object117">
    <AbsoluteLocation value="-24.433996 -17.415337"/>
    <Properties>
      <Property name="Angle" value="-280.777"/>
      <Property name="Filename" value="/Objects/pipe_elbow_1.hs"/>
    </Properties>
  </Object>
  <Object name="Spout25">
    <AbsoluteLocation value="-25.315878 -19.462799"/>
    <Properties>
      <Property name="Angle" value="-87.0973"/>
      <Property name="Filename" value="/Objects/shower_head.hs"/>
      <Property name="FluidType" value="Water"/>
      <Property name="NumberParticles" value="0"/>
      <Property name="Type" value="spout"/>
    </Properties>
  </Object>
  <Object name="Object118">
    <AbsoluteLocation value="-20.031164 -17.205790"/>
    <Properties>
      <Property name="Angle" value="-4.22967"/>
      <Property name="Filename" value="/Objects/pipe_straight.hs"/>
    </Properties>
  </Object>
  <Object name="Spout20">
    <AbsoluteLocation value="-11.504249 -19.232712"/>
    <Properties>
      <Property name="Angle" value="-87.0973"/>
      <Property name="Filename" value="/Objects/shower_head.hs"/>
      <Property name="FluidType" value="Water"/>
      <Property name="NumberParticles" value="0"/>
      <Property name="Type" value="spout"/>
    </Properties>
  </Object>
  <Object name="Object119">
    <AbsoluteLocation value="-8.328026 -8.449672"/>
    <Properties>
      <Property name="Angle" value="73.5426"/>
      <Property name="Filename" value="/Objects/pipe_bend_2.hs"/>
    </Properties>
  </Object>
  <Object name="Object120">
    <AbsoluteLocation value="-5.203249 -6.400784"/>
    <Properties>
      <Property name="Angle" value="33.1289"/>
      <Property name="Filename" value="/Objects/pipe_straight.hs"/>
    </Properties>
  </Object>
  <Object name="Object121">
    <AbsoluteLocation value="-1.981345 -4.213519"/>
    <Properties>
      <Property name="Angle" value="-100.883"/>
      <Property name="Filename" value="/Objects/pipe_bend_1.hs"/>
    </Properties>
  </Object>
  <Object name="Object123">
    <AbsoluteLocation value="-8.140700 -16.120962"/>
    <Properties>
      <Property name="Angle" value="-116.487"/>
      <Property name="Filename" value="/Objects/pipe_bend_1.hs"/>
    </Properties>
  </Object>
  <Object name="Object124">
    <AbsoluteLocation value="-3.061456 -8.184989"/>
    <Properties>
      <Property name="Angle" value="62.3682"/>
      <Property name="Filename" value="/Objects/pipe_bend_2.hs"/>
    </Properties>
  </Object>
  <Object name="Object46">
    <AbsoluteLocation value="-5.593139 -12.164322"/>
    <Properties>
      <Property name="Angle" value="60.5439"/>
      <Property name="Filename" value="/Objects/pipe_straight_long.hs"/>
    </Properties>
  </Object>
  <Object name="Object127">
    <AbsoluteLocation value="26.233156 -11.538456"/>
    <Properties>
      <Property name="Angle" value="-5.24571"/>
      <Property name="Filename" value="/Objects/pipe_straight.hs"/>
    </Properties>
  </Object>
  <Object name="Object128">
    <AbsoluteLocation value="10.589415 -90.572311"/>
    <Properties>
      <Property name="Angle" value="48.6608"/>
      <Property name="Filename" value="/Objects/pipe_connector_end.hs"/>
    </Properties>
  </Object>
  <Object name="Spout3">
    <AbsoluteLocation value="4.674849 -89.685379"/>
    <Properties>
      <Property name="Angle" value="23.3511"/>
      <Property name="ConnectedSpout0" value="SWAMPY_SPOUT"/>
      <Property name="ConnectedSpoutProbability0" value="1"/>
      <Property name="Filename" value="/Objects/broken_pipe.hs"/>
      <Property name="Type" value="spout"/>
    </Properties>
  </Object>
  <Object name="Object131">
    <AbsoluteLocation value="9.222112 -70.370071"/>
    <Properties>
      <Property name="Angle" value="-113.912"/>
      <Property name="Filename" value="/Objects/pipe_elbow_1.hs"/>
    </Properties>
  </Object>
  <Object name="Object132">
    <AbsoluteLocation value="6.827294 -69.495888"/>
    <Properties>
      <Property name="Angle" value="-196.893"/>
      <Property name="Filename" value="/Objects/pipe_elbow_1.hs"/>
    </Properties>
  </Object>
  <Object name="Spout22">
    <AbsoluteLocation value="10.819279 -67.653351"/>
    <Properties>
      <Property name="Angle" value="-13.993"/>
      <Property name="ConnectedSpout0" value="Spout23"/>
      <Property name="ConnectedSpoutProbability0" value="1"/>
      <Property name="Filename" value="/Objects/basic_drain.hs"/>
      <Property name="Type" value="spout"/>
    </Properties>
  </Object>
  <Object name="Object135">
    <AbsoluteLocation value="14.767614 -65.050568"/>
    <Properties>
      <Property name="Angle" value="174.981"/>
      <Property name="Filename" value="/Objects/pipe_elbow_2.hs"/>
    </Properties>
  </Object>
  <Object name="Object136">
    <AbsoluteLocation value="27.663385 -67.478294"/>
    <Properties>
      <Property name="Angle" value="247.948"/>
      <Property name="Filename" value="/Objects/pipe_elbow_2.hs"/>
    </Properties>
  </Object>
  <Object name="Spout30">
    <AbsoluteLocation value="29.176060 -65.001503"/>
    <Properties>
      <Property name="Angle" value="-7.29752"/>
      <Property name="ConnectedSpout0" value="Spout31"/>
      <Property name="ConnectedSpoutProbability0" value="1"/>
      <Property name="Filename" value="/Objects/basic_drain.hs"/>
      <Property name="Type" value="spout"/>
    </Properties>
  </Object>
  <Object name="Object137">
    <AbsoluteLocation value="24.915661 -67.198975"/>
    <Properties>
      <Property name="Angle" value="-16.9749"/>
      <Property name="Filename" value="/Objects/pipe_straight_short.hs"/>
    </Properties>
  </Object>
  <Object name="Object125">
    <AbsoluteLocation value="-1.191622 -59.733391"/>
    <Properties>
      <Property name="Angle" value="257.604"/>
      <Property name="Filename" value="/Objects/pipe_elbow_2.hs"/>
    </Properties>
  </Object>
  <Object name="Spout28">
    <AbsoluteLocation value="-3.582718 -59.605820"/>
    <Properties>
      <Property name="Angle" value="71.5569"/>
      <Property name="ConnectedSpout0" value="Spout29"/>
      <Property name="ConnectedSpoutProbability0" value="1"/>
      <Property name="Filename" value="/Objects/basic_drain.hs"/>
      <Property name="Type" value="spout"/>
    </Properties>
  </Object>
  <Object name="Object112">
    <AbsoluteLocation value="28.936071 -10.735748"/>
    <Properties>
      <Property name="Angle" value="69.9076"/>
      <Property name="Filename" value="/Objects/pipe_connector_90.hs"/>
    </Properties>
  </Object>
  <Object name="Object126">
    <AbsoluteLocation value="1.626781 -12.071915"/>
    <Properties>
      <Property name="Angle" value="-265.255"/>
      <Property name="Filename" value="/Objects/pipe_elbow_1.hs"/>
    </Properties>
  </Object>
  <Object name="Object130">
    <AbsoluteLocation value="4.875914 -11.277223"/>
    <Properties>
      <Property name="Angle" value="2.03799"/>
      <Property name="Filename" value="/Objects/pipe_straight.hs"/>
    </Properties>
  </Object>
  <Object name="Object133">
    <AbsoluteLocation value="8.278191 -11.704880"/>
    <Properties>
      <Property name="Angle" value="-352.676"/>
      <Property name="Filename" value="/Objects/pipe_elbow_1.hs"/>
    </Properties>
  </Object>
  <Object name="Object74">
    <AbsoluteLocation value="7.243880 -16.521954"/>
    <Properties>
      <Property name="Angle" value="88.4907"/>
      <Property name="Filename" value="/Objects/pipe_straight_long.hs"/>
    </Properties>
  </Object>
  <Object name="Object134">
    <AbsoluteLocation value="6.794268 -10.356128"/>
    <Properties>
      <Property name="Angle" value="-3.41845"/>
      <Property name="Filename" value="/Objects/pipe_elbow_2.hs"/>
    </Properties>
  </Object>
  <Object name="Spout21">
    <AbsoluteLocation value="-1.306993 -1.048426"/>
    <Properties>
      <Property name="Angle" value="0.137142"/>
      <Property name="ConnectedSpout0" value="Spout20"/>
      <Property name="ConnectedSpoutProbability0" value="1"/>
      <Property name="Filename" value="/Objects/basic_drain.hs"/>
      <Property name="Type" value="spout"/>
    </Properties>
  </Object>
  <Object name="Object122">
    <AbsoluteLocation value="7.142367 -4.602534"/>
    <Properties>
      <Property name="Angle" value="0.388129"/>
      <Property name="Filename" value="/Objects/pipe_bend_2.hs"/>
    </Properties>
  </Object>
  <Object name="Object57">
    <AbsoluteLocation value="7.162842 31.276436"/>
    <Properties>
      <Property name="Angle" value="-174.611"/>
      <Property name="Filename" value="/Objects/pipe_into_wall_2.hs"/>
    </Properties>
  </Object>
  <Object name="Object138">
    <AbsoluteLocation value="-0.169514 -57.490185"/>
    <Properties>
      <Property name="Angle" value="83.4416"/>
      <Property name="Filename" value="/Objects/pipe_into_wall_1.hs"/>
    </Properties>
  </Object>
  <Object name="Object139">
    <AbsoluteLocation value="1.164085 -40.214512"/>
    <Properties>
      <Property name="Angle" value="-101.62"/>
      <Property name="Filename" value="/Objects/pipe_into_wall_2.hs"/>
    </Properties>
  </Object>
  <Object name="Object140">
    <AbsoluteLocation value="26.724525 51.998440"/>
    <Properties>
      <Property name="Angle" value="0"/>
      <Property name="Filename" value="/Objects/wall_8x8.hs"/>
      <Property name="MotorMoveSpeed" value="10"/>
      <Property name="PathPos0" value="0 0"/>
      <Property name="PathPos1" value="-10 0"/>
    </Properties>
  </Object>
  <Object name="Object141">
    <AbsoluteLocation value="0.935738 26.209606"/>
    <Properties>
      <Property name="Angle" value="0"/>
      <Property name="Filename" value="/Objects/wall_8x8_blue.hs"/>
      <Property name="MotorMoveSpeed" value="10"/>
      <Property name="PathPos0" value="0 0"/>
      <Property name="PathPos1" value="-10 0"/>
    </Properties>
  </Object>
  <Object name="Object143">
    <AbsoluteLocation value="-9.248531 -50.335590"/>
    <Properties>
      <Property name="Angle" value="0"/>
      <Property name="Filename" value="/Objects/wall_8x8_brown.hs"/>
      <Property name="MotorMoveSpeed" value="10"/>
      <Property name="PathPos0" value="0 0"/>
      <Property name="PathPos1" value="-8 0"/>
    </Properties>
  </Object>
  <Object name="Object144">
    <AbsoluteLocation value="2.906876 -49.678555"/>
    <Properties>
      <Property name="Angle" value="0"/>
      <Property name="Filename" value="/Objects/wall_8x8_green.hs"/>
      <Property name="MotorMoveSpeed" value="10"/>
      <Property name="PathPos0" value="0 0"/>
      <Property name="PathPos1" value="-5 0"/>
    </Properties>
  </Object>
  <Object name="Object142">
    <AbsoluteLocation value="21.072487 51.980251"/>
    <Properties>
      <Property name="Angle" value="-0.120495"/>
      <Property name="Filename" value="/Objects/path_locking_end.hs"/>
    </Properties>
  </Object>
  <Object name="Object146">
    <AbsoluteLocation value="25.896641 51.959694"/>
    <Properties>
      <Property name="Angle" value="-0.120495"/>
      <Property name="Filename" value="/Objects/path_locking_end_right.hs"/>
    </Properties>
  </Object>
  <Object name="Object148">
    <AbsoluteLocation value="-4.649174 26.134613"/>
    <Properties>
      <Property name="Angle" value="-0.120495"/>
      <Property name="Filename" value="/Objects/path_locking_end.hs"/>
    </Properties>
  </Object>
  <Object name="Object149">
    <AbsoluteLocation value="0.211098 26.114056"/>
    <Properties>
      <Property name="Angle" value="-0.120495"/>
      <Property name="Filename" value="/Objects/path_locking_end_right.hs"/>
    </Properties>
  </Object>
  <Object name="Object151">
    <AbsoluteLocation value="-13.333881 -50.314102"/>
    <Properties>
      <Property name="Angle" value="-0.120495"/>
      <Property name="Filename" value="/Objects/path_locking_end.hs"/>
    </Properties>
  </Object>
  <Object name="Object152">
    <AbsoluteLocation value="-8.451416 -50.326637"/>
    <Properties>
      <Property name="Angle" value="-0.120495"/>
      <Property name="Filename" value="/Objects/path_locking_end_right.hs"/>
    </Properties>
  </Object>
  <Object name="Object154">
    <AbsoluteLocation value="-1.661304 -49.655746"/>
    <Properties>
      <Property name="Angle" value="-0.120495"/>
      <Property name="Filename" value="/Objects/path_locking_end.hs"/>
    </Properties>
  </Object>
  <Object name="Object155">
    <AbsoluteLocation value="3.221161 -49.668282"/>
    <Properties>
      <Property name="Angle" value="-0.120495"/>
      <Property name="Filename" value="/Objects/path_locking_end_right.hs"/>
    </Properties>
  </Object>
  <Object name="Object147">
    <AbsoluteLocation value="13.884281 27.114456"/>
    <Properties>
      <Property name="Angle" value="187.67"/>
      <Property name="Filename" value="/Objects/pipe_straight.hs"/>
    </Properties>
  </Object>
  <Object name="Object104">
    <AbsoluteLocation value="9.615429 25.187630"/>
    <Properties>
      <Property name="Angle" value="280.079"/>
      <Property name="Filename" value="/Objects/pipe_connector_90.hs"/>
    </Properties>
  </Object>
  <Object name="Spout23">
    <AbsoluteLocation value="4.482799 -14.713451"/>
    <Properties>
      <Property name="Angle" value="-95.5761"/>
      <Property name="Filename" value="/Objects/shower_head.hs"/>
      <Property name="FluidType" value="Water"/>
      <Property name="NumberParticles" value="0"/>
      <Property name="Type" value="spout"/>
    </Properties>
  </Object>
  <Room>
    <AbsoluteLocation value="20.400003 -81.200005"/>
  </Room>
</Objects>
