<?xml version="1.0"?>
<Objects>
  <Object name="Spout12">
    <AbsoluteLocation value="20.843918 -25.187901"/>
    <Properties>
      <Property name="Angle" value="359.015"/>
      <Property name="ConnectedSpout0" value="SWAMPY_SPOUT"/>
      <Property name="ConnectedSpoutProbability0" value="1"/>
      <Property name="Filename" value="/Objects/broken_pipe.hs"/>
      <Property name="Type" value="spout"/>
    </Properties>
  </Object>
  <Object name="Spout3">
    <AbsoluteLocation value="-1.524761 -1.493771"/>
    <Properties>
      <Property name="Angle" value="-268.789"/>
      <Property name="Filename" value="/Objects/touch_spout_mud.hs"/>
      <Property name="FluidType" value="Mud"/>
      <Property name="ParticlesPerSecond" value="24"/>
      <Property name="SprinklerSteps" value="7"/>
      <Property name="SprinklerWidth" value="5"/>
      <Property name="Type" value="spout"/>
    </Properties>
  </Object>
  <Object name="Spout4">
    <AbsoluteLocation value="-21.093750 -18.937500"/>
    <Properties>
      <Property name="Angle" value="55.7588"/>
      <Property name="Filename" value="/Objects/touch_spout.hs"/>
      <Property name="FluidType" value="Water"/>
      <Property name="Type" value="spout"/>
    </Properties>
  </Object>
  <Object name="Object5">
    <AbsoluteLocation value="-22.497536 14.497047"/>
    <Properties>
      <Property name="Angle" value="-44.5663"/>
      <Property name="Filename" value="/Objects/wall_24x8_locking_updown.hs"/>
    </Properties>
  </Object>
  <Object name="Object6">
    <AbsoluteLocation value="-9.307587 1.156570"/>
    <Properties>
      <Property name="Angle" value="-44.5663"/>
      <Property name="Filename" value="/Objects/wall_24x8_locking_updown.hs"/>
    </Properties>
  </Object>
  <Object name="Object7">
    <AbsoluteLocation value="6.818165 1.287953"/>
    <Properties>
      <Property name="Angle" value="-140.022"/>
      <Property name="Filename" value="/Objects/wall_24x8_locking_updown.hs"/>
    </Properties>
  </Object>
  <Object name="Object8">
    <AbsoluteLocation value="21.432648 13.480831"/>
    <Properties>
      <Property name="Angle" value="-140.022"/>
      <Property name="Filename" value="/Objects/wall_24x8_locking_updown.hs"/>
    </Properties>
  </Object>
  <Object name="Object9">
    <AbsoluteLocation value="-27.873001 18.268822"/>
    <Properties>
      <Property name="Angle" value="89.5518"/>
      <Property name="Filename" value="/Objects/wall_24x8_locking_updown.hs"/>
    </Properties>
  </Object>
  <Object name="Object10">
    <AbsoluteLocation value="27.506992 21.115379"/>
    <Properties>
      <Property name="Angle" value="89.5518"/>
      <Property name="Filename" value="/Objects/wall_24x8_locking_updown.hs"/>
    </Properties>
  </Object>
  <Object name="Object11">
    <AbsoluteLocation value="24.598751 32.597221"/>
    <Properties>
      <Property name="Angle" value="134.709"/>
      <Property name="Filename" value="/Objects/wall_24x8_locking_updown.hs"/>
    </Properties>
  </Object>
  <Object name="Object12">
    <AbsoluteLocation value="15.707508 34.950333"/>
    <Properties>
      <Property name="Angle" value="179.995"/>
      <Property name="Filename" value="/Objects/wall_24x8_locking_updown.hs"/>
    </Properties>
  </Object>
  <Object name="Object13">
    <AbsoluteLocation value="4.904148 31.628815"/>
    <Properties>
      <Property name="Angle" value="225.363"/>
      <Property name="Filename" value="/Objects/wall_24x8_locking_updown.hs"/>
    </Properties>
  </Object>
  <Object name="Object14">
    <AbsoluteLocation value="-24.095013 31.884781"/>
    <Properties>
      <Property name="Angle" value="225.363"/>
      <Property name="Filename" value="/Objects/wall_24x8_locking_updown.hs"/>
    </Properties>
  </Object>
  <Object name="Object15">
    <AbsoluteLocation value="-16.579212 34.731339"/>
    <Properties>
      <Property name="Angle" value="179.033"/>
      <Property name="Filename" value="/Objects/wall_24x8_locking_updown.hs"/>
    </Properties>
  </Object>
  <Object name="Object16">
    <AbsoluteLocation value="-6.164433 31.779907"/>
    <Properties>
      <Property name="Angle" value="144.062"/>
      <Property name="Filename" value="/Objects/wall_24x8_locking_updown.hs"/>
    </Properties>
  </Object>
  <Room>
    <AbsoluteLocation value="-0.399998 -35.600006"/>
  </Room>
</Objects>
