<?xml version="1.0"?>
<Objects>
  <Object name="Object47">
    <AbsoluteLocation value="-33.805817 -6.075109"/>
    <Properties>
      <Property name="Angle" value="0.754077"/>
      <Property name="Filename" value="/Objects/pipe_straight_long.hs"/>
    </Properties>
  </Object>
  <Object name="Object54">
    <AbsoluteLocation value="31.624062 -5.125445"/>
    <Properties>
      <Property name="Angle" value="0.754077"/>
      <Property name="Filename" value="/Objects/pipe_straight_long.hs"/>
    </Properties>
  </Object>
  <Object name="Object39">
    <AbsoluteLocation value="-4.457901 35.684303"/>
    <Properties>
      <Property name="Angle" value="50.9328"/>
      <Property name="Filename" value="/Objects/pipe_elbow_1.hs"/>
    </Properties>
  </Object>
  <Object name="Object38">
    <AbsoluteLocation value="1.443130 35.495399"/>
    <Properties>
      <Property name="Angle" value="47.0712"/>
      <Property name="Filename" value="/Objects/pipe_elbow_1.hs"/>
    </Properties>
  </Object>
  <Object name="Object24">
    <AbsoluteLocation value="-24.046875 -25.125000"/>
    <Properties>
      <Property name="Angle" value="89.3668"/>
      <Property name="Filename" value="/Objects/pipe_straight_long.hs"/>
    </Properties>
  </Object>
  <Object name="Object14">
    <AbsoluteLocation value="29.306320 2.295212"/>
    <Properties>
      <Property name="Angle" value="-90"/>
      <Property name="Filename" value="/Objects/pipe_straight_long.hs"/>
    </Properties>
  </Object>
  <Object name="Object13">
    <AbsoluteLocation value="28.594110 8.384987"/>
    <Properties>
      <Property name="Angle" value="0"/>
      <Property name="Filename" value="/Objects/pipe_elbow_1.hs"/>
    </Properties>
  </Object>
  <Object name="Ducky4">
    <AbsoluteLocation value="-18.061302 36.739101"/>
    <Properties>
      <Property name="Angle" value="0"/>
      <Property name="Filename" value="/Objects/star.hs"/>
      <Property name="Type" value="star"/>
    </Properties>
  </Object>
  <Object name="Ducky5">
    <AbsoluteLocation value="-1.287735 25.251106"/>
    <Properties>
      <Property name="Angle" value="0"/>
      <Property name="Filename" value="/Objects/star.hs"/>
      <Property name="Type" value="star"/>
    </Properties>
  </Object>
  <Object name="Ducky6">
    <AbsoluteLocation value="13.484688 39.616020"/>
    <Properties>
      <Property name="Angle" value="0"/>
      <Property name="Filename" value="/Objects/star.hs"/>
      <Property name="Type" value="star"/>
    </Properties>
  </Object>
  <Object name="Spout14">
    <AbsoluteLocation value="-23.158621 -19.726130"/>
    <Properties>
      <Property name="Angle" value="68.6876"/>
      <Property name="Filename" value="/Objects/touch_spout.hs"/>
      <Property name="FluidType" value="Water"/>
      <Property name="ParticleSpeed" value="50"/>
      <Property name="Type" value="spout"/>
    </Properties>
  </Object>
  <Object name="Object15">
    <AbsoluteLocation value="29.321945 -6.767288"/>
    <Properties>
      <Property name="Angle" value="-90"/>
      <Property name="Filename" value="/Objects/pipe_straight_long.hs"/>
    </Properties>
  </Object>
  <Object name="Object16">
    <AbsoluteLocation value="29.337570 -16.017288"/>
    <Properties>
      <Property name="Angle" value="-90"/>
      <Property name="Filename" value="/Objects/pipe_straight_long.hs"/>
    </Properties>
  </Object>
  <Object name="Object17">
    <AbsoluteLocation value="29.353195 -25.220417"/>
    <Properties>
      <Property name="Angle" value="-90"/>
      <Property name="Filename" value="/Objects/pipe_straight_long.hs"/>
    </Properties>
  </Object>
  <Object name="Object18">
    <AbsoluteLocation value="28.709444 -31.398540"/>
    <Properties>
      <Property name="Angle" value="-89.8336"/>
      <Property name="Filename" value="/Objects/pipe_elbow_1.hs"/>
    </Properties>
  </Object>
  <Object name="Object20">
    <AbsoluteLocation value="26.519272 -32.101658"/>
    <Properties>
      <Property name="Angle" value="-180.263"/>
      <Property name="Filename" value="/Objects/pipe_straight_short.hs"/>
    </Properties>
  </Object>
  <Object name="Object22">
    <AbsoluteLocation value="25.818436 -32.039158"/>
    <Properties>
      <Property name="Angle" value="180.148"/>
      <Property name="Filename" value="/Objects/pipe_into_wall_1.hs"/>
    </Properties>
  </Object>
  <Object name="Object23">
    <AbsoluteLocation value="26.308853 9.072578"/>
    <Properties>
      <Property name="Angle" value="0"/>
      <Property name="Filename" value="/Objects/pipe_straight_short.hs"/>
    </Properties>
  </Object>
  <Object name="Spout12">
    <AbsoluteLocation value="22.996262 9.240715"/>
    <Properties>
      <Property name="Angle" value="448.387"/>
      <Property name="ConnectedSpout0" value="SWAMPY_SPOUT"/>
      <Property name="ConnectedSpoutProbability0" value="1"/>
      <Property name="Filename" value="/Objects/broken_pipe.hs"/>
      <Property name="Type" value="spout"/>
    </Properties>
  </Object>
  <Object name="Object25">
    <AbsoluteLocation value="-24.171875 -34.609375"/>
    <Properties>
      <Property name="Angle" value="89.3668"/>
      <Property name="Filename" value="/Objects/pipe_straight_long.hs"/>
    </Properties>
  </Object>
  <Object name="Object26">
    <AbsoluteLocation value="-24.260078 -43.873634"/>
    <Properties>
      <Property name="Angle" value="89.3668"/>
      <Property name="Filename" value="/Objects/pipe_straight_long.hs"/>
    </Properties>
  </Object>
  <Object name="Object29">
    <AbsoluteLocation value="15.069180 -32.042404"/>
    <Properties>
      <Property name="Angle" value="0"/>
      <Property name="Filename" value="/Objects/pipe_straight_short.hs"/>
    </Properties>
  </Object>
  <Object name="Object30">
    <AbsoluteLocation value="16.435699 -32.067867"/>
    <Properties>
      <Property name="Angle" value="359.433"/>
      <Property name="Filename" value="/Objects/pipe_into_wall_1.hs"/>
    </Properties>
  </Object>
  <Object name="Object28">
    <AbsoluteLocation value="13.001926 -32.096809"/>
    <Properties>
      <Property name="Angle" value="180.052"/>
      <Property name="Filename" value="/Objects/pipe_connector_end.hs"/>
    </Properties>
  </Object>
  <Object name="Object34">
    <AbsoluteLocation value="-6.908970 34.816875"/>
    <Properties>
      <Property name="Angle" value="-128.785"/>
      <Property name="Filename" value="/Objects/pipe_elbow_2.hs"/>
    </Properties>
  </Object>
  <Object name="Object35">
    <AbsoluteLocation value="4.380802 34.570576"/>
    <Properties>
      <Property name="Angle" value="-134.164"/>
      <Property name="Filename" value="/Objects/pipe_elbow_2.hs"/>
    </Properties>
  </Object>
  <Object name="Object36">
    <AbsoluteLocation value="2.339260 32.477615"/>
    <Properties>
      <Property name="Angle" value="0"/>
      <Property name="Filename" value="/Objects/pipe_elbow_1.hs"/>
    </Properties>
  </Object>
  <Object name="Object37">
    <AbsoluteLocation value="-4.867413 32.557720"/>
    <Properties>
      <Property name="Angle" value="90.7292"/>
      <Property name="Filename" value="/Objects/pipe_elbow_1.hs"/>
    </Properties>
  </Object>
  <Object name="FluidConverter12">
    <AbsoluteLocation value="-1.264530 35.154594"/>
    <Properties>
      <Property name="Angle" value="0"/>
      <Property name="Filename" value="/Objects/converter_static_mud.hs"/>
      <Property name="FluidType" value="wetmud"/>
      <Property name="Type" value="fluidconverter"/>
    </Properties>
  </Object>
  <Object name="Spout15">
    <AbsoluteLocation value="-9.696426 36.346596"/>
    <Properties>
      <Property name="Angle" value="48.0916"/>
      <Property name="ConnectedSpout0" value="Spout32"/>
      <Property name="ConnectedSpoutProbability0" value="1"/>
      <Property name="Filename" value="/Objects/basic_drain.hs"/>
      <Property name="Type" value="spout"/>
    </Properties>
  </Object>
  <Object name="Spout30">
    <AbsoluteLocation value="7.031487 36.131702"/>
    <Properties>
      <Property name="Angle" value="-48.7978"/>
      <Property name="ConnectedSpout0" value="Spout33"/>
      <Property name="ConnectedSpoutProbability0" value="1"/>
      <Property name="Filename" value="/Objects/basic_drain.hs"/>
      <Property name="Type" value="spout"/>
    </Properties>
  </Object>
  <Object name="Object40">
    <AbsoluteLocation value="-29.458313 27.071611"/>
    <Properties>
      <Property name="Angle" value="52.7356"/>
      <Property name="Filename" value="/Objects/pipe_straight_long.hs"/>
    </Properties>
  </Object>
  <Object name="Object41">
    <AbsoluteLocation value="-33.455311 18.937109"/>
    <Properties>
      <Property name="Angle" value="74.4091"/>
      <Property name="Filename" value="/Objects/pipe_straight_long.hs"/>
    </Properties>
  </Object>
  <Object name="Object42">
    <AbsoluteLocation value="-36.037876 9.768976"/>
    <Properties>
      <Property name="Angle" value="74.4091"/>
      <Property name="Filename" value="/Objects/pipe_straight_long.hs"/>
    </Properties>
  </Object>
  <Object name="Spout9">
    <AbsoluteLocation value="-26.000000 31.599998"/>
    <Properties>
      <Property name="Angle" value="55.4509"/>
      <Property name="Filename" value="/Objects/touch_spout.hs"/>
      <Property name="FluidType" value="Water"/>
      <Property name="ParticleSpeed" value="14"/>
      <Property name="Type" value="spout"/>
    </Properties>
  </Object>
  <Object name="Object43">
    <AbsoluteLocation value="31.013306 30.739204"/>
    <Properties>
      <Property name="Angle" value="-44.7724"/>
      <Property name="Filename" value="/Objects/pipe_straight_long.hs"/>
    </Properties>
  </Object>
  <Object name="Object44">
    <AbsoluteLocation value="35.557320 23.148716"/>
    <Properties>
      <Property name="Angle" value="-73.0436"/>
      <Property name="Filename" value="/Objects/pipe_straight_long.hs"/>
    </Properties>
  </Object>
  <Object name="Spout29">
    <AbsoluteLocation value="26.892771 35.155277"/>
    <Properties>
      <Property name="Angle" value="125.451"/>
      <Property name="Filename" value="/Objects/touch_spout.hs"/>
      <Property name="FluidType" value="Water"/>
      <Property name="ParticleSpeed" value="14"/>
      <Property name="Type" value="spout"/>
    </Properties>
  </Object>
  <Object name="Spout32">
    <AbsoluteLocation value="-5.589931 29.649742"/>
    <Properties>
      <Property name="Angle" value="-89.7175"/>
      <Property name="ConnectedConverter" value="FluidConverter12"/>
      <Property name="Filename" value="/Objects/shower_head.hs"/>
      <Property name="FluidType" value="Water"/>
      <Property name="NumberParticles" value="0"/>
      <Property name="ParticleSpeed" value="20"/>
      <Property name="Type" value="spout"/>
    </Properties>
  </Object>
  <Object name="Spout33">
    <AbsoluteLocation value="2.800000 29.649742"/>
    <Properties>
      <Property name="Angle" value="-89.7175"/>
      <Property name="ConnectedConverter" value="FluidConverter12"/>
      <Property name="Filename" value="/Objects/shower_head.hs"/>
      <Property name="FluidType" value="Water"/>
      <Property name="NumberParticles" value="0"/>
      <Property name="ParticleSpeed" value="20"/>
      <Property name="Type" value="spout"/>
    </Properties>
  </Object>
  <Object name="Object46">
    <AbsoluteLocation value="-28.836056 -6.045551"/>
    <Properties>
      <Property name="Angle" value="-0.17022"/>
      <Property name="Filename" value="/Objects/pipe_into_wall_1.hs"/>
    </Properties>
  </Object>
  <Object name="Object48">
    <AbsoluteLocation value="-4.787773 -4.505544"/>
    <Properties>
      <Property name="Angle" value="-89.8336"/>
      <Property name="Filename" value="/Objects/pipe_elbow_1.hs"/>
    </Properties>
  </Object>
  <Object name="Object50">
    <AbsoluteLocation value="-7.299744 -5.201397"/>
    <Properties>
      <Property name="Angle" value="-179.525"/>
      <Property name="Filename" value="/Objects/pipe_straight_short.hs"/>
    </Properties>
  </Object>
  <Object name="Object45">
    <AbsoluteLocation value="-9.534935 -5.205397"/>
    <Properties>
      <Property name="Angle" value="180.124"/>
      <Property name="Filename" value="/Objects/pipe_into_wall_1.hs"/>
    </Properties>
  </Object>
  <Object name="Object51">
    <AbsoluteLocation value="-4.475372 -1.862005"/>
    <Properties>
      <Property name="Angle" value="-77.4503"/>
      <Property name="Filename" value="/Objects/pipe_straight_short.hs"/>
    </Properties>
  </Object>
  <Object name="Object52">
    <AbsoluteLocation value="-5.631607 0.674383"/>
    <Properties>
      <Property name="Angle" value="-53.6568"/>
      <Property name="Filename" value="/Objects/pipe_straight_short.hs"/>
    </Properties>
  </Object>
  <Object name="Spout13">
    <AbsoluteLocation value="-6.908978 2.481873"/>
    <Properties>
      <Property name="Angle" value="126.961"/>
      <Property name="Filename" value="/Objects/touch_spout_mud.hs"/>
      <Property name="FluidType" value="Mud"/>
      <Property name="ParticleDryness" value="1"/>
      <Property name="ParticlesPerSecond" value="10"/>
      <Property name="Type" value="spout"/>
    </Properties>
  </Object>
  <Object name="Object53">
    <AbsoluteLocation value="26.278072 -5.119833"/>
    <Properties>
      <Property name="Angle" value="180.124"/>
      <Property name="Filename" value="/Objects/pipe_into_wall_1.hs"/>
    </Properties>
  </Object>
  <Object name="Object56">
    <AbsoluteLocation value="4.665600 -5.189861"/>
    <Properties>
      <Property name="Angle" value="-360.917"/>
      <Property name="Filename" value="/Objects/pipe_straight_short.hs"/>
    </Properties>
  </Object>
  <Object name="Object55">
    <AbsoluteLocation value="7.031063 -5.222942"/>
    <Properties>
      <Property name="Angle" value="-0.17022"/>
      <Property name="Filename" value="/Objects/pipe_into_wall_1.hs"/>
    </Properties>
  </Object>
  <Object name="Object57">
    <AbsoluteLocation value="1.729927 -4.496449"/>
    <Properties>
      <Property name="Angle" value="-179.926"/>
      <Property name="Filename" value="/Objects/pipe_elbow_2.hs"/>
    </Properties>
  </Object>
  <Object name="Object58">
    <AbsoluteLocation value="1.285078 -1.735037"/>
    <Properties>
      <Property name="Angle" value="-97.4889"/>
      <Property name="Filename" value="/Objects/pipe_straight_short.hs"/>
    </Properties>
  </Object>
  <Object name="Object59">
    <AbsoluteLocation value="2.225916 0.816168"/>
    <Properties>
      <Property name="Angle" value="-119.685"/>
      <Property name="Filename" value="/Objects/pipe_straight_short.hs"/>
    </Properties>
  </Object>
  <Object name="Spout11">
    <AbsoluteLocation value="3.825085 2.798763"/>
    <Properties>
      <Property name="Angle" value="413.536"/>
      <Property name="Filename" value="/Objects/touch_spout_mud.hs"/>
      <Property name="FluidType" value="Mud"/>
      <Property name="ParticleDryness" value="1"/>
      <Property name="ParticlesPerSecond" value="10"/>
      <Property name="Type" value="spout"/>
    </Properties>
  </Object>
  <Room>
    <AbsoluteLocation value="-0.399998 -35.600006"/>
  </Room>
</Objects>
