<?xml version="1.0"?>
<Objects>
  <Object name="Object36">
    <AbsoluteLocation value="25.500000 -5.437500"/>
    <Properties>
      <Property name="Angle" value="-145.928"/>
      <Property name="Filename" value="/Objects/pipe_elbow_2.hs"/>
    </Properties>
  </Object>
  <Object name="Object39">
    <AbsoluteLocation value="28.087675 -4.443159"/>
    <Properties>
      <Property name="Angle" value="35.6122"/>
      <Property name="Filename" value="/Objects/pipe_straight_short.hs"/>
    </Properties>
  </Object>
  <Object name="Object30">
    <AbsoluteLocation value="-6.099857 -43.851578"/>
    <Properties>
      <Property name="Angle" value="-27.6453"/>
      <Property name="Filename" value="/Objects/pipe_straight_long.hs"/>
    </Properties>
  </Object>
  <Object name="Object33">
    <AbsoluteLocation value="-15.375704 -44.151756"/>
    <Properties>
      <Property name="Angle" value="199.034"/>
      <Property name="Filename" value="/Objects/pipe_straight_long.hs"/>
    </Properties>
  </Object>
  <Object name="Object34">
    <AbsoluteLocation value="-21.951588 -42.579082"/>
    <Properties>
      <Property name="Angle" value="451.392"/>
      <Property name="Filename" value="/Objects/pipe_straight.hs"/>
    </Properties>
  </Object>
  <Object name="Object31">
    <AbsoluteLocation value="27.937500 16.593750"/>
    <Properties>
      <Property name="Angle" value="171.207"/>
      <Property name="Filename" value="/Objects/pipe_straight.hs"/>
    </Properties>
  </Object>
  <Object name="Object9">
    <AbsoluteLocation value="-20.286232 -5.828678"/>
    <Properties>
      <Property name="Angle" value="42.1111"/>
      <Property name="Filename" value="/Objects/wall_24x8_blue.hs"/>
      <Property name="MotorMoveSpeed" value="20"/>
      <Property name="PathPos0" value="0 0"/>
      <Property name="PathPos1" value="28 0"/>
    </Properties>
  </Object>
  <Object name="Switch7">
    <AbsoluteLocation value="1.484924 42.561005"/>
    <Properties>
      <Property name="Angle" value="180.316"/>
      <Property name="ConnectedObject0" value="Object9"/>
      <Property name="Filename" value="/Objects/switch_blue.hs"/>
      <Property name="Type" value="switch"/>
    </Properties>
  </Object>
  <Object name="Object17">
    <AbsoluteLocation value="2.889983 -5.943732"/>
    <Properties>
      <Property name="Angle" value="0"/>
      <Property name="Filename" value="/Objects/path_locking_end_right.hs"/>
    </Properties>
  </Object>
  <Object name="Object15">
    <AbsoluteLocation value="-16.658817 -5.943732"/>
    <Properties>
      <Property name="Angle" value="0"/>
      <Property name="Filename" value="/Objects/path_locking_end.hs"/>
    </Properties>
  </Object>
  <Object name="Object18">
    <AbsoluteLocation value="-11.771617 -5.943732"/>
    <Properties>
      <Property name="Angle" value="0"/>
      <Property name="Filename" value="/Objects/path_locking_mid.hs"/>
    </Properties>
  </Object>
  <Object name="Object20">
    <AbsoluteLocation value="-6.884415 -5.943732"/>
    <Properties>
      <Property name="Angle" value="0"/>
      <Property name="Filename" value="/Objects/path_locking_mid.hs"/>
    </Properties>
  </Object>
  <Object name="Object21">
    <AbsoluteLocation value="-1.997216 -5.943732"/>
    <Properties>
      <Property name="Angle" value="0"/>
      <Property name="Filename" value="/Objects/path_locking_mid.hs"/>
    </Properties>
  </Object>
  <Object name="Spout8">
    <AbsoluteLocation value="-21.954346 -39.067326"/>
    <Properties>
      <Property name="Angle" value="360.202"/>
      <Property name="ConnectedSpout0" value="SWAMPY_SPOUT"/>
      <Property name="ConnectedSpoutProbability0" value="1"/>
      <Property name="Filename" value="/Objects/broken_pipe.hs"/>
      <Property name="Type" value="spout"/>
    </Properties>
  </Object>
  <Object name="Spout19">
    <AbsoluteLocation value="23.653690 -3.250504"/>
    <Properties>
      <Property name="Angle" value="25.625"/>
      <Property name="ConnectedSpout0" value="Spout23"/>
      <Property name="ConnectedSpoutProbability0" value="1"/>
      <Property name="Filename" value="/Objects/basic_drain.hs"/>
      <Property name="Type" value="spout"/>
    </Properties>
  </Object>
  <Object name="Ducky20">
    <AbsoluteLocation value="5.381595 -11.607571"/>
    <Properties>
      <Property name="Angle" value="0"/>
      <Property name="Filename" value="/Objects/star.hs"/>
      <Property name="Type" value="star"/>
    </Properties>
  </Object>
  <Object name="Ducky21">
    <AbsoluteLocation value="-22.290083 -33.802593"/>
    <Properties>
      <Property name="Angle" value="-9.94874"/>
      <Property name="Filename" value="/Objects/star.hs"/>
      <Property name="Type" value="star"/>
    </Properties>
  </Object>
  <Object name="Ducky22">
    <AbsoluteLocation value="18.238647 -0.349140"/>
    <Properties>
      <Property name="Angle" value="0"/>
      <Property name="Filename" value="/Objects/star.hs"/>
      <Property name="Type" value="star"/>
    </Properties>
  </Object>
  <Object name="Spout23">
    <AbsoluteLocation value="23.910103 16.946445"/>
    <Properties>
      <Property name="Angle" value="181.886"/>
      <Property name="Filename" value="/Objects/shower_head.hs"/>
      <Property name="FluidType" value="Water"/>
      <Property name="NumberParticles" value="0"/>
      <Property name="ParticleSpeed" value="20"/>
      <Property name="Type" value="spout"/>
    </Properties>
  </Object>
  <Object name="Object24">
    <AbsoluteLocation value="0.624557 -43.270626"/>
    <Properties>
      <Property name="Angle" value="44.4765"/>
      <Property name="Filename" value="/Objects/pipe_straight.hs"/>
    </Properties>
  </Object>
  <Object name="Object25">
    <AbsoluteLocation value="-2.250000 -45.187500"/>
    <Properties>
      <Property name="Angle" value="53.3995"/>
      <Property name="Filename" value="/Objects/pipe_connector_90.hs"/>
    </Properties>
  </Object>
  <Object name="Object19">
    <AbsoluteLocation value="2.366802 -41.420563"/>
    <Properties>
      <Property name="Angle" value="405.231"/>
      <Property name="Filename" value="/Objects/pipe_connector_end.hs"/>
    </Properties>
  </Object>
  <Object name="Object26">
    <AbsoluteLocation value="31.218750 15.562500"/>
    <Properties>
      <Property name="Angle" value="-1.6161"/>
      <Property name="Filename" value="/Objects/pipe_elbow_2.hs"/>
    </Properties>
  </Object>
  <Object name="Object27">
    <AbsoluteLocation value="31.406250 9.468750"/>
    <Properties>
      <Property name="Angle" value="84.491"/>
      <Property name="Filename" value="/Objects/pipe_straight_long.hs"/>
    </Properties>
  </Object>
  <Object name="Object35">
    <AbsoluteLocation value="-10.328827 -42.331924"/>
    <Properties>
      <Property name="Angle" value="231.314"/>
      <Property name="Filename" value="/Objects/pipe_connector_90.hs"/>
    </Properties>
  </Object>
  <Object name="Object37">
    <AbsoluteLocation value="-21.219580 -45.050800"/>
    <Properties>
      <Property name="Angle" value="-178.437"/>
      <Property name="Filename" value="/Objects/pipe_elbow_1.hs"/>
    </Properties>
  </Object>
  <Object name="Object32">
    <AbsoluteLocation value="30.886009 2.871147"/>
    <Properties>
      <Property name="Angle" value="86.3767"/>
      <Property name="Filename" value="/Objects/pipe_straight.hs"/>
    </Properties>
  </Object>
  <Object name="Switch11">
    <AbsoluteLocation value="21.860741 34.654987"/>
    <Properties>
      <Property name="Angle" value="-179.79"/>
      <Property name="ConnectedObject0" value="Fan12"/>
      <Property name="ConnectedObject1" value="Fan13"/>
      <Property name="Filename" value="/Objects/switch_momentary.hs"/>
      <Property name="Type" value="switch"/>
    </Properties>
  </Object>
  <Object name="Fan14">
    <AbsoluteLocation value="1.276017 -18.967945"/>
    <Properties>
      <Property name="Angle" value="0"/>
      <Property name="Filename" value="/Objects/fan_16x8_gear4.hs"/>
      <Property name="Type" value="fan"/>
      <Property name="VacuumFriction" value=".025"/>
      <Property name="VacuumMaxAngle" value="0"/>
      <Property name="VacuumMaxD" value="120"/>
      <Property name="VacuumMaxForce" value="40"/>
      <Property name="VacuumMinAngle" value="0"/>
      <Property name="VacuumOn" value="1"/>
    </Properties>
  </Object>
  <Object name="Object38">
    <AbsoluteLocation value="29.906250 -3.093750"/>
    <Properties>
      <Property name="Angle" value="-97.5106"/>
      <Property name="Filename" value="/Objects/pipe_bend_1.hs"/>
    </Properties>
  </Object>
  <Object name="Object40">
    <AbsoluteLocation value="30.667259 0.933647"/>
    <Properties>
      <Property name="Angle" value="85.1577"/>
      <Property name="Filename" value="/Objects/pipe_straight.hs"/>
    </Properties>
  </Object>
  <Object name="Fan12">
    <AbsoluteLocation value="-24.062498 10.812500"/>
    <Properties>
      <Property name="" value=""/>
      <Property name="Angle" value="-90"/>
      <Property name="Filename" value="/Objects/fan_8x8_w_cable.hs"/>
      <Property name="Type" value="fan"/>
      <Property name="VacuumCenterOffsetA" value="0 -5.5"/>
      <Property name="VacuumCenterOffsetB" value="0 5.5"/>
      <Property name="VacuumFriction" value=".03"/>
      <Property name="VacuumMaxAngle" value="0"/>
      <Property name="VacuumMaxForce" value="65"/>
      <Property name="VacuumMinAngle" value="0"/>
    </Properties>
  </Object>
  <Object name="Fan13">
    <AbsoluteLocation value="26.537498 10.812500"/>
    <Properties>
      <Property name="Angle" value="90"/>
      <Property name="Filename" value="/Objects/fan_8x8_w_cable.hs"/>
      <Property name="Type" value="fan"/>
      <Property name="VacuumCenterOffsetA" value="0 -5.5"/>
      <Property name="VacuumCenterOffsetB" value="0 5.5"/>
      <Property name="VacuumFriction" value=".03"/>
      <Property name="VacuumMaxAngle" value="0"/>
      <Property name="VacuumMaxForce" value="65"/>
      <Property name="VacuumMinAngle" value="0"/>
    </Properties>
  </Object>
  <Object name="Ducky35">
    <AbsoluteLocation value="1.546875 11.859375"/>
    <Properties>
      <Property name="Angle" value="0"/>
      <Property name="Filename" value="/Objects/star_teleport.hs"/>
      <Property name="StarType" value="teleport"/>
      <Property name="TeleportWaitTime" value="4"/>
      <Property name="Type" value="star"/>
    </Properties>
  </Object>
  <Object name="Ducky36">
    <AbsoluteLocation value="10.562500 19.812500"/>
    <Properties>
      <Property name="Angle" value="0"/>
      <Property name="Filename" value="/Objects/star_teleport.hs"/>
      <Property name="StarType" value="teleport"/>
      <Property name="TeleportWaitTime" value="4"/>
      <Property name="Type" value="star"/>
    </Properties>
  </Object>
  <Object name="Ducky37">
    <AbsoluteLocation value="20.890625 1.703125"/>
    <Properties>
      <Property name="Angle" value="0"/>
      <Property name="Filename" value="/Objects/star_teleport.hs"/>
      <Property name="StarType" value="teleport"/>
      <Property name="TeleportWaitTime" value="6"/>
      <Property name="Type" value="star"/>
    </Properties>
  </Object>
  <Object name="Ducky38">
    <AbsoluteLocation value="-22.078125 -34.078125"/>
    <Properties>
      <Property name="Angle" value="0"/>
      <Property name="Filename" value="/Objects/star_teleport.hs"/>
      <Property name="StarType" value="teleport"/>
      <Property name="TeleportWaitTime" value="6"/>
      <Property name="Type" value="star"/>
    </Properties>
  </Object>
  <Room>
    <AbsoluteLocation value="14.800001 -35.600006"/>
  </Room>
</Objects>
