<?xml version="1.0"?>
<Objects>
  <Object name="16">
    <AbsoluteLocation value="-20.406101 -41.037205"/>
    <Properties>
      <Property name="Angle" value="-270.543"/>
      <Property name="Filename" value="/Objects/pipe_straight.hs"/>
    </Properties>
  </Object>
  <Object name="Obj36">
    <AbsoluteLocation value="-16.853285 -44.569305"/>
    <Properties>
      <Property name="Angle" value="0.27156"/>
      <Property name="Filename" value="/Objects/pipe_straight.hs"/>
    </Properties>
  </Object>
  <Object name="Obj31">
    <AbsoluteLocation value="-6.044063 -20.096369"/>
    <Properties>
      <Property name="Angle" value="-262.541"/>
      <Property name="Filename" value="/Objects/pipe_straight.hs"/>
    </Properties>
  </Object>
  <Object name="Obj28">
    <AbsoluteLocation value="-30.168732 -37.653389"/>
    <Properties>
      <Property name="Angle" value="90.024"/>
      <Property name="Filename" value="/Objects/pipe_straight_long.hs"/>
    </Properties>
  </Object>
  <Object name="0">
    <AbsoluteLocation value="29.547148 8.688465"/>
    <Properties>
      <Property name="Angle" value="100.732"/>
      <Property name="Filename" value="/Objects/pipe_straight.hs"/>
    </Properties>
  </Object>
  <Object name="1">
    <AbsoluteLocation value="30.375286 2.771048"/>
    <Properties>
      <Property name="Angle" value="95.5221"/>
      <Property name="Filename" value="/Objects/pipe_straight.hs"/>
    </Properties>
  </Object>
  <Object name="2">
    <AbsoluteLocation value="30.561443 -3.349789"/>
    <Properties>
      <Property name="Angle" value="89.0191"/>
      <Property name="Filename" value="/Objects/pipe_straight.hs"/>
    </Properties>
  </Object>
  <Object name="3">
    <AbsoluteLocation value="30.235119 -9.450373"/>
    <Properties>
      <Property name="Angle" value="85.6117"/>
      <Property name="Filename" value="/Objects/pipe_straight.hs"/>
    </Properties>
  </Object>
  <Object name="4">
    <AbsoluteLocation value="26.595409 -15.862215"/>
    <Properties>
      <Property name="Angle" value="35.6943"/>
      <Property name="Filename" value="/Objects/pipe_straight.hs"/>
    </Properties>
  </Object>
  <Object name="5">
    <AbsoluteLocation value="-23.181181 -44.621567"/>
    <Properties>
      <Property name="Angle" value="0.27156"/>
      <Property name="Filename" value="/Objects/pipe_straight.hs"/>
    </Properties>
  </Object>
  <Object name="7">
    <AbsoluteLocation value="-30.102116 -30.155947"/>
    <Properties>
      <Property name="Angle" value="88.984"/>
      <Property name="Filename" value="/Objects/pipe_straight.hs"/>
    </Properties>
  </Object>
  <Object name="8">
    <AbsoluteLocation value="-30.057251 -23.926708"/>
    <Properties>
      <Property name="Angle" value="89.9048"/>
      <Property name="Filename" value="/Objects/pipe_straight.hs"/>
    </Properties>
  </Object>
  <Object name="9">
    <AbsoluteLocation value="-30.060587 -17.697464"/>
    <Properties>
      <Property name="Angle" value="89.4946"/>
      <Property name="Filename" value="/Objects/pipe_straight.hs"/>
    </Properties>
  </Object>
  <Object name="10">
    <AbsoluteLocation value="-30.294905 -11.562955"/>
    <Properties>
      <Property name="Angle" value="93.923"/>
      <Property name="Filename" value="/Objects/pipe_straight.hs"/>
    </Properties>
  </Object>
  <Object name="11">
    <AbsoluteLocation value="-30.529779 -5.428450"/>
    <Properties>
      <Property name="Angle" value="90.3506"/>
      <Property name="Filename" value="/Objects/pipe_straight.hs"/>
    </Properties>
  </Object>
  <Object name="12">
    <AbsoluteLocation value="-30.344772 0.753709"/>
    <Properties>
      <Property name="Angle" value="86.2942"/>
      <Property name="Filename" value="/Objects/pipe_straight.hs"/>
    </Properties>
  </Object>
  <Object name="13">
    <AbsoluteLocation value="-30.156982 7.030032"/>
    <Properties>
      <Property name="Angle" value="89.855"/>
      <Property name="Filename" value="/Objects/pipe_straight.hs"/>
    </Properties>
  </Object>
  <Object name="14">
    <AbsoluteLocation value="-30.151979 13.199957"/>
    <Properties>
      <Property name="Angle" value="89.4648"/>
      <Property name="Filename" value="/Objects/pipe_straight.hs"/>
    </Properties>
  </Object>
  <Object name="15">
    <AbsoluteLocation value="-29.298931 19.074068"/>
    <Properties>
      <Property name="Angle" value="74.7491"/>
      <Property name="Filename" value="/Objects/pipe_straight.hs"/>
    </Properties>
  </Object>
  <Object name="17">
    <AbsoluteLocation value="-19.079836 -23.985466"/>
    <Properties>
      <Property name="Angle" value="0"/>
      <Property name="Filename" value="/Objects/star.hs"/>
      <Property name="Type" value="star"/>
    </Properties>
  </Object>
  <Object name="18">
    <AbsoluteLocation value="15.099007 35.216900"/>
    <Properties>
      <Property name="Angle" value="3.37105"/>
      <Property name="Filename" value="/Objects/star.hs"/>
      <Property name="Type" value="star"/>
    </Properties>
  </Object>
  <Object name="19">
    <AbsoluteLocation value="-23.873510 -13.583841"/>
    <Properties>
      <Property name="Angle" value="0"/>
      <Property name="Filename" value="/Objects/star.hs"/>
      <Property name="Type" value="star"/>
    </Properties>
  </Object>
  <Object name="20">
    <AbsoluteLocation value="-28.923306 -43.440689"/>
    <Properties>
      <Property name="Angle" value="0"/>
      <Property name="Filename" value="/Objects/pipe_connector_90.hs"/>
    </Properties>
  </Object>
  <Object name="22">
    <AbsoluteLocation value="29.537083 -13.589674"/>
    <Properties>
      <Property name="Angle" value="-95.5282"/>
      <Property name="Filename" value="/Objects/pipe_bend_1.hs"/>
    </Properties>
  </Object>
  <Object name="23">
    <AbsoluteLocation value="23.674942 -18.104610"/>
    <Properties>
      <Property name="Angle" value="86.2464"/>
      <Property name="Filename" value="/Objects/pipe_bend_2.hs"/>
    </Properties>
  </Object>
  <Object name="24">
    <AbsoluteLocation value="22.932449 -20.356550"/>
    <Properties>
      <Property name="Angle" value="-100.335"/>
      <Property name="Filename" value="/Objects/pipe_connector_end.hs"/>
    </Properties>
  </Object>
  <Object name="27">
    <AbsoluteLocation value="-20.429720 -36.450912"/>
    <Properties>
      <Property name="Angle" value="0"/>
      <Property name="ConnectedSpout0" value="26"/>
      <Property name="ConnectedSpoutProbability0" value="1"/>
      <Property name="Filename" value="/Objects/basic_drain.hs"/>
      <Property name="Type" value="spout"/>
    </Properties>
  </Object>
  <Object name="29">
    <AbsoluteLocation value="28.201309 13.140738"/>
    <Properties>
      <Property name="Angle" value="24.2595"/>
      <Property name="ConnectedSpout0" value="SWAMPY_SPOUT"/>
      <Property name="ConnectedSpoutProbability0" value="1"/>
      <Property name="Filename" value="/Objects/broken_pipe.hs"/>
      <Property name="Type" value="spout"/>
    </Properties>
  </Object>
  <Object name="26">
    <AbsoluteLocation value="-27.411873 23.438776"/>
    <Properties>
      <Property name="Angle" value="58.7086"/>
      <Property name="Filename" value="/Objects/shower_head.hs"/>
      <Property name="FluidType" value="Water"/>
      <Property name="NumberParticles" value="0"/>
      <Property name="ParticleSpeed" value="24"/>
      <Property name="ParticlesPerSecond" value="8"/>
      <Property name="Type" value="spout"/>
    </Properties>
  </Object>
  <Object name="Spout31">
    <AbsoluteLocation value="-6.322191 -15.490915"/>
    <Properties>
      <Property name="Angle" value="-0.450255"/>
      <Property name="ConnectedSpout0" value="26"/>
      <Property name="ConnectedSpoutProbability0" value="1"/>
      <Property name="Filename" value="/Objects/basic_drain.hs"/>
      <Property name="Type" value="spout"/>
    </Properties>
  </Object>
  <Object name="Obj32">
    <AbsoluteLocation value="-9.980346 -28.675489"/>
    <Properties>
      <Property name="Angle" value="89.4601"/>
      <Property name="Filename" value="/Objects/pipe_straight.hs"/>
    </Properties>
  </Object>
  <Object name="Obj33">
    <AbsoluteLocation value="-9.978780 -32.612877"/>
    <Properties>
      <Property name="Angle" value="90.2318"/>
      <Property name="Filename" value="/Objects/pipe_straight.hs"/>
    </Properties>
  </Object>
  <Object name="Obj34">
    <AbsoluteLocation value="-10.031041 -38.883377"/>
    <Properties>
      <Property name="Angle" value="88.984"/>
      <Property name="Filename" value="/Objects/pipe_straight.hs"/>
    </Properties>
  </Object>
  <Object name="Obj35">
    <AbsoluteLocation value="-11.189344 -43.281361"/>
    <Properties>
      <Property name="Angle" value="91.0801"/>
      <Property name="Filename" value="/Objects/pipe_connector_90.hs"/>
    </Properties>
  </Object>
  <Object name="Obj37">
    <AbsoluteLocation value="-20.493956 -43.788818"/>
    <Properties>
      <Property name="Angle" value="-0.347131"/>
      <Property name="Filename" value="/Objects/pipe_spout_base.hs"/>
    </Properties>
  </Object>
  <Object name="Obj38">
    <AbsoluteLocation value="-20.491894 -45.306061"/>
    <Properties>
      <Property name="Angle" value="-180.209"/>
      <Property name="Filename" value="/Objects/pipe_spout_base.hs"/>
    </Properties>
  </Object>
  <Object name="Obj39">
    <AbsoluteLocation value="-9.296565 -24.464178"/>
    <Properties>
      <Property name="Angle" value="91.4295"/>
      <Property name="Filename" value="/Objects/pipe_elbow_1.hs"/>
    </Properties>
  </Object>
  <Object name="21">
    <AbsoluteLocation value="-6.780699 -22.273615"/>
    <Properties>
      <Property name="Angle" value="97.317"/>
      <Property name="Filename" value="/Objects/pipe_connector_90.hs"/>
    </Properties>
  </Object>
  <Room>
    <AbsoluteLocation value="18.000002 -33.200005"/>
  </Room>
</Objects>
