<?xml version="1.0"?>
<Objects>
  <Object name="Object107">
    <AbsoluteLocation value="8.047520 -142.831726"/>
    <Properties>
      <Property name="Angle" value="-22.4258"/>
      <Property name="Filename" value="/Objects/pipe_straight_long.hs"/>
    </Properties>
  </Object>
  <Object name="Object16">
    <AbsoluteLocation value="14.723038 103.830894"/>
    <Properties>
      <Property name="Angle" value="90"/>
      <Property name="Filename" value="/Objects/path_locking_elbow_6.hs"/>
    </Properties>
  </Object>
  <Object name="Object22">
    <AbsoluteLocation value="16.400000 110.000000"/>
    <Properties>
      <Property name="Angle" value="0"/>
      <Property name="Filename" value="/Objects/path_vertical_locking_mid.hs"/>
    </Properties>
  </Object>
  <Object name="Object21">
    <AbsoluteLocation value="16.400000 114.800003"/>
    <Properties>
      <Property name="Angle" value="0"/>
      <Property name="Filename" value="/Objects/path_vertical_locking_mid.hs"/>
    </Properties>
  </Object>
  <Object name="Object20">
    <AbsoluteLocation value="16.400000 119.599998"/>
    <Properties>
      <Property name="Angle" value="0"/>
      <Property name="Filename" value="/Objects/path_vertical_locking_mid.hs"/>
    </Properties>
  </Object>
  <Object name="Object11">
    <AbsoluteLocation value="16.400000 124.000000"/>
    <Properties>
      <Property name="Angle" value="0"/>
      <Property name="Filename" value="/Objects/path_vertical_locking_end_top.hs"/>
    </Properties>
  </Object>
  <Object name="Object23">
    <AbsoluteLocation value="9.027311 102.115364"/>
    <Properties>
      <Property name="Angle" value="0"/>
      <Property name="Filename" value="/Objects/path_locking_mid.hs"/>
    </Properties>
  </Object>
  <Object name="Object82">
    <AbsoluteLocation value="28.693985 -142.234283"/>
    <Properties>
      <Property name="Angle" value="104.896"/>
      <Property name="Filename" value="/Objects/pipe_straight.hs"/>
    </Properties>
  </Object>
  <Object name="Ducky7">
    <AbsoluteLocation value="28.022312 30.001305"/>
    <Properties>
      <Property name="Angle" value="0"/>
      <Property name="Filename" value="/Objects/star_poison.hs"/>
      <Property name="Type" value="star"/>
    </Properties>
  </Object>
  <Object name="Ducky8">
    <AbsoluteLocation value="-22.922962 -94.205620"/>
    <Properties>
      <Property name="Angle" value="-7.55085"/>
      <Property name="Filename" value="/Objects/star_poison.hs"/>
      <Property name="Type" value="star"/>
    </Properties>
  </Object>
  <Object name="Ducky9">
    <AbsoluteLocation value="23.336891 66.003571"/>
    <Properties>
      <Property name="Angle" value="-6.8888"/>
      <Property name="Filename" value="/Objects/star_poison.hs"/>
      <Property name="Type" value="star"/>
    </Properties>
  </Object>
  <Object name="Object13">
    <AbsoluteLocation value="-5.899801 100.497566"/>
    <Properties>
      <Property name="Angle" value="-90"/>
      <Property name="Filename" value="/Objects/path_locking_elbow_5.hs"/>
    </Properties>
  </Object>
  <Object name="Object14">
    <AbsoluteLocation value="-5.870617 49.490753"/>
    <Properties>
      <Property name="Angle" value="0"/>
      <Property name="Filename" value="/Objects/path_locking_elbow.hs"/>
    </Properties>
  </Object>
  <Object name="Object15">
    <AbsoluteLocation value="13.093067 46.163391"/>
    <Properties>
      <Property name="Angle" value="-180"/>
      <Property name="Filename" value="/Objects/path_locking_elbow_4.hs"/>
    </Properties>
  </Object>
  <Object name="Object17">
    <AbsoluteLocation value="13.135998 -11.568353"/>
    <Properties>
      <Property name="Angle" value="90"/>
      <Property name="Filename" value="/Objects/path_locking_elbow_6.hs"/>
    </Properties>
  </Object>
  <Object name="Object18">
    <AbsoluteLocation value="-7.697126 -14.842339"/>
    <Properties>
      <Property name="Angle" value="-90"/>
      <Property name="Filename" value="/Objects/path_locking_elbow_5.hs"/>
    </Properties>
  </Object>
  <Object name="Object19">
    <AbsoluteLocation value="-9.349667 -95.416519"/>
    <Properties>
      <Property name="Angle" value="0"/>
      <Property name="Filename" value="/Objects/path_vertical_locking_end_bottom.hs"/>
    </Properties>
  </Object>
  <Object name="Object24">
    <AbsoluteLocation value="-0.018804 102.174538"/>
    <Properties>
      <Property name="Angle" value="0"/>
      <Property name="Filename" value="/Objects/path_locking_mid.hs"/>
    </Properties>
  </Object>
  <Object name="Object26">
    <AbsoluteLocation value="4.428381 102.129829"/>
    <Properties>
      <Property name="Angle" value="0"/>
      <Property name="Filename" value="/Objects/path_locking_mid.hs"/>
    </Properties>
  </Object>
  <Object name="Object27">
    <AbsoluteLocation value="-7.552139 90.173248"/>
    <Properties>
      <Property name="Angle" value="0"/>
      <Property name="Filename" value="/Objects/path_vertical_locking_mid.hs"/>
    </Properties>
  </Object>
  <Object name="Object28">
    <AbsoluteLocation value="-7.534311 85.221016"/>
    <Properties>
      <Property name="Angle" value="0"/>
      <Property name="Filename" value="/Objects/path_vertical_locking_mid.hs"/>
    </Properties>
  </Object>
  <Object name="Object29">
    <AbsoluteLocation value="-7.568954 94.716423"/>
    <Properties>
      <Property name="Angle" value="0"/>
      <Property name="Filename" value="/Objects/path_vertical_locking_mid.hs"/>
    </Properties>
  </Object>
  <Object name="Object30">
    <AbsoluteLocation value="-7.534311 80.426964"/>
    <Properties>
      <Property name="Angle" value="0"/>
      <Property name="Filename" value="/Objects/path_vertical_locking_mid.hs"/>
    </Properties>
  </Object>
  <Object name="Object31">
    <AbsoluteLocation value="-7.534315 76.136528"/>
    <Properties>
      <Property name="Angle" value="0"/>
      <Property name="Filename" value="/Objects/path_vertical_locking_mid.hs"/>
    </Properties>
  </Object>
  <Object name="Object32">
    <AbsoluteLocation value="-7.534311 71.776466"/>
    <Properties>
      <Property name="Angle" value="0"/>
      <Property name="Filename" value="/Objects/path_vertical_locking_mid.hs"/>
    </Properties>
  </Object>
  <Object name="Object33">
    <AbsoluteLocation value="-7.534315 63.571903"/>
    <Properties>
      <Property name="Angle" value="0"/>
      <Property name="Filename" value="/Objects/path_vertical_locking_mid.hs"/>
    </Properties>
  </Object>
  <Object name="Object34">
    <AbsoluteLocation value="-7.534311 67.862343"/>
    <Properties>
      <Property name="Angle" value="0"/>
      <Property name="Filename" value="/Objects/path_vertical_locking_mid.hs"/>
    </Properties>
  </Object>
  <Object name="Object35">
    <AbsoluteLocation value="-7.534313 59.173336"/>
    <Properties>
      <Property name="Angle" value="0"/>
      <Property name="Filename" value="/Objects/path_vertical_locking_mid.hs"/>
    </Properties>
  </Object>
  <Object name="Object36">
    <AbsoluteLocation value="-0.572277 47.795830"/>
    <Properties>
      <Property name="Angle" value="0"/>
      <Property name="Filename" value="/Objects/path_locking_mid.hs"/>
    </Properties>
  </Object>
  <Object name="Object37">
    <AbsoluteLocation value="4.225729 47.794636"/>
    <Properties>
      <Property name="Angle" value="0"/>
      <Property name="Filename" value="/Objects/path_locking_mid.hs"/>
    </Properties>
  </Object>
  <Object name="Object39">
    <AbsoluteLocation value="14.721111 30.484461"/>
    <Properties>
      <Property name="Angle" value="0"/>
      <Property name="Filename" value="/Objects/path_vertical_locking_mid.hs"/>
    </Properties>
  </Object>
  <Object name="Object40">
    <AbsoluteLocation value="14.715546 39.914696"/>
    <Properties>
      <Property name="Angle" value="0"/>
      <Property name="Filename" value="/Objects/path_vertical_locking_mid.hs"/>
    </Properties>
  </Object>
  <Object name="Object41">
    <AbsoluteLocation value="14.744813 35.362152"/>
    <Properties>
      <Property name="Angle" value="0"/>
      <Property name="Filename" value="/Objects/path_vertical_locking_mid.hs"/>
    </Properties>
  </Object>
  <Object name="Object51">
    <AbsoluteLocation value="-9.349667 -24.485756"/>
    <Properties>
      <Property name="Angle" value="0"/>
      <Property name="Filename" value="/Objects/path_vertical_locking_mid.hs"/>
    </Properties>
  </Object>
  <Object name="Object52">
    <AbsoluteLocation value="-9.330830 -19.577648"/>
    <Properties>
      <Property name="Angle" value="0"/>
      <Property name="Filename" value="/Objects/path_vertical_locking_mid.hs"/>
    </Properties>
  </Object>
  <Object name="Object53">
    <AbsoluteLocation value="-9.349669 -29.285755"/>
    <Properties>
      <Property name="Angle" value="0"/>
      <Property name="Filename" value="/Objects/path_vertical_locking_mid.hs"/>
    </Properties>
  </Object>
  <Object name="Object54">
    <AbsoluteLocation value="-9.349667 -34.085754"/>
    <Properties>
      <Property name="Angle" value="0"/>
      <Property name="Filename" value="/Objects/path_vertical_locking_mid.hs"/>
    </Properties>
  </Object>
  <Object name="Object55">
    <AbsoluteLocation value="-9.349667 -43.685757"/>
    <Properties>
      <Property name="Angle" value="0"/>
      <Property name="Filename" value="/Objects/path_vertical_locking_mid.hs"/>
    </Properties>
  </Object>
  <Object name="Object56">
    <AbsoluteLocation value="-9.349667 -38.885757"/>
    <Properties>
      <Property name="Angle" value="0"/>
      <Property name="Filename" value="/Objects/path_vertical_locking_mid.hs"/>
    </Properties>
  </Object>
  <Object name="Object57">
    <AbsoluteLocation value="-9.349667 -48.485756"/>
    <Properties>
      <Property name="Angle" value="0"/>
      <Property name="Filename" value="/Objects/path_vertical_locking_mid.hs"/>
    </Properties>
  </Object>
  <Object name="Object58">
    <AbsoluteLocation value="-9.349667 -58.146919"/>
    <Properties>
      <Property name="Angle" value="0"/>
      <Property name="Filename" value="/Objects/path_vertical_locking_mid.hs"/>
    </Properties>
  </Object>
  <Object name="Object59">
    <AbsoluteLocation value="-9.349667 -53.346920"/>
    <Properties>
      <Property name="Angle" value="0"/>
      <Property name="Filename" value="/Objects/path_vertical_locking_mid.hs"/>
    </Properties>
  </Object>
  <Object name="Object60">
    <AbsoluteLocation value="-9.349667 -77.346916"/>
    <Properties>
      <Property name="Angle" value="0"/>
      <Property name="Filename" value="/Objects/path_vertical_locking_mid.hs"/>
    </Properties>
  </Object>
  <Object name="Object61">
    <AbsoluteLocation value="-9.349667 -67.746910"/>
    <Properties>
      <Property name="Angle" value="0"/>
      <Property name="Filename" value="/Objects/path_vertical_locking_mid.hs"/>
    </Properties>
  </Object>
  <Object name="Object62">
    <AbsoluteLocation value="-9.349667 -62.946907"/>
    <Properties>
      <Property name="Angle" value="0"/>
      <Property name="Filename" value="/Objects/path_vertical_locking_mid.hs"/>
    </Properties>
  </Object>
  <Object name="Object63">
    <AbsoluteLocation value="-9.349667 -72.546913"/>
    <Properties>
      <Property name="Angle" value="0"/>
      <Property name="Filename" value="/Objects/path_vertical_locking_mid.hs"/>
    </Properties>
  </Object>
  <Object name="Object64">
    <AbsoluteLocation value="-9.349667 -86.946915"/>
    <Properties>
      <Property name="Angle" value="0"/>
      <Property name="Filename" value="/Objects/path_vertical_locking_mid.hs"/>
    </Properties>
  </Object>
  <Object name="Object66">
    <AbsoluteLocation value="-9.349667 -82.146912"/>
    <Properties>
      <Property name="Angle" value="0"/>
      <Property name="Filename" value="/Objects/path_vertical_locking_mid.hs"/>
    </Properties>
  </Object>
  <Object name="Object65">
    <AbsoluteLocation value="-1.296942 -13.209005"/>
    <Properties>
      <Property name="Angle" value="0"/>
      <Property name="Filename" value="/Objects/path_locking_mid.hs"/>
    </Properties>
  </Object>
  <Object name="Object67">
    <AbsoluteLocation value="7.416012 -13.203545"/>
    <Properties>
      <Property name="Angle" value="0"/>
      <Property name="Filename" value="/Objects/path_locking_mid.hs"/>
    </Properties>
  </Object>
  <Object name="Object68">
    <AbsoluteLocation value="2.669542 -13.184870"/>
    <Properties>
      <Property name="Angle" value="0"/>
      <Property name="Filename" value="/Objects/path_locking_mid.hs"/>
    </Properties>
  </Object>
  <Object name="Object74">
    <AbsoluteLocation value="16.761101 -146.126038"/>
    <Properties>
      <Property name="Angle" value="-18.7158"/>
      <Property name="Filename" value="/Objects/pipe_straight_long.hs"/>
    </Properties>
  </Object>
  <Object name="Object83">
    <AbsoluteLocation value="27.975235 -140.015533"/>
    <Properties>
      <Property name="Angle" value="117.804"/>
      <Property name="Filename" value="/Objects/pipe_connector_end.hs"/>
    </Properties>
  </Object>
  <Object name="Object85">
    <AbsoluteLocation value="22.248861 116.497215"/>
    <Properties>
      <Property name="Angle" value="91.0285"/>
      <Property name="Filename" value="/Objects/pipe_straight_long.hs"/>
      <Property name="Parent" value="LazerDrop"/>
    </Properties>
  </Object>
  <Object name="Object88">
    <AbsoluteLocation value="21.519875 107.485878"/>
    <Properties>
      <Property name="Angle" value="1.96081"/>
      <Property name="Filename" value="/Objects/pipe_elbow_2.hs"/>
      <Property name="Parent" value="LazerDrop"/>
    </Properties>
  </Object>
  <Object name="Object87">
    <AbsoluteLocation value="18.638546 109.769783"/>
    <Properties>
      <Property name="Angle" value="0"/>
      <Property name="Filename" value="/Objects/pipe_straight_short.hs"/>
      <Property name="Parent" value="LazerDrop"/>
    </Properties>
  </Object>
  <Object name="Object93">
    <AbsoluteLocation value="18.896301 107.678093"/>
    <Properties>
      <Property name="Angle" value="-162.14"/>
      <Property name="Filename" value="/Objects/pipe_straight_short.hs"/>
      <Property name="Parent" value="LazerDrop"/>
    </Properties>
  </Object>
  <Object name="Object95">
    <AbsoluteLocation value="16.210241 108.717339"/>
    <Properties>
      <Property name="Angle" value="-273.156"/>
      <Property name="Filename" value="/Objects/pipe_straight_short.hs"/>
      <Property name="Parent" value="LazerDrop"/>
    </Properties>
  </Object>
  <Object name="Object97">
    <AbsoluteLocation value="21.587408 110.408958"/>
    <Properties>
      <Property name="Angle" value="-91.7544"/>
      <Property name="Filename" value="/Objects/pipe_elbow_2.hs"/>
      <Property name="Parent" value="LazerDrop"/>
    </Properties>
  </Object>
  <Object name="Object89">
    <AbsoluteLocation value="11.870583 107.315331"/>
    <Properties>
      <Property name="Angle" value="85.6254"/>
      <Property name="Filename" value="/Objects/pipe_elbow_1.hs"/>
      <Property name="Parent" value="LazerDrop"/>
    </Properties>
  </Object>
  <Object name="Object94">
    <AbsoluteLocation value="14.170197 107.418495"/>
    <Properties>
      <Property name="Angle" value="-19.6278"/>
      <Property name="Filename" value="/Objects/pipe_straight_short.hs"/>
      <Property name="Parent" value="LazerDrop"/>
    </Properties>
  </Object>
  <Object name="Object84">
    <AbsoluteLocation value="22.197283 119.796188"/>
    <Properties>
      <Property name="Angle" value="179.856"/>
      <Property name="Filename" value="/Objects/pipe_spout_base.hs"/>
      <Property name="Parent" value="LazerDrop"/>
    </Properties>
  </Object>
  <Object name="Object90">
    <AbsoluteLocation value="16.986404 106.826187"/>
    <Properties>
      <Property name="Angle" value="271.328"/>
      <Property name="Filename" value="/Objects/pipe_spout_base.hs"/>
      <Property name="Parent" value="LazerDrop"/>
    </Properties>
  </Object>
  <Object name="Object91">
    <AbsoluteLocation value="15.616352 106.777428"/>
    <Properties>
      <Property name="Angle" value="451.472"/>
      <Property name="Filename" value="/Objects/pipe_spout_base.hs"/>
      <Property name="Parent" value="LazerDrop"/>
    </Properties>
  </Object>
  <Object name="PoisonLazer">
    <AbsoluteLocation value="11.546356 105.002594"/>
    <Properties>
      <Property name="Angle" value="-75"/>
      <Property name="Filename" value="/Objects/shower_head.hs"/>
      <Property name="FluidType" value="ContaminatedWater"/>
      <Property name="Parent" value="LazerDrop"/>
      <Property name="ParticleSpeed" value="40"/>
      <Property name="Type" value="spout"/>
    </Properties>
  </Object>
  <Object name="VariableLazer">
    <AbsoluteLocation value="21.546358 105.002594"/>
    <Properties>
      <Property name="Angle" value="-105"/>
      <Property name="ConnectedConverter" value="FluidConverter11"/>
      <Property name="Filename" value="/Objects/shower_head.hs"/>
      <Property name="FluidType" value="Lava"/>
      <Property name="Parent" value="LazerDrop"/>
      <Property name="ParticleSpeed" value="40"/>
      <Property name="Type" value="spout"/>
    </Properties>
  </Object>
  <Object name="Object86">
    <AbsoluteLocation value="16.199169 109.790108"/>
    <Properties>
      <Property name="Angle" value="179.856"/>
      <Property name="Filename" value="/Objects/pipe_spout_base.hs"/>
      <Property name="Parent" value="LazerDrop"/>
    </Properties>
  </Object>
  <Object name="FluidConverter11">
    <AbsoluteLocation value="22.392990 123.126007"/>
    <Properties>
      <Property name="Angle" value="0"/>
      <Property name="Filename" value="/Objects/converter_dynamic_all_horiz.hs"/>
      <Property name="FluidType0" value="lava"/>
      <Property name="FluidType1" value="contaminatedwater"/>
      <Property name="Parent" value="LazerDrop"/>
      <Property name="Type" value="fluidconverter"/>
    </Properties>
  </Object>
  <Object name="Object96">
    <AbsoluteLocation value="-7.633972 -149.429367"/>
    <Properties>
      <Property name="Angle" value="-1.97385"/>
      <Property name="Filename" value="/Objects/pipe_straight_long.hs"/>
    </Properties>
  </Object>
  <Object name="Object98">
    <AbsoluteLocation value="-16.760593 -149.093964"/>
    <Properties>
      <Property name="Angle" value="-2.51534"/>
      <Property name="Filename" value="/Objects/pipe_straight_long.hs"/>
    </Properties>
  </Object>
  <Object name="Object100">
    <AbsoluteLocation value="-26.246769 -148.424789"/>
    <Properties>
      <Property name="Angle" value="-5.31885"/>
      <Property name="Filename" value="/Objects/pipe_straight_long.hs"/>
    </Properties>
  </Object>
  <Object name="Object99">
    <AbsoluteLocation value="-30.977215 -147.365753"/>
    <Properties>
      <Property name="Angle" value="-183.473"/>
      <Property name="Filename" value="/Objects/pipe_elbow_2.hs"/>
    </Properties>
  </Object>
  <Object name="Object102">
    <AbsoluteLocation value="-31.000946 -142.846558"/>
    <Properties>
      <Property name="Angle" value="-100.234"/>
      <Property name="Filename" value="/Objects/pipe_straight.hs"/>
    </Properties>
  </Object>
  <Object name="Object103">
    <AbsoluteLocation value="-1.806950 -148.988068"/>
    <Properties>
      <Property name="Angle" value="-92.287"/>
      <Property name="Filename" value="/Objects/pipe_elbow_2.hs"/>
    </Properties>
  </Object>
  <Object name="Object104">
    <AbsoluteLocation value="-0.868122 -144.919724"/>
    <Properties>
      <Property name="Angle" value="86.6783"/>
      <Property name="Filename" value="/Objects/pipe_straight.hs"/>
    </Properties>
  </Object>
  <Object name="Object106">
    <AbsoluteLocation value="1.600773 -141.478867"/>
    <Properties>
      <Property name="Angle" value="244.312"/>
      <Property name="Filename" value="/Objects/pipe_connector_90.hs"/>
    </Properties>
  </Object>
  <Object name="Object108">
    <AbsoluteLocation value="24.079079 -147.708237"/>
    <Properties>
      <Property name="Angle" value="-4.01032"/>
      <Property name="Filename" value="/Objects/pipe_straight.hs"/>
    </Properties>
  </Object>
  <Object name="Object80">
    <AbsoluteLocation value="28.068985 -146.390533"/>
    <Properties>
      <Property name="Angle" value="93.6196"/>
      <Property name="Filename" value="/Objects/pipe_connector_90.hs"/>
    </Properties>
  </Object>
  <Object name="Spout3">
    <AbsoluteLocation value="-29.490993 -138.513489"/>
    <Properties>
      <Property name="Angle" value="-30.9234"/>
      <Property name="ConnectedSpout0" value="SWAMPY_SPOUT"/>
      <Property name="ConnectedSpoutProbability0" value="1"/>
      <Property name="Filename" value="/Objects/broken_pipe_cranky.hs"/>
      <Property name="Type" value="spout"/>
    </Properties>
  </Object>
  <Object name="LazerDrop">
    <AbsoluteLocation value="16.313547 119.913536"/>
    <Properties>
      <Property name="Angle" value="90"/>
      <Property name="Filename" value="/Objects/wall_24x8_locking.hs"/>
      <Property name="MaxDragVelocity" value="30"/>
      <Property name="PathPos0" value="0 0"/>
      <Property name="PathPos1" value="0 -22"/>
      <Property name="PathPos2" value="-30 -22"/>
      <Property name="PathPos3" value="-30 -90"/>
      <Property name="PathPos4" value="-2 -90"/>
      <Property name="PathPos5" value="-2 -165"/>
      <Property name="PathPos6" value="-32 -165"/>
      <Property name="PathPos7" value="-32 -260"/>
    </Properties>
  </Object>
  <Object name="Object92">
    <AbsoluteLocation value="-7.547190 54.854855"/>
    <Properties>
      <Property name="Angle" value="0"/>
      <Property name="Filename" value="/Objects/path_vertical_locking_mid.hs"/>
    </Properties>
  </Object>
  <Object name="Object101">
    <AbsoluteLocation value="8.671604 47.807514"/>
    <Properties>
      <Property name="Angle" value="0"/>
      <Property name="Filename" value="/Objects/path_locking_mid.hs"/>
    </Properties>
  </Object>
  <Object name="Object105">
    <AbsoluteLocation value="14.721672 25.603539"/>
    <Properties>
      <Property name="Angle" value="0"/>
      <Property name="Filename" value="/Objects/path_vertical_locking_mid.hs"/>
    </Properties>
  </Object>
  <Object name="Object109">
    <AbsoluteLocation value="14.698532 20.893574"/>
    <Properties>
      <Property name="Angle" value="0"/>
      <Property name="Filename" value="/Objects/path_vertical_locking_mid.hs"/>
    </Properties>
  </Object>
  <Object name="Object110">
    <AbsoluteLocation value="14.675388 16.768002"/>
    <Properties>
      <Property name="Angle" value="0"/>
      <Property name="Filename" value="/Objects/path_vertical_locking_mid.hs"/>
    </Properties>
  </Object>
  <Object name="Object111">
    <AbsoluteLocation value="14.700489 11.955168"/>
    <Properties>
      <Property name="Angle" value="0"/>
      <Property name="Filename" value="/Objects/path_vertical_locking_mid.hs"/>
    </Properties>
  </Object>
  <Object name="Object112">
    <AbsoluteLocation value="14.725590 7.766689"/>
    <Properties>
      <Property name="Angle" value="0"/>
      <Property name="Filename" value="/Objects/path_vertical_locking_mid.hs"/>
    </Properties>
  </Object>
  <Object name="Object113">
    <AbsoluteLocation value="14.745905 3.404896"/>
    <Properties>
      <Property name="Angle" value="0"/>
      <Property name="Filename" value="/Objects/path_vertical_locking_mid.hs"/>
    </Properties>
  </Object>
  <Object name="Object114">
    <AbsoluteLocation value="14.766216 -0.595108"/>
    <Properties>
      <Property name="Angle" value="0"/>
      <Property name="Filename" value="/Objects/path_vertical_locking_mid.hs"/>
    </Properties>
  </Object>
  <Object name="Object115">
    <AbsoluteLocation value="14.786530 -5.318687"/>
    <Properties>
      <Property name="Angle" value="0"/>
      <Property name="Filename" value="/Objects/path_vertical_locking_mid.hs"/>
    </Properties>
  </Object>
  <Object name="Object117">
    <AbsoluteLocation value="-9.325062 -91.164139"/>
    <Properties>
      <Property name="Angle" value="0"/>
      <Property name="Filename" value="/Objects/path_vertical_locking_mid.hs"/>
    </Properties>
  </Object>
  <Room>
    <AbsoluteLocation value="19.600002 -129.200012"/>
  </Room>
  <Properties>
    <Property name="SkipPan" value="1"/>
  </Properties>
</Objects>
