<?xml version="1.0"?>
<Objects>
  <Object name="Obj14">
    <AbsoluteLocation value="20.190866 -41.258762"/>
    <Properties>
      <Property name="Angle" value="77.1716"/>
      <Property name="Filename" value="/Objects/pipe_straight.hs"/>
    </Properties>
  </Object>
  <Object name="SLIDER_LR">
    <AbsoluteLocation value="-22.590326 15.470865"/>
    <Properties>
      <Property name="Angle" value="0"/>
      <Property name="Filename" value="/Objects/wall_24x8_locking.hs"/>
      <Property name="PathPos0" value="0 0"/>
      <Property name="PathPos1" value="15.5 0"/>
    </Properties>
  </Object>
  <Object name="SLIDER_UD">
    <AbsoluteLocation value="-9.596123 -34.046478"/>
    <Properties>
      <Property name="Angle" value="89.9776"/>
      <Property name="Filename" value="/Objects/wall_24x8_locking.hs"/>
      <Property name="PathPos0" value="0 0"/>
      <Property name="PathPos1" value="0 10"/>
    </Properties>
  </Object>
  <Object name="Star2">
    <AbsoluteLocation value="7.855411 30.792101"/>
    <Properties>
      <Property name="Angle" value="0"/>
      <Property name="Filename" value="/Objects/star.hs"/>
      <Property name="Type" value="star"/>
    </Properties>
  </Object>
  <Object name="Star3">
    <AbsoluteLocation value="17.770458 -23.279713"/>
    <Properties>
      <Property name="Angle" value="0"/>
      <Property name="Filename" value="/Objects/star.hs"/>
      <Property name="Type" value="star"/>
    </Properties>
  </Object>
  <Object name="Star4">
    <AbsoluteLocation value="-23.061506 -7.470246"/>
    <Properties>
      <Property name="Angle" value="0"/>
      <Property name="Filename" value="/Objects/star.hs"/>
      <Property name="Type" value="star"/>
    </Properties>
  </Object>
  <Object name="ORANGE_SWITCH">
    <AbsoluteLocation value="-9.995174 15.383640"/>
    <Properties>
      <Property name="Angle" value="179.971"/>
      <Property name="ConnectedObject0" value="Obj8"/>
      <Property name="Filename" value="/Objects/switch.hs"/>
      <Property name="Parent" value="SLIDER_LR"/>
      <Property name="Type" value="switch"/>
    </Properties>
  </Object>
  <Object name="Obj8">
    <AbsoluteLocation value="6.375429 -14.754536"/>
    <Properties>
      <Property name="Angle" value="-90.1003"/>
      <Property name="Filename" value="/Objects/wall_24x8_pivot.hs"/>
      <Property name="MotorMoveSpeed" value="0.1"/>
      <Property name="MotorTurnSpeed" value="90"/>
      <Property name="PathPos0" value="0 0"/>
      <Property name="PathPos1" value="0 0.1"/>
    </Properties>
  </Object>
  <Object name="Obj9">
    <AbsoluteLocation value="13.627529 17.629526"/>
    <Properties>
      <Property name="Angle" value="1.50925"/>
      <Property name="Filename" value="/Objects/pipe_straight.hs"/>
    </Properties>
  </Object>
  <Object name="Obj12">
    <AbsoluteLocation value="14.690289 -44.145134"/>
    <Properties>
      <Property name="Angle" value="-183.147"/>
      <Property name="Filename" value="/Objects/pipe_into_wall_2.hs"/>
    </Properties>
  </Object>
  <Object name="Obj13">
    <AbsoluteLocation value="18.793173 -43.421589"/>
    <Properties>
      <Property name="Angle" value="80.6986"/>
      <Property name="Filename" value="/Objects/pipe_connector_90.hs"/>
    </Properties>
  </Object>
  <Object name="Spout10">
    <AbsoluteLocation value="21.009132 -37.249092"/>
    <Properties>
      <Property name="Angle" value="-11.3111"/>
      <Property name="ConnectedSpout0" value="Spout11"/>
      <Property name="ConnectedSpoutProbability0" value="1"/>
      <Property name="Filename" value="/Objects/basic_drain.hs"/>
      <Property name="Type" value="spout"/>
    </Properties>
  </Object>
  <Object name="Obj15">
    <AbsoluteLocation value="-7.175704 22.348806"/>
    <Properties>
      <Property name="Angle" value="-92.9214"/>
      <Property name="Filename" value="/Objects/pipe_into_wall_2.hs"/>
    </Properties>
  </Object>
  <Object name="Spout11">
    <AbsoluteLocation value="-7.012960 25.501682"/>
    <Properties>
      <Property name="Angle" value="89.4275"/>
      <Property name="Filename" value="/Objects/shower_head.hs"/>
      <Property name="FluidType" value="Water"/>
      <Property name="NumberParticles" value="0"/>
      <Property name="ParticleSpeed" value="45"/>
      <Property name="Type" value="spout"/>
    </Properties>
  </Object>
  <Object name="Obj17">
    <AbsoluteLocation value="18.231024 18.395750"/>
    <Properties>
      <Property name="Angle" value="-89.6556"/>
      <Property name="Filename" value="/Objects/pipe_elbow_2.hs"/>
    </Properties>
  </Object>
  <Object name="Spout12">
    <AbsoluteLocation value="18.835596 21.563995"/>
    <Properties>
      <Property name="Angle" value="5.57329"/>
      <Property name="ConnectedSpout0" value="SWAMPY_SPOUT"/>
      <Property name="ConnectedSpoutProbability0" value="1"/>
      <Property name="Filename" value="/Objects/broken_pipe.hs"/>
      <Property name="Type" value="spout"/>
    </Properties>
  </Object>
  <Object name="Obj18">
    <AbsoluteLocation value="11.134666 16.844769"/>
    <Properties>
      <Property name="Angle" value="92.7283"/>
      <Property name="Filename" value="/Objects/pipe_elbow_1.hs"/>
    </Properties>
  </Object>
  <Object name="Obj10">
    <AbsoluteLocation value="10.842136 14.763756"/>
    <Properties>
      <Property name="Angle" value="-63.9837"/>
      <Property name="Filename" value="/Objects/pipe_connector_end.hs"/>
    </Properties>
  </Object>
  <Object name="Obj19">
    <AbsoluteLocation value="-9.486292 -37.389500"/>
    <Properties>
      <Property name="Angle" value="-0.130365"/>
      <Property name="Filename" value="/Objects/path_vertical_locking_end_bottom.hs"/>
    </Properties>
  </Object>
  <Object name="Obj20">
    <AbsoluteLocation value="-9.479528 -22.727894"/>
    <Properties>
      <Property name="Angle" value="-0.402899"/>
      <Property name="Filename" value="/Objects/path_vertical_locking_end_top.hs"/>
    </Properties>
  </Object>
  <Object name="Obj21">
    <AbsoluteLocation value="-9.484048 -32.502289"/>
    <Properties>
      <Property name="Angle" value="89.9736"/>
      <Property name="Filename" value="/Objects/path_locking_mid.hs"/>
    </Properties>
  </Object>
  <Object name="Obj22">
    <AbsoluteLocation value="-9.481773 -27.615086"/>
    <Properties>
      <Property name="Angle" value="89.9736"/>
      <Property name="Filename" value="/Objects/path_locking_mid.hs"/>
    </Properties>
  </Object>
  <Object name="Obj23">
    <AbsoluteLocation value="-22.322414 15.446121"/>
    <Properties>
      <Property name="Angle" value="0.392443"/>
      <Property name="Filename" value="/Objects/path_locking_end.hs"/>
    </Properties>
  </Object>
  <Object name="Obj24">
    <AbsoluteLocation value="-2.774071 15.580018"/>
    <Properties>
      <Property name="Angle" value="0.392443"/>
      <Property name="Filename" value="/Objects/path_locking_end_right.hs"/>
    </Properties>
  </Object>
  <Object name="Obj25">
    <AbsoluteLocation value="-17.435329 15.479595"/>
    <Properties>
      <Property name="Angle" value="0.392443"/>
      <Property name="Filename" value="/Objects/path_locking_mid.hs"/>
    </Properties>
  </Object>
  <Object name="Obj26">
    <AbsoluteLocation value="-12.548243 15.513069"/>
    <Properties>
      <Property name="Angle" value="0.392443"/>
      <Property name="Filename" value="/Objects/path_locking_mid.hs"/>
    </Properties>
  </Object>
  <Object name="Obj27">
    <AbsoluteLocation value="-7.661158 15.546544"/>
    <Properties>
      <Property name="Angle" value="0.392443"/>
      <Property name="Filename" value="/Objects/path_locking_mid.hs"/>
    </Properties>
  </Object>
  <Object name="Ducky30">
    <AbsoluteLocation value="-1.109375 -14.828125"/>
    <Properties>
      <Property name="Angle" value="0"/>
      <Property name="CutsRock" value="1"/>
      <Property name="Filename" value="/Objects/star_teleport.hs"/>
      <Property name="StarType" value="teleport"/>
      <Property name="TeleportMoveEase" value="both"/>
      <Property name="TeleportMoveTime" value="1.5"/>
      <Property name="TeleportWaitTime" value="1"/>
      <Property name="Type" value="star"/>
    </Properties>
  </Object>
  <Object name="Ducky31">
    <AbsoluteLocation value="-9.718750 -19.390625"/>
    <Properties>
      <Property name="Angle" value="0.0202867"/>
      <Property name="CutsRock" value="1"/>
      <Property name="Filename" value="/Objects/star_teleport.hs"/>
      <Property name="StarType" value="teleport"/>
      <Property name="TeleportMoveEase" value="both"/>
      <Property name="TeleportMoveTime" value="1.5"/>
      <Property name="TeleportWaitTime" value="1.5"/>
      <Property name="Type" value="star"/>
    </Properties>
  </Object>
  <Object name="Ducky32">
    <AbsoluteLocation value="-9.187500 -5.953125"/>
    <Properties>
      <Property name="Angle" value="0.194181"/>
      <Property name="CutsRock" value="1"/>
      <Property name="Filename" value="/Objects/star_teleport.hs"/>
      <Property name="StarType" value="teleport"/>
      <Property name="TeleportMoveEase" value="both"/>
      <Property name="TeleportMoveTime" value="2"/>
      <Property name="TeleportWaitTime" value="99999"/>
      <Property name="Type" value="star"/>
    </Properties>
  </Object>
  <Room>
    <AbsoluteLocation value="18.800001 2.799999"/>
  </Room>
  <Properties>
    <Property name="ShowTopEdge" value="1"/>
  </Properties>
</Objects>
