<?xml version="1.0"?>
<Objects>
  <Object name="Object23">
    <AbsoluteLocation value="15.638149 27.218151"/>
    <Properties>
      <Property name="Angle" value="-360.326"/>
      <Property name="Filename" value="/Objects/pipe_straight.hs"/>
    </Properties>
  </Object>
  <Object name="Ducky1">
    <AbsoluteLocation value="0.756248 -27.506250"/>
    <Properties>
      <Property name="Angle" value="0"/>
      <Property name="Filename" value="/Objects/star.hs"/>
      <Property name="Type" value="star"/>
    </Properties>
  </Object>
  <Object name="Ducky2">
    <AbsoluteLocation value="24.800001 -26.800001"/>
    <Properties>
      <Property name="Angle" value="0"/>
      <Property name="Filename" value="/Objects/star.hs"/>
      <Property name="Type" value="star"/>
    </Properties>
  </Object>
  <Object name="Ducky3">
    <AbsoluteLocation value="-1.200001 9.600000"/>
    <Properties>
      <Property name="Angle" value="0"/>
      <Property name="Filename" value="/Objects/star.hs"/>
      <Property name="Type" value="star"/>
    </Properties>
  </Object>
  <Object name="Object6">
    <AbsoluteLocation value="-43.661972 38.901806"/>
    <Properties>
      <Property name="Angle" value="0"/>
      <Property name="Filename" value="/Objects/pipe_straight_long.hs"/>
    </Properties>
  </Object>
  <Object name="Object7">
    <AbsoluteLocation value="-34.650162 38.901630"/>
    <Properties>
      <Property name="Angle" value="0"/>
      <Property name="Filename" value="/Objects/pipe_straight_long.hs"/>
    </Properties>
  </Object>
  <Object name="Object10">
    <AbsoluteLocation value="41.313747 39.092377"/>
    <Properties>
      <Property name="Angle" value="0"/>
      <Property name="Filename" value="/Objects/pipe_straight_long.hs"/>
    </Properties>
  </Object>
  <Object name="Object11">
    <AbsoluteLocation value="31.892385 39.092377"/>
    <Properties>
      <Property name="Angle" value="0"/>
      <Property name="Filename" value="/Objects/pipe_straight_long.hs"/>
    </Properties>
  </Object>
  <Object name="Object14">
    <AbsoluteLocation value="26.000713 33.676224"/>
    <Properties>
      <Property name="Angle" value="-90.7785"/>
      <Property name="Filename" value="/Objects/pipe_straight.hs"/>
    </Properties>
  </Object>
  <Object name="Object15">
    <AbsoluteLocation value="-26.756073 33.701721"/>
    <Properties>
      <Property name="Angle" value="-90.7785"/>
      <Property name="Filename" value="/Objects/pipe_straight.hs"/>
    </Properties>
  </Object>
  <Object name="Object12">
    <AbsoluteLocation value="27.356037 37.935844"/>
    <Properties>
      <Property name="Angle" value="-91.3904"/>
      <Property name="Filename" value="/Objects/pipe_connector_90.hs"/>
    </Properties>
  </Object>
  <Object name="Object16">
    <AbsoluteLocation value="18.189562 11.269299"/>
    <Properties>
      <Property name="Angle" value="-90.1601"/>
      <Property name="Filename" value="/Objects/pipe_straight_long.hs"/>
    </Properties>
  </Object>
  <Object name="Object19">
    <AbsoluteLocation value="13.001663 23.582474"/>
    <Properties>
      <Property name="Angle" value="-270.968"/>
      <Property name="Filename" value="/Objects/pipe_straight.hs"/>
    </Properties>
  </Object>
  <Object name="Object20">
    <AbsoluteLocation value="18.223104 20.722521"/>
    <Properties>
      <Property name="Angle" value="-90.1601"/>
      <Property name="Filename" value="/Objects/pipe_straight_long.hs"/>
    </Properties>
  </Object>
  <Object name="Object21">
    <AbsoluteLocation value="17.537638 26.532026"/>
    <Properties>
      <Property name="Angle" value="0"/>
      <Property name="Filename" value="/Objects/pipe_elbow_1.hs"/>
    </Properties>
  </Object>
  <Object name="Object22">
    <AbsoluteLocation value="13.743390 26.561970"/>
    <Properties>
      <Property name="Angle" value="89.6438"/>
      <Property name="Filename" value="/Objects/pipe_elbow_1.hs"/>
    </Properties>
  </Object>
  <Object name="Object25">
    <AbsoluteLocation value="18.114283 -7.518143"/>
    <Properties>
      <Property name="Angle" value="-90.1601"/>
      <Property name="Filename" value="/Objects/pipe_straight_long.hs"/>
    </Properties>
  </Object>
  <Object name="Object26">
    <AbsoluteLocation value="18.147825 1.935080"/>
    <Properties>
      <Property name="Angle" value="-90.1601"/>
      <Property name="Filename" value="/Objects/pipe_straight_long.hs"/>
    </Properties>
  </Object>
  <Object name="Object27">
    <AbsoluteLocation value="18.096193 -16.829414"/>
    <Properties>
      <Property name="Angle" value="-90.1601"/>
      <Property name="Filename" value="/Objects/pipe_straight_long.hs"/>
    </Properties>
  </Object>
  <Object name="Object28">
    <AbsoluteLocation value="18.078102 -26.140686"/>
    <Properties>
      <Property name="Angle" value="-90.1601"/>
      <Property name="Filename" value="/Objects/pipe_straight_long.hs"/>
    </Properties>
  </Object>
  <Object name="Object29">
    <AbsoluteLocation value="26.050011 -34.759182"/>
    <Properties>
      <Property name="Angle" value="-0.0236793"/>
      <Property name="Filename" value="/Objects/pipe_straight_long.hs"/>
    </Properties>
  </Object>
  <Object name="Object17">
    <AbsoluteLocation value="19.262287 -33.657906"/>
    <Properties>
      <Property name="Angle" value="1.6734"/>
      <Property name="Filename" value="/Objects/pipe_connector_90.hs"/>
    </Properties>
  </Object>
  <Object name="Object30">
    <AbsoluteLocation value="35.499836 -34.787273"/>
    <Properties>
      <Property name="Angle" value="-0.0236793"/>
      <Property name="Filename" value="/Objects/pipe_straight_long.hs"/>
    </Properties>
  </Object>
  <Object name="Object31">
    <AbsoluteLocation value="-25.445635 -36.195641"/>
    <Properties>
      <Property name="Angle" value="-2.16126"/>
      <Property name="Filename" value="/Objects/pipe_straight_long.hs"/>
    </Properties>
  </Object>
  <Object name="Object32">
    <AbsoluteLocation value="-34.799362 -36.231045"/>
    <Properties>
      <Property name="Angle" value="2.72749"/>
      <Property name="Filename" value="/Objects/pipe_straight_long.hs"/>
    </Properties>
  </Object>
  <Object name="Object33">
    <AbsoluteLocation value="-19.980373 -36.372528"/>
    <Properties>
      <Property name="Angle" value="-141.331"/>
      <Property name="Filename" value="/Objects/pipe_bend_1.hs"/>
    </Properties>
  </Object>
  <Object name="Object34">
    <AbsoluteLocation value="-17.150057 -33.686718"/>
    <Properties>
      <Property name="Angle" value="-309.284"/>
      <Property name="Filename" value="/Objects/pipe_straight.hs"/>
    </Properties>
  </Object>
  <Object name="Spout4">
    <AbsoluteLocation value="25.889999 29.468851"/>
    <Properties>
      <Property name="Angle" value="-90.6867"/>
      <Property name="Blockable" value="1"/>
      <Property name="Filename" value="/Objects/touch_spout_mud.hs"/>
      <Property name="FluidType" value="Mud"/>
      <Property name="ParticleDryness" value=".7"/>
      <Property name="ParticleSpeed" value="80"/>
      <Property name="ParticlesPerSecond" value="20"/>
      <Property name="Type" value="spout"/>
    </Properties>
  </Object>
  <Object name="Spout5">
    <AbsoluteLocation value="-26.756073 28.901720"/>
    <Properties>
      <Property name="Angle" value="-91.6305"/>
      <Property name="Blockable" value="1"/>
      <Property name="Filename" value="/Objects/touch_spout_mud.hs"/>
      <Property name="FluidType" value="Mud"/>
      <Property name="ParticleDryness" value=".7"/>
      <Property name="ParticleSpeed" value="80"/>
      <Property name="ParticlesPerSecond" value="20"/>
      <Property name="Type" value="spout"/>
    </Properties>
  </Object>
  <Object name="Spout18">
    <AbsoluteLocation value="12.921249 19.375101"/>
    <Properties>
      <Property name="Angle" value="-90.6867"/>
      <Property name="Blockable" value="1"/>
      <Property name="Filename" value="/Objects/touch_spout_mud.hs"/>
      <Property name="FluidType" value="Mud"/>
      <Property name="ParticleDryness" value=".7"/>
      <Property name="ParticleSpeed" value="80"/>
      <Property name="ParticlesPerSecond" value="20"/>
      <Property name="Type" value="spout"/>
    </Properties>
  </Object>
  <Object name="Spout24">
    <AbsoluteLocation value="-14.991013 -31.107555"/>
    <Properties>
      <Property name="Angle" value="-302.994"/>
      <Property name="Blockable" value="1"/>
      <Property name="Filename" value="/Objects/touch_spout_mud.hs"/>
      <Property name="FluidType" value="Mud"/>
      <Property name="ParticleDryness" value=".7"/>
      <Property name="ParticleSpeed" value="80"/>
      <Property name="ParticlesPerSecond" value="20"/>
      <Property name="Type" value="spout"/>
    </Properties>
  </Object>
  <Object name="Object35">
    <AbsoluteLocation value="-24.946693 39.984917"/>
    <Properties>
      <Property name="Angle" value="-18.919"/>
      <Property name="Filename" value="/Objects/pipe_straight_long.hs"/>
    </Properties>
  </Object>
  <Object name="Object36">
    <AbsoluteLocation value="-33.913395 42.647934"/>
    <Properties>
      <Property name="Angle" value="-14.0303"/>
      <Property name="Filename" value="/Objects/pipe_straight_long.hs"/>
    </Properties>
  </Object>
  <Object name="Object13">
    <AbsoluteLocation value="-27.699326 37.509163"/>
    <Properties>
      <Property name="Angle" value="-180"/>
      <Property name="Filename" value="/Objects/pipe_connector_90.hs"/>
    </Properties>
  </Object>
  <Object name="Spout33">
    <AbsoluteLocation value="-19.009735 37.079109"/>
    <Properties>
      <Property name="Angle" value="-396.759"/>
      <Property name="Blockable" value="1"/>
      <Property name="Filename" value="/Objects/touch_spout_mud.hs"/>
      <Property name="FluidType" value="Mud"/>
      <Property name="ParticleDryness" value=".7"/>
      <Property name="ParticleSpeed" value="80"/>
      <Property name="ParticlesPerSecond" value="20"/>
      <Property name="Type" value="spout"/>
    </Properties>
  </Object>
  <Room>
    <AbsoluteLocation value="-1.000000 -1.000000"/>
  </Room>
  <Properties>
    <Property name="BonusLevel" value="1"/>
    <Property name="BonusTimer" value="140"/>
    <Property name="ShowTopEdge" value="1"/>
  </Properties>
</Objects>
