<?xml version="1.0"?>
<Objects>
  <Object name="Ducky1">
    <AbsoluteLocation value="-18.800001 -12.000000"/>
    <Properties>
      <Property name="Angle" value="0"/>
      <Property name="Filename" value="/Objects/star.hs"/>
      <Property name="Type" value="star"/>
    </Properties>
  </Object>
  <Object name="Ducky2">
    <AbsoluteLocation value="16.400003 -12.800001"/>
    <Properties>
      <Property name="Angle" value="0"/>
      <Property name="Filename" value="/Objects/star.hs"/>
      <Property name="Type" value="star"/>
    </Properties>
  </Object>
  <Object name="Ducky3">
    <AbsoluteLocation value="-0.800000 18.800001"/>
    <Properties>
      <Property name="Angle" value="0"/>
      <Property name="Filename" value="/Objects/star.hs"/>
      <Property name="Type" value="star"/>
    </Properties>
  </Object>
  <Object name="Object6">
    <AbsoluteLocation value="-41.705906 40.800087"/>
    <Properties>
      <Property name="Angle" value="0"/>
      <Property name="Filename" value="/Objects/pipe_straight_long.hs"/>
    </Properties>
  </Object>
  <Object name="Object7">
    <AbsoluteLocation value="-32.694096 40.799911"/>
    <Properties>
      <Property name="Angle" value="0"/>
      <Property name="Filename" value="/Objects/pipe_straight_long.hs"/>
    </Properties>
  </Object>
  <Object name="Object10">
    <AbsoluteLocation value="39.063747 37.686127"/>
    <Properties>
      <Property name="Angle" value="0"/>
      <Property name="Filename" value="/Objects/pipe_straight_long.hs"/>
    </Properties>
  </Object>
  <Object name="Object11">
    <AbsoluteLocation value="29.642385 37.686127"/>
    <Properties>
      <Property name="Angle" value="0"/>
      <Property name="Filename" value="/Objects/pipe_straight_long.hs"/>
    </Properties>
  </Object>
  <Object name="Object14">
    <AbsoluteLocation value="23.750713 32.269974"/>
    <Properties>
      <Property name="Angle" value="-90.7785"/>
      <Property name="Filename" value="/Objects/pipe_straight.hs"/>
    </Properties>
  </Object>
  <Object name="Object15">
    <AbsoluteLocation value="-24.800001 35.600002"/>
    <Properties>
      <Property name="Angle" value="-90.7785"/>
      <Property name="Filename" value="/Objects/pipe_straight.hs"/>
    </Properties>
  </Object>
  <Object name="Object12">
    <AbsoluteLocation value="25.106037 36.529594"/>
    <Properties>
      <Property name="Angle" value="-91.3904"/>
      <Property name="Filename" value="/Objects/pipe_connector_90.hs"/>
    </Properties>
  </Object>
  <Object name="Object13">
    <AbsoluteLocation value="-25.743258 39.407444"/>
    <Properties>
      <Property name="Angle" value="-180"/>
      <Property name="Filename" value="/Objects/pipe_connector_90.hs"/>
    </Properties>
  </Object>
  <Object name="Spout4">
    <AbsoluteLocation value="23.639999 28.062601"/>
    <Properties>
      <Property name="Angle" value="-90.6867"/>
      <Property name="Filename" value="/Objects/touch_spout_mud.hs"/>
      <Property name="FluidType" value="Mud"/>
      <Property name="ParticleDryness" value=".7"/>
      <Property name="ParticleSpeed" value="80"/>
      <Property name="ParticlesPerSecond" value="20"/>
      <Property name="Type" value="spout"/>
    </Properties>
  </Object>
  <Object name="Spout5">
    <AbsoluteLocation value="-24.800001 30.800001"/>
    <Properties>
      <Property name="Angle" value="-91.6305"/>
      <Property name="Filename" value="/Objects/touch_spout_mud.hs"/>
      <Property name="FluidType" value="Mud"/>
      <Property name="ParticleDryness" value=".7"/>
      <Property name="ParticleSpeed" value="80"/>
      <Property name="ParticlesPerSecond" value="20"/>
      <Property name="Type" value="spout"/>
    </Properties>
  </Object>
  <Room>
    <AbsoluteLocation value="-1.000000 -1.000000"/>
  </Room>
  <Properties>
    <Property name="BonusLevel" value="1"/>
    <Property name="BonusTimer" value="90"/>
    <Property name="ShowTopEdge" value="1"/>
  </Properties>
</Objects>
