<?xml version="1.0"?>
<Objects>
  <Object name="Obj21">
    <AbsoluteLocation value="5.094594 -14.596205"/>
    <Properties>
      <Property name="Angle" value="0.235648"/>
      <Property name="Filename" value="/Objects/wall_16x8.hs"/>
      <Property name="Parent" value="CONVERT_MOVER"/>
    </Properties>
  </Object>
  <Object name="Obj15">
    <AbsoluteLocation value="-2.996282 -44.568260"/>
    <Properties>
      <Property name="Angle" value="-129.774"/>
      <Property name="Filename" value="/Objects/pipe_bend_1.hs"/>
    </Properties>
  </Object>
  <Object name="Obj13">
    <AbsoluteLocation value="-24.903530 22.886744"/>
    <Properties>
      <Property name="Angle" value="15.4292"/>
      <Property name="Filename" value="/Objects/pipe_straight_long.hs"/>
    </Properties>
  </Object>
  <Object name="Obj12">
    <AbsoluteLocation value="26.719894 23.938173"/>
    <Properties>
      <Property name="Angle" value="-15.8406"/>
      <Property name="Filename" value="/Objects/pipe_straight_long.hs"/>
    </Properties>
  </Object>
  <Object name="Obj5">
    <AbsoluteLocation value="5.102268 -18.181068"/>
    <Properties>
      <Property name="Angle" value="179.225"/>
      <Property name="Filename" value="/Objects/pipe_spout_base.hs"/>
      <Property name="Parent" value="CONVERT_MOVER"/>
    </Properties>
  </Object>
  <Object name="Obj4">
    <AbsoluteLocation value="5.146585 -11.055915"/>
    <Properties>
      <Property name="Angle" value="0"/>
      <Property name="Filename" value="/Objects/pipe_spout_base.hs"/>
      <Property name="Parent" value="CONVERT_MOVER"/>
    </Properties>
  </Object>
  <Object name="Spout2">
    <AbsoluteLocation value="5.181808 -8.360158"/>
    <Properties>
      <Property name="Angle" value="0"/>
      <Property name="ConnectedSpout0" value="Spout4"/>
      <Property name="ConnectedSpoutProbability0" value="1"/>
      <Property name="Filename" value="/Objects/basic_drain.hs"/>
      <Property name="Parent" value="CONVERT_MOVER"/>
      <Property name="Type" value="spout"/>
    </Properties>
  </Object>
  <Object name="FluidConverter3">
    <AbsoluteLocation value="5.231091 -14.579576"/>
    <Properties>
      <Property name="Angle" value="0"/>
      <Property name="Filename" value="/Objects/converter_static_water.hs"/>
      <Property name="FluidType" value="water"/>
      <Property name="Parent" value="CONVERT_MOVER"/>
      <Property name="Type" value="fluidconverter"/>
    </Properties>
  </Object>
  <Object name="Spout4">
    <AbsoluteLocation value="5.008705 -20.615196"/>
    <Properties>
      <Property name="Angle" value="-87.7846"/>
      <Property name="ConnectedConverter" value="FluidConverter3"/>
      <Property name="Filename" value="/Objects/shower_head.hs"/>
      <Property name="FluidType" value="Water"/>
      <Property name="NumberParticles" value="0"/>
      <Property name="Parent" value="CONVERT_MOVER"/>
      <Property name="Type" value="spout"/>
    </Properties>
  </Object>
  <Object name="Spout8">
    <AbsoluteLocation value="-18.039553 26.932724"/>
    <Properties>
      <Property name="Angle" value="46.4892"/>
      <Property name="Filename" value="/Objects/touch_spout.hs"/>
      <Property name="FluidType" value="Water"/>
      <Property name="ParticleSpeed" value="15"/>
      <Property name="ParticlesPerSecond" value="6"/>
      <Property name="Type" value="spout"/>
    </Properties>
  </Object>
  <Object name="Spout9">
    <AbsoluteLocation value="19.395048 27.667490"/>
    <Properties>
      <Property name="Angle" value="134.005"/>
      <Property name="Filename" value="/Objects/touch_spout_murky.hs"/>
      <Property name="FluidType" value="ContaminatedWater"/>
      <Property name="ParticleSpeed" value="15.5"/>
      <Property name="Type" value="spout"/>
    </Properties>
  </Object>
  <Object name="Spout10">
    <AbsoluteLocation value="-0.862976 -42.899708"/>
    <Properties>
      <Property name="Angle" value="-46.0389"/>
      <Property name="ConnectedSpout0" value="SWAMPY_SPOUT"/>
      <Property name="ConnectedSpoutProbability0" value="1"/>
      <Property name="Filename" value="/Objects/broken_pipe.hs"/>
      <Property name="Type" value="spout"/>
    </Properties>
  </Object>
  <Object name="Switch11">
    <AbsoluteLocation value="18.217625 -28.913715"/>
    <Properties>
      <Property name="Angle" value="-137.203"/>
      <Property name="ConnectedObject0" value="CONVERT_MOVER"/>
      <Property name="Filename" value="/Objects/switch.hs"/>
      <Property name="Type" value="switch"/>
    </Properties>
  </Object>
  <Object name="Obj14">
    <AbsoluteLocation value="-33.478401 20.518873"/>
    <Properties>
      <Property name="Angle" value="15.4292"/>
      <Property name="Filename" value="/Objects/pipe_straight_long.hs"/>
    </Properties>
  </Object>
  <Object name="Obj16">
    <AbsoluteLocation value="-6.225560 -44.896290"/>
    <Properties>
      <Property name="Angle" value="3.83669"/>
      <Property name="Filename" value="/Objects/pipe_straight.hs"/>
    </Properties>
  </Object>
  <Object name="Obj17">
    <AbsoluteLocation value="-7.621440 -44.837589"/>
    <Properties>
      <Property name="Angle" value="-187.563"/>
      <Property name="Filename" value="/Objects/pipe_connector_end.hs"/>
    </Properties>
  </Object>
  <Object name="CONVERT_MOVER">
    <AbsoluteLocation value="-1.007538 -14.513823"/>
    <Properties>
      <Property name="Angle" value="89.8296"/>
      <Property name="Filename" value="/Objects/wall_16x8.hs"/>
      <Property name="MotorMoveSpeed" value="8"/>
      <Property name="PathPos0" value="0 0"/>
      <Property name="PathPos1" value="-8 0"/>
    </Properties>
  </Object>
  <Object name="Star19">
    <AbsoluteLocation value="24.780437 -42.498871"/>
    <Properties>
      <Property name="Angle" value="0"/>
      <Property name="Filename" value="/Objects/star.hs"/>
      <Property name="Type" value="star"/>
    </Properties>
  </Object>
  <Object name="Star20">
    <AbsoluteLocation value="-0.106307 33.345177"/>
    <Properties>
      <Property name="Angle" value="0"/>
      <Property name="Filename" value="/Objects/star.hs"/>
      <Property name="Type" value="star"/>
    </Properties>
  </Object>
  <Object name="Star21">
    <AbsoluteLocation value="8.190923 -25.803814"/>
    <Properties>
      <Property name="Angle" value="0"/>
      <Property name="Filename" value="/Objects/star.hs"/>
      <Property name="Type" value="star"/>
    </Properties>
  </Object>
  <Object name="Obj22">
    <AbsoluteLocation value="-5.649220 -14.742239"/>
    <Properties>
      <Property name="Angle" value="0.674033"/>
      <Property name="Filename" value="/Objects/path_locking_end.hs"/>
    </Properties>
  </Object>
  <Object name="Obj23">
    <AbsoluteLocation value="9.011368 -14.569762"/>
    <Properties>
      <Property name="Angle" value="0.674033"/>
      <Property name="Filename" value="/Objects/path_locking_end_right.hs"/>
    </Properties>
  </Object>
  <Object name="Obj24">
    <AbsoluteLocation value="-0.762357 -14.684747"/>
    <Properties>
      <Property name="Angle" value="0.674033"/>
      <Property name="Filename" value="/Objects/path_locking_mid.hs"/>
    </Properties>
  </Object>
  <Object name="Obj25">
    <AbsoluteLocation value="4.124505 -14.627255"/>
    <Properties>
      <Property name="Angle" value="0.674033"/>
      <Property name="Filename" value="/Objects/path_locking_mid.hs"/>
    </Properties>
  </Object>
  <Object name="Obj25">
    <AbsoluteLocation value="35.746696 21.662701"/>
    <Properties>
      <Property name="Angle" value="-12.3135"/>
      <Property name="Filename" value="/Objects/pipe_straight_long.hs"/>
    </Properties>
  </Object>
  <Object name="Ducky27">
    <AbsoluteLocation value="-17.156250 12.375000"/>
    <Properties>
      <Property name="Angle" value="0"/>
      <Property name="Filename" value="/Objects/star_teleport.hs"/>
      <Property name="StarType" value="teleport"/>
      <Property name="Type" value="star"/>
    </Properties>
  </Object>
  <Object name="Ducky28">
    <AbsoluteLocation value="10.799999 -42.400002"/>
    <Properties>
      <Property name="Angle" value="0"/>
      <Property name="Filename" value="/Objects/star_teleport.hs"/>
      <Property name="StarType" value="teleport"/>
      <Property name="Type" value="star"/>
    </Properties>
  </Object>
  <Object name="Ducky29">
    <AbsoluteLocation value="-0.906250 7.937500"/>
    <Properties>
      <Property name="Angle" value="0"/>
      <Property name="Filename" value="/Objects/star_teleport.hs"/>
      <Property name="StarType" value="teleport"/>
      <Property name="Type" value="star"/>
    </Properties>
  </Object>
  <Room>
    <AbsoluteLocation value="-17.199997 -34.800003"/>
  </Room>
</Objects>
