<?xml version="1.0"?>
<Objects>
  <Object name="Ducky6">
    <AbsoluteLocation value="16.640625 -3.093750"/>
    <Properties>
      <Property name="Angle" value="0"/>
      <Property name="Filename" value="/Objects/star_poison.hs"/>
      <Property name="Type" value="star"/>
    </Properties>
  </Object>
  <Object name="Ducky7">
    <AbsoluteLocation value="-25.600000 24.800001"/>
    <Properties>
      <Property name="Angle" value="0"/>
      <Property name="Filename" value="/Objects/star_poison.hs"/>
      <Property name="Type" value="star"/>
    </Properties>
  </Object>
  <Object name="Ducky8">
    <AbsoluteLocation value="25.599998 26.000000"/>
    <Properties>
      <Property name="Angle" value="0"/>
      <Property name="Filename" value="/Objects/star_poison.hs"/>
      <Property name="Type" value="star"/>
    </Properties>
  </Object>
  <Object name="Object9">
    <AbsoluteLocation value="3.609497 -20.051434"/>
    <Properties>
      <Property name="Angle" value="89.9782"/>
      <Property name="Filename" value="/Objects/pipe_straight_short.hs"/>
    </Properties>
  </Object>
  <Object name="Object10">
    <AbsoluteLocation value="3.604828 -23.205086"/>
    <Properties>
      <Property name="Angle" value="89.9782"/>
      <Property name="Filename" value="/Objects/pipe_straight_short.hs"/>
    </Properties>
  </Object>
  <Object name="Object11">
    <AbsoluteLocation value="-0.217241 -20.126125"/>
    <Properties>
      <Property name="Angle" value="-91.2096"/>
      <Property name="Filename" value="/Objects/pipe_straight_short.hs"/>
    </Properties>
  </Object>
  <Object name="Object12">
    <AbsoluteLocation value="-0.287285 -23.279003"/>
    <Properties>
      <Property name="Angle" value="-91.2096"/>
      <Property name="Filename" value="/Objects/pipe_straight_short.hs"/>
    </Properties>
  </Object>
  <Object name="Object13">
    <AbsoluteLocation value="2.867247 -25.133030"/>
    <Properties>
      <Property name="Angle" value="-91.5807"/>
      <Property name="Filename" value="/Objects/pipe_elbow_2.hs"/>
    </Properties>
  </Object>
  <Object name="Object14">
    <AbsoluteLocation value="0.341013 -25.082636"/>
    <Properties>
      <Property name="Angle" value="-181.212"/>
      <Property name="Filename" value="/Objects/pipe_elbow_2.hs"/>
    </Properties>
  </Object>
  <Object name="Spout3">
    <AbsoluteLocation value="3.600000 -16.400000"/>
    <Properties>
      <Property name="Angle" value="0"/>
      <Property name="ConnectedSpout0" value="Spout4"/>
      <Property name="ConnectedSpoutProbability0" value="1"/>
      <Property name="Filename" value="/Objects/basic_drain.hs"/>
      <Property name="Type" value="spout"/>
    </Properties>
  </Object>
  <Object name="Object15">
    <AbsoluteLocation value="-0.193386 -19.749554"/>
    <Properties>
      <Property name="Angle" value="89.1753"/>
      <Property name="Filename" value="/Objects/pipe_into_wall_2.hs"/>
    </Properties>
  </Object>
  <Object name="Object17">
    <AbsoluteLocation value="-0.218478 6.094087"/>
    <Properties>
      <Property name="Angle" value="-89.4797"/>
      <Property name="Filename" value="/Objects/pipe_straight_long.hs"/>
    </Properties>
  </Object>
  <Object name="Object16">
    <AbsoluteLocation value="-0.184277 1.633060"/>
    <Properties>
      <Property name="Angle" value="269.106"/>
      <Property name="Filename" value="/Objects/pipe_into_wall_1.hs"/>
    </Properties>
  </Object>
  <Object name="Object18">
    <AbsoluteLocation value="0.413542 10.566103"/>
    <Properties>
      <Property name="Angle" value="-269.563"/>
      <Property name="Filename" value="/Objects/pipe_elbow_2.hs"/>
    </Properties>
  </Object>
  <Object name="Object21">
    <AbsoluteLocation value="2.297367 11.910766"/>
    <Properties>
      <Property name="Angle" value="-89.5412"/>
      <Property name="Filename" value="/Objects/pipe_elbow_1.hs"/>
    </Properties>
  </Object>
  <Object name="Object22">
    <AbsoluteLocation value="2.897005 17.535660"/>
    <Properties>
      <Property name="Angle" value="-89.4797"/>
      <Property name="Filename" value="/Objects/pipe_straight_long.hs"/>
    </Properties>
  </Object>
  <Object name="Object23">
    <AbsoluteLocation value="2.849214 24.839493"/>
    <Properties>
      <Property name="Angle" value="-89.4797"/>
      <Property name="Filename" value="/Objects/pipe_straight_long.hs"/>
    </Properties>
  </Object>
  <Object name="Object24">
    <AbsoluteLocation value="-26.217598 -6.166344"/>
    <Properties>
      <Property name="Angle" value="-89.4797"/>
      <Property name="Filename" value="/Objects/pipe_straight_long.hs"/>
    </Properties>
  </Object>
  <Object name="Object25">
    <AbsoluteLocation value="-26.150455 -15.571066"/>
    <Properties>
      <Property name="Angle" value="-89.4797"/>
      <Property name="Filename" value="/Objects/pipe_straight_long.hs"/>
    </Properties>
  </Object>
  <Object name="Object26">
    <AbsoluteLocation value="-26.056042 -24.665308"/>
    <Properties>
      <Property name="Angle" value="-89.4797"/>
      <Property name="Filename" value="/Objects/pipe_straight_long.hs"/>
    </Properties>
  </Object>
  <Object name="Object27">
    <AbsoluteLocation value="-9.947628 -32.722595"/>
    <Properties>
      <Property name="Angle" value="0.0209168"/>
      <Property name="Filename" value="/Objects/pipe_straight_long.hs"/>
    </Properties>
  </Object>
  <Object name="Object28">
    <AbsoluteLocation value="-19.352579 -32.707767"/>
    <Properties>
      <Property name="Angle" value="0.0209168"/>
      <Property name="Filename" value="/Objects/pipe_straight_long.hs"/>
    </Properties>
  </Object>
  <Object name="Object29">
    <AbsoluteLocation value="-0.852912 -32.707436"/>
    <Properties>
      <Property name="Angle" value="0.0209168"/>
      <Property name="Filename" value="/Objects/pipe_straight_long.hs"/>
    </Properties>
  </Object>
  <Object name="Object30">
    <AbsoluteLocation value="-24.804159 -31.435745"/>
    <Properties>
      <Property name="Angle" value="0"/>
      <Property name="Filename" value="/Objects/pipe_connector_90.hs"/>
    </Properties>
  </Object>
  <Object name="Spout2">
    <AbsoluteLocation value="-26.400000 -0.400000"/>
    <Properties>
      <Property name="Angle" value="0"/>
      <Property name="ConnectedSpout0" value="SWAMPY_SPOUT"/>
      <Property name="ConnectedSpoutProbability0" value="1"/>
      <Property name="Filename" value="/Objects/broken_pipe_cranky.hs"/>
      <Property name="Type" value="spout"/>
    </Properties>
  </Object>
  <Object name="Object31">
    <AbsoluteLocation value="1.821741 -32.862133"/>
    <Properties>
      <Property name="Angle" value="0"/>
      <Property name="Filename" value="/Objects/pipe_connector_end.hs"/>
    </Properties>
  </Object>
  <Object name="Spout4">
    <AbsoluteLocation value="2.913227 30.327070"/>
    <Properties>
      <Property name="Angle" value="90.5066"/>
      <Property name="Filename" value="/Objects/shower_head.hs"/>
      <Property name="FluidType" value="Water"/>
      <Property name="NumberParticles" value="0"/>
      <Property name="ParticleSpeed" value="20"/>
      <Property name="Type" value="spout"/>
    </Properties>
  </Object>
  <Room>
    <AbsoluteLocation value="16.400003 -34.000000"/>
  </Room>
</Objects>
