<?xml version="1.0"?>
<Objects>
  <Object name="Object61">
    <AbsoluteLocation value="11.953125 13.359375"/>
    <Properties>
      <Property name="Angle" value="0"/>
      <Property name="Filename" value="/Objects/pipe_into_wall_1.hs"/>
    </Properties>
  </Object>
  <Object name="Object83">
    <AbsoluteLocation value="-13.802845 -37.663330"/>
    <Properties>
      <Property name="Angle" value="32.7118"/>
      <Property name="Filename" value="/Objects/pipe_straight_short.hs"/>
    </Properties>
  </Object>
  <Object name="Object78">
    <AbsoluteLocation value="-23.510372 -33.179600"/>
    <Properties>
      <Property name="Angle" value="-75.5207"/>
      <Property name="Filename" value="/Objects/pipe_straight_long.hs"/>
    </Properties>
  </Object>
  <Object name="Object76">
    <AbsoluteLocation value="-17.781250 -38.796875"/>
    <Properties>
      <Property name="Angle" value="7.9173"/>
      <Property name="Filename" value="/Objects/pipe_straight.hs"/>
    </Properties>
  </Object>
  <Object name="Object73">
    <AbsoluteLocation value="15.812500 40.062500"/>
    <Properties>
      <Property name="Angle" value="89.86"/>
      <Property name="Filename" value="/Objects/pipe_elbow_2.hs"/>
    </Properties>
  </Object>
  <Object name="Object55">
    <AbsoluteLocation value="8.617851 -41.273602"/>
    <Properties>
      <Property name="Angle" value="95.3414"/>
      <Property name="Filename" value="/Objects/pipe_into_wall_1.hs"/>
    </Properties>
  </Object>
  <Object name="Object50">
    <AbsoluteLocation value="1.234375 -44.125000"/>
    <Properties>
      <Property name="Angle" value="-179.108"/>
      <Property name="Filename" value="/Objects/pipe_elbow_2.hs"/>
    </Properties>
  </Object>
  <Object name="Object40">
    <AbsoluteLocation value="16.781250 -41.765625"/>
    <Properties>
      <Property name="Angle" value="88.6002"/>
      <Property name="Filename" value="/Objects/pipe_straight_short.hs"/>
    </Properties>
  </Object>
  <Object name="Object38">
    <AbsoluteLocation value="-1.531250 40.671875"/>
    <Properties>
      <Property name="Angle" value="-1.95479"/>
      <Property name="Filename" value="/Objects/pipe_elbow_1.hs"/>
    </Properties>
  </Object>
  <Object name="Object22">
    <AbsoluteLocation value="-29.346878 -28.318748"/>
    <Properties>
      <Property name="Angle" value="-179.723"/>
      <Property name="Filename" value="/Objects/pipe_elbow_1.hs"/>
    </Properties>
  </Object>
  <Object name="Object21">
    <AbsoluteLocation value="-27.453125 -28.984375"/>
    <Properties>
      <Property name="Angle" value="-271.211"/>
      <Property name="Filename" value="/Objects/pipe_spout_base.hs"/>
    </Properties>
  </Object>
  <Object name="Object20">
    <AbsoluteLocation value="-23.765625 -32.531250"/>
    <Properties>
      <Property name="Angle" value="-179.167"/>
      <Property name="Filename" value="/Objects/pipe_spout_base.hs"/>
    </Properties>
  </Object>
  <Object name="Spout43">
    <AbsoluteLocation value="16.640625 -39.281250"/>
    <Properties>
      <Property name="Angle" value="0"/>
      <Property name="ConnectedSpout0" value="SWAMPY_SPOUT"/>
      <Property name="ConnectedSpoutProbability0" value="1"/>
      <Property name="Filename" value="/Objects/broken_pipe_cranky.hs"/>
      <Property name="Type" value="spout"/>
    </Properties>
  </Object>
  <Object name="Spout6">
    <AbsoluteLocation value="-0.984375 37.968750"/>
    <Properties>
      <Property name="Angle" value="-91.5029"/>
      <Property name="ConnectedConverter" value="FluidConverter9"/>
      <Property name="Filename" value="/Objects/shower_head.hs"/>
      <Property name="FluidType" value="Water"/>
      <Property name="NumberParticles" value="0"/>
      <Property name="Type" value="spout"/>
    </Properties>
  </Object>
  <Object name="Spout8">
    <AbsoluteLocation value="-11.390625 -35.859375"/>
    <Properties>
      <Property name="Angle" value="-46.2193"/>
      <Property name="ConnectedSpout0" value="Spout6"/>
      <Property name="ConnectedSpoutProbability0" value="1"/>
      <Property name="Filename" value="/Objects/basic_drain.hs"/>
      <Property name="Type" value="spout"/>
    </Properties>
  </Object>
  <Object name="FluidConverter9">
    <AbsoluteLocation value="-24.046875 -29.015625"/>
    <Properties>
      <Property name="Angle" value="0"/>
      <Property name="Filename" value="/Objects/converter_static_murky.hs"/>
      <Property name="FluidType" value="contaminatedwater"/>
      <Property name="Type" value="fluidconverter"/>
    </Properties>
  </Object>
  <Object name="Spout10">
    <AbsoluteLocation value="0.706249 -41.762501"/>
    <Properties>
      <Property name="Angle" value="0"/>
      <Property name="ConnectedSpout0" value="Spout11"/>
      <Property name="ConnectedSpoutProbability0" value="1"/>
      <Property name="Filename" value="/Objects/basic_drain.hs"/>
      <Property name="Type" value="spout"/>
    </Properties>
  </Object>
  <Object name="Spout11">
    <AbsoluteLocation value="14.828125 37.859375"/>
    <Properties>
      <Property name="Angle" value="-91.5029"/>
      <Property name="Filename" value="/Objects/shower_head.hs"/>
      <Property name="FluidType" value="Water"/>
      <Property name="NumberParticles" value="0"/>
      <Property name="Type" value="spout"/>
    </Properties>
  </Object>
  <Object name="Switch10">
    <AbsoluteLocation value="-25.078125 4.640625"/>
    <Properties>
      <Property name="Angle" value="-52.9175"/>
      <Property name="ConnectedObject0" value="Object11"/>
      <Property name="Filename" value="/Objects/switch.hs"/>
      <Property name="Type" value="switch"/>
    </Properties>
  </Object>
  <Object name="Ducky11">
    <AbsoluteLocation value="15.812500 11.759376"/>
    <Properties>
      <Property name="Angle" value="0"/>
      <Property name="Filename" value="/Objects/star_poison.hs"/>
      <Property name="Type" value="star"/>
    </Properties>
  </Object>
  <Object name="Ducky14">
    <AbsoluteLocation value="1.412500 -9.634377"/>
    <Properties>
      <Property name="Angle" value="0"/>
      <Property name="Filename" value="/Objects/star_poison.hs"/>
      <Property name="Type" value="star"/>
    </Properties>
  </Object>
  <Object name="Object15">
    <AbsoluteLocation value="18.609375 -33.984375"/>
    <Properties>
      <Property name="Angle" value="-0.216733"/>
      <Property name="Filename" value="/Objects/path_smooth_end.hs"/>
    </Properties>
  </Object>
  <Object name="Object18">
    <AbsoluteLocation value="22.991053 -34.046413"/>
    <Properties>
      <Property name="Angle" value="-90.3426"/>
      <Property name="Filename" value="/Objects/path_smooth_vertical_end_top.hs"/>
    </Properties>
  </Object>
  <Object name="Object23">
    <AbsoluteLocation value="-30.028126 -23.496876"/>
    <Properties>
      <Property name="Angle" value="90"/>
      <Property name="Filename" value="/Objects/pipe_straight_long.hs"/>
    </Properties>
  </Object>
  <Object name="Object25">
    <AbsoluteLocation value="-30.012501 -14.231251"/>
    <Properties>
      <Property name="Angle" value="90"/>
      <Property name="Filename" value="/Objects/pipe_straight_long.hs"/>
    </Properties>
  </Object>
  <Object name="Object26">
    <AbsoluteLocation value="-30.012501 -5.278126"/>
    <Properties>
      <Property name="Angle" value="90"/>
      <Property name="Filename" value="/Objects/pipe_straight_long.hs"/>
    </Properties>
  </Object>
  <Object name="Object27">
    <AbsoluteLocation value="-29.996876 3.987499"/>
    <Properties>
      <Property name="Angle" value="90"/>
      <Property name="Filename" value="/Objects/pipe_straight_long.hs"/>
    </Properties>
  </Object>
  <Object name="Object28">
    <AbsoluteLocation value="-29.981251 22.534374"/>
    <Properties>
      <Property name="Angle" value="90"/>
      <Property name="Filename" value="/Objects/pipe_straight_long.hs"/>
    </Properties>
  </Object>
  <Object name="Object29">
    <AbsoluteLocation value="-29.996876 13.268749"/>
    <Properties>
      <Property name="Angle" value="90"/>
      <Property name="Filename" value="/Objects/pipe_straight_long.hs"/>
    </Properties>
  </Object>
  <Object name="Object31">
    <AbsoluteLocation value="-30.028126 27.925003"/>
    <Properties>
      <Property name="Angle" value="90"/>
      <Property name="Filename" value="/Objects/pipe_straight_long.hs"/>
    </Properties>
  </Object>
  <Object name="Object32">
    <AbsoluteLocation value="-30.012501 35.221878"/>
    <Properties>
      <Property name="Angle" value="90"/>
      <Property name="Filename" value="/Objects/pipe_straight_long.hs"/>
    </Properties>
  </Object>
  <Object name="Object34">
    <AbsoluteLocation value="-25.425171 41.904514"/>
    <Properties>
      <Property name="Angle" value="2.12105"/>
      <Property name="Filename" value="/Objects/pipe_straight_long.hs"/>
    </Properties>
  </Object>
  <Object name="Object35">
    <AbsoluteLocation value="-20.851917 41.893448"/>
    <Properties>
      <Property name="Angle" value="-0.559378"/>
      <Property name="Filename" value="/Objects/pipe_straight_long.hs"/>
    </Properties>
  </Object>
  <Object name="Object36">
    <AbsoluteLocation value="-6.584206 41.632984"/>
    <Properties>
      <Property name="Angle" value="-2.85581"/>
      <Property name="Filename" value="/Objects/pipe_straight_long.hs"/>
    </Properties>
  </Object>
  <Object name="Object37">
    <AbsoluteLocation value="-14.391834 41.831551"/>
    <Properties>
      <Property name="Angle" value="-0.559378"/>
      <Property name="Filename" value="/Objects/pipe_straight_long.hs"/>
    </Properties>
  </Object>
  <Object name="Object39">
    <AbsoluteLocation value="15.984375 -45.750000"/>
    <Properties>
      <Property name="Angle" value="-89.2109"/>
      <Property name="Filename" value="/Objects/pipe_elbow_2.hs"/>
    </Properties>
  </Object>
  <Object name="Object41">
    <AbsoluteLocation value="11.078125 -46.421875"/>
    <Properties>
      <Property name="Angle" value="0"/>
      <Property name="Filename" value="/Objects/pipe_straight_long.hs"/>
    </Properties>
  </Object>
  <Object name="Object42">
    <AbsoluteLocation value="5.000000 -46.437500"/>
    <Properties>
      <Property name="Angle" value="0"/>
      <Property name="Filename" value="/Objects/pipe_straight_long.hs"/>
    </Properties>
  </Object>
  <Object name="Object43">
    <AbsoluteLocation value="-4.140625 -46.437500"/>
    <Properties>
      <Property name="Angle" value="0"/>
      <Property name="Filename" value="/Objects/pipe_straight_long.hs"/>
    </Properties>
  </Object>
  <Object name="Object44">
    <AbsoluteLocation value="-13.687500 -46.406250"/>
    <Properties>
      <Property name="Angle" value="0"/>
      <Property name="Filename" value="/Objects/pipe_straight_long.hs"/>
    </Properties>
  </Object>
  <Object name="Object45">
    <AbsoluteLocation value="-17.843750 -45.765625"/>
    <Properties>
      <Property name="Angle" value="-179.035"/>
      <Property name="Filename" value="/Objects/pipe_elbow_2.hs"/>
    </Properties>
  </Object>
  <Object name="Object46">
    <AbsoluteLocation value="-18.463497 -38.695225"/>
    <Properties>
      <Property name="Angle" value="-89.6403"/>
      <Property name="Filename" value="/Objects/pipe_straight_long.hs"/>
    </Properties>
  </Object>
  <Object name="Object47">
    <AbsoluteLocation value="-18.515625 -29.437500"/>
    <Properties>
      <Property name="Angle" value="-89.6403"/>
      <Property name="Filename" value="/Objects/pipe_straight_long.hs"/>
    </Properties>
  </Object>
  <Object name="Object48">
    <AbsoluteLocation value="-18.421875 -23.578125"/>
    <Properties>
      <Property name="Angle" value="90.4195"/>
      <Property name="Filename" value="/Objects/pipe_connector_end.hs"/>
    </Properties>
  </Object>
  <Object name="Object49">
    <AbsoluteLocation value="16.703125 -43.843750"/>
    <Properties>
      <Property name="Angle" value="88.6002"/>
      <Property name="Filename" value="/Objects/pipe_straight_short.hs"/>
    </Properties>
  </Object>
  <Object name="Object53">
    <AbsoluteLocation value="8.138119 -43.922447"/>
    <Properties>
      <Property name="Angle" value="-86.2186"/>
      <Property name="Filename" value="/Objects/pipe_elbow_2.hs"/>
    </Properties>
  </Object>
  <Object name="Object51">
    <AbsoluteLocation value="3.640625 -44.796875"/>
    <Properties>
      <Property name="Angle" value="-1.17318"/>
      <Property name="Filename" value="/Objects/pipe_straight_short.hs"/>
    </Properties>
  </Object>
  <Object name="Ducky50">
    <AbsoluteLocation value="15.443750 -12.196877"/>
    <Properties>
      <Property name="Angle" value="0"/>
      <Property name="Filename" value="/Objects/star_poison.hs"/>
      <Property name="Type" value="star"/>
    </Properties>
  </Object>
  <Object name="Object52">
    <AbsoluteLocation value="8.734375 -7.234375"/>
    <Properties>
      <Property name="Angle" value="90.6079"/>
      <Property name="Filename" value="/Objects/pipe_into_wall_1.hs"/>
    </Properties>
  </Object>
  <Object name="Object54">
    <AbsoluteLocation value="8.625000 -13.593750"/>
    <Properties>
      <Property name="Angle" value="-88.8686"/>
      <Property name="Filename" value="/Objects/pipe_into_wall_2.hs"/>
    </Properties>
  </Object>
  <Object name="Object57">
    <AbsoluteLocation value="9.812500 10.343750"/>
    <Properties>
      <Property name="Angle" value="-88.8686"/>
      <Property name="Filename" value="/Objects/pipe_into_wall_2.hs"/>
    </Properties>
  </Object>
  <Object name="Object59">
    <AbsoluteLocation value="10.453125 12.843750"/>
    <Properties>
      <Property name="Angle" value="90.0068"/>
      <Property name="Filename" value="/Objects/pipe_elbow_1.hs"/>
    </Properties>
  </Object>
  <Object name="Object62">
    <AbsoluteLocation value="23.140625 13.328125"/>
    <Properties>
      <Property name="Angle" value="-179.074"/>
      <Property name="Filename" value="/Objects/pipe_into_wall_2.hs"/>
    </Properties>
  </Object>
  <Object name="Object65">
    <AbsoluteLocation value="25.796875 13.390625"/>
    <Properties>
      <Property name="Angle" value="0.384566"/>
      <Property name="Filename" value="/Objects/pipe_straight_short.hs"/>
    </Properties>
  </Object>
  <Object name="Object66">
    <AbsoluteLocation value="30.328125 14.015625"/>
    <Properties>
      <Property name="Angle" value="-90.9521"/>
      <Property name="Filename" value="/Objects/pipe_elbow_2.hs"/>
    </Properties>
  </Object>
  <Object name="Object67">
    <AbsoluteLocation value="31.143749 27.503124"/>
    <Properties>
      <Property name="Angle" value="90"/>
      <Property name="Filename" value="/Objects/pipe_straight_long.hs"/>
    </Properties>
  </Object>
  <Object name="Object69">
    <AbsoluteLocation value="31.159374 34.659374"/>
    <Properties>
      <Property name="Angle" value="90"/>
      <Property name="Filename" value="/Objects/pipe_straight_long.hs"/>
    </Properties>
  </Object>
  <Object name="Object70">
    <AbsoluteLocation value="30.484375 39.921875"/>
    <Properties>
      <Property name="Angle" value="0.367702"/>
      <Property name="Filename" value="/Objects/pipe_elbow_2.hs"/>
    </Properties>
  </Object>
  <Object name="Object72">
    <AbsoluteLocation value="21.906250 40.671875"/>
    <Properties>
      <Property name="Angle" value="179.49"/>
      <Property name="Filename" value="/Objects/pipe_straight.hs"/>
    </Properties>
  </Object>
  <Object name="Object71">
    <AbsoluteLocation value="-7.171875 -26.015625"/>
    <Properties>
      <Property name="Angle" value="0"/>
      <Property name="Filename" value="/Objects/path_vertical_locking_end_top.hs"/>
    </Properties>
  </Object>
  <Object name="Object74">
    <AbsoluteLocation value="-7.171875 -30.375000"/>
    <Properties>
      <Property name="Angle" value="0"/>
      <Property name="Filename" value="/Objects/path_vertical_locking_end_bottom.hs"/>
    </Properties>
  </Object>
  <Object name="Object77">
    <AbsoluteLocation value="-21.421875 -38.718750"/>
    <Properties>
      <Property name="Angle" value="-168.101"/>
      <Property name="Filename" value="/Objects/pipe_elbow_2.hs"/>
    </Properties>
  </Object>
  <Object name="Object79">
    <AbsoluteLocation value="6.009655 -44.725830"/>
    <Properties>
      <Property name="Angle" value="3.56033"/>
      <Property name="Filename" value="/Objects/pipe_straight_short.hs"/>
    </Properties>
  </Object>
  <Object name="Object80">
    <AbsoluteLocation value="24.500000 40.609375"/>
    <Properties>
      <Property name="Angle" value="179.49"/>
      <Property name="Filename" value="/Objects/pipe_straight.hs"/>
    </Properties>
  </Object>
  <Object name="Object81">
    <AbsoluteLocation value="-18.515625 -43.359375"/>
    <Properties>
      <Property name="Angle" value="-90.8746"/>
      <Property name="Filename" value="/Objects/pipe_straight_short.hs"/>
    </Properties>
  </Object>
  <Object name="Object82">
    <AbsoluteLocation value="-15.281250 -38.484375"/>
    <Properties>
      <Property name="Angle" value="-137.772"/>
      <Property name="Filename" value="/Objects/pipe_bend_1.hs"/>
    </Properties>
  </Object>
  <Object name="Object33">
    <AbsoluteLocation value="-29.343750 41.109375"/>
    <Properties>
      <Property name="Angle" value="91.3762"/>
      <Property name="Filename" value="/Objects/pipe_elbow_1.hs"/>
    </Properties>
  </Object>
  <Object name="Object11">
    <AbsoluteLocation value="-6.937500 -29.531250"/>
    <Properties>
      <Property name="Angle" value="0"/>
      <Property name="Filename" value="/Objects/wall_8x8.hs"/>
      <Property name="MotorMoveSpeed" value="5"/>
      <Property name="PathPos0" value="0 0"/>
      <Property name="PathPos1" value="0 5"/>
    </Properties>
  </Object>
  <Object name="Switch15">
    <AbsoluteLocation value="6.421875 33.890625"/>
    <Properties>
      <Property name="Angle" value="-47.8226"/>
      <Property name="ConnectedObject0" value="Object16"/>
      <Property name="Filename" value="/Objects/switch_momentary_brown.hs"/>
      <Property name="Type" value="switch"/>
    </Properties>
  </Object>
  <Object name="Object16">
    <AbsoluteLocation value="16.218750 -34.593750"/>
    <Properties>
      <Property name="Angle" value="-174.508"/>
      <Property name="Filename" value="/Objects/wall_8x8_brown.hs"/>
      <Property name="GravityScale" value="1.5"/>
      <Property name="MotorMoveSpeed" value="3"/>
      <Property name="PathPos0" value="0 0"/>
      <Property name="PathPos1" value="8 1"/>
    </Properties>
  </Object>
  <Object name="Switch78">
    <AbsoluteLocation value="4.921875 10.031250"/>
    <Properties>
      <Property name="Angle" value="-298.879"/>
      <Property name="ConnectedObject0" value="Object84"/>
      <Property name="Filename" value="/Objects/switch_blue.hs"/>
      <Property name="Type" value="switch"/>
    </Properties>
  </Object>
  <Object name="Object85">
    <AbsoluteLocation value="3.181007 -29.654968"/>
    <Properties>
      <Property name="Angle" value="-24.7725"/>
      <Property name="Filename" value="/Objects/path_vertical_locking_end_bottom.hs"/>
    </Properties>
  </Object>
  <Object name="Object87">
    <AbsoluteLocation value="7.039219 -20.792023"/>
    <Properties>
      <Property name="Angle" value="65.15"/>
      <Property name="Filename" value="/Objects/path_locking_end_right.hs"/>
    </Properties>
  </Object>
  <Object name="Object84">
    <AbsoluteLocation value="0.703125 -35.250000"/>
    <Properties>
      <Property name="Angle" value="-1.38459"/>
      <Property name="Filename" value="/Objects/wall_8x8_blue.hs"/>
      <Property name="MotorMoveSpeed" value="5"/>
      <Property name="PathPos0" value="0 0"/>
      <Property name="PathPos1" value="8 17"/>
    </Properties>
  </Object>
  <Object name="Object86">
    <AbsoluteLocation value="28.078125 40.593750"/>
    <Properties>
      <Property name="Angle" value="-180.795"/>
      <Property name="Filename" value="/Objects/pipe_straight_short.hs"/>
    </Properties>
  </Object>
  <Object name="Object88">
    <AbsoluteLocation value="27.953125 13.390625"/>
    <Properties>
      <Property name="Angle" value="-359.889"/>
      <Property name="Filename" value="/Objects/pipe_straight_short.hs"/>
    </Properties>
  </Object>
  <Object name="Object89">
    <AbsoluteLocation value="5.154776 -25.209263"/>
    <Properties>
      <Property name="Angle" value="-24.0682"/>
      <Property name="Filename" value="/Objects/path_vertical_locking_mid.hs"/>
    </Properties>
  </Object>
  <Object name="Object90">
    <AbsoluteLocation value="8.656250 -11.234375"/>
    <Properties>
      <Property name="Angle" value="88.6002"/>
      <Property name="Filename" value="/Objects/pipe_straight_short.hs"/>
    </Properties>
  </Object>
  <Object name="Object91">
    <AbsoluteLocation value="8.671875 -9.937500"/>
    <Properties>
      <Property name="Angle" value="88.6002"/>
      <Property name="Filename" value="/Objects/pipe_straight_short.hs"/>
    </Properties>
  </Object>
  <Object name="Object92">
    <AbsoluteLocation value="31.078125 18.234375"/>
    <Properties>
      <Property name="Angle" value="89.4424"/>
      <Property name="Filename" value="/Objects/pipe_straight.hs"/>
    </Properties>
  </Object>
  <Object name="Object93">
    <AbsoluteLocation value="31.093750 21.921875"/>
    <Properties>
      <Property name="Angle" value="89.4424"/>
      <Property name="Filename" value="/Objects/pipe_straight.hs"/>
    </Properties>
  </Object>
  <Object name="Object94">
    <AbsoluteLocation value="19.453125 40.687500"/>
    <Properties>
      <Property name="Angle" value="179.49"/>
      <Property name="Filename" value="/Objects/pipe_straight.hs"/>
    </Properties>
  </Object>
  <Room>
    <AbsoluteLocation value="-15.599998 -10.000002"/>
  </Room>
</Objects>
