<?xml version="1.0"?>
<Objects>
  <Object name="Object29">
    <AbsoluteLocation value="22.345335 -15.706390"/>
    <Properties>
      <Property name="Angle" value="-87.3845"/>
      <Property name="Filename" value="/Objects/pipe_straight_long.hs"/>
    </Properties>
  </Object>
  <Object name="Object27">
    <AbsoluteLocation value="22.500000 -19.640625"/>
    <Properties>
      <Property name="Angle" value="-88.2203"/>
      <Property name="Filename" value="/Objects/pipe_connector_end.hs"/>
    </Properties>
  </Object>
  <Object name="Object25">
    <AbsoluteLocation value="20.500000 -6.109375"/>
    <Properties>
      <Property name="Angle" value="36.5167"/>
      <Property name="Filename" value="/Objects/pipe_bend_2.hs"/>
    </Properties>
  </Object>
  <Object name="Object18">
    <AbsoluteLocation value="12.854687 32.183594"/>
    <Properties>
      <Property name="Angle" value="-90.5849"/>
      <Property name="Filename" value="/Objects/pipe_elbow_2.hs"/>
    </Properties>
  </Object>
  <Object name="Object16">
    <AbsoluteLocation value="27.672188 10.640919"/>
    <Properties>
      <Property name="Angle" value="-0.622239"/>
      <Property name="Filename" value="/Objects/pipe_straight_long.hs"/>
    </Properties>
  </Object>
  <Object name="Object13">
    <AbsoluteLocation value="27.140625 -1.125000"/>
    <Properties>
      <Property name="Angle" value="0"/>
      <Property name="Filename" value="/Objects/pipe_straight.hs"/>
    </Properties>
  </Object>
  <Object name="Spout2">
    <AbsoluteLocation value="18.230835 -7.612591"/>
    <Properties>
      <Property name="Angle" value="-227.362"/>
      <Property name="ConnectedSpout0" value="SWAMPY_SPOUT"/>
      <Property name="ConnectedSpoutProbability0" value="1"/>
      <Property name="Filename" value="/Objects/broken_pipe_cranky.hs"/>
      <Property name="Type" value="spout"/>
    </Properties>
  </Object>
  <Object name="Spout5">
    <AbsoluteLocation value="9.664062 31.552345"/>
    <Properties>
      <Property name="Angle" value="-182.461"/>
      <Property name="Filename" value="/Objects/shower_head.hs"/>
      <Property name="FluidType" value="ContaminatedWater"/>
      <Property name="ParticleSpeed" value="30"/>
      <Property name="Type" value="spout"/>
    </Properties>
  </Object>
  <Object name="Spout7">
    <AbsoluteLocation value="21.177345 10.969955"/>
    <Properties>
      <Property name="Angle" value="-179.314"/>
      <Property name="Filename" value="/Objects/shower_head.hs"/>
      <Property name="FluidType" value="Water"/>
      <Property name="ParticleSpeed" value="80"/>
      <Property name="ParticlesPerSecond" value="3"/>
      <Property name="Type" value="spout"/>
    </Properties>
  </Object>
  <Object name="Ducky8">
    <AbsoluteLocation value="-1.459373 1.150000"/>
    <Properties>
      <Property name="Angle" value="0"/>
      <Property name="Filename" value="/Objects/star_poison.hs"/>
      <Property name="Type" value="star"/>
    </Properties>
  </Object>
  <Object name="Ducky9">
    <AbsoluteLocation value="-11.978127 21.740625"/>
    <Properties>
      <Property name="Angle" value="0"/>
      <Property name="Filename" value="/Objects/star_poison.hs"/>
      <Property name="Type" value="star"/>
    </Properties>
  </Object>
  <Object name="Ducky10">
    <AbsoluteLocation value="-24.400000 -5.600000"/>
    <Properties>
      <Property name="Angle" value="0"/>
      <Property name="Filename" value="/Objects/star_poison.hs"/>
      <Property name="Type" value="star"/>
    </Properties>
  </Object>
  <Object name="Object12">
    <AbsoluteLocation value="30.796875 -1.453125"/>
    <Properties>
      <Property name="Angle" value="0"/>
      <Property name="Filename" value="/Objects/pipe_bend_2.hs"/>
    </Properties>
  </Object>
  <Object name="Object14">
    <AbsoluteLocation value="34.218750 -5.250000"/>
    <Properties>
      <Property name="Angle" value="-50.0584"/>
      <Property name="Filename" value="/Objects/pipe_straight_long.hs"/>
    </Properties>
  </Object>
  <Object name="Object15">
    <AbsoluteLocation value="39.765625 -11.875000"/>
    <Properties>
      <Property name="Angle" value="-50.0584"/>
      <Property name="Filename" value="/Objects/pipe_straight_long.hs"/>
    </Properties>
  </Object>
  <Object name="Object17">
    <AbsoluteLocation value="36.312187 10.546581"/>
    <Properties>
      <Property name="Angle" value="-0.622239"/>
      <Property name="Filename" value="/Objects/pipe_straight_long.hs"/>
    </Properties>
  </Object>
  <Object name="Object19">
    <AbsoluteLocation value="13.589624 37.644920"/>
    <Properties>
      <Property name="Angle" value="89.2855"/>
      <Property name="Filename" value="/Objects/pipe_straight_long.hs"/>
    </Properties>
  </Object>
  <Object name="Object20">
    <AbsoluteLocation value="13.697874 46.284767"/>
    <Properties>
      <Property name="Angle" value="89.2855"/>
      <Property name="Filename" value="/Objects/pipe_straight_long.hs"/>
    </Properties>
  </Object>
  <Object name="Object21">
    <AbsoluteLocation value="13.792749 55.488670"/>
    <Properties>
      <Property name="Angle" value="89.2855"/>
      <Property name="Filename" value="/Objects/pipe_straight_long.hs"/>
    </Properties>
  </Object>
  <Object name="Object22">
    <AbsoluteLocation value="13.900999 64.128517"/>
    <Properties>
      <Property name="Angle" value="89.2855"/>
      <Property name="Filename" value="/Objects/pipe_straight_long.hs"/>
    </Properties>
  </Object>
  <Object name="Object23">
    <AbsoluteLocation value="13.995874 73.238670"/>
    <Properties>
      <Property name="Angle" value="89.2855"/>
      <Property name="Filename" value="/Objects/pipe_straight_long.hs"/>
    </Properties>
  </Object>
  <Object name="Object24">
    <AbsoluteLocation value="14.104124 81.878517"/>
    <Properties>
      <Property name="Angle" value="89.2855"/>
      <Property name="Filename" value="/Objects/pipe_straight_long.hs"/>
    </Properties>
  </Object>
  <Object name="Object26">
    <AbsoluteLocation value="21.734375 -6.921875"/>
    <Properties>
      <Property name="Angle" value="-32.4411"/>
      <Property name="Filename" value="/Objects/pipe_bend_2.hs"/>
    </Properties>
  </Object>
  <Object name="Object28">
    <AbsoluteLocation value="22.139040 -11.949860"/>
    <Properties>
      <Property name="Angle" value="-87.3845"/>
      <Property name="Filename" value="/Objects/pipe_straight_long.hs"/>
    </Properties>
  </Object>
  <Object name="Object30">
    <AbsoluteLocation value="1.828125 38.109375"/>
    <Properties>
      <Property name="Angle" value="0"/>
      <Property name="Filename" value="/Objects/icicle_medium.hs"/>
      <Property name="Type" value="icyhot"/>
    </Properties>
  </Object>
  <Object name="Spout4">
    <AbsoluteLocation value="23.130470 -0.873795"/>
    <Properties>
      <Property name="Angle" value="-183.138"/>
      <Property name="Filename" value="/Objects/shower_head.hs"/>
      <Property name="FluidType" value="Water"/>
      <Property name="ParticleSpeed" value="100"/>
      <Property name="ParticlesPerSecond" value="10"/>
      <Property name="Type" value="spout"/>
    </Properties>
  </Object>
  <Room>
    <AbsoluteLocation value="20.400003 -34.000000"/>
  </Room>
</Objects>
