<?xml version="1.0"?>
<Objects>
  <Object name="Ducky11">
    <AbsoluteLocation value="-16.500000 35.343750"/>
    <Properties>
      <Property name="Angle" value="0"/>
      <Property name="Filename" value="/Objects/star_poison.hs"/>
      <Property name="Type" value="star"/>
    </Properties>
  </Object>
  <Object name="Ducky12">
    <AbsoluteLocation value="7.937500 -4.093750"/>
    <Properties>
      <Property name="Angle" value="0"/>
      <Property name="Filename" value="/Objects/star_poison.hs"/>
      <Property name="Type" value="star"/>
    </Properties>
  </Object>
  <Object name="Ducky13">
    <AbsoluteLocation value="27.200001 9.200000"/>
    <Properties>
      <Property name="Angle" value="0"/>
      <Property name="Filename" value="/Objects/star_poison.hs"/>
      <Property name="Type" value="star"/>
    </Properties>
  </Object>
  <Object name="Object17">
    <AbsoluteLocation value="-28.761318 30.099619"/>
    <Properties>
      <Property name="Angle" value="-260"/>
      <Property name="Filename" value="/Objects/pipe_straight_long.hs"/>
    </Properties>
  </Object>
  <Object name="Object18">
    <AbsoluteLocation value="-28.963474 43.349895"/>
    <Properties>
      <Property name="Angle" value="-270.249"/>
      <Property name="Filename" value="/Objects/pipe_straight_short.hs"/>
    </Properties>
  </Object>
  <Object name="Object13">
    <AbsoluteLocation value="-29.111284 32.894138"/>
    <Properties>
      <Property name="Angle" value="0"/>
      <Property name="Filename" value="/Objects/fan_vacuum_tube.hs"/>
    </Properties>
  </Object>
  <Object name="Object15">
    <AbsoluteLocation value="-28.942337 41.591194"/>
    <Properties>
      <Property name="Angle" value="-179.476"/>
      <Property name="Filename" value="/Objects/fan_vacuum_tube.hs"/>
    </Properties>
  </Object>
  <Object name="Fan4">
    <AbsoluteLocation value="-29.000000 37.235935"/>
    <Properties>
      <Property name="Angle" value="0"/>
      <Property name="ConnectedSpout" value="Spout7"/>
      <Property name="Filename" value="/Objects/fan_vacuum.hs"/>
      <Property name="Type" value="fan"/>
    </Properties>
  </Object>
  <Object name="Spout7">
    <AbsoluteLocation value="-28.013165 23.605286"/>
    <Properties>
      <Property name="Angle" value="-181.076"/>
      <Property name="ConnectedSpout0" value="Spout9"/>
      <Property name="ConnectedSpoutProbability0" value="1"/>
      <Property name="Filename" value="/Objects/vacuum_drain.hs"/>
      <Property name="Type" value="spout"/>
      <Property name="VacuumForce" value="60"/>
      <Property name="VacuumMaxD" value="60"/>
      <Property name="VacuumMaxForce" value="60"/>
      <Property name="VacuumOn" value="1"/>
    </Properties>
  </Object>
  <Object name="Object19">
    <AbsoluteLocation value="-28.243565 45.106361"/>
    <Properties>
      <Property name="Angle" value="90.0897"/>
      <Property name="Filename" value="/Objects/pipe_elbow_1.hs"/>
    </Properties>
  </Object>
  <Object name="Object20">
    <AbsoluteLocation value="-25.815781 45.131233"/>
    <Properties>
      <Property name="Angle" value="0.894157"/>
      <Property name="Filename" value="/Objects/pipe_elbow_1.hs"/>
    </Properties>
  </Object>
  <Object name="Object21">
    <AbsoluteLocation value="-25.079000 42.404438"/>
    <Properties>
      <Property name="Angle" value="-88.6964"/>
      <Property name="Filename" value="/Objects/pipe_straight_short.hs"/>
    </Properties>
  </Object>
  <Object name="Object22">
    <AbsoluteLocation value="-23.285231 35.615936"/>
    <Properties>
      <Property name="Angle" value="-43.3034"/>
      <Property name="Filename" value="/Objects/pipe_straight_short.hs"/>
    </Properties>
  </Object>
  <Object name="Object23">
    <AbsoluteLocation value="25.887091 29.697891"/>
    <Properties>
      <Property name="Angle" value="-197.303"/>
      <Property name="Filename" value="/Objects/pipe_elbow_2.hs"/>
    </Properties>
  </Object>
  <Object name="Object24">
    <AbsoluteLocation value="-24.830444 37.456181"/>
    <Properties>
      <Property name="Angle" value="140.752"/>
      <Property name="Filename" value="/Objects/pipe_bend_1.hs"/>
    </Properties>
  </Object>
  <Object name="Object25">
    <AbsoluteLocation value="-25.004150 39.684128"/>
    <Properties>
      <Property name="Angle" value="-88.3345"/>
      <Property name="Filename" value="/Objects/pipe_straight_short.hs"/>
    </Properties>
  </Object>
  <Object name="Spout9">
    <AbsoluteLocation value="-21.071783 32.598537"/>
    <Properties>
      <Property name="Angle" value="-53.4923"/>
      <Property name="Filename" value="/Objects/touch_spout_generic.hs"/>
      <Property name="FluidType" value="Water"/>
      <Property name="Type" value="spout"/>
    </Properties>
  </Object>
  <Object name="Object26">
    <AbsoluteLocation value="26.108957 32.725754"/>
    <Properties>
      <Property name="Angle" value="-106.557"/>
      <Property name="Filename" value="/Objects/pipe_straight_short.hs"/>
    </Properties>
  </Object>
  <Object name="Object27">
    <AbsoluteLocation value="28.149157 27.531158"/>
    <Properties>
      <Property name="Angle" value="-17.9071"/>
      <Property name="Filename" value="/Objects/pipe_elbow_1.hs"/>
    </Properties>
  </Object>
  <Object name="Object28">
    <AbsoluteLocation value="28.269688 25.658840"/>
    <Properties>
      <Property name="Angle" value="-107.152"/>
      <Property name="Filename" value="/Objects/pipe_straight_short.hs"/>
    </Properties>
  </Object>
  <Object name="Object29">
    <AbsoluteLocation value="21.960571 41.547981"/>
    <Properties>
      <Property name="Angle" value="-271.094"/>
      <Property name="Filename" value="/Objects/pipe_straight_short.hs"/>
    </Properties>
  </Object>
  <Object name="Object30">
    <AbsoluteLocation value="22.771578 44.468319"/>
    <Properties>
      <Property name="Angle" value="87.6856"/>
      <Property name="Filename" value="/Objects/pipe_elbow_1.hs"/>
    </Properties>
  </Object>
  <Object name="Object31">
    <AbsoluteLocation value="25.325764 44.444172"/>
    <Properties>
      <Property name="Angle" value="0.894157"/>
      <Property name="Filename" value="/Objects/pipe_elbow_1.hs"/>
    </Properties>
  </Object>
  <Object name="Object32">
    <AbsoluteLocation value="26.062544 41.717377"/>
    <Properties>
      <Property name="Angle" value="-88.6964"/>
      <Property name="Filename" value="/Objects/pipe_straight_short.hs"/>
    </Properties>
  </Object>
  <Object name="Object33">
    <AbsoluteLocation value="21.499784 36.082527"/>
    <Properties>
      <Property name="Angle" value="-89.5742"/>
      <Property name="Filename" value="/Objects/pipe_bend_1.hs"/>
    </Properties>
  </Object>
  <Object name="Object34">
    <AbsoluteLocation value="21.920696 38.729740"/>
    <Properties>
      <Property name="Angle" value="-271.421"/>
      <Property name="Filename" value="/Objects/pipe_straight_short.hs"/>
    </Properties>
  </Object>
  <Object name="Object35">
    <AbsoluteLocation value="20.118013 34.514977"/>
    <Properties>
      <Property name="Angle" value="-313.985"/>
      <Property name="Filename" value="/Objects/pipe_straight_short.hs"/>
    </Properties>
  </Object>
  <Object name="Spout10">
    <AbsoluteLocation value="17.527393 31.806108"/>
    <Properties>
      <Property name="Angle" value="-130.683"/>
      <Property name="Filename" value="/Objects/touch_spout_generic.hs"/>
      <Property name="FluidType" value="Water"/>
      <Property name="Type" value="spout"/>
    </Properties>
  </Object>
  <Object name="Object14">
    <AbsoluteLocation value="26.152470 32.809696"/>
    <Properties>
      <Property name="Angle" value="0"/>
      <Property name="Filename" value="/Objects/fan_vacuum_tube.hs"/>
    </Properties>
  </Object>
  <Object name="Object16">
    <AbsoluteLocation value="26.178841 41.513042"/>
    <Properties>
      <Property name="Angle" value="-179.476"/>
      <Property name="Filename" value="/Objects/fan_vacuum_tube.hs"/>
    </Properties>
  </Object>
  <Object name="Fan5">
    <AbsoluteLocation value="26.161926 37.344555"/>
    <Properties>
      <Property name="Angle" value="0"/>
      <Property name="ConnectedSpout" value="Spout8"/>
      <Property name="Filename" value="/Objects/fan_vacuum.hs"/>
      <Property name="Type" value="fan"/>
    </Properties>
  </Object>
  <Object name="Object36">
    <AbsoluteLocation value="-27.237785 -31.526344"/>
    <Properties>
      <Property name="Angle" value="-90.966"/>
      <Property name="Filename" value="/Objects/pipe_straight_short.hs"/>
    </Properties>
  </Object>
  <Object name="Object37">
    <AbsoluteLocation value="-19.723747 -36.664558"/>
    <Properties>
      <Property name="Angle" value="0"/>
      <Property name="Filename" value="/Objects/pipe_straight_long.hs"/>
    </Properties>
  </Object>
  <Object name="Object38">
    <AbsoluteLocation value="-10.246248 -36.673347"/>
    <Properties>
      <Property name="Angle" value="0"/>
      <Property name="Filename" value="/Objects/pipe_straight_long.hs"/>
    </Properties>
  </Object>
  <Object name="Object39">
    <AbsoluteLocation value="-1.011404 -36.678375"/>
    <Properties>
      <Property name="Angle" value="0"/>
      <Property name="Filename" value="/Objects/pipe_straight_long.hs"/>
    </Properties>
  </Object>
  <Object name="Object40">
    <AbsoluteLocation value="-25.999699 -35.348930"/>
    <Properties>
      <Property name="Angle" value="0"/>
      <Property name="Filename" value="/Objects/pipe_connector_90.hs"/>
    </Properties>
  </Object>
  <Object name="Spout2">
    <AbsoluteLocation value="-27.140625 -28.406250"/>
    <Properties>
      <Property name="Angle" value="0"/>
      <Property name="ConnectedSpout0" value="SWAMPY_SPOUT"/>
      <Property name="ConnectedSpoutProbability0" value="1"/>
      <Property name="Filename" value="/Objects/broken_pipe_cranky.hs"/>
      <Property name="Type" value="spout"/>
    </Properties>
  </Object>
  <Object name="Object41">
    <AbsoluteLocation value="1.739491 -36.678284"/>
    <Properties>
      <Property name="Angle" value="0"/>
      <Property name="Filename" value="/Objects/pipe_connector_end.hs"/>
    </Properties>
  </Object>
  <Object name="Spout8">
    <AbsoluteLocation value="27.359844 22.653763"/>
    <Properties>
      <Property name="Angle" value="-197.262"/>
      <Property name="ConnectedSpout0" value="Spout10"/>
      <Property name="ConnectedSpoutProbability0" value="1"/>
      <Property name="Filename" value="/Objects/vacuum_drain.hs"/>
      <Property name="Type" value="spout"/>
      <Property name="VacuumForce" value="60"/>
      <Property name="VacuumMaxD" value="60"/>
      <Property name="VacuumMaxForce" value="60"/>
      <Property name="VacuumOn" value="1"/>
    </Properties>
  </Object>
  <Room>
    <AbsoluteLocation value="16.400003 -34.000000"/>
  </Room>
</Objects>
