<?xml version="1.0"?>
<Objects>
  <Object name="Object48">
    <AbsoluteLocation value="9.986135 -15.685162"/>
    <Properties>
      <Property name="Angle" value="-65.3542"/>
      <Property name="Filename" value="/Objects/pipe_elbow_2.hs"/>
    </Properties>
  </Object>
  <Object name="Object34">
    <AbsoluteLocation value="22.152985 8.466278"/>
    <Properties>
      <Property name="Angle" value="89.0263"/>
      <Property name="Filename" value="/Objects/pipe_straight.hs"/>
    </Properties>
  </Object>
  <Object name="Object44">
    <AbsoluteLocation value="11.907658 12.689189"/>
    <Properties>
      <Property name="Angle" value="0"/>
      <Property name="Filename" value="/Objects/path_locking_mid.hs"/>
    </Properties>
  </Object>
  <Object name="Object37">
    <AbsoluteLocation value="-4.184465 -19.179417"/>
    <Properties>
      <Property name="Angle" value="45.7902"/>
      <Property name="Filename" value="/Objects/pipe_straight_short.hs"/>
    </Properties>
  </Object>
  <Object name="Object39">
    <AbsoluteLocation value="0.716841 -19.859295"/>
    <Properties>
      <Property name="Angle" value="-43.8602"/>
      <Property name="Filename" value="/Objects/pipe_straight_long.hs"/>
    </Properties>
  </Object>
  <Object name="Ducky8">
    <AbsoluteLocation value="5.600000 31.600000"/>
    <Properties>
      <Property name="Angle" value="0"/>
      <Property name="Filename" value="/Objects/star.hs"/>
      <Property name="Type" value="star"/>
    </Properties>
  </Object>
  <Object name="Ducky9">
    <AbsoluteLocation value="-20.000000 30.400000"/>
    <Properties>
      <Property name="Angle" value="0"/>
      <Property name="Filename" value="/Objects/star.hs"/>
      <Property name="Type" value="star"/>
    </Properties>
  </Object>
  <Object name="Ducky10">
    <AbsoluteLocation value="-26.399998 -8.000000"/>
    <Properties>
      <Property name="Angle" value="0"/>
      <Property name="Filename" value="/Objects/star.hs"/>
      <Property name="Type" value="star"/>
    </Properties>
  </Object>
  <Object name="Object13">
    <AbsoluteLocation value="6.261412 -16.319023"/>
    <Properties>
      <Property name="Angle" value="-187.099"/>
      <Property name="Filename" value="/Objects/pipe_elbow_2.hs"/>
    </Properties>
  </Object>
  <Object name="Object15">
    <AbsoluteLocation value="43.680157 -21.112564"/>
    <Properties>
      <Property name="Angle" value="-0.109921"/>
      <Property name="Filename" value="/Objects/pipe_straight_long.hs"/>
    </Properties>
  </Object>
  <Object name="Object16">
    <AbsoluteLocation value="53.168167 -21.131378"/>
    <Properties>
      <Property name="Angle" value="-0.109921"/>
      <Property name="Filename" value="/Objects/pipe_straight_long.hs"/>
    </Properties>
  </Object>
  <Object name="Object18">
    <AbsoluteLocation value="61.893600 -13.847649"/>
    <Properties>
      <Property name="Angle" value="90.1448"/>
      <Property name="Filename" value="/Objects/pipe_straight_long.hs"/>
    </Properties>
  </Object>
  <Object name="Object19">
    <AbsoluteLocation value="61.873550 -4.372101"/>
    <Properties>
      <Property name="Angle" value="90.1448"/>
      <Property name="Filename" value="/Objects/pipe_straight_long.hs"/>
    </Properties>
  </Object>
  <Object name="Object21">
    <AbsoluteLocation value="45.234028 3.624655"/>
    <Properties>
      <Property name="Angle" value="-3.55361"/>
      <Property name="Filename" value="/Objects/pipe_straight_long.hs"/>
    </Properties>
  </Object>
  <Object name="Object17">
    <AbsoluteLocation value="60.723667 -19.643356"/>
    <Properties>
      <Property name="Angle" value="89.3768"/>
      <Property name="Filename" value="/Objects/pipe_connector_90.hs"/>
    </Properties>
  </Object>
  <Object name="Spout7">
    <AbsoluteLocation value="5.807899 -12.693561"/>
    <Properties>
      <Property name="Angle" value="0"/>
      <Property name="ConnectedSpout0" value="Spout4"/>
      <Property name="ConnectedSpoutProbability0" value="1"/>
      <Property name="Filename" value="/Objects/basic_drain.hs"/>
      <Property name="Type" value="spout"/>
    </Properties>
  </Object>
  <Object name="Object23">
    <AbsoluteLocation value="9.639856 -13.544268"/>
    <Properties>
      <Property name="Angle" value="-242.067"/>
      <Property name="Filename" value="/Objects/pipe_into_wall_2.hs"/>
    </Properties>
  </Object>
  <Object name="Object25">
    <AbsoluteLocation value="8.078786 -17.192844"/>
    <Properties>
      <Property name="Angle" value="-142.995"/>
      <Property name="Filename" value="/Objects/pipe_bend_1.hs"/>
    </Properties>
  </Object>
  <Object name="Object26">
    <AbsoluteLocation value="-2.650592 12.863271"/>
    <Properties>
      <Property name="Angle" value="-63.4193"/>
      <Property name="Filename" value="/Objects/pipe_straight.hs"/>
    </Properties>
  </Object>
  <Object name="Spout4">
    <AbsoluteLocation value="-4.395267 16.329979"/>
    <Properties>
      <Property name="Angle" value="123.362"/>
      <Property name="Filename" value="/Objects/shower_head.hs"/>
      <Property name="FluidType" value="Water"/>
      <Property name="NumberParticles" value="0"/>
      <Property name="ParticleQueueThreshold" value="20"/>
      <Property name="ParticleSpeed" value="40"/>
      <Property name="Type" value="spout"/>
    </Properties>
  </Object>
  <Object name="Object27">
    <AbsoluteLocation value="-5.543591 6.474780"/>
    <Properties>
      <Property name="Angle" value="-55.7002"/>
      <Property name="Filename" value="/Objects/pipe_straight_short.hs"/>
    </Properties>
  </Object>
  <Object name="Object29">
    <AbsoluteLocation value="-1.181961 5.259571"/>
    <Properties>
      <Property name="Angle" value="0.455101"/>
      <Property name="Filename" value="/Objects/pipe_straight.hs"/>
    </Properties>
  </Object>
  <Object name="Object30">
    <AbsoluteLocation value="0.791322 5.287856"/>
    <Properties>
      <Property name="Angle" value="-1.10023"/>
      <Property name="Filename" value="/Objects/pipe_into_wall_1.hs"/>
    </Properties>
  </Object>
  <Object name="Object28">
    <AbsoluteLocation value="-4.832432 5.637486"/>
    <Properties>
      <Property name="Angle" value="-183.431"/>
      <Property name="Filename" value="/Objects/pipe_bend_1.hs"/>
    </Properties>
  </Object>
  <Object name="Spout11">
    <AbsoluteLocation value="-7.402668 9.215954"/>
    <Properties>
      <Property name="Angle" value="-326.595"/>
      <Property name="ConnectedSpout0" value="Spout12"/>
      <Property name="ConnectedSpoutProbability0" value="1"/>
      <Property name="Filename" value="/Objects/basic_drain.hs"/>
      <Property name="Type" value="spout"/>
    </Properties>
  </Object>
  <Object name="Object31">
    <AbsoluteLocation value="15.202681 5.394054"/>
    <Properties>
      <Property name="Angle" value="-0.173737"/>
      <Property name="Filename" value="/Objects/pipe_straight_long.hs"/>
    </Properties>
  </Object>
  <Object name="Object32">
    <AbsoluteLocation value="10.201370 5.386999"/>
    <Properties>
      <Property name="Angle" value="-179.702"/>
      <Property name="Filename" value="/Objects/pipe_into_wall_2.hs"/>
    </Properties>
  </Object>
  <Object name="Object33">
    <AbsoluteLocation value="21.354679 6.030955"/>
    <Properties>
      <Property name="Angle" value="-90.6863"/>
      <Property name="Filename" value="/Objects/pipe_elbow_2.hs"/>
    </Properties>
  </Object>
  <Object name="Object36">
    <AbsoluteLocation value="24.270119 11.189062"/>
    <Properties>
      <Property name="Angle" value="0"/>
      <Property name="Filename" value="/Objects/pipe_straight_short.hs"/>
    </Properties>
  </Object>
  <Object name="Object35">
    <AbsoluteLocation value="22.872307 10.617788"/>
    <Properties>
      <Property name="Angle" value="89.4091"/>
      <Property name="Filename" value="/Objects/pipe_elbow_1.hs"/>
    </Properties>
  </Object>
  <Object name="Object22">
    <AbsoluteLocation value="54.691132 3.033440"/>
    <Properties>
      <Property name="Angle" value="-3.55361"/>
      <Property name="Filename" value="/Objects/pipe_straight_long.hs"/>
    </Properties>
  </Object>
  <Object name="Object20">
    <AbsoluteLocation value="60.673344 1.396612"/>
    <Properties>
      <Property name="Angle" value="175.207"/>
      <Property name="Filename" value="/Objects/pipe_connector_90.hs"/>
    </Properties>
  </Object>
  <Object name="Spout12">
    <AbsoluteLocation value="26.248619 11.215428"/>
    <Properties>
      <Property name="Angle" value="0.64124"/>
      <Property name="Filename" value="/Objects/shower_head.hs"/>
      <Property name="FluidType" value="Water"/>
      <Property name="NumberParticles" value="0"/>
      <Property name="ParticleSpeed" value="40"/>
      <Property name="Type" value="spout"/>
    </Properties>
  </Object>
  <Object name="Object38">
    <AbsoluteLocation value="-2.120022 -18.026918"/>
    <Properties>
      <Property name="Angle" value="45.4668"/>
      <Property name="Filename" value="/Objects/pipe_elbow_1.hs"/>
    </Properties>
  </Object>
  <Object name="Object40">
    <AbsoluteLocation value="2.341385 -21.422342"/>
    <Properties>
      <Property name="Angle" value="-47.251"/>
      <Property name="Filename" value="/Objects/pipe_connector_end.hs"/>
    </Properties>
  </Object>
  <Object name="Object41">
    <AbsoluteLocation value="42.981346 32.809368"/>
    <Properties>
      <Property name="Angle" value="-0.173737"/>
      <Property name="Filename" value="/Objects/pipe_straight_long.hs"/>
    </Properties>
  </Object>
  <Object name="Object42">
    <AbsoluteLocation value="33.505836 32.842007"/>
    <Properties>
      <Property name="Angle" value="-0.173737"/>
      <Property name="Filename" value="/Objects/pipe_straight_long.hs"/>
    </Properties>
  </Object>
  <Object name="Object43">
    <AbsoluteLocation value="7.512653 12.711773"/>
    <Properties>
      <Property name="Angle" value="0"/>
      <Property name="Filename" value="/Objects/path_locking_end.hs"/>
    </Properties>
  </Object>
  <Object name="Object45">
    <AbsoluteLocation value="16.358255 12.726709"/>
    <Properties>
      <Property name="Angle" value="0"/>
      <Property name="Filename" value="/Objects/path_locking_end_right.hs"/>
    </Properties>
  </Object>
  <Object name="Object6">
    <AbsoluteLocation value="5.616964 12.532667"/>
    <Properties>
      <Property name="Angle" value="90.6137"/>
      <Property name="Filename" value="/Objects/wall_8x8_locking.hs"/>
      <Property name="PathPos0" value="0 0"/>
      <Property name="PathPos1" value="16 0"/>
    </Properties>
  </Object>
  <Object name="Spout3">
    <AbsoluteLocation value="27.348591 33.087437"/>
    <Properties>
      <Property name="Angle" value="-180.351"/>
      <Property name="Filename" value="/Objects/shower_head.hs"/>
      <Property name="FluidType" value="water"/>
      <Property name="ParticleSpeed" value="40"/>
      <Property name="Type" value="spout"/>
    </Properties>
  </Object>
  <Object name="Spout2">
    <AbsoluteLocation value="-5.844170 -20.711657"/>
    <Properties>
      <Property name="Angle" value="135.616"/>
      <Property name="ConnectedSpout0" value="SWAMPY_SPOUT"/>
      <Property name="ConnectedSpoutProbability0" value="1"/>
      <Property name="Filename" value="/Objects/broken_pipe.hs"/>
      <Property name="Type" value="spout"/>
    </Properties>
  </Object>
  <Object name="Ducky44">
    <AbsoluteLocation value="-0.767769 42.953133"/>
    <Properties>
      <Property name="Angle" value="0"/>
      <Property name="CutsRock" value="1"/>
      <Property name="Filename" value="/Objects/star_teleport.hs"/>
      <Property name="StarType" value="teleport"/>
      <Property name="TeleportMoveTime" value="2"/>
      <Property name="TeleportWaitTime" value="1"/>
      <Property name="Type" value="star"/>
    </Properties>
  </Object>
  <Object name="Ducky45">
    <AbsoluteLocation value="-22.072235 42.953133"/>
    <Properties>
      <Property name="Angle" value="0"/>
      <Property name="CutsRock" value="1"/>
      <Property name="Filename" value="/Objects/star_teleport.hs"/>
      <Property name="StarType" value="teleport"/>
      <Property name="TeleportMoveTime" value="2"/>
      <Property name="TeleportWaitTime" value="1"/>
      <Property name="Type" value="star"/>
    </Properties>
  </Object>
  <Object name="Ducky46">
    <AbsoluteLocation value="-14.415146 -56.759083"/>
    <Properties>
      <Property name="Angle" value="0"/>
      <Property name="CutsRock" value="1"/>
      <Property name="Filename" value="/Objects/star_teleport.hs"/>
      <Property name="StarType" value="teleport"/>
      <Property name="TeleportMoveTime" value="2"/>
      <Property name="TeleportWaitTime" value="1"/>
      <Property name="Type" value="star"/>
    </Properties>
  </Object>
  <Object name="Ducky47">
    <AbsoluteLocation value="-16.030746 -39.996170"/>
    <Properties>
      <Property name="Angle" value="0"/>
      <Property name="Filename" value="/Objects/star_teleport.hs"/>
      <Property name="StarType" value="teleport"/>
      <Property name="TeleportWaitTime" value="999"/>
      <Property name="Type" value="star"/>
    </Properties>
  </Object>
  <Object name="Object24">
    <AbsoluteLocation value="-0.874860 9.202919"/>
    <Properties>
      <Property name="Angle" value="-64.648"/>
      <Property name="Filename" value="/Objects/pipe_into_wall_1.hs"/>
    </Properties>
  </Object>
  <Room>
    <AbsoluteLocation value="9.200003 -34.000000"/>
  </Room>
  <Properties>
  <Property name="ShowTopEdge" value="1"/>
    <Property name="HeavyIntro" value="1"/>
  </Properties>
</Objects>
