<?xml version="1.0"?>
<Objects>
  <Object name="Object135">
    <AbsoluteLocation value="15.506250 -18.400000"/>
    <Properties>
      <Property name="Angle" value="88.8931"/>
      <Property name="Filename" value="/Objects/pipe_straight_short.hs"/>
    </Properties>
  </Object>
  <Object name="Object131">
    <AbsoluteLocation value="8.875000 40.015625"/>
    <Properties>
      <Property name="Angle" value="0.335412"/>
      <Property name="Filename" value="/Objects/pipe_elbow_1.hs"/>
    </Properties>
  </Object>
  <Object name="Object120">
    <AbsoluteLocation value="4.968750 -15.703125"/>
    <Properties>
      <Property name="Angle" value="92.6643"/>
      <Property name="Filename" value="/Objects/pipe_bend_2.hs"/>
    </Properties>
  </Object>
  <Object name="Object113">
    <AbsoluteLocation value="-5.781250 -42.875000"/>
    <Properties>
      <Property name="Angle" value="-179.589"/>
      <Property name="Filename" value="/Objects/pipe_elbow_2.hs"/>
    </Properties>
  </Object>
  <Object name="Object111">
    <AbsoluteLocation value="-6.265625 -41.500000"/>
    <Properties>
      <Property name="Angle" value="-179.257"/>
      <Property name="Filename" value="/Objects/pipe_spout_base.hs"/>
    </Properties>
  </Object>
  <Object name="Object110">
    <AbsoluteLocation value="-5.203125 -34.125000"/>
    <Properties>
      <Property name="Angle" value="90.6678"/>
      <Property name="Filename" value="/Objects/pipe_elbow_1.hs"/>
    </Properties>
  </Object>
  <Object name="Object108">
    <AbsoluteLocation value="-6.000000 -34.921875"/>
    <Properties>
      <Property name="Angle" value="0"/>
      <Property name="Filename" value="/Objects/pipe_spout_base.hs"/>
    </Properties>
  </Object>
  <Object name="Object104">
    <AbsoluteLocation value="1.609375 -19.843750"/>
    <Properties>
      <Property name="Angle" value="96.6519"/>
      <Property name="Filename" value="/Objects/pipe_straight.hs"/>
    </Properties>
  </Object>
  <Object name="Object83">
    <AbsoluteLocation value="0.109375 -27.062500"/>
    <Properties>
      <Property name="Angle" value="92.0425"/>
      <Property name="Filename" value="/Objects/pipe_straight.hs"/>
    </Properties>
  </Object>
  <Object name="Object79">
    <AbsoluteLocation value="-9.125000 -30.531250"/>
    <Properties>
      <Property name="Angle" value="-179.589"/>
      <Property name="Filename" value="/Objects/pipe_elbow_2.hs"/>
    </Properties>
  </Object>
  <Object name="Object74">
    <AbsoluteLocation value="-9.750000 -29.671875"/>
    <Properties>
      <Property name="Angle" value="-179.506"/>
      <Property name="Filename" value="/Objects/pipe_spout_base.hs"/>
    </Properties>
  </Object>
  <Object name="Object73">
    <AbsoluteLocation value="-8.040367 -19.761131"/>
    <Properties>
      <Property name="Angle" value="-270.777"/>
      <Property name="Filename" value="/Objects/pipe_straight.hs"/>
    </Properties>
  </Object>
  <Object name="Object72">
    <AbsoluteLocation value="-8.453125 -22.953125"/>
    <Properties>
      <Property name="Angle" value="0"/>
      <Property name="Filename" value="/Objects/pipe_spout_base.hs"/>
    </Properties>
  </Object>
  <Object name="Object71">
    <AbsoluteLocation value="-13.343750 -21.484375"/>
    <Properties>
      <Property name="Angle" value="-87.7191"/>
      <Property name="Filename" value="/Objects/pipe_elbow_2.hs"/>
    </Properties>
  </Object>
  <Object name="Object70">
    <AbsoluteLocation value="-12.828125 1.296875"/>
    <Properties>
      <Property name="Angle" value="-269.971"/>
      <Property name="Filename" value="/Objects/pipe_into_wall_1.hs"/>
    </Properties>
  </Object>
  <Object name="Object68">
    <AbsoluteLocation value="-15.062500 -22.015625"/>
    <Properties>
      <Property name="Angle" value="-90.1979"/>
      <Property name="Filename" value="/Objects/pipe_spout_base.hs"/>
    </Properties>
  </Object>
  <Object name="Object64">
    <AbsoluteLocation value="-12.828125 11.000000"/>
    <Properties>
      <Property name="Angle" value="-449.58"/>
      <Property name="Filename" value="/Objects/pipe_into_wall_2.hs"/>
    </Properties>
  </Object>
  <Object name="Object58">
    <AbsoluteLocation value="-8.171875 40.140625"/>
    <Properties>
      <Property name="Angle" value="0.335412"/>
      <Property name="Filename" value="/Objects/pipe_elbow_1.hs"/>
    </Properties>
  </Object>
  <Object name="Object57">
    <AbsoluteLocation value="-17.328125 -16.656250"/>
    <Properties>
      <Property name="Angle" value="90.5381"/>
      <Property name="Filename" value="/Objects/pipe_straight_short.hs"/>
    </Properties>
  </Object>
  <Object name="Object56">
    <AbsoluteLocation value="-17.703125 -18.343750"/>
    <Properties>
      <Property name="Angle" value="0"/>
      <Property name="Filename" value="/Objects/pipe_spout_base.hs"/>
    </Properties>
  </Object>
  <Object name="Object55">
    <AbsoluteLocation value="-17.125000 39.531250"/>
    <Properties>
      <Property name="Angle" value="91.1015"/>
      <Property name="Filename" value="/Objects/pipe_straight_short.hs"/>
    </Properties>
  </Object>
  <Object name="Object50">
    <AbsoluteLocation value="23.390625 -12.750000"/>
    <Properties>
      <Property name="Angle" value="-87.7191"/>
      <Property name="Filename" value="/Objects/pipe_elbow_2.hs"/>
    </Properties>
  </Object>
  <Object name="Object44">
    <AbsoluteLocation value="19.312500 16.593750"/>
    <Properties>
      <Property name="Angle" value="-270.308"/>
      <Property name="Filename" value="/Objects/pipe_into_wall_2.hs"/>
    </Properties>
  </Object>
  <Object name="Object43">
    <AbsoluteLocation value="19.171875 29.765625"/>
    <Properties>
      <Property name="Angle" value="-89.2294"/>
      <Property name="Filename" value="/Objects/pipe_into_wall_1.hs"/>
    </Properties>
  </Object>
  <Object name="Object36">
    <AbsoluteLocation value="-32.031250 -15.031250"/>
    <Properties>
      <Property name="Angle" value="-360.011"/>
      <Property name="Filename" value="/Objects/pipe_straight_long.hs"/>
    </Properties>
  </Object>
  <Object name="Object35">
    <AbsoluteLocation value="-27.140625 -15.750000"/>
    <Properties>
      <Property name="Angle" value="0.335412"/>
      <Property name="Filename" value="/Objects/pipe_elbow_1.hs"/>
    </Properties>
  </Object>
  <Object name="Object34">
    <AbsoluteLocation value="-29.812500 -4.265625"/>
    <Properties>
      <Property name="Angle" value="87.6309"/>
      <Property name="Filename" value="/Objects/pipe_bend_1.hs"/>
    </Properties>
  </Object>
  <Object name="Object27">
    <AbsoluteLocation value="-27.206253 -45.012501"/>
    <Properties>
      <Property name="Angle" value="-90"/>
      <Property name="Filename" value="/Objects/pipe_elbow_2.hs"/>
    </Properties>
  </Object>
  <Object name="Object26">
    <AbsoluteLocation value="-26.406250 -43.812500"/>
    <Properties>
      <Property name="Angle" value="-180"/>
      <Property name="Filename" value="/Objects/pipe_spout_base.hs"/>
    </Properties>
  </Object>
  <Object name="Object24">
    <AbsoluteLocation value="-26.484375 -34.781250"/>
    <Properties>
      <Property name="Angle" value="90.5381"/>
      <Property name="Filename" value="/Objects/pipe_straight_short.hs"/>
    </Properties>
  </Object>
  <Object name="Object25">
    <AbsoluteLocation value="-26.484375 -36.375000"/>
    <Properties>
      <Property name="Angle" value="0"/>
      <Property name="Filename" value="/Objects/pipe_spout_base.hs"/>
    </Properties>
  </Object>
  <Object name="Spout10">
    <AbsoluteLocation value="-26.437500 -20.343750"/>
    <Properties>
      <Property name="Angle" value="-89.1608"/>
      <Property name="Filename" value="/Objects/touch_spout.hs"/>
      <Property name="FluidType" value="Water"/>
      <Property name="Type" value="spout"/>
    </Properties>
  </Object>
  <Object name="Spout11">
    <AbsoluteLocation value="-17.437500 -14.343750"/>
    <Properties>
      <Property name="Angle" value="0"/>
      <Property name="ConnectedSpout0" value="Spout12"/>
      <Property name="ConnectedSpoutProbability0" value="1"/>
      <Property name="Filename" value="/Objects/basic_drain.hs"/>
      <Property name="Type" value="spout"/>
    </Properties>
  </Object>
  <Object name="Spout13">
    <AbsoluteLocation value="-8.015625 -14.671875"/>
    <Properties>
      <Property name="Angle" value="0"/>
      <Property name="ConnectedSpout0" value="Spout14"/>
      <Property name="ConnectedSpoutProbability0" value="1"/>
      <Property name="Filename" value="/Objects/basic_drain.hs"/>
      <Property name="Type" value="spout"/>
    </Properties>
  </Object>
  <Object name="Spout15">
    <AbsoluteLocation value="1.265625 -14.765625"/>
    <Properties>
      <Property name="Angle" value="0"/>
      <Property name="ConnectedSpout0" value="Spout17"/>
      <Property name="ConnectedSpoutProbability0" value="1"/>
      <Property name="Filename" value="/Objects/basic_drain.hs"/>
      <Property name="Type" value="spout"/>
    </Properties>
  </Object>
  <Object name="Spout16">
    <AbsoluteLocation value="24.062500 -9.718750"/>
    <Properties>
      <Property name="Angle" value="0"/>
      <Property name="ConnectedSpout0" value="Spout23"/>
      <Property name="ConnectedSpoutProbability0" value="1"/>
      <Property name="Filename" value="/Objects/basic_drain.hs"/>
      <Property name="Type" value="spout"/>
    </Properties>
  </Object>
  <Object name="Spout12">
    <AbsoluteLocation value="-7.687500 37.546875"/>
    <Properties>
      <Property name="Angle" value="-89.501"/>
      <Property name="ConnectedConverter" value="FluidConverter14"/>
      <Property name="Filename" value="/Objects/shower_head.hs"/>
      <Property name="FluidType" value="Water"/>
      <Property name="NumberParticles" value="0"/>
      <Property name="Type" value="spout"/>
    </Properties>
  </Object>
  <Object name="FluidConverter14">
    <AbsoluteLocation value="-18.093750 -21.375000"/>
    <Properties>
      <Property name="Angle" value="0"/>
      <Property name="Filename" value="/Objects/converter_static_murky.hs"/>
      <Property name="FluidType" value="contaminatedwater"/>
      <Property name="Type" value="fluidconverter"/>
    </Properties>
  </Object>
  <Object name="FluidConverter18">
    <AbsoluteLocation value="-26.296875 -40.312500"/>
    <Properties>
      <Property name="Angle" value="0"/>
      <Property name="Filename" value="/Objects/converter_static_steam.hs"/>
      <Property name="FluidType" value="steam"/>
      <Property name="Type" value="fluidconverter"/>
    </Properties>
  </Object>
  <Object name="FluidConverter17">
    <AbsoluteLocation value="-9.093750 -26.203125"/>
    <Properties>
      <Property name="Angle" value="0"/>
      <Property name="Filename" value="/Objects/converter_dynamic_all.hs"/>
      <Property name="FluidType0" value="contaminatedwater"/>
      <Property name="FluidType1" value="lava"/>
      <Property name="Type" value="fluidconverter"/>
    </Properties>
  </Object>
  <Object name="Ducky17">
    <AbsoluteLocation value="-17.075001 13.665627"/>
    <Properties>
      <Property name="Angle" value="0"/>
      <Property name="Filename" value="/Objects/star.hs"/>
      <Property name="Type" value="star"/>
    </Properties>
  </Object>
  <Object name="Object18">
    <AbsoluteLocation value="28.171875 32.250000"/>
    <Properties>
      <Property name="Angle" value="0"/>
      <Property name="Filename" value="/Objects/icicle_corner.hs"/>
      <Property name="Type" value="icyhot"/>
    </Properties>
  </Object>
  <Object name="Ducky18">
    <AbsoluteLocation value="-26.625000 26.953125"/>
    <Properties>
      <Property name="Angle" value="0"/>
      <Property name="Filename" value="/Objects/star.hs"/>
      <Property name="Type" value="star"/>
    </Properties>
  </Object>
  <Object name="Object19">
    <AbsoluteLocation value="-26.343750 30.796875"/>
    <Properties>
      <Property name="Angle" value="0"/>
      <Property name="Filename" value="/Objects/icicle_medium.hs"/>
      <Property name="Type" value="icyhot"/>
    </Properties>
  </Object>
  <Object name="Ducky20">
    <AbsoluteLocation value="23.781250 15.781250"/>
    <Properties>
      <Property name="Angle" value="0"/>
      <Property name="Filename" value="/Objects/star.hs"/>
      <Property name="Type" value="star"/>
    </Properties>
  </Object>
  <Object name="Spout18">
    <AbsoluteLocation value="-27.562500 -2.812500"/>
    <Properties>
      <Property name="Angle" value="-330.953"/>
      <Property name="ConnectedConverter" value="FluidConverter18"/>
      <Property name="Filename" value="/Objects/shower_head.hs"/>
      <Property name="FluidType" value="Water"/>
      <Property name="NumberParticles" value="0"/>
      <Property name="ParticleSpeed" value="100"/>
      <Property name="ParticlesPerSecond" value="10"/>
      <Property name="Type" value="spout"/>
    </Properties>
  </Object>
  <Object name="Spout22">
    <AbsoluteLocation value="-26.359375 -31.671875"/>
    <Properties>
      <Property name="Angle" value="0"/>
      <Property name="ConnectedSpout0" value="Spout18"/>
      <Property name="ConnectedSpoutProbability0" value="1"/>
      <Property name="Filename" value="/Objects/basic_drain.hs"/>
      <Property name="Type" value="spout"/>
    </Properties>
  </Object>
  <Object name="Spout17">
    <AbsoluteLocation value="9.734375 37.468750"/>
    <Properties>
      <Property name="Angle" value="-89.501"/>
      <Property name="ConnectedConverter" value="FluidConverter22"/>
      <Property name="Filename" value="/Objects/shower_head.hs"/>
      <Property name="FluidType" value="Water"/>
      <Property name="NumberParticles" value="0"/>
      <Property name="ParticleSpeed" value="70"/>
      <Property name="ParticlesPerSecond" value="8"/>
      <Property name="Type" value="spout"/>
    </Properties>
  </Object>
  <Object name="Object28">
    <AbsoluteLocation value="-29.678123 -45.012501"/>
    <Properties>
      <Property name="Angle" value="-180"/>
      <Property name="Filename" value="/Objects/pipe_elbow_2.hs"/>
    </Properties>
  </Object>
  <Object name="Object29">
    <AbsoluteLocation value="-30.328125 -39.328125"/>
    <Properties>
      <Property name="Angle" value="-90.1449"/>
      <Property name="Filename" value="/Objects/pipe_straight_long.hs"/>
    </Properties>
  </Object>
  <Object name="Object30">
    <AbsoluteLocation value="-30.312500 -30.250000"/>
    <Properties>
      <Property name="Angle" value="-90.1449"/>
      <Property name="Filename" value="/Objects/pipe_straight_long.hs"/>
    </Properties>
  </Object>
  <Object name="Object31">
    <AbsoluteLocation value="-30.296875 -12.312500"/>
    <Properties>
      <Property name="Angle" value="-90.1449"/>
      <Property name="Filename" value="/Objects/pipe_straight_long.hs"/>
    </Properties>
  </Object>
  <Object name="Object32">
    <AbsoluteLocation value="-30.312500 -21.390625"/>
    <Properties>
      <Property name="Angle" value="-90.1449"/>
      <Property name="Filename" value="/Objects/pipe_straight_long.hs"/>
    </Properties>
  </Object>
  <Object name="Object33">
    <AbsoluteLocation value="-30.218750 -6.343750"/>
    <Properties>
      <Property name="Angle" value="-91.2304"/>
      <Property name="Filename" value="/Objects/pipe_straight_short.hs"/>
    </Properties>
  </Object>
  <Object name="Object39">
    <AbsoluteLocation value="21.156250 -13.468750"/>
    <Properties>
      <Property name="Angle" value="1.06917"/>
      <Property name="Filename" value="/Objects/pipe_straight_short.hs"/>
    </Properties>
  </Object>
  <Object name="Object40">
    <AbsoluteLocation value="19.243782 10.702650"/>
    <Properties>
      <Property name="Angle" value="-450.706"/>
      <Property name="Filename" value="/Objects/pipe_straight_long.hs"/>
    </Properties>
  </Object>
  <Object name="Object41">
    <AbsoluteLocation value="19.052380 -7.515085"/>
    <Properties>
      <Property name="Angle" value="-450.706"/>
      <Property name="Filename" value="/Objects/pipe_straight_long.hs"/>
    </Properties>
  </Object>
  <Object name="Object42">
    <AbsoluteLocation value="19.156965 2.031199"/>
    <Properties>
      <Property name="Angle" value="-450.706"/>
      <Property name="Filename" value="/Objects/pipe_straight_long.hs"/>
    </Properties>
  </Object>
  <Object name="Object45">
    <AbsoluteLocation value="19.167450 35.697445"/>
    <Properties>
      <Property name="Angle" value="-450.253"/>
      <Property name="Filename" value="/Objects/pipe_straight_long.hs"/>
    </Properties>
  </Object>
  <Object name="Object47">
    <AbsoluteLocation value="3.298388 42.725983"/>
    <Properties>
      <Property name="Angle" value="-720.644"/>
      <Property name="Filename" value="/Objects/pipe_straight_long.hs"/>
    </Properties>
  </Object>
  <Object name="Object48">
    <AbsoluteLocation value="-5.232525 42.850037"/>
    <Properties>
      <Property name="Angle" value="-720.644"/>
      <Property name="Filename" value="/Objects/pipe_straight_long.hs"/>
    </Properties>
  </Object>
  <Object name="Object49">
    <AbsoluteLocation value="12.610405 42.490658"/>
    <Properties>
      <Property name="Angle" value="-722.377"/>
      <Property name="Filename" value="/Objects/pipe_straight_long.hs"/>
    </Properties>
  </Object>
  <Object name="Object51">
    <AbsoluteLocation value="19.750000 -12.859375"/>
    <Properties>
      <Property name="Angle" value="-177.717"/>
      <Property name="Filename" value="/Objects/pipe_elbow_2.hs"/>
    </Properties>
  </Object>
  <Object name="Object52">
    <AbsoluteLocation value="18.618313 41.484104"/>
    <Properties>
      <Property name="Angle" value="-5.61717"/>
      <Property name="Filename" value="/Objects/pipe_elbow_1.hs"/>
    </Properties>
  </Object>
  <Object name="Object53">
    <AbsoluteLocation value="-13.075844 42.933620"/>
    <Properties>
      <Property name="Angle" value="-0.502534"/>
      <Property name="Filename" value="/Objects/pipe_straight.hs"/>
    </Properties>
  </Object>
  <Object name="Object54">
    <AbsoluteLocation value="-16.437500 42.265625"/>
    <Properties>
      <Property name="Angle" value="-270.362"/>
      <Property name="Filename" value="/Objects/pipe_elbow_1.hs"/>
    </Properties>
  </Object>
  <Object name="Object59">
    <AbsoluteLocation value="-10.937500 40.796875"/>
    <Properties>
      <Property name="Angle" value="1.06917"/>
      <Property name="Filename" value="/Objects/pipe_straight_short.hs"/>
    </Properties>
  </Object>
  <Object name="Object60">
    <AbsoluteLocation value="-12.281250 40.078125"/>
    <Properties>
      <Property name="Angle" value="90.7223"/>
      <Property name="Filename" value="/Objects/pipe_elbow_1.hs"/>
    </Properties>
  </Object>
  <Object name="Object61">
    <AbsoluteLocation value="-12.884773 25.854141"/>
    <Properties>
      <Property name="Angle" value="-629.633"/>
      <Property name="Filename" value="/Objects/pipe_straight_long.hs"/>
    </Properties>
  </Object>
  <Object name="Object62">
    <AbsoluteLocation value="-12.805588 16.995117"/>
    <Properties>
      <Property name="Angle" value="-629.633"/>
      <Property name="Filename" value="/Objects/pipe_straight_long.hs"/>
    </Properties>
  </Object>
  <Object name="Object63">
    <AbsoluteLocation value="-12.950285 34.932030"/>
    <Properties>
      <Property name="Angle" value="-629.633"/>
      <Property name="Filename" value="/Objects/pipe_straight_long.hs"/>
    </Properties>
  </Object>
  <Object name="Object66">
    <AbsoluteLocation value="-12.720959 -15.963806"/>
    <Properties>
      <Property name="Angle" value="-629.692"/>
      <Property name="Filename" value="/Objects/pipe_straight_long.hs"/>
    </Properties>
  </Object>
  <Object name="Object67">
    <AbsoluteLocation value="-12.782360 -7.197893"/>
    <Properties>
      <Property name="Angle" value="-629.692"/>
      <Property name="Filename" value="/Objects/pipe_straight_long.hs"/>
    </Properties>
  </Object>
  <Object name="Object69">
    <AbsoluteLocation value="-12.837242 -2.683007"/>
    <Properties>
      <Property name="Angle" value="-268.721"/>
      <Property name="Filename" value="/Objects/pipe_straight.hs"/>
    </Properties>
  </Object>
  <Object name="Object80">
    <AbsoluteLocation value="-4.376110 -31.213518"/>
    <Properties>
      <Property name="Angle" value="-719.857"/>
      <Property name="Filename" value="/Objects/pipe_straight_long.hs"/>
    </Properties>
  </Object>
  <Object name="Object81">
    <AbsoluteLocation value="-0.453125 -30.531250"/>
    <Properties>
      <Property name="Angle" value="-89.2252"/>
      <Property name="Filename" value="/Objects/pipe_elbow_2.hs"/>
    </Properties>
  </Object>
  <Object name="Object84">
    <AbsoluteLocation value="-0.640625 -22.937500"/>
    <Properties>
      <Property name="Angle" value="-1.00665"/>
      <Property name="Filename" value="/Objects/pipe_elbow_2.hs"/>
    </Properties>
  </Object>
  <Object name="Object85">
    <AbsoluteLocation value="-2.406250 -21.593750"/>
    <Properties>
      <Property name="Angle" value="-180.519"/>
      <Property name="Filename" value="/Objects/pipe_elbow_1.hs"/>
    </Properties>
  </Object>
  <Object name="Object90">
    <AbsoluteLocation value="-3.203125 8.406250"/>
    <Properties>
      <Property name="Angle" value="-269.971"/>
      <Property name="Filename" value="/Objects/pipe_into_wall_1.hs"/>
    </Properties>
  </Object>
  <Object name="Object91">
    <AbsoluteLocation value="-3.095959 -8.854431"/>
    <Properties>
      <Property name="Angle" value="-629.692"/>
      <Property name="Filename" value="/Objects/pipe_straight_long.hs"/>
    </Properties>
  </Object>
  <Object name="Object92">
    <AbsoluteLocation value="-3.157360 -0.088518"/>
    <Properties>
      <Property name="Angle" value="-629.692"/>
      <Property name="Filename" value="/Objects/pipe_straight_long.hs"/>
    </Properties>
  </Object>
  <Object name="Object93">
    <AbsoluteLocation value="-3.212242 4.426369"/>
    <Properties>
      <Property name="Angle" value="-268.721"/>
      <Property name="Filename" value="/Objects/pipe_straight.hs"/>
    </Properties>
  </Object>
  <Object name="Object94">
    <AbsoluteLocation value="-3.110485 -15.885393"/>
    <Properties>
      <Property name="Angle" value="-629.692"/>
      <Property name="Filename" value="/Objects/pipe_straight_long.hs"/>
    </Properties>
  </Object>
  <Object name="Object95">
    <AbsoluteLocation value="-3.156250 18.953125"/>
    <Properties>
      <Property name="Angle" value="-449.58"/>
      <Property name="Filename" value="/Objects/pipe_into_wall_2.hs"/>
    </Properties>
  </Object>
  <Object name="Object96">
    <AbsoluteLocation value="-3.212898 33.807266"/>
    <Properties>
      <Property name="Angle" value="-629.633"/>
      <Property name="Filename" value="/Objects/pipe_straight_long.hs"/>
    </Properties>
  </Object>
  <Object name="Object97">
    <AbsoluteLocation value="-3.133713 24.948242"/>
    <Properties>
      <Property name="Angle" value="-629.633"/>
      <Property name="Filename" value="/Objects/pipe_straight_long.hs"/>
    </Properties>
  </Object>
  <Object name="Object98">
    <AbsoluteLocation value="-2.609375 39.546875"/>
    <Properties>
      <Property name="Angle" value="90.7223"/>
      <Property name="Filename" value="/Objects/pipe_elbow_1.hs"/>
    </Properties>
  </Object>
  <Object name="Object99">
    <AbsoluteLocation value="1.500000 39.609375"/>
    <Properties>
      <Property name="Angle" value="0.335412"/>
      <Property name="Filename" value="/Objects/pipe_elbow_1.hs"/>
    </Properties>
  </Object>
  <Object name="Object100">
    <AbsoluteLocation value="-1.265625 40.265625"/>
    <Properties>
      <Property name="Angle" value="1.06917"/>
      <Property name="Filename" value="/Objects/pipe_straight_short.hs"/>
    </Properties>
  </Object>
  <Object name="Spout14">
    <AbsoluteLocation value="1.890625 37.390625"/>
    <Properties>
      <Property name="Angle" value="-89.501"/>
      <Property name="ConnectedConverter" value="FluidConverter17"/>
      <Property name="Filename" value="/Objects/shower_head.hs"/>
      <Property name="FluidType" value="Water"/>
      <Property name="NumberParticles" value="0"/>
      <Property name="Type" value="spout"/>
    </Properties>
  </Object>
  <Object name="Object103">
    <AbsoluteLocation value="1.969465 -26.859426"/>
    <Properties>
      <Property name="Angle" value="-629.367"/>
      <Property name="Filename" value="/Objects/pipe_straight_long.hs"/>
    </Properties>
  </Object>
  <Object name="Object105">
    <AbsoluteLocation value="1.375000 -32.593750"/>
    <Properties>
      <Property name="Angle" value="-88.4721"/>
      <Property name="Filename" value="/Objects/pipe_elbow_2.hs"/>
    </Properties>
  </Object>
  <Object name="Object109">
    <AbsoluteLocation value="-2.118492 -33.323631"/>
    <Properties>
      <Property name="Angle" value="-358.617"/>
      <Property name="Filename" value="/Objects/pipe_straight.hs"/>
    </Properties>
  </Object>
  <Object name="Object112">
    <AbsoluteLocation value="-1.032360 -43.557266"/>
    <Properties>
      <Property name="Angle" value="-719.857"/>
      <Property name="Filename" value="/Objects/pipe_straight_long.hs"/>
    </Properties>
  </Object>
  <Object name="Object114">
    <AbsoluteLocation value="4.078125 -42.890625"/>
    <Properties>
      <Property name="Angle" value="-90.8643"/>
      <Property name="Filename" value="/Objects/pipe_elbow_2.hs"/>
    </Properties>
  </Object>
  <Object name="Object115">
    <AbsoluteLocation value="4.794666 -30.010681"/>
    <Properties>
      <Property name="Angle" value="-629.692"/>
      <Property name="Filename" value="/Objects/pipe_straight_long.hs"/>
    </Properties>
  </Object>
  <Object name="Object116">
    <AbsoluteLocation value="4.733265 -21.244768"/>
    <Properties>
      <Property name="Angle" value="-629.692"/>
      <Property name="Filename" value="/Objects/pipe_straight_long.hs"/>
    </Properties>
  </Object>
  <Object name="Object117">
    <AbsoluteLocation value="4.780140 -37.041641"/>
    <Properties>
      <Property name="Angle" value="-629.692"/>
      <Property name="Filename" value="/Objects/pipe_straight_long.hs"/>
    </Properties>
  </Object>
  <Object name="Object118">
    <AbsoluteLocation value="5.419666 -9.963806"/>
    <Properties>
      <Property name="Angle" value="-629.692"/>
      <Property name="Filename" value="/Objects/pipe_straight_long.hs"/>
    </Properties>
  </Object>
  <Object name="Object119">
    <AbsoluteLocation value="5.358265 -1.197893"/>
    <Properties>
      <Property name="Angle" value="-629.692"/>
      <Property name="Filename" value="/Objects/pipe_straight_long.hs"/>
    </Properties>
  </Object>
  <Object name="Object121">
    <AbsoluteLocation value="5.203125 -15.093750"/>
    <Properties>
      <Property name="Angle" value="-82.8093"/>
      <Property name="Filename" value="/Objects/pipe_bend_1.hs"/>
    </Properties>
  </Object>
  <Object name="Object122">
    <AbsoluteLocation value="5.390625 10.546875"/>
    <Properties>
      <Property name="Angle" value="-269.971"/>
      <Property name="Filename" value="/Objects/pipe_into_wall_1.hs"/>
    </Properties>
  </Object>
  <Object name="Object123">
    <AbsoluteLocation value="5.342640 4.395857"/>
    <Properties>
      <Property name="Angle" value="-629.692"/>
      <Property name="Filename" value="/Objects/pipe_straight_long.hs"/>
    </Properties>
  </Object>
  <Object name="Object125">
    <AbsoluteLocation value="5.553787 30.510742"/>
    <Properties>
      <Property name="Angle" value="-629.633"/>
      <Property name="Filename" value="/Objects/pipe_straight_long.hs"/>
    </Properties>
  </Object>
  <Object name="Object126">
    <AbsoluteLocation value="5.531250 24.515625"/>
    <Properties>
      <Property name="Angle" value="-449.58"/>
      <Property name="Filename" value="/Objects/pipe_into_wall_2.hs"/>
    </Properties>
  </Object>
  <Object name="Object128">
    <AbsoluteLocation value="5.562500 36.484375"/>
    <Properties>
      <Property name="Angle" value="89.7325"/>
      <Property name="Filename" value="/Objects/pipe_straight_short.hs"/>
    </Properties>
  </Object>
  <Object name="Object129">
    <AbsoluteLocation value="5.578125 37.921875"/>
    <Properties>
      <Property name="Angle" value="89.7325"/>
      <Property name="Filename" value="/Objects/pipe_straight_short.hs"/>
    </Properties>
  </Object>
  <Object name="Object130">
    <AbsoluteLocation value="6.218750 40.000000"/>
    <Properties>
      <Property name="Angle" value="90.7223"/>
      <Property name="Filename" value="/Objects/pipe_elbow_1.hs"/>
    </Properties>
  </Object>
  <Object name="Object133">
    <AbsoluteLocation value="15.375000 -20.343750"/>
    <Properties>
      <Property name="Angle" value="-91.1233"/>
      <Property name="Filename" value="/Objects/pipe_connector_end.hs"/>
    </Properties>
  </Object>
  <Object name="Object134">
    <AbsoluteLocation value="15.553125 -16.753126"/>
    <Properties>
      <Property name="Angle" value="88.8931"/>
      <Property name="Filename" value="/Objects/pipe_straight_short.hs"/>
    </Properties>
  </Object>
  <Object name="Spout77">
    <AbsoluteLocation value="15.515625 -13.875000"/>
    <Properties>
      <Property name="Angle" value="-1.55833"/>
      <Property name="ConnectedSpout0" value="SWAMPY_SPOUT"/>
      <Property name="ConnectedSpoutProbability0" value="1"/>
      <Property name="Filename" value="/Objects/broken_pipe.hs"/>
      <Property name="Type" value="spout"/>
    </Properties>
  </Object>
  <Object name="Spout23">
    <AbsoluteLocation value="-17.093750 37.484375"/>
    <Properties>
      <Property name="Angle" value="-89.501"/>
      <Property name="Filename" value="/Objects/shower_head.hs"/>
      <Property name="FluidType" value="Water"/>
      <Property name="NumberParticles" value="0"/>
      <Property name="ParticleSpeed" value="50"/>
      <Property name="Type" value="spout"/>
    </Properties>
  </Object>
  <Object name="FluidConverter22">
    <AbsoluteLocation value="-5.625000 -38.343750"/>
    <Properties>
      <Property name="Angle" value="0"/>
      <Property name="Filename" value="/Objects/converter_dynamic_all.hs"/>
      <Property name="FluidType0" value="water"/>
      <Property name="FluidType1" value="steam"/>
      <Property name="Type" value="fluidconverter"/>
    </Properties>
  </Object>
  <Object name="Ducky128">
    <AbsoluteLocation value="23.828125 -2.921875"/>
    <Properties>
      <Property name="Angle" value="0"/>
      <Property name="CutsRock" value="1"/>
      <Property name="Filename" value="/Objects/star_teleport.hs"/>
      <Property name="StarType" value="teleport"/>
      <Property name="TeleportWaitTime" value="1"/>
      <Property name="Type" value="star"/>
    </Properties>
  </Object>
  <Object name="Ducky127">
    <AbsoluteLocation value="27.375000 38.437500"/>
    <Properties>
      <Property name="Angle" value="0"/>
      <Property name="CutsRock" value="1"/>
      <Property name="Filename" value="/Objects/star_teleport.hs"/>
      <Property name="StarType" value="teleport"/>
      <Property name="TeleportMoveTime" value="3"/>
      <Property name="TeleportWaitTime" value="0.5"/>
      <Property name="Type" value="star"/>
    </Properties>
  </Object>
  <Object name="Ducky130">
    <AbsoluteLocation value="10.000000 15.312500"/>
    <Properties>
      <Property name="Angle" value="0"/>
      <Property name="CutsRock" value="1"/>
      <Property name="Filename" value="/Objects/star_teleport.hs"/>
      <Property name="StarType" value="teleport"/>
      <Property name="TeleportWaitTime" value="1.5"/>
      <Property name="Type" value="star"/>
    </Properties>
  </Object>
  <Object name="Ducky120">
    <AbsoluteLocation value="15.140625 -7.734375"/>
    <Properties>
      <Property name="Angle" value="0"/>
      <Property name="CutsRock" value="1"/>
      <Property name="Filename" value="/Objects/star_teleport.hs"/>
      <Property name="StarType" value="teleport"/>
      <Property name="TeleportWaitTime" value="9999"/>
      <Property name="Type" value="star"/>
    </Properties>
  </Object>
  <Object name="Object124">
    <AbsoluteLocation value="15.937500 -0.562500"/>
    <Properties>
      <Property name="Angle" value="0"/>
      <Property name="Filename" value="/Objects/icicle_corner.hs"/>
      <Property name="Type" value="icyhot"/>
    </Properties>
  </Object>
  <Room>
    <AbsoluteLocation value="19.600002 -34.000000"/>
  </Room>
</Objects>
