<?xml version="1.0"?>
<Objects>
  <Object name="Bomb4">
    <AbsoluteLocation value="21.503365 9.795755"/>
    <Properties>
      <Property name="Angle" value="0"/>
      <Property name="BlastRadius" value="9.0"/>
      <Property name="Filename" value="/Objects/bomb.hs"/>
      <Property name="Type" value="bomb"/>
    </Properties>
  </Object>
  <Object name="Ducky10">
    <AbsoluteLocation value="-21.731077 24.581717"/>
    <Properties>
      <Property name="Angle" value="0"/>
      <Property name="Filename" value="/Objects/star.hs"/>
      <Property name="Type" value="star"/>
    </Properties>
  </Object>
  <Object name="Ducky11">
    <AbsoluteLocation value="-0.843111 34.599831"/>
    <Properties>
      <Property name="Angle" value="0"/>
      <Property name="Filename" value="/Objects/star.hs"/>
      <Property name="Type" value="star"/>
    </Properties>
  </Object>
  <Object name="Ducky12">
    <AbsoluteLocation value="24.000000 -11.200001"/>
    <Properties>
      <Property name="Angle" value="0"/>
      <Property name="Filename" value="/Objects/star.hs"/>
      <Property name="Type" value="star"/>
    </Properties>
  </Object>
  <Object name="Object20">
    <AbsoluteLocation value="-22.578247 -48.366325"/>
    <Properties>
      <Property name="Angle" value="90.2435"/>
      <Property name="Filename" value="/Objects/pipe_straight_long.hs"/>
    </Properties>
  </Object>
  <Object name="Spout2">
    <AbsoluteLocation value="-22.546818 -41.327950"/>
    <Properties>
      <Property name="Angle" value="89.6645"/>
      <Property name="Filename" value="/Objects/touch_spout.hs"/>
      <Property name="FluidType" value="Water"/>
      <Property name="ParticleSpeed" value="50"/>
      <Property name="Type" value="spout"/>
    </Properties>
  </Object>
  <Object name="Object21">
    <AbsoluteLocation value="-21.175518 33.205482"/>
    <Properties>
      <Property name="Angle" value="89.8935"/>
      <Property name="Filename" value="/Objects/pipe_elbow_1.hs"/>
    </Properties>
  </Object>
  <Object name="Object22">
    <AbsoluteLocation value="-18.328568 33.887337"/>
    <Properties>
      <Property name="Angle" value="0.159543"/>
      <Property name="Filename" value="/Objects/pipe_straight_short.hs"/>
    </Properties>
  </Object>
  <Object name="Object25">
    <AbsoluteLocation value="-14.794853 36.357872"/>
    <Properties>
      <Property name="Angle" value="90.4107"/>
      <Property name="Filename" value="/Objects/pipe_straight_short.hs"/>
    </Properties>
  </Object>
  <Object name="Object24">
    <AbsoluteLocation value="-14.108114 37.969765"/>
    <Properties>
      <Property name="Angle" value="89.8935"/>
      <Property name="Filename" value="/Objects/pipe_elbow_1.hs"/>
    </Properties>
  </Object>
  <Object name="Object23">
    <AbsoluteLocation value="-15.441364 34.569668"/>
    <Properties>
      <Property name="Angle" value="-89.1758"/>
      <Property name="Filename" value="/Objects/pipe_elbow_2.hs"/>
    </Properties>
  </Object>
  <Object name="Object26">
    <AbsoluteLocation value="-8.009098 38.629265"/>
    <Properties>
      <Property name="Angle" value="0"/>
      <Property name="Filename" value="/Objects/pipe_straight_long.hs"/>
    </Properties>
  </Object>
  <Object name="Object27">
    <AbsoluteLocation value="1.288284 38.616859"/>
    <Properties>
      <Property name="Angle" value="0"/>
      <Property name="Filename" value="/Objects/pipe_straight_long.hs"/>
    </Properties>
  </Object>
  <Object name="Object28">
    <AbsoluteLocation value="10.557974 38.622601"/>
    <Properties>
      <Property name="Angle" value="0"/>
      <Property name="Filename" value="/Objects/pipe_straight_long.hs"/>
    </Properties>
  </Object>
  <Object name="Object29">
    <AbsoluteLocation value="15.436829 38.641869"/>
    <Properties>
      <Property name="Angle" value="0.159543"/>
      <Property name="Filename" value="/Objects/pipe_straight_short.hs"/>
    </Properties>
  </Object>
  <Object name="Object30">
    <AbsoluteLocation value="18.324032 39.324200"/>
    <Properties>
      <Property name="Angle" value="-89.1758"/>
      <Property name="Filename" value="/Objects/pipe_elbow_2.hs"/>
    </Properties>
  </Object>
  <Object name="Object31">
    <AbsoluteLocation value="18.999111 41.499584"/>
    <Properties>
      <Property name="Angle" value="90.5726"/>
      <Property name="Filename" value="/Objects/pipe_straight_short.hs"/>
    </Properties>
  </Object>
  <Object name="Object32">
    <AbsoluteLocation value="23.207745 38.736134"/>
    <Properties>
      <Property name="Angle" value="90.5381"/>
      <Property name="Filename" value="/Objects/pipe_elbow_1.hs"/>
    </Properties>
  </Object>
  <Object name="Object33">
    <AbsoluteLocation value="18.372662 43.215103"/>
    <Properties>
      <Property name="Angle" value="-0.701919"/>
      <Property name="Filename" value="/Objects/pipe_elbow_2.hs"/>
    </Properties>
  </Object>
  <Object name="Spout8">
    <AbsoluteLocation value="-21.731079 30.597359"/>
    <Properties>
      <Property name="Angle" value="-180.062"/>
      <Property name="ConnectedSpout0" value="Spout13"/>
      <Property name="ConnectedSpoutProbability0" value="1"/>
      <Property name="Filename" value="/Objects/basic_drain.hs"/>
      <Property name="Type" value="spout"/>
    </Properties>
  </Object>
  <Object name="Spout13">
    <AbsoluteLocation value="14.899048 44.137886"/>
    <Properties>
      <Property name="Angle" value="171.452"/>
      <Property name="Filename" value="/Objects/shower_head.hs"/>
      <Property name="FluidType" value="Water"/>
      <Property name="NumberParticles" value="0"/>
      <Property name="ParticleSpeed" value="40"/>
      <Property name="Type" value="spout"/>
    </Properties>
  </Object>
  <Object name="Object34">
    <AbsoluteLocation value="26.059021 39.448772"/>
    <Properties>
      <Property name="Angle" value="0.159543"/>
      <Property name="Filename" value="/Objects/pipe_straight_short.hs"/>
    </Properties>
  </Object>
  <Object name="Object35">
    <AbsoluteLocation value="28.596142 38.762466"/>
    <Properties>
      <Property name="Angle" value="-0.143836"/>
      <Property name="Filename" value="/Objects/pipe_elbow_1.hs"/>
    </Properties>
  </Object>
  <Object name="Object36">
    <AbsoluteLocation value="29.318550 32.659531"/>
    <Properties>
      <Property name="Angle" value="-89.5157"/>
      <Property name="Filename" value="/Objects/pipe_straight_long.hs"/>
    </Properties>
  </Object>
  <Object name="Object37">
    <AbsoluteLocation value="29.402647 23.390217"/>
    <Properties>
      <Property name="Angle" value="-89.5157"/>
      <Property name="Filename" value="/Objects/pipe_straight_long.hs"/>
    </Properties>
  </Object>
  <Object name="Object38">
    <AbsoluteLocation value="29.480446 16.786983"/>
    <Properties>
      <Property name="Angle" value="-89.5157"/>
      <Property name="Filename" value="/Objects/pipe_straight_long.hs"/>
    </Properties>
  </Object>
  <Object name="Switch7">
    <AbsoluteLocation value="29.319149 20.497705"/>
    <Properties>
      <Property name="Angle" value="-275.681"/>
      <Property name="ConnectedObject0" value="Object18"/>
      <Property name="ConnectedObject1" value="Object19"/>
      <Property name="Filename" value="/Objects/switch_fan1.hs"/>
      <Property name="Type" value="switch"/>
    </Properties>
  </Object>
  <Object name="Object39">
    <AbsoluteLocation value="28.873802 10.231030"/>
    <Properties>
      <Property name="Angle" value="-89.3143"/>
      <Property name="Filename" value="/Objects/pipe_elbow_1.hs"/>
    </Properties>
  </Object>
  <Object name="Object40">
    <AbsoluteLocation value="29.503654 12.332058"/>
    <Properties>
      <Property name="Angle" value="-89.292"/>
      <Property name="Filename" value="/Objects/pipe_straight_short.hs"/>
    </Properties>
  </Object>
  <Object name="Spout17">
    <AbsoluteLocation value="25.704189 9.606579"/>
    <Properties>
      <Property name="Angle" value="-272.667"/>
      <Property name="ConnectedSpout0" value="Spout16"/>
      <Property name="ConnectedSpoutProbability0" value="1"/>
      <Property name="Filename" value="/Objects/basic_drain.hs"/>
      <Property name="Type" value="spout"/>
    </Properties>
  </Object>
  <Object name="Spout16">
    <AbsoluteLocation value="22.532974 35.399185"/>
    <Properties>
      <Property name="Angle" value="270.166"/>
      <Property name="Filename" value="/Objects/shower_head.hs"/>
      <Property name="FluidType" value="Water"/>
      <Property name="NumberParticles" value="0"/>
      <Property name="ParticleSpeed" value="40"/>
      <Property name="Type" value="spout"/>
    </Properties>
  </Object>
  <Object name="Object41">
    <AbsoluteLocation value="-30.617725 35.690411"/>
    <Properties>
      <Property name="Angle" value="70.5759"/>
      <Property name="Filename" value="/Objects/pipe_bend_2.hs"/>
    </Properties>
  </Object>
  <Object name="Object42">
    <AbsoluteLocation value="-31.846638 34.306202"/>
    <Properties>
      <Property name="Angle" value="87.8828"/>
      <Property name="Filename" value="/Objects/pipe_bend_2.hs"/>
    </Properties>
  </Object>
  <Object name="Object43">
    <AbsoluteLocation value="-32.133316 19.676750"/>
    <Properties>
      <Property name="Angle" value="90.3818"/>
      <Property name="Filename" value="/Objects/pipe_straight_long.hs"/>
    </Properties>
  </Object>
  <Object name="Object44">
    <AbsoluteLocation value="-32.083763 15.980330"/>
    <Properties>
      <Property name="Angle" value="90.3818"/>
      <Property name="Filename" value="/Objects/pipe_straight_long.hs"/>
    </Properties>
  </Object>
  <Object name="Object45">
    <AbsoluteLocation value="-32.200829 28.946196"/>
    <Properties>
      <Property name="Angle" value="90.3818"/>
      <Property name="Filename" value="/Objects/pipe_straight_long.hs"/>
    </Properties>
  </Object>
  <Object name="Object46">
    <AbsoluteLocation value="-29.037186 36.512123"/>
    <Properties>
      <Property name="Angle" value="22.171"/>
      <Property name="Filename" value="/Objects/pipe_straight_short.hs"/>
    </Properties>
  </Object>
  <Object name="Object47">
    <AbsoluteLocation value="-31.504488 20.455383"/>
    <Properties>
      <Property name="Angle" value="-90.5271"/>
      <Property name="Filename" value="/Objects/pipe_spout_base.hs"/>
    </Properties>
  </Object>
  <Object name="Object48">
    <AbsoluteLocation value="-33.048145 20.446754"/>
    <Properties>
      <Property name="Angle" value="-270.27"/>
      <Property name="Filename" value="/Objects/pipe_spout_base.hs"/>
    </Properties>
  </Object>
  <Object name="Object49">
    <AbsoluteLocation value="-32.947235 12.772236"/>
    <Properties>
      <Property name="Angle" value="-269.581"/>
      <Property name="Filename" value="/Objects/pipe_spout_base.hs"/>
    </Properties>
  </Object>
  <Object name="Object50">
    <AbsoluteLocation value="-31.403791 12.799423"/>
    <Properties>
      <Property name="Angle" value="-89.8382"/>
      <Property name="Filename" value="/Objects/pipe_spout_base.hs"/>
    </Properties>
  </Object>
  <Object name="Object51">
    <AbsoluteLocation value="-29.950165 20.424637"/>
    <Properties>
      <Property name="Angle" value="-0.573123"/>
      <Property name="Filename" value="/Objects/pipe_straight_short.hs"/>
    </Properties>
  </Object>
  <Object name="Object52">
    <AbsoluteLocation value="-30.863140 12.525448"/>
    <Properties>
      <Property name="Angle" value="-0.573123"/>
      <Property name="Filename" value="/Objects/pipe_straight_short.hs"/>
    </Properties>
  </Object>
  <Object name="Spout15">
    <AbsoluteLocation value="-26.196474 37.717007"/>
    <Properties>
      <Property name="Angle" value="-70.7082"/>
      <Property name="ConnectedSpout0" value="Spout5"/>
      <Property name="ConnectedSpout1" value="Spout6"/>
      <Property name="ConnectedSpoutProbability0" value="0.5"/>
      <Property name="ConnectedSpoutProbability1" value="0.5"/>
      <Property name="Filename" value="/Objects/basic_drain.hs"/>
      <Property name="Type" value="spout"/>
    </Properties>
  </Object>
  <Object name="Spout5">
    <AbsoluteLocation value="-26.483414 20.934937"/>
    <Properties>
      <Property name="Angle" value="12.2474"/>
      <Property name="Filename" value="/Objects/touch_spout.hs"/>
      <Property name="FluidType" value="Water"/>
      <Property name="ParticleSpeed" value="50"/>
      <Property name="Type" value="spout"/>
    </Properties>
  </Object>
  <Object name="Spout6">
    <AbsoluteLocation value="-27.646397 12.400829"/>
    <Properties>
      <Property name="Angle" value="-2.45609"/>
      <Property name="Filename" value="/Objects/touch_spout.hs"/>
      <Property name="FluidType" value="Water"/>
      <Property name="ParticleSpeed" value="50"/>
      <Property name="Type" value="spout"/>
    </Properties>
  </Object>
  <Object name="Object53">
    <AbsoluteLocation value="8.349443 -19.718653"/>
    <Properties>
      <Property name="Angle" value="0"/>
      <Property name="Filename" value="/Objects/pipe_straight_long.hs"/>
    </Properties>
  </Object>
  <Object name="Object54">
    <AbsoluteLocation value="-0.491299 -28.363960"/>
    <Properties>
      <Property name="Angle" value="82.4887"/>
      <Property name="Filename" value="/Objects/pipe_straight_long.hs"/>
    </Properties>
  </Object>
  <Object name="Object55">
    <AbsoluteLocation value="17.619133 -19.712912"/>
    <Properties>
      <Property name="Angle" value="0"/>
      <Property name="Filename" value="/Objects/pipe_straight_long.hs"/>
    </Properties>
  </Object>
  <Object name="Object56">
    <AbsoluteLocation value="22.725628 -19.030457"/>
    <Properties>
      <Property name="Angle" value="-89.1758"/>
      <Property name="Filename" value="/Objects/pipe_elbow_2.hs"/>
    </Properties>
  </Object>
  <Object name="Object60">
    <AbsoluteLocation value="-9.022903 -27.198261"/>
    <Properties>
      <Property name="Angle" value="90.1751"/>
      <Property name="Filename" value="/Objects/pipe_straight_long.hs"/>
    </Properties>
  </Object>
  <Object name="Object61">
    <AbsoluteLocation value="-5.479088 -35.436108"/>
    <Properties>
      <Property name="Angle" value="-3.27336"/>
      <Property name="Filename" value="/Objects/pipe_straight_short.hs"/>
    </Properties>
  </Object>
  <Object name="Object59">
    <AbsoluteLocation value="-8.096807 -33.374321"/>
    <Properties>
      <Property name="Angle" value="-366.91"/>
      <Property name="Filename" value="/Objects/pipe_connector_90.hs"/>
    </Properties>
  </Object>
  <Object name="Object58">
    <AbsoluteLocation value="-2.284039 -33.717880"/>
    <Properties>
      <Property name="Angle" value="-271.167"/>
      <Property name="Filename" value="/Objects/pipe_connector_90.hs"/>
    </Properties>
  </Object>
  <Object name="Object57">
    <AbsoluteLocation value="1.170525 -21.419989"/>
    <Properties>
      <Property name="Angle" value="-84.4748"/>
      <Property name="Filename" value="/Objects/pipe_connector_90.hs"/>
    </Properties>
  </Object>
  <Object name="Spout9">
    <AbsoluteLocation value="23.391197 -15.756304"/>
    <Properties>
      <Property name="Angle" value="-1.41204"/>
      <Property name="ConnectedSpout0" value="Spout14"/>
      <Property name="ConnectedSpoutProbability0" value="1"/>
      <Property name="Filename" value="/Objects/basic_drain.hs"/>
      <Property name="Type" value="spout"/>
    </Properties>
  </Object>
  <Object name="Spout14">
    <AbsoluteLocation value="-9.056946 -21.554722"/>
    <Properties>
      <Property name="Angle" value="93.4075"/>
      <Property name="Filename" value="/Objects/shower_head.hs"/>
      <Property name="FluidType" value="Water"/>
      <Property name="NumberParticles" value="0"/>
      <Property name="ParticleSpeed" value="40"/>
      <Property name="Type" value="spout"/>
    </Properties>
  </Object>
  <Object name="Object62">
    <AbsoluteLocation value="5.844496 -20.753157"/>
    <Properties>
      <Property name="Angle" value="-68.7469"/>
      <Property name="Filename" value="/Objects/pipe_straight_long.hs"/>
    </Properties>
  </Object>
  <Object name="Object63">
    <AbsoluteLocation value="6.240564 -21.802633"/>
    <Properties>
      <Property name="Angle" value="-60.0907"/>
      <Property name="Filename" value="/Objects/pipe_connector_end.hs"/>
    </Properties>
  </Object>
  <Object name="Spout3">
    <AbsoluteLocation value="4.355938 -15.147141"/>
    <Properties>
      <Property name="Angle" value="0"/>
      <Property name="ConnectedSpout0" value="SWAMPY_SPOUT"/>
      <Property name="ConnectedSpoutProbability0" value="1"/>
      <Property name="Filename" value="/Objects/broken_pipe.hs"/>
      <Property name="Type" value="spout"/>
    </Properties>
  </Object>
  <Object name="Object18">
    <AbsoluteLocation value="-0.799320 11.654556"/>
    <Properties>
      <Property name="Angle" value="0"/>
      <Property name="Filename" value="/Objects/wall_8x8.hs"/>
      <Property name="PathPos0" value="0 0"/>
      <Property name="PathPos1" value="0 9"/>
    </Properties>
  </Object>
  <Object name="Object19">
    <AbsoluteLocation value="-2.414249 -8.113262"/>
    <Properties>
      <Property name="Angle" value="0"/>
      <Property name="Filename" value="/Objects/wall_8x8.hs"/>
      <Property name="MotorMoveSpeed" value="10"/>
      <Property name="PathPos0" value="0 0"/>
      <Property name="PathPos1" value="0 9"/>
    </Properties>
  </Object>
  <Object name="Object65">
    <AbsoluteLocation value="-2.446381 0.141994"/>
    <Properties>
      <Property name="Angle" value="0"/>
      <Property name="Filename" value="/Objects/path_vertical_locking_end_top.hs"/>
    </Properties>
  </Object>
  <Object name="Object66">
    <AbsoluteLocation value="-2.414000 -3.890951"/>
    <Properties>
      <Property name="Angle" value="0"/>
      <Property name="Filename" value="/Objects/path_vertical_locking_mid.hs"/>
    </Properties>
  </Object>
  <Object name="Object67">
    <AbsoluteLocation value="-2.410965 -7.979332"/>
    <Properties>
      <Property name="Angle" value="0"/>
      <Property name="Filename" value="/Objects/path_vertical_locking_end_bottom.hs"/>
    </Properties>
  </Object>
  <Object name="Object68">
    <AbsoluteLocation value="-0.848694 11.339092"/>
    <Properties>
      <Property name="Angle" value="0"/>
      <Property name="Filename" value="/Objects/path_vertical_locking_end_bottom.hs"/>
    </Properties>
  </Object>
  <Object name="Object69">
    <AbsoluteLocation value="-0.851728 15.427473"/>
    <Properties>
      <Property name="Angle" value="0"/>
      <Property name="Filename" value="/Objects/path_vertical_locking_mid.hs"/>
    </Properties>
  </Object>
  <Object name="Object70">
    <AbsoluteLocation value="-0.884109 19.460419"/>
    <Properties>
      <Property name="Angle" value="0"/>
      <Property name="Filename" value="/Objects/path_vertical_locking_end_top.hs"/>
    </Properties>
  </Object>
  <Object name="Ducky70">
    <AbsoluteLocation value="-22.069452 24.374750"/>
    <Properties>
      <Property name="Angle" value="0"/>
      <Property name="Filename" value="/Objects/star_baby.hs"/>
      <Property name="StarType" value="baby"/>
      <Property name="Type" value="star"/>
    </Properties>
  </Object>
  <Object name="Ducky71">
    <AbsoluteLocation value="-22.187943 9.155350"/>
    <Properties>
      <Property name="Angle" value="0"/>
      <Property name="Filename" value="/Objects/star_baby.hs"/>
      <Property name="StarType" value="baby"/>
      <Property name="Type" value="star"/>
    </Properties>
  </Object>
  <Object name="Ducky72">
    <AbsoluteLocation value="-21.918137 -5.413528"/>
    <Properties>
      <Property name="Angle" value="0"/>
      <Property name="Filename" value="/Objects/star_baby.hs"/>
      <Property name="StarType" value="baby"/>
      <Property name="Type" value="star"/>
    </Properties>
  </Object>
  <Object name="Ducky73">
    <AbsoluteLocation value="-22.536476 -21.847504"/>
    <Properties>
      <Property name="Angle" value="0"/>
      <Property name="Filename" value="/Objects/star_baby.hs"/>
      <Property name="StarType" value="baby"/>
      <Property name="Type" value="star"/>
    </Properties>
  </Object>
  <Object name="Ducky74">
    <AbsoluteLocation value="-1.242130 33.623833"/>
    <Properties>
      <Property name="Angle" value="0"/>
      <Property name="Filename" value="/Objects/star_baby.hs"/>
      <Property name="StarType" value="baby"/>
      <Property name="Type" value="star"/>
    </Properties>
  </Object>
  <Object name="Ducky75">
    <AbsoluteLocation value="9.993252 27.153206"/>
    <Properties>
      <Property name="Angle" value="0"/>
      <Property name="Filename" value="/Objects/star_baby.hs"/>
      <Property name="StarType" value="baby"/>
      <Property name="Type" value="star"/>
    </Properties>
  </Object>
  <Object name="Ducky76">
    <AbsoluteLocation value="4.875496 10.741287"/>
    <Properties>
      <Property name="Angle" value="0"/>
      <Property name="Filename" value="/Objects/star_baby.hs"/>
      <Property name="StarType" value="baby"/>
      <Property name="Type" value="star"/>
    </Properties>
  </Object>
  <Object name="Ducky77">
    <AbsoluteLocation value="12.993191 10.800163"/>
    <Properties>
      <Property name="Angle" value="0"/>
      <Property name="Filename" value="/Objects/star_baby.hs"/>
      <Property name="StarType" value="baby"/>
      <Property name="Type" value="star"/>
    </Properties>
  </Object>
  <Object name="Ducky78">
    <AbsoluteLocation value="22.816799 -3.552910"/>
    <Properties>
      <Property name="Angle" value="0"/>
      <Property name="Filename" value="/Objects/star_baby.hs"/>
      <Property name="StarType" value="baby"/>
      <Property name="Type" value="star"/>
    </Properties>
  </Object>
  <Object name="Ducky79">
    <AbsoluteLocation value="3.934155 -9.141167"/>
    <Properties>
      <Property name="Angle" value="0"/>
      <Property name="Filename" value="/Objects/star_baby.hs"/>
      <Property name="StarType" value="baby"/>
      <Property name="Type" value="star"/>
    </Properties>
  </Object>
  <Room>
    <AbsoluteLocation value="14.000002 -34.000000"/>
  </Room>
  <Properties>
    <Property name="HeavyIntro" value="1"/>
  </Properties>
</Objects>
