<?xml version="1.0"?>
<Objects>
  <Object name="Object125">
    <AbsoluteLocation value="-29.490780 -19.006216"/>
    <Properties>
      <Property name="Angle" value="-66.1452"/>
      <Property name="Filename" value="/Objects/pipe_straight_long.hs"/>
    </Properties>
  </Object>
  <Object name="Spout13">
    <AbsoluteLocation value="-26.800003 -24.800001"/>
    <Properties>
      <Property name="Angle" value="-65"/>
      <Property name="Filename" value="/Objects/shower_head.hs"/>
      <Property name="FluidType" value="Water"/>
      <Property name="NumberParticles" value="0"/>
      <Property name="Type" value="spout"/>
    </Properties>
  </Object>
  <Object name="Ducky15">
    <AbsoluteLocation value="-18.400002 16.800001"/>
    <Properties>
      <Property name="Angle" value="0"/>
      <Property name="Filename" value="/Objects/star.hs"/>
      <Property name="Type" value="star"/>
    </Properties>
  </Object>
  <Object name="Ducky16">
    <AbsoluteLocation value="19.599998 20.800003"/>
    <Properties>
      <Property name="Angle" value="0"/>
      <Property name="Filename" value="/Objects/star.hs"/>
      <Property name="Type" value="star"/>
    </Properties>
  </Object>
  <Object name="Ducky17">
    <AbsoluteLocation value="-16.800001 -40.400002"/>
    <Properties>
      <Property name="Angle" value="0"/>
      <Property name="Filename" value="/Objects/star.hs"/>
      <Property name="Type" value="star"/>
    </Properties>
  </Object>
  <Object name="Object10">
    <AbsoluteLocation value="-13.090714 39.726471"/>
    <Properties>
      <Property name="Angle" value="0"/>
      <Property name="Filename" value="/Objects/icicle_medium.hs"/>
      <Property name="Type" value="icyhot"/>
    </Properties>
  </Object>
  <Object name="Object11">
    <AbsoluteLocation value="18.114578 39.707710"/>
    <Properties>
      <Property name="Angle" value="0"/>
      <Property name="Filename" value="/Objects/icicle_medium.hs"/>
      <Property name="Type" value="icyhot"/>
    </Properties>
  </Object>
  <Object name="Object36">
    <AbsoluteLocation value="9.810337 8.440036"/>
    <Properties>
      <Property name="Angle" value="646.511"/>
      <Property name="Filename" value="/Objects/pipe_straight_short.hs"/>
    </Properties>
  </Object>
  <Object name="Object37">
    <AbsoluteLocation value="-15.386566 -12.450151"/>
    <Properties>
      <Property name="Angle" value="-85.7938"/>
      <Property name="Filename" value="/Objects/pipe_straight_short.hs"/>
    </Properties>
  </Object>
  <Object name="Object38">
    <AbsoluteLocation value="-15.779610 -15.237961"/>
    <Properties>
      <Property name="Angle" value="-110.001"/>
      <Property name="Filename" value="/Objects/pipe_straight_short.hs"/>
    </Properties>
  </Object>
  <Object name="Object39">
    <AbsoluteLocation value="-28.780270 -9.097105"/>
    <Properties>
      <Property name="Angle" value="-275.741"/>
      <Property name="Filename" value="/Objects/pipe_straight_short.hs"/>
    </Properties>
  </Object>
  <Object name="Object40">
    <AbsoluteLocation value="-28.976727 -12.157705"/>
    <Properties>
      <Property name="Angle" value="-271.236"/>
      <Property name="Filename" value="/Objects/pipe_straight_short.hs"/>
    </Properties>
  </Object>
  <Object name="Object41">
    <AbsoluteLocation value="-27.472771 -17.763624"/>
    <Properties>
      <Property name="Angle" value="-232.243"/>
      <Property name="Filename" value="/Objects/pipe_straight_short.hs"/>
    </Properties>
  </Object>
  <Object name="Object42">
    <AbsoluteLocation value="-28.656849 -15.170170"/>
    <Properties>
      <Property name="Angle" value="-256.872"/>
      <Property name="Filename" value="/Objects/pipe_straight_short.hs"/>
    </Properties>
  </Object>
  <Object name="Object43">
    <AbsoluteLocation value="-20.515091 -6.730371"/>
    <Properties>
      <Property name="Angle" value="-7.20737"/>
      <Property name="Filename" value="/Objects/pipe_straight_short.hs"/>
    </Properties>
  </Object>
  <Object name="Object44">
    <AbsoluteLocation value="-27.662102 -15.868473"/>
    <Properties>
      <Property name="Angle" value="106.452"/>
      <Property name="Filename" value="/Objects/pipe_straight_short.hs"/>
    </Properties>
  </Object>
  <Object name="Object45">
    <AbsoluteLocation value="-17.972843 -7.719248"/>
    <Properties>
      <Property name="Angle" value="-34.0164"/>
      <Property name="Filename" value="/Objects/pipe_straight_short.hs"/>
    </Properties>
  </Object>
  <Object name="Object46">
    <AbsoluteLocation value="-25.321339 -19.236107"/>
    <Properties>
      <Property name="Angle" value="-197.533"/>
      <Property name="Filename" value="/Objects/pipe_straight_short.hs"/>
    </Properties>
  </Object>
  <Object name="Object47">
    <AbsoluteLocation value="-28.070824 -13.019567"/>
    <Properties>
      <Property name="Angle" value="89.3447"/>
      <Property name="Filename" value="/Objects/pipe_straight_short.hs"/>
    </Properties>
  </Object>
  <Object name="Object48">
    <AbsoluteLocation value="-28.425114 -5.964756"/>
    <Properties>
      <Property name="Angle" value="-275.741"/>
      <Property name="Filename" value="/Objects/pipe_straight_short.hs"/>
    </Properties>
  </Object>
  <Object name="Object49">
    <AbsoluteLocation value="-17.321564 -17.562279"/>
    <Properties>
      <Property name="Angle" value="-134.372"/>
      <Property name="Filename" value="/Objects/pipe_straight_short.hs"/>
    </Properties>
  </Object>
  <Object name="Object50">
    <AbsoluteLocation value="-19.660023 -19.060364"/>
    <Properties>
      <Property name="Angle" value="-159.106"/>
      <Property name="Filename" value="/Objects/pipe_straight_short.hs"/>
    </Properties>
  </Object>
  <Object name="Object51">
    <AbsoluteLocation value="-27.490234 -10.315022"/>
    <Properties>
      <Property name="Angle" value="64.0666"/>
      <Property name="Filename" value="/Objects/pipe_straight_short.hs"/>
    </Properties>
  </Object>
  <Object name="Object52">
    <AbsoluteLocation value="-23.273426 -6.912287"/>
    <Properties>
      <Property name="Angle" value="15.6836"/>
      <Property name="Filename" value="/Objects/pipe_straight_short.hs"/>
    </Properties>
  </Object>
  <Object name="Object53">
    <AbsoluteLocation value="-25.738827 -8.140692"/>
    <Properties>
      <Property name="Angle" value="40.0186"/>
      <Property name="Filename" value="/Objects/pipe_straight_short.hs"/>
    </Properties>
  </Object>
  <Object name="Object54">
    <AbsoluteLocation value="-22.495811 -19.627377"/>
    <Properties>
      <Property name="Angle" value="-177.519"/>
      <Property name="Filename" value="/Objects/pipe_straight_short.hs"/>
    </Properties>
  </Object>
  <Object name="Object55">
    <AbsoluteLocation value="-16.153740 -9.758165"/>
    <Properties>
      <Property name="Angle" value="-61.7044"/>
      <Property name="Filename" value="/Objects/pipe_straight_short.hs"/>
    </Properties>
  </Object>
  <Object name="Object56">
    <AbsoluteLocation value="-26.460217 -18.350880"/>
    <Properties>
      <Property name="Angle" value="123.653"/>
      <Property name="Filename" value="/Objects/pipe_straight_short.hs"/>
    </Properties>
  </Object>
  <Object name="Object57">
    <AbsoluteLocation value="-24.509884 -20.493572"/>
    <Properties>
      <Property name="Angle" value="139.371"/>
      <Property name="Filename" value="/Objects/pipe_straight_short.hs"/>
    </Properties>
  </Object>
  <Object name="Object58">
    <AbsoluteLocation value="-21.996365 -21.802773"/>
    <Properties>
      <Property name="Angle" value="163.35"/>
      <Property name="Filename" value="/Objects/pipe_straight_short.hs"/>
    </Properties>
  </Object>
  <Object name="Object59">
    <AbsoluteLocation value="-19.177361 -22.066610"/>
    <Properties>
      <Property name="Angle" value="185.284"/>
      <Property name="Filename" value="/Objects/pipe_straight_short.hs"/>
    </Properties>
  </Object>
  <Object name="Object60">
    <AbsoluteLocation value="27.346807 3.747738"/>
    <Properties>
      <Property name="Angle" value="311.374"/>
      <Property name="Filename" value="/Objects/pipe_straight_short.hs"/>
    </Properties>
  </Object>
  <Object name="Object61">
    <AbsoluteLocation value="25.157045 5.672344"/>
    <Properties>
      <Property name="Angle" value="324.433"/>
      <Property name="Filename" value="/Objects/pipe_straight_short.hs"/>
    </Properties>
  </Object>
  <Object name="Object62">
    <AbsoluteLocation value="22.600374 6.965887"/>
    <Properties>
      <Property name="Angle" value="339.191"/>
      <Property name="Filename" value="/Objects/pipe_straight_short.hs"/>
    </Properties>
  </Object>
  <Object name="Object63">
    <AbsoluteLocation value="19.651768 7.790963"/>
    <Properties>
      <Property name="Angle" value="349.367"/>
      <Property name="Filename" value="/Objects/pipe_straight_short.hs"/>
    </Properties>
  </Object>
  <Object name="Object64">
    <AbsoluteLocation value="16.720329 8.012952"/>
    <Properties>
      <Property name="Angle" value="363.242"/>
      <Property name="Filename" value="/Objects/pipe_straight_short.hs"/>
    </Properties>
  </Object>
  <Object name="Object65">
    <AbsoluteLocation value="13.836408 7.436540"/>
    <Properties>
      <Property name="Angle" value="377.723"/>
      <Property name="Filename" value="/Objects/pipe_straight_short.hs"/>
    </Properties>
  </Object>
  <Object name="Object66">
    <AbsoluteLocation value="11.002247 7.156723"/>
    <Properties>
      <Property name="Angle" value="200.929"/>
      <Property name="Filename" value="/Objects/pipe_elbow_2.hs"/>
    </Properties>
  </Object>
  <Object name="Spout12">
    <AbsoluteLocation value="9.599998 11.200001"/>
    <Properties>
      <Property name="Angle" value="0"/>
      <Property name="ConnectedSpout0" value="Spout14"/>
      <Property name="ConnectedSpoutProbability0" value="1"/>
      <Property name="Filename" value="/Objects/basic_drain.hs"/>
      <Property name="Type" value="spout"/>
    </Properties>
  </Object>
  <Object name="Object67">
    <AbsoluteLocation value="31.362385 -3.859337"/>
    <Properties>
      <Property name="Angle" value="277.942"/>
      <Property name="Filename" value="/Objects/pipe_straight_short.hs"/>
    </Properties>
  </Object>
  <Object name="Object68">
    <AbsoluteLocation value="30.595282 -1.046738"/>
    <Properties>
      <Property name="Angle" value="291.001"/>
      <Property name="Filename" value="/Objects/pipe_straight_short.hs"/>
    </Properties>
  </Object>
  <Object name="Object69">
    <AbsoluteLocation value="29.174299 1.441359"/>
    <Properties>
      <Property name="Angle" value="305.759"/>
      <Property name="Filename" value="/Objects/pipe_straight_short.hs"/>
    </Properties>
  </Object>
  <Object name="Object70">
    <AbsoluteLocation value="30.838949 -12.508921"/>
    <Properties>
      <Property name="Angle" value="255.419"/>
      <Property name="Filename" value="/Objects/pipe_straight_short.hs"/>
    </Properties>
  </Object>
  <Object name="Object71">
    <AbsoluteLocation value="31.465696 -9.796086"/>
    <Properties>
      <Property name="Angle" value="259.961"/>
      <Property name="Filename" value="/Objects/pipe_straight_short.hs"/>
    </Properties>
  </Object>
  <Object name="Object72">
    <AbsoluteLocation value="31.607347 -6.764344"/>
    <Properties>
      <Property name="Angle" value="272.704"/>
      <Property name="Filename" value="/Objects/pipe_straight_short.hs"/>
    </Properties>
  </Object>
  <Object name="Object73">
    <AbsoluteLocation value="29.181934 -18.574781"/>
    <Properties>
      <Property name="Angle" value="-105.604"/>
      <Property name="Filename" value="/Objects/pipe_straight_long.hs"/>
    </Properties>
  </Object>
  <Object name="Spout14">
    <AbsoluteLocation value="27.600000 -25.200001"/>
    <Properties>
      <Property name="Angle" value="-95"/>
      <Property name="Filename" value="/Objects/shower_head.hs"/>
      <Property name="FluidType" value="Water"/>
      <Property name="NumberParticles" value="0"/>
      <Property name="Type" value="spout"/>
    </Properties>
  </Object>
  <Object name="Object74">
    <AbsoluteLocation value="-11.371639 -8.439278"/>
    <Properties>
      <Property name="Angle" value="-13.0645"/>
      <Property name="Filename" value="/Objects/pipe_straight_short.hs"/>
    </Properties>
  </Object>
  <Object name="Object76">
    <AbsoluteLocation value="-16.766148 -9.472443"/>
    <Properties>
      <Property name="Angle" value="35.2319"/>
      <Property name="Filename" value="/Objects/pipe_straight_short.hs"/>
    </Properties>
  </Object>
  <Object name="Object77">
    <AbsoluteLocation value="-6.991659 -18.665792"/>
    <Properties>
      <Property name="Angle" value="220.589"/>
      <Property name="Filename" value="/Objects/pipe_straight_short.hs"/>
    </Properties>
  </Object>
  <Object name="Object78">
    <AbsoluteLocation value="-5.100182 -16.470966"/>
    <Properties>
      <Property name="Angle" value="236.307"/>
      <Property name="Filename" value="/Objects/pipe_straight_short.hs"/>
    </Properties>
  </Object>
  <Object name="Object79">
    <AbsoluteLocation value="-4.104107 -13.817741"/>
    <Properties>
      <Property name="Angle" value="260.287"/>
      <Property name="Filename" value="/Objects/pipe_straight_short.hs"/>
    </Properties>
  </Object>
  <Object name="Object80">
    <AbsoluteLocation value="-14.186516 -8.385782"/>
    <Properties>
      <Property name="Angle" value="11.1425"/>
      <Property name="Filename" value="/Objects/pipe_straight_short.hs"/>
    </Properties>
  </Object>
  <Object name="Object81">
    <AbsoluteLocation value="-18.570461 -11.524462"/>
    <Properties>
      <Property name="Angle" value="62.9199"/>
      <Property name="Filename" value="/Objects/pipe_straight_short.hs"/>
    </Properties>
  </Object>
  <Object name="Object83">
    <AbsoluteLocation value="-12.089447 -20.908440"/>
    <Properties>
      <Property name="Angle" value="186.281"/>
      <Property name="Filename" value="/Objects/pipe_straight_short.hs"/>
    </Properties>
  </Object>
  <Object name="Object84">
    <AbsoluteLocation value="-19.049839 -22.112114"/>
    <Properties>
      <Property name="Angle" value="-178.805"/>
      <Property name="Filename" value="/Objects/pipe_straight_short.hs"/>
    </Properties>
  </Object>
  <Object name="Object85">
    <AbsoluteLocation value="-8.878117 -9.689255"/>
    <Properties>
      <Property name="Angle" value="-37.4355"/>
      <Property name="Filename" value="/Objects/pipe_straight_short.hs"/>
    </Properties>
  </Object>
  <Object name="Object86">
    <AbsoluteLocation value="-7.108593 -11.829683"/>
    <Properties>
      <Property name="Angle" value="-62.1695"/>
      <Property name="Filename" value="/Objects/pipe_straight_short.hs"/>
    </Properties>
  </Object>
  <Object name="Object87">
    <AbsoluteLocation value="-14.844318 -20.658722"/>
    <Properties>
      <Property name="Angle" value="161.003"/>
      <Property name="Filename" value="/Objects/pipe_straight_short.hs"/>
    </Properties>
  </Object>
  <Object name="Object88">
    <AbsoluteLocation value="-18.731388 -16.883701"/>
    <Properties>
      <Property name="Angle" value="112.62"/>
      <Property name="Filename" value="/Objects/pipe_straight_short.hs"/>
    </Properties>
  </Object>
  <Object name="Object89">
    <AbsoluteLocation value="-17.214245 -19.182713"/>
    <Properties>
      <Property name="Angle" value="136.955"/>
      <Property name="Filename" value="/Objects/pipe_straight_short.hs"/>
    </Properties>
  </Object>
  <Object name="Object90">
    <AbsoluteLocation value="-15.897526 -22.086393"/>
    <Properties>
      <Property name="Angle" value="-178.805"/>
      <Property name="Filename" value="/Objects/pipe_straight_short.hs"/>
    </Properties>
  </Object>
  <Object name="Object91">
    <AbsoluteLocation value="-12.835598 -21.911795"/>
    <Properties>
      <Property name="Angle" value="-174.3"/>
      <Property name="Filename" value="/Objects/pipe_straight_short.hs"/>
    </Properties>
  </Object>
  <Object name="Object92">
    <AbsoluteLocation value="-4.182634 -10.987501"/>
    <Properties>
      <Property name="Angle" value="282.221"/>
      <Property name="Filename" value="/Objects/pipe_straight_short.hs"/>
    </Properties>
  </Object>
  <Object name="Object95">
    <AbsoluteLocation value="-19.245075 -14.167521"/>
    <Properties>
      <Property name="Angle" value="89.7289"/>
      <Property name="Filename" value="/Objects/pipe_straight_short.hs"/>
    </Properties>
  </Object>
  <Object name="Object96">
    <AbsoluteLocation value="-9.310751 -20.158663"/>
    <Properties>
      <Property name="Angle" value="203.388"/>
      <Property name="Filename" value="/Objects/pipe_straight_short.hs"/>
    </Properties>
  </Object>
  <Object name="Object93">
    <AbsoluteLocation value="-7.452335 -19.741850"/>
    <Properties>
      <Property name="Angle" value="-135.307"/>
      <Property name="Filename" value="/Objects/pipe_straight_short.hs"/>
    </Properties>
  </Object>
  <Object name="Object94">
    <AbsoluteLocation value="-9.883816 -21.230459"/>
    <Properties>
      <Property name="Angle" value="-159.936"/>
      <Property name="Filename" value="/Objects/pipe_straight_short.hs"/>
    </Properties>
  </Object>
  <Object name="Object97">
    <AbsoluteLocation value="-27.722206 -0.267393"/>
    <Properties>
      <Property name="Angle" value="-277.236"/>
      <Property name="Filename" value="/Objects/pipe_straight_long.hs"/>
    </Properties>
  </Object>
  <Object name="Spout11">
    <AbsoluteLocation value="-27.205635 5.572975"/>
    <Properties>
      <Property name="Angle" value="-1.82569"/>
      <Property name="ConnectedSpout0" value="Spout13"/>
      <Property name="ConnectedSpoutProbability0" value="1"/>
      <Property name="Filename" value="/Objects/basic_drain.hs"/>
      <Property name="Type" value="spout"/>
    </Properties>
  </Object>
  <Object name="Object98">
    <AbsoluteLocation value="-17.126408 -11.540504"/>
    <Properties>
      <Property name="Angle" value="137.795"/>
      <Property name="Filename" value="/Objects/pipe_straight_short.hs"/>
    </Properties>
  </Object>
  <Object name="Object99">
    <AbsoluteLocation value="-4.292635 -11.020260"/>
    <Properties>
      <Property name="Angle" value="-76.2417"/>
      <Property name="Filename" value="/Objects/pipe_straight_short.hs"/>
    </Properties>
  </Object>
  <Object name="Object100">
    <AbsoluteLocation value="-18.630508 -3.794165"/>
    <Properties>
      <Property name="Angle" value="65.1273"/>
      <Property name="Filename" value="/Objects/pipe_straight_short.hs"/>
    </Properties>
  </Object>
  <Object name="Object101">
    <AbsoluteLocation value="-16.926216 -1.601440"/>
    <Properties>
      <Property name="Angle" value="40.3933"/>
      <Property name="Filename" value="/Objects/pipe_straight_short.hs"/>
    </Properties>
  </Object>
  <Object name="Object102">
    <AbsoluteLocation value="-6.625969 -7.231556"/>
    <Properties>
      <Property name="Angle" value="263.566"/>
      <Property name="Filename" value="/Objects/pipe_straight_short.hs"/>
    </Properties>
  </Object>
  <Object name="Object103">
    <AbsoluteLocation value="-18.748146 -9.258987"/>
    <Properties>
      <Property name="Angle" value="113.705"/>
      <Property name="Filename" value="/Objects/pipe_straight_short.hs"/>
    </Properties>
  </Object>
  <Object name="Object104">
    <AbsoluteLocation value="-14.731068 -12.855269"/>
    <Properties>
      <Property name="Angle" value="165.483"/>
      <Property name="Filename" value="/Objects/pipe_straight_short.hs"/>
    </Properties>
  </Object>
  <Object name="Object106">
    <AbsoluteLocation value="-6.981436 -4.488321"/>
    <Properties>
      <Property name="Angle" value="288.844"/>
      <Property name="Filename" value="/Objects/pipe_straight_short.hs"/>
    </Properties>
  </Object>
  <Object name="Object110">
    <AbsoluteLocation value="-12.004551 -12.938848"/>
    <Properties>
      <Property name="Angle" value="192.292"/>
      <Property name="Filename" value="/Objects/pipe_straight_short.hs"/>
    </Properties>
  </Object>
  <Object name="Object111">
    <AbsoluteLocation value="-8.317665 -1.939238"/>
    <Properties>
      <Property name="Angle" value="305.951"/>
      <Property name="Filename" value="/Objects/pipe_straight_short.hs"/>
    </Properties>
  </Object>
  <Object name="Object112">
    <AbsoluteLocation value="-10.279211 -0.000383"/>
    <Properties>
      <Property name="Angle" value="323.152"/>
      <Property name="Filename" value="/Objects/pipe_straight_short.hs"/>
    </Properties>
  </Object>
  <Object name="Object113">
    <AbsoluteLocation value="-12.832909 1.368416"/>
    <Properties>
      <Property name="Angle" value="338.87"/>
      <Property name="Filename" value="/Objects/pipe_straight_short.hs"/>
    </Properties>
  </Object>
  <Object name="Object115">
    <AbsoluteLocation value="-9.465126 -11.846668"/>
    <Properties>
      <Property name="Angle" value="215.183"/>
      <Property name="Filename" value="/Objects/pipe_straight_short.hs"/>
    </Properties>
  </Object>
  <Object name="Object116">
    <AbsoluteLocation value="-7.551153 -9.865786"/>
    <Properties>
      <Property name="Angle" value="239.518"/>
      <Property name="Filename" value="/Objects/pipe_straight_short.hs"/>
    </Properties>
  </Object>
  <Object name="Object117">
    <AbsoluteLocation value="-5.003395 -7.949015"/>
    <Properties>
      <Property name="Angle" value="-76.2417"/>
      <Property name="Filename" value="/Objects/pipe_straight_short.hs"/>
    </Properties>
  </Object>
  <Object name="Object118">
    <AbsoluteLocation value="-5.839802 -4.998371"/>
    <Properties>
      <Property name="Angle" value="-71.7367"/>
      <Property name="Filename" value="/Objects/pipe_straight_short.hs"/>
    </Properties>
  </Object>
  <Object name="Object119">
    <AbsoluteLocation value="-14.442333 -0.120377"/>
    <Properties>
      <Property name="Angle" value="21.9803"/>
      <Property name="Filename" value="/Objects/pipe_straight_short.hs"/>
    </Properties>
  </Object>
  <Object name="Object120">
    <AbsoluteLocation value="-19.308201 -6.499861"/>
    <Properties>
      <Property name="Angle" value="89.4982"/>
      <Property name="Filename" value="/Objects/pipe_straight_short.hs"/>
    </Properties>
  </Object>
  <Object name="Object109">
    <AbsoluteLocation value="-7.146873 -2.265455"/>
    <Properties>
      <Property name="Angle" value="-57.3727"/>
      <Property name="Filename" value="/Objects/pipe_straight_short.hs"/>
    </Properties>
  </Object>
  <Object name="Object108">
    <AbsoluteLocation value="-9.128721 -0.215975"/>
    <Properties>
      <Property name="Angle" value="-32.7437"/>
      <Property name="Filename" value="/Objects/pipe_straight_short.hs"/>
    </Properties>
  </Object>
  <Object name="Object105">
    <AbsoluteLocation value="-11.648264 0.453928"/>
    <Properties>
      <Property name="Angle" value="1.96627"/>
      <Property name="Filename" value="/Objects/pipe_straight_short.hs"/>
    </Properties>
  </Object>
  <Object name="Object122">
    <AbsoluteLocation value="-21.955753 -2.721748"/>
    <Properties>
      <Property name="Angle" value="-310.37"/>
      <Property name="Filename" value="/Objects/pipe_straight_long.hs"/>
    </Properties>
  </Object>
  <Object name="Object123">
    <AbsoluteLocation value="-27.698833 -9.509430"/>
    <Properties>
      <Property name="Angle" value="-310.37"/>
      <Property name="Filename" value="/Objects/pipe_straight_long.hs"/>
    </Properties>
  </Object>
  <Object name="Object124">
    <AbsoluteLocation value="-30.686771 -13.644266"/>
    <Properties>
      <Property name="Angle" value="-57.6554"/>
      <Property name="Filename" value="/Objects/pipe_connector_90.hs"/>
    </Properties>
  </Object>
  <Object name="Object121">
    <AbsoluteLocation value="-16.663454 2.058474"/>
    <Properties>
      <Property name="Angle" value="-121.009"/>
      <Property name="Filename" value="/Objects/pipe_connector_90.hs"/>
    </Properties>
  </Object>
  <Object name="Object126">
    <AbsoluteLocation value="-17.934139 -48.992428"/>
    <Properties>
      <Property name="Angle" value="-359.539"/>
      <Property name="Filename" value="/Objects/pipe_straight_long.hs"/>
    </Properties>
  </Object>
  <Object name="Object127">
    <AbsoluteLocation value="-8.843571 -48.801838"/>
    <Properties>
      <Property name="Angle" value="-359.539"/>
      <Property name="Filename" value="/Objects/pipe_straight_long.hs"/>
    </Properties>
  </Object>
  <Object name="Object128">
    <AbsoluteLocation value="10.099033 -48.623257"/>
    <Properties>
      <Property name="Angle" value="-359.539"/>
      <Property name="Filename" value="/Objects/pipe_straight_long.hs"/>
    </Properties>
  </Object>
  <Object name="Object129">
    <AbsoluteLocation value="0.616734 -48.668121"/>
    <Properties>
      <Property name="Angle" value="-359.539"/>
      <Property name="Filename" value="/Objects/pipe_straight_long.hs"/>
    </Properties>
  </Object>
  <Object name="Object130">
    <AbsoluteLocation value="19.525909 -48.623253"/>
    <Properties>
      <Property name="Angle" value="-359.539"/>
      <Property name="Filename" value="/Objects/pipe_straight_long.hs"/>
    </Properties>
  </Object>
  <Object name="Object131">
    <AbsoluteLocation value="28.907917 -48.478104"/>
    <Properties>
      <Property name="Angle" value="-359.539"/>
      <Property name="Filename" value="/Objects/pipe_straight_long.hs"/>
    </Properties>
  </Object>
  <Object name="Object132">
    <AbsoluteLocation value="25.288927 -43.066792"/>
    <Properties>
      <Property name="Angle" value="-93.2181"/>
      <Property name="Filename" value="/Objects/pipe_elbow_2.hs"/>
    </Properties>
  </Object>
  <Object name="Object133">
    <AbsoluteLocation value="20.242132 -43.522587"/>
    <Properties>
      <Property name="Angle" value="-2.83033"/>
      <Property name="Filename" value="/Objects/pipe_straight_short.hs"/>
    </Properties>
  </Object>
  <Object name="Object135">
    <AbsoluteLocation value="17.114532 -25.369303"/>
    <Properties>
      <Property name="Angle" value="-271.606"/>
      <Property name="Filename" value="/Objects/pipe_straight_long.hs"/>
    </Properties>
  </Object>
  <Object name="Object136">
    <AbsoluteLocation value="16.858200 -34.653919"/>
    <Properties>
      <Property name="Angle" value="-271.606"/>
      <Property name="Filename" value="/Objects/pipe_straight_long.hs"/>
    </Properties>
  </Object>
  <Object name="Object137">
    <AbsoluteLocation value="17.907082 -41.835854"/>
    <Properties>
      <Property name="Angle" value="-4.38844"/>
      <Property name="Filename" value="/Objects/pipe_connector_90.hs"/>
    </Properties>
  </Object>
  <Object name="Object138">
    <AbsoluteLocation value="17.205038 -21.597948"/>
    <Properties>
      <Property name="Angle" value="86.9704"/>
      <Property name="Filename" value="/Objects/pipe_connector_end.hs"/>
    </Properties>
  </Object>
  <Object name="Object82">
    <AbsoluteLocation value="-6.250446 -17.428337"/>
    <Properties>
      <Property name="Angle" value="-100.597"/>
      <Property name="Filename" value="/Objects/pipe_straight_short.hs"/>
    </Properties>
  </Object>
  <Object name="Object75">
    <AbsoluteLocation value="-6.203266 -14.576241"/>
    <Properties>
      <Property name="Angle" value="-80.5825"/>
      <Property name="Filename" value="/Objects/pipe_straight_short.hs"/>
    </Properties>
  </Object>
  <Object name="Spout2">
    <AbsoluteLocation value="26.271912 -40.438808"/>
    <Properties>
      <Property name="Angle" value="0"/>
      <Property name="ConnectedSpout0" value="SWAMPY_SPOUT"/>
      <Property name="ConnectedSpoutProbability0" value="1"/>
      <Property name="Filename" value="/Objects/broken_pipe.hs"/>
      <Property name="Type" value="spout"/>
    </Properties>
  </Object>
  <Object name="Ducky113">
    <AbsoluteLocation value="-27.937500 28.968750"/>
    <Properties>
      <Property name="Angle" value="0"/>
      <Property name="Filename" value="/Objects/star_teleport.hs"/>
      <Property name="StarType" value="teleport"/>
      <Property name="Type" value="star"/>
    </Properties>
  </Object>
  <Object name="Ducky114">
    <AbsoluteLocation value="-9.921875 43.625000"/>
    <Properties>
      <Property name="Angle" value="0"/>
      <Property name="CutsRock" value="1"/>
      <Property name="Filename" value="/Objects/star_teleport.hs"/>
      <Property name="StarType" value="teleport"/>
      <Property name="TeleportMoveTime" value="4.5"/>
      <Property name="TeleportWaitTime" value="1"/>
      <Property name="Type" value="star"/>
    </Properties>
  </Object>
  <Object name="Ducky115">
    <AbsoluteLocation value="-19.750000 -27.593750"/>
    <Properties>
      <Property name="Angle" value="0"/>
      <Property name="Filename" value="/Objects/star_teleport.hs"/>
      <Property name="StarType" value="teleport"/>
      <Property name="TeleportWaitTime" value="9999"/>
      <Property name="Type" value="star"/>
    </Properties>
  </Object>
  <Object name="Object134">
    <AbsoluteLocation value="23.023382 -43.631962"/>
    <Properties>
      <Property name="Angle" value="-2.83033"/>
      <Property name="Filename" value="/Objects/pipe_straight_short.hs"/>
    </Properties>
  </Object>
  <Room>
    <AbsoluteLocation value="17.200003 -6.800003"/>
  </Room>
  <Properties>
    <Property name="HeavyIntro" value="1"/>
  </Properties>
</Objects>
