<?xml version="1.0"?>
<Objects>
  <Object name="Object34">
    <AbsoluteLocation value="8.371965 -22.915791"/>
    <Properties>
      <Property name="Angle" value="102.235"/>
      <Property name="Filename" value="/Objects/pipe_straight.hs"/>
    </Properties>
  </Object>
  <Object name="SwampyDrain">
    <AbsoluteLocation value="7.998932 -19.004396"/>
    <Properties>
      <Property name="Angle" value="0"/>
      <Property name="ConnectedSpout0" value="SWAMPY_SPOUT"/>
      <Property name="ConnectedSpoutProbability0" value="1"/>
      <Property name="Filename" value="/Objects/broken_pipe.hs"/>
      <Property name="Type" value="spout"/>
    </Properties>
  </Object>
  <Object name="Ducky1">
    <AbsoluteLocation value="5.134377 3.728125"/>
    <Properties>
      <Property name="Angle" value="0"/>
      <Property name="Filename" value="/Objects/star.hs"/>
      <Property name="Type" value="star"/>
    </Properties>
  </Object>
  <Object name="Ducky2">
    <AbsoluteLocation value="-26.562500 19.806250"/>
    <Properties>
      <Property name="Angle" value="0"/>
      <Property name="Filename" value="/Objects/star.hs"/>
      <Property name="Type" value="star"/>
    </Properties>
  </Object>
  <Object name="Ducky3">
    <AbsoluteLocation value="-6.071877 -6.281250"/>
    <Properties>
      <Property name="Angle" value="0"/>
      <Property name="Filename" value="/Objects/star.hs"/>
      <Property name="Type" value="star"/>
    </Properties>
  </Object>
  <Object name="SwitchRed">
    <AbsoluteLocation value="-15.937500 23.506250"/>
    <Properties>
      <Property name="Angle" value="180"/>
      <Property name="ConnectedObject0" value="PlatformRed"/>
      <Property name="Filename" value="/Objects/switch_fan1.hs"/>
      <Property name="Type" value="switch"/>
    </Properties>
  </Object>
  <Object name="SwitchBlue">
    <AbsoluteLocation value="20.506250 20.178123"/>
    <Properties>
      <Property name="Angle" value="44.4669"/>
      <Property name="ConnectedObject0" value="Object19"/>
      <Property name="Filename" value="/Objects/switch_fan3.hs"/>
      <Property name="Type" value="switch"/>
    </Properties>
  </Object>
  <Object name="SwitchPurple">
    <AbsoluteLocation value="-9.287500 -35.243752"/>
    <Properties>
      <Property name="Angle" value="132.381"/>
      <Property name="ConnectedObject0" value="Object13"/>
      <Property name="Filename" value="/Objects/switch_fan2.hs"/>
      <Property name="Type" value="switch"/>
    </Properties>
  </Object>
  <Object name="PlatformRed">
    <AbsoluteLocation value="-1.662500 22.787500"/>
    <Properties>
      <Property name="Angle" value="-90"/>
      <Property name="Filename" value="/Objects/wall_16x8.hs"/>
      <Property name="MotorMoveSpeed" value="10"/>
      <Property name="PathPos0" value="0 0"/>
      <Property name="PathPos1" value="0 7"/>
    </Properties>
  </Object>
  <Object name="Object12">
    <AbsoluteLocation value="-11.531250 39.468750"/>
    <Properties>
      <Property name="Angle" value="0"/>
      <Property name="Filename" value="/Objects/icicle_large.hs"/>
      <Property name="Type" value="icyhot"/>
    </Properties>
  </Object>
  <Object name="Object13">
    <AbsoluteLocation value="-9.093750 9.937500"/>
    <Properties>
      <Property name="Angle" value="0"/>
      <Property name="Filename" value="/Objects/wall_8x8_green.hs"/>
      <Property name="MotorMoveSpeed" value="10"/>
      <Property name="PathPos0" value="0 0"/>
      <Property name="PathPos1" value="-8.5 0"/>
    </Properties>
  </Object>
  <Object name="Object14">
    <AbsoluteLocation value="-15.137499 9.931251"/>
    <Properties>
      <Property name="Angle" value="-90"/>
      <Property name="Filename" value="/Objects/path_vertical_locking_end_bottom.hs"/>
    </Properties>
  </Object>
  <Object name="Object15">
    <AbsoluteLocation value="-10.337500 9.931251"/>
    <Properties>
      <Property name="Angle" value="-90"/>
      <Property name="Filename" value="/Objects/path_vertical_locking_end_top.hs"/>
    </Properties>
  </Object>
  <Object name="Object20">
    <AbsoluteLocation value="-1.913394 18.156332"/>
    <Properties>
      <Property name="Angle" value="-0.469002"/>
      <Property name="Filename" value="/Objects/path_vertical_locking_end_bottom.hs"/>
    </Properties>
  </Object>
  <Object name="Object21">
    <AbsoluteLocation value="-1.874104 27.456171"/>
    <Properties>
      <Property name="Angle" value="-0.469002"/>
      <Property name="Filename" value="/Objects/path_vertical_locking_end_top.hs"/>
    </Properties>
  </Object>
  <Object name="Object22">
    <AbsoluteLocation value="-1.875000 22.968750"/>
    <Properties>
      <Property name="Angle" value="0"/>
      <Property name="Filename" value="/Objects/path_vertical_locking_mid.hs"/>
    </Properties>
  </Object>
  <Object name="Object23">
    <AbsoluteLocation value="12.109375 42.406250"/>
    <Properties>
      <Property name="Angle" value="0"/>
      <Property name="Filename" value="/Objects/icicle_large.hs"/>
      <Property name="ParticlesPerSecond" value="8"/>
      <Property name="Type" value="icyhot"/>
    </Properties>
  </Object>
  <Object name="Object36">
    <AbsoluteLocation value="0.438396 -14.512579"/>
    <Properties>
      <Property name="Angle" value="-0.469002"/>
      <Property name="Filename" value="/Objects/path_vertical_locking_end_top.hs"/>
    </Properties>
  </Object>
  <Object name="Object37">
    <AbsoluteLocation value="0.437500 -19.000000"/>
    <Properties>
      <Property name="Angle" value="0"/>
      <Property name="Filename" value="/Objects/path_vertical_locking_mid.hs"/>
    </Properties>
  </Object>
  <Object name="Object38">
    <AbsoluteLocation value="0.399106 -23.812418"/>
    <Properties>
      <Property name="Angle" value="-0.469002"/>
      <Property name="Filename" value="/Objects/path_vertical_locking_end_bottom.hs"/>
    </Properties>
  </Object>
  <Object name="Object35">
    <AbsoluteLocation value="17.465658 16.142204"/>
    <Properties>
      <Property name="Angle" value="-13.997"/>
      <Property name="Filename" value="/Objects/pipe_bend_1.hs"/>
    </Properties>
  </Object>
  <Object name="Object39">
    <AbsoluteLocation value="17.532080 14.655433"/>
    <Properties>
      <Property name="Angle" value="-84.2431"/>
      <Property name="Filename" value="/Objects/pipe_bend_1.hs"/>
    </Properties>
  </Object>
  <Object name="Object40">
    <AbsoluteLocation value="15.920090 13.303071"/>
    <Properties>
      <Property name="Angle" value="32.6044"/>
      <Property name="Filename" value="/Objects/pipe_straight_short.hs"/>
    </Properties>
  </Object>
  <Object name="Object41">
    <AbsoluteLocation value="13.522465 11.626018"/>
    <Properties>
      <Property name="Angle" value="36.6048"/>
      <Property name="Filename" value="/Objects/pipe_straight_short.hs"/>
    </Properties>
  </Object>
  <Object name="Object43">
    <AbsoluteLocation value="11.940668 10.172015"/>
    <Properties>
      <Property name="Angle" value="90.8734"/>
      <Property name="Filename" value="/Objects/pipe_bend_2.hs"/>
    </Properties>
  </Object>
  <Object name="Object44">
    <AbsoluteLocation value="11.600000 4.300655"/>
    <Properties>
      <Property name="Angle" value="90"/>
      <Property name="Filename" value="/Objects/pipe_straight_long.hs"/>
    </Properties>
  </Object>
  <Object name="Object45">
    <AbsoluteLocation value="11.727507 -3.976128"/>
    <Properties>
      <Property name="Angle" value="141.736"/>
      <Property name="Filename" value="/Objects/pipe_bend_2.hs"/>
    </Properties>
  </Object>
  <Object name="Object46">
    <AbsoluteLocation value="11.583300 -1.881089"/>
    <Properties>
      <Property name="Angle" value="89.6015"/>
      <Property name="Filename" value="/Objects/pipe_straight_short.hs"/>
    </Properties>
  </Object>
  <Object name="Object50">
    <AbsoluteLocation value="26.223581 -16.299612"/>
    <Properties>
      <Property name="Angle" value="269.996"/>
      <Property name="Filename" value="/Objects/pipe_bend_2.hs"/>
    </Properties>
  </Object>
  <Object name="Spout15">
    <AbsoluteLocation value="26.588879 -12.844173"/>
    <Properties>
      <Property name="Angle" value="0.194959"/>
      <Property name="ConnectedSpout0" value="Spout16"/>
      <Property name="ConnectedSpoutProbability0" value="1"/>
      <Property name="Filename" value="/Objects/basic_drain.hs"/>
      <Property name="Type" value="spout"/>
    </Properties>
  </Object>
  <Object name="Object51">
    <AbsoluteLocation value="24.757763 -16.789713"/>
    <Properties>
      <Property name="Angle" value="198.009"/>
      <Property name="Filename" value="/Objects/pipe_bend_2.hs"/>
    </Properties>
  </Object>
  <Object name="Object52">
    <AbsoluteLocation value="23.164438 -15.393135"/>
    <Properties>
      <Property name="Angle" value="129.8"/>
      <Property name="Filename" value="/Objects/pipe_straight_short.hs"/>
    </Properties>
  </Object>
  <Object name="Object53">
    <AbsoluteLocation value="21.525278 -13.240294"/>
    <Properties>
      <Property name="Angle" value="125.523"/>
      <Property name="Filename" value="/Objects/pipe_straight_short.hs"/>
    </Properties>
  </Object>
  <Object name="Object54">
    <AbsoluteLocation value="19.628572 -10.954276"/>
    <Properties>
      <Property name="Angle" value="133.488"/>
      <Property name="Filename" value="/Objects/pipe_straight_short.hs"/>
    </Properties>
  </Object>
  <Object name="Object55">
    <AbsoluteLocation value="17.429056 -8.754763"/>
    <Properties>
      <Property name="Angle" value="136.704"/>
      <Property name="Filename" value="/Objects/pipe_straight_short.hs"/>
    </Properties>
  </Object>
  <Object name="Object56">
    <AbsoluteLocation value="15.114202 -6.872432"/>
    <Properties>
      <Property name="Angle" value="144.477"/>
      <Property name="Filename" value="/Objects/pipe_straight_short.hs"/>
    </Properties>
  </Object>
  <Object name="Object57">
    <AbsoluteLocation value="13.606731 -5.826317"/>
    <Properties>
      <Property name="Angle" value="144.477"/>
      <Property name="Filename" value="/Objects/pipe_straight_short.hs"/>
    </Properties>
  </Object>
  <Object name="Spout16">
    <AbsoluteLocation value="14.497681 17.338840"/>
    <Properties>
      <Property name="Angle" value="180.624"/>
      <Property name="Filename" value="/Objects/shower_head.hs"/>
      <Property name="FluidType" value="Water"/>
      <Property name="NumberParticles" value="0"/>
      <Property name="ParticleSpeed" value="15"/>
      <Property name="Type" value="spout"/>
    </Properties>
  </Object>
  <Object name="Object47">
    <AbsoluteLocation value="12.187500 -4.031250"/>
    <Properties>
      <Property name="Angle" value="-19.2631"/>
      <Property name="Filename" value="/Objects/pipe_connector_90.hs"/>
    </Properties>
  </Object>
  <Object name="Object48">
    <AbsoluteLocation value="8.410549 -22.928022"/>
    <Properties>
      <Property name="Angle" value="-68.9014"/>
      <Property name="Filename" value="/Objects/pipe_connector_end.hs"/>
    </Properties>
  </Object>
  <Object name="Ducky43">
    <AbsoluteLocation value="-26.584122 18.464672"/>
    <Properties>
      <Property name="Angle" value="0"/>
      <Property name="CutsRock" value="1"/>
      <Property name="Filename" value="/Objects/star_teleport.hs"/>
      <Property name="StarType" value="teleport"/>
      <Property name="TeleportMoveTime" value="2"/>
      <Property name="TeleportWaitTime" value="2"/>
      <Property name="Type" value="star"/>
    </Properties>
  </Object>
  <Object name="Ducky44">
    <AbsoluteLocation value="-26.584122 3.368305"/>
    <Properties>
      <Property name="Angle" value="0"/>
      <Property name="CutsRock" value="1"/>
      <Property name="Filename" value="/Objects/star_teleport.hs"/>
      <Property name="StarType" value="teleport"/>
      <Property name="TeleportMoveTime" value="2"/>
      <Property name="TeleportWaitTime" value="2"/>
      <Property name="Type" value="star"/>
    </Properties>
  </Object>
  <Object name="Ducky45">
    <AbsoluteLocation value="-12.270666 3.368305"/>
    <Properties>
      <Property name="Angle" value="0"/>
      <Property name="CutsRock" value="1"/>
      <Property name="Filename" value="/Objects/star_teleport.hs"/>
      <Property name="StarType" value="teleport"/>
      <Property name="TeleportMoveTime" value="2"/>
      <Property name="TeleportWaitTime" value="2"/>
      <Property name="Type" value="star"/>
    </Properties>
  </Object>
  <Object name="Ducky46">
    <AbsoluteLocation value="-7.824253 -9.605938"/>
    <Properties>
      <Property name="Angle" value="0"/>
      <Property name="CutsRock" value="1"/>
      <Property name="Filename" value="/Objects/star_teleport.hs"/>
      <Property name="StarType" value="teleport"/>
      <Property name="TeleportMoveTime" value="2"/>
      <Property name="TeleportWaitTime" value="2"/>
      <Property name="Type" value="star"/>
    </Properties>
  </Object>
  <Object name="Object19">
    <AbsoluteLocation value="0.424999 -11.812500"/>
    <Properties>
      <Property name="Angle" value="269.933"/>
      <Property name="Filename" value="/Objects/wall_16x8_blue.hs"/>
      <Property name="MotorMoveSpeed" value="10"/>
      <Property name="PathPos0" value="0 0"/>
      <Property name="PathPos1" value="0 -8"/>
    </Properties>
  </Object>
  <Object name="Ducky48">
    <AbsoluteLocation value="12.490631 -9.605938"/>
    <Properties>
      <Property name="Angle" value="0"/>
      <Property name="CutsRock" value="1"/>
      <Property name="Filename" value="/Objects/star_teleport.hs"/>
      <Property name="StarType" value="teleport"/>
      <Property name="TeleportMoveTime" value="2"/>
      <Property name="TeleportWaitTime" value="2"/>
      <Property name="Type" value="star"/>
    </Properties>
  </Object>
  <Object name="Ducky49">
    <AbsoluteLocation value="12.293575 -15.572144"/>
    <Properties>
      <Property name="Angle" value="0"/>
      <Property name="CutsRock" value="1"/>
      <Property name="Filename" value="/Objects/star_teleport.hs"/>
      <Property name="StarType" value="teleport"/>
      <Property name="TeleportMoveTime" value="2"/>
      <Property name="TeleportWaitTime" value="2"/>
      <Property name="Type" value="star"/>
    </Properties>
  </Object>
  <Object name="Ducky50">
    <AbsoluteLocation value="7.282883 -16.823002"/>
    <Properties>
      <Property name="Angle" value="0"/>
      <Property name="CutsRock" value="1"/>
      <Property name="Filename" value="/Objects/star_teleport.hs"/>
      <Property name="StarType" value="teleport"/>
      <Property name="TeleportMoveTime" value="2"/>
      <Property name="TeleportWaitTime" value="2"/>
      <Property name="Type" value="star"/>
    </Properties>
  </Object>
  <Object name="Ducky47">
    <AbsoluteLocation value="6.132671 -10.754826"/>
    <Properties>
      <Property name="Angle" value="0"/>
      <Property name="CutsRock" value="1"/>
      <Property name="Filename" value="/Objects/star_teleport.hs"/>
      <Property name="StarType" value="teleport"/>
      <Property name="TeleportMoveTime" value="2"/>
      <Property name="TeleportWaitTime" value="999"/>
      <Property name="Type" value="star"/>
    </Properties>
  </Object>
  <Room>
    <AbsoluteLocation value="18.000002 -33.200005"/>
  </Room>
  <Properties>
    <Property name="ShowTopEdge" value="1"/>
  </Properties>
</Objects>
