<?xml version="1.0"?>
<Objects>
  <Object name="Object75">
    <AbsoluteLocation value="-24.562500 -36.140625"/>
    <Properties>
      <Property name="Angle" value="-108.744"/>
      <Property name="Filename" value="/Objects/pipe_bend_1.hs"/>
    </Properties>
  </Object>
  <Object name="Object76">
    <AbsoluteLocation value="-24.031250 -34.796875"/>
    <Properties>
      <Property name="Angle" value="-52.1727"/>
      <Property name="Filename" value="/Objects/pipe_bend_1.hs"/>
    </Properties>
  </Object>
  <Object name="Object77">
    <AbsoluteLocation value="-24.765579 -32.967503"/>
    <Properties>
      <Property name="Angle" value="133.854"/>
      <Property name="Filename" value="/Objects/pipe_bend_2.hs"/>
    </Properties>
  </Object>
  <Object name="Object71">
    <AbsoluteLocation value="-27.000000 -38.671875"/>
    <Properties>
      <Property name="Angle" value="-113.364"/>
      <Property name="Filename" value="/Objects/pipe_elbow_2.hs"/>
    </Properties>
  </Object>
  <Object name="Object63">
    <AbsoluteLocation value="-12.868179 -10.845236"/>
    <Properties>
      <Property name="Angle" value="-180.181"/>
      <Property name="Filename" value="/Objects/pipe_elbow_2.hs"/>
    </Properties>
  </Object>
  <Object name="Object53">
    <AbsoluteLocation value="-30.159676 -32.179665"/>
    <Properties>
      <Property name="Angle" value="89.6855"/>
      <Property name="Filename" value="/Objects/pipe_straight_short.hs"/>
    </Properties>
  </Object>
  <Object name="Object47">
    <AbsoluteLocation value="-22.783272 40.535774"/>
    <Properties>
      <Property name="Angle" value="-15.0625"/>
      <Property name="Filename" value="/Objects/pipe_straight_long.hs"/>
    </Properties>
  </Object>
  <Object name="MainDrain">
    <AbsoluteLocation value="-13.537357 -7.641246"/>
    <Properties>
      <Property name="Angle" value="0"/>
      <Property name="ConnectedSpout0" value="MainSpout"/>
      <Property name="ConnectedSpoutProbability0" value="1"/>
      <Property name="Filename" value="/Objects/basic_drain.hs"/>
      <Property name="Type" value="spout"/>
    </Properties>
  </Object>
  <Object name="Object6">
    <AbsoluteLocation value="24.609375 32.531250"/>
    <Properties>
      <Property name="Angle" value="0"/>
      <Property name="Filename" value="/Objects/icicle_large.hs"/>
      <Property name="Type" value="icyhot"/>
    </Properties>
  </Object>
  <Object name="Ducky1">
    <AbsoluteLocation value="-26.604866 -10.030537"/>
    <Properties>
      <Property name="Angle" value="0"/>
      <Property name="Filename" value="/Objects/star.hs"/>
      <Property name="Type" value="star"/>
    </Properties>
  </Object>
  <Object name="Ducky2">
    <AbsoluteLocation value="-3.485476 -21.911442"/>
    <Properties>
      <Property name="Angle" value="-0.639855"/>
      <Property name="Filename" value="/Objects/star.hs"/>
      <Property name="Type" value="star"/>
    </Properties>
  </Object>
  <Object name="Ducky3">
    <AbsoluteLocation value="24.990625 -4.025000"/>
    <Properties>
      <Property name="Angle" value="0"/>
      <Property name="Filename" value="/Objects/star.hs"/>
      <Property name="Type" value="star"/>
    </Properties>
  </Object>
  <Object name="Object23">
    <AbsoluteLocation value="4.296272 -13.509605"/>
    <Properties>
      <Property name="Angle" value="99.0599"/>
      <Property name="Filename" value="/Objects/pipe_straight.hs"/>
      <Property name="Parent" value="MainMotor"/>
    </Properties>
  </Object>
  <Object name="MainSpout">
    <AbsoluteLocation value="4.990843 -17.208504"/>
    <Properties>
      <Property name="Angle" value="-78.7198"/>
      <Property name="Filename" value="/Objects/shower_head.hs"/>
      <Property name="FluidType" value="Water"/>
      <Property name="NumberParticles" value="0"/>
      <Property name="Parent" value="MainMotor"/>
      <Property name="ParticleSpeed" value="25"/>
      <Property name="Type" value="spout"/>
    </Properties>
  </Object>
  <Object name="Object26">
    <AbsoluteLocation value="-14.539345 38.978439"/>
    <Properties>
      <Property name="Angle" value="-0.64254"/>
      <Property name="Filename" value="/Objects/pipe_bend_2.hs"/>
    </Properties>
  </Object>
  <Object name="Object28">
    <AbsoluteLocation value="-12.594666 37.917816"/>
    <Properties>
      <Property name="Angle" value="-25.7564"/>
      <Property name="Filename" value="/Objects/pipe_straight_short.hs"/>
    </Properties>
  </Object>
  <Object name="Object29">
    <AbsoluteLocation value="-17.075199 39.379745"/>
    <Properties>
      <Property name="Angle" value="-2.31263"/>
      <Property name="Filename" value="/Objects/pipe_straight_short.hs"/>
    </Properties>
  </Object>
  <Object name="Object35">
    <AbsoluteLocation value="8.496250 -11.249027"/>
    <Properties>
      <Property name="Angle" value="-58.6623"/>
      <Property name="Filename" value="/Objects/path_stopper.hs"/>
    </Properties>
  </Object>
  <Object name="Object36">
    <AbsoluteLocation value="-4.542589 -10.554588"/>
    <Properties>
      <Property name="Angle" value="-120"/>
      <Property name="Filename" value="/Objects/path_stopper.hs"/>
    </Properties>
  </Object>
  <Object name="Object37">
    <AbsoluteLocation value="-30.609257 -16.527473"/>
    <Properties>
      <Property name="Angle" value="91.8411"/>
      <Property name="Filename" value="/Objects/pipe_straight_long.hs"/>
    </Properties>
  </Object>
  <Object name="Object38">
    <AbsoluteLocation value="-30.300102 -25.834332"/>
    <Properties>
      <Property name="Angle" value="91.8411"/>
      <Property name="Filename" value="/Objects/pipe_straight_long.hs"/>
    </Properties>
  </Object>
  <Object name="Object39">
    <AbsoluteLocation value="-30.616642 2.255997"/>
    <Properties>
      <Property name="Angle" value="89.2397"/>
      <Property name="Filename" value="/Objects/pipe_straight_long.hs"/>
    </Properties>
  </Object>
  <Object name="Object40">
    <AbsoluteLocation value="-30.730221 -7.055304"/>
    <Properties>
      <Property name="Angle" value="89.2397"/>
      <Property name="Filename" value="/Objects/pipe_straight_long.hs"/>
    </Properties>
  </Object>
  <Object name="Object41">
    <AbsoluteLocation value="-30.450516 11.633419"/>
    <Properties>
      <Property name="Angle" value="88.4514"/>
      <Property name="Filename" value="/Objects/pipe_straight_long.hs"/>
    </Properties>
  </Object>
  <Object name="Object42">
    <AbsoluteLocation value="-30.208843 20.942272"/>
    <Properties>
      <Property name="Angle" value="88.4514"/>
      <Property name="Filename" value="/Objects/pipe_straight_long.hs"/>
    </Properties>
  </Object>
  <Object name="Object43">
    <AbsoluteLocation value="-30.301117 30.419674"/>
    <Properties>
      <Property name="Angle" value="92.9834"/>
      <Property name="Filename" value="/Objects/pipe_straight_long.hs"/>
    </Properties>
  </Object>
  <Object name="Object46">
    <AbsoluteLocation value="-30.543724 36.494019"/>
    <Properties>
      <Property name="Angle" value="91.179"/>
      <Property name="Filename" value="/Objects/pipe_straight_short.hs"/>
    </Properties>
  </Object>
  <Object name="Object45">
    <AbsoluteLocation value="-29.250000 40.546875"/>
    <Properties>
      <Property name="Angle" value="-95.8658"/>
      <Property name="Filename" value="/Objects/pipe_connector_90.hs"/>
    </Properties>
  </Object>
  <Object name="Object48">
    <AbsoluteLocation value="-10.607845 36.945496"/>
    <Properties>
      <Property name="Angle" value="-22.5002"/>
      <Property name="Filename" value="/Objects/pipe_connector_end.hs"/>
    </Properties>
  </Object>
  <Object name="SwampyDrain">
    <AbsoluteLocation value="-24.750000 -30.703125"/>
    <Properties>
      <Property name="Angle" value="-1.00829"/>
      <Property name="ConnectedSpout0" value="SWAMPY_SPOUT"/>
      <Property name="ConnectedSpoutProbability0" value="1"/>
      <Property name="Filename" value="/Objects/broken_pipe.hs"/>
      <Property name="Type" value="spout"/>
    </Properties>
  </Object>
  <Object name="Object60">
    <AbsoluteLocation value="-8.176287 -6.581456"/>
    <Properties>
      <Property name="Angle" value="92.2072"/>
      <Property name="Filename" value="/Objects/pipe_bend_2.hs"/>
    </Properties>
  </Object>
  <Object name="Object61">
    <AbsoluteLocation value="-25.443899 35.635426"/>
    <Properties>
      <Property name="Angle" value="-0.94066"/>
      <Property name="Filename" value="/Objects/icicle_medium.hs"/>
      <Property name="Type" value="icyhot"/>
    </Properties>
  </Object>
  <Object name="Object70">
    <AbsoluteLocation value="-3.563869 -4.087551"/>
    <Properties>
      <Property name="Angle" value="385.257"/>
      <Property name="Filename" value="/Objects/pipe_straight_long.hs"/>
    </Properties>
  </Object>
  <Object name="Object67">
    <AbsoluteLocation value="-1.447292 -3.340996"/>
    <Properties>
      <Property name="Angle" value="1.37644"/>
      <Property name="Filename" value="/Objects/pipe_connector_end.hs"/>
    </Properties>
  </Object>
  <Object name="Object57">
    <AbsoluteLocation value="-9.565129 -10.388382"/>
    <Properties>
      <Property name="Angle" value="95.0037"/>
      <Property name="Filename" value="/Objects/pipe_connector_90.hs"/>
    </Properties>
  </Object>
  <Object name="Object62">
    <AbsoluteLocation value="-29.861595 -36.225441"/>
    <Properties>
      <Property name="Angle" value="-24.8249"/>
      <Property name="Filename" value="/Objects/pipe_connector_90.hs"/>
    </Properties>
  </Object>
  <Object name="Object72">
    <AbsoluteLocation value="-25.296829 -36.842503"/>
    <Properties>
      <Property name="Angle" value="75.8679"/>
      <Property name="Filename" value="/Objects/pipe_bend_2.hs"/>
    </Properties>
  </Object>
  <Object name="Switch29">
    <AbsoluteLocation value="29.690626 7.668751"/>
    <Properties>
      <Property name="Angle" value="20"/>
      <Property name="ConnectedObject0" value="MainMotor"/>
      <Property name="Filename" value="/Objects/switch_fan1.hs"/>
      <Property name="Type" value="switch"/>
    </Properties>
  </Object>
  <Object name="Object78">
    <AbsoluteLocation value="4.347641 -13.412897"/>
    <Properties>
      <Property name="Angle" value="-170.117"/>
      <Property name="Filename" value="/Objects/pipe_spout_base.hs"/>
      <Property name="Parent" value="MainMotor"/>
    </Properties>
  </Object>
  <Object name="MainMotor">
    <AbsoluteLocation value="2.329611 -3.735849"/>
    <Properties>
      <Property name="Angle" value="-78.3608"/>
      <Property name="DegreesPerSecond" value="-80"/>
      <Property name="Filename" value="/Objects/wall_16x8.hs"/>
      <Property name="MaxRelativeAngle" value="30"/>
      <Property name="SwitchBehavior" value="Gravity"/>
    </Properties>
  </Object>
  <Object name="Ducky49">
    <AbsoluteLocation value="16.890625 16.437500"/>
    <Properties>
      <Property name="Angle" value="0"/>
      <Property name="Filename" value="/Objects/star_teleport.hs"/>
      <Property name="StarType" value="teleport"/>
      <Property name="TeleportWaitTime" value="0.75"/>
      <Property name="Type" value="star"/>
    </Properties>
  </Object>
  <Object name="Ducky50">
    <AbsoluteLocation value="-2.781250 6.859375"/>
    <Properties>
      <Property name="Angle" value="0"/>
      <Property name="CutsRock" value="1"/>
      <Property name="Filename" value="/Objects/star_teleport.hs"/>
      <Property name="StarType" value="teleport"/>
      <Property name="TeleportMoveTime" value="1"/>
      <Property name="TeleportWaitTime" value="0.5"/>
      <Property name="Type" value="star"/>
    </Properties>
  </Object>
  <Object name="Ducky51">
    <AbsoluteLocation value="-28.078125 15.281250"/>
    <Properties>
      <Property name="Angle" value="0"/>
      <Property name="CutsRock" value="1"/>
      <Property name="Filename" value="/Objects/star_teleport.hs"/>
      <Property name="StarType" value="teleport"/>
      <Property name="TeleportMoveTime" value="0.5"/>
      <Property name="TeleportWaitTime" value="0.5"/>
      <Property name="Type" value="star"/>
    </Properties>
  </Object>
  <Object name="Ducky52">
    <AbsoluteLocation value="-26.421875 -20.875000"/>
    <Properties>
      <Property name="Angle" value="0"/>
      <Property name="CutsRock" value="1"/>
      <Property name="Filename" value="/Objects/star_teleport.hs"/>
      <Property name="StarType" value="teleport"/>
      <Property name="TeleportMoveTime" value="0.5"/>
      <Property name="TeleportWaitTime" value="9999"/>
      <Property name="Type" value="star"/>
    </Properties>
  </Object>
  <Room>
    <AbsoluteLocation value="2.800001 33.199997"/>
  </Room>
  <Properties>
    <Property name="ShowTopEdge" value="1"/>
  </Properties>
</Objects>
