<?xml version="1.0"?>
<Objects>
  <Object name="Object78">
    <AbsoluteLocation value="-21.480169 -29.356197"/>
    <Properties>
      <Property name="Angle" value="-50.1326"/>
      <Property name="Filename" value="/Objects/path_locking_mid.hs"/>
    </Properties>
  </Object>
  <Object name="Object72">
    <AbsoluteLocation value="-16.055296 -35.849846"/>
    <Properties>
      <Property name="Angle" value="-50.1326"/>
      <Property name="Filename" value="/Objects/path_locking_end_right.hs"/>
    </Properties>
  </Object>
  <Object name="Object69">
    <AbsoluteLocation value="-13.031250 9.375000"/>
    <Properties>
      <Property name="Angle" value="446.439"/>
      <Property name="Filename" value="/Objects/pipe_straight_short.hs"/>
    </Properties>
  </Object>
  <Object name="Object68">
    <AbsoluteLocation value="-12.125000 11.281250"/>
    <Properties>
      <Property name="Angle" value="50.4717"/>
      <Property name="Filename" value="/Objects/pipe_bend_2.hs"/>
    </Properties>
  </Object>
  <Object name="Object33">
    <AbsoluteLocation value="-4.156250 -16.187500"/>
    <Properties>
      <Property name="Angle" value="371.325"/>
      <Property name="Filename" value="/Objects/pipe_straight_short.hs"/>
    </Properties>
  </Object>
  <Object name="Object64">
    <AbsoluteLocation value="-2.411980 -15.458664"/>
    <Properties>
      <Property name="Angle" value="-104.207"/>
      <Property name="Filename" value="/Objects/pipe_bend_1.hs"/>
    </Properties>
  </Object>
  <Object name="Object52">
    <AbsoluteLocation value="-5.753540 -43.536278"/>
    <Properties>
      <Property name="Angle" value="-15.383"/>
      <Property name="Filename" value="/Objects/pipe_straight.hs"/>
    </Properties>
  </Object>
  <Object name="Object62">
    <AbsoluteLocation value="28.181772 3.447586"/>
    <Properties>
      <Property name="Angle" value="-46.7784"/>
      <Property name="Filename" value="/Objects/pipe_bend_1.hs"/>
    </Properties>
  </Object>
  <Object name="Object43">
    <AbsoluteLocation value="-13.093750 8.312500"/>
    <Properties>
      <Property name="Angle" value="274.887"/>
      <Property name="Filename" value="/Objects/pipe_straight_short.hs"/>
    </Properties>
  </Object>
  <Object name="Object28">
    <AbsoluteLocation value="-21.758060 29.524689"/>
    <Properties>
      <Property name="Angle" value="89.7024"/>
      <Property name="Filename" value="/Objects/pipe_straight.hs"/>
    </Properties>
  </Object>
  <Object name="Object26">
    <AbsoluteLocation value="-17.250000 35.250000"/>
    <Properties>
      <Property name="Angle" value="6.92177"/>
      <Property name="Filename" value="/Objects/pipe_elbow_2.hs"/>
    </Properties>
  </Object>
  <Object name="Object24">
    <AbsoluteLocation value="-11.062500 20.718750"/>
    <Properties>
      <Property name="Angle" value="-138.31"/>
      <Property name="Filename" value="/Objects/pipe_elbow_1.hs"/>
    </Properties>
  </Object>
  <Object name="Spout2">
    <AbsoluteLocation value="-9.618763 -42.147102"/>
    <Properties>
      <Property name="Angle" value="62.9674"/>
      <Property name="ConnectedSpout0" value="SWAMPY_SPOUT"/>
      <Property name="ConnectedSpoutProbability0" value="1"/>
      <Property name="Filename" value="/Objects/broken_pipe.hs"/>
      <Property name="Type" value="spout"/>
    </Properties>
  </Object>
  <Object name="Spout6">
    <AbsoluteLocation value="-1.875957 -12.502277"/>
    <Properties>
      <Property name="Angle" value="359.754"/>
      <Property name="ConnectedSpout0" value="Spout19"/>
      <Property name="ConnectedSpoutProbability0" value="1"/>
      <Property name="Filename" value="/Objects/basic_drain.hs"/>
      <Property name="Type" value="spout"/>
    </Properties>
  </Object>
  <Object name="Ducky20">
    <AbsoluteLocation value="-2.243595 -7.876133"/>
    <Properties>
      <Property name="Angle" value="0"/>
      <Property name="Filename" value="/Objects/star.hs"/>
      <Property name="Type" value="star"/>
    </Properties>
  </Object>
  <Object name="Ducky21">
    <AbsoluteLocation value="22.918941 -7.648170"/>
    <Properties>
      <Property name="Angle" value="0"/>
      <Property name="Filename" value="/Objects/star.hs"/>
      <Property name="Type" value="star"/>
    </Properties>
  </Object>
  <Object name="FluidConverter34">
    <AbsoluteLocation value="-5.486446 176.104156"/>
    <Properties>
      <Property name="Angle" value="0"/>
      <Property name="Filename" value="/Objects/converter_dynamic_all_horiz.hs"/>
      <Property name="FluidType0" value="steam"/>
      <Property name="Type" value="fluidconverter"/>
    </Properties>
  </Object>
  <Object name="Switch31">
    <AbsoluteLocation value="22.594652 -37.963497"/>
    <Properties>
      <Property name="Angle" value="1.07819"/>
      <Property name="ConnectedObject0" value="Object35"/>
      <Property name="Filename" value="/Objects/switch_fan1.hs"/>
      <Property name="Type" value="switch"/>
    </Properties>
  </Object>
  <Object name="Ducky15">
    <AbsoluteLocation value="-23.031506 -33.295029"/>
    <Properties>
      <Property name="Angle" value="0"/>
      <Property name="Filename" value="/Objects/star.hs"/>
      <Property name="Type" value="star"/>
    </Properties>
  </Object>
  <Object name="Spout19">
    <AbsoluteLocation value="-13.166515 5.393639"/>
    <Properties>
      <Property name="Angle" value="-92.9823"/>
      <Property name="Filename" value="/Objects/touch_spout_generic.hs"/>
      <Property name="FluidType" value="Water"/>
      <Property name="Type" value="spout"/>
    </Properties>
  </Object>
  <Object name="Spout21">
    <AbsoluteLocation value="-8.563457 22.216473"/>
    <Properties>
      <Property name="Angle" value="313.531"/>
      <Property name="ConnectedSpout0" value="Spout22"/>
      <Property name="ConnectedSpoutProbability0" value="1"/>
      <Property name="Filename" value="/Objects/basic_drain.hs"/>
      <Property name="Type" value="spout"/>
    </Properties>
  </Object>
  <Object name="Spout22">
    <AbsoluteLocation value="-21.822765 25.299889"/>
    <Properties>
      <Property name="Angle" value="-89.2304"/>
      <Property name="ConnectedConverter" value="FluidConverter23"/>
      <Property name="Filename" value="/Objects/touch_spout_generic.hs"/>
      <Property name="FluidType" value="Water"/>
      <Property name="ParticlesPerSecond" value="8"/>
      <Property name="Type" value="spout"/>
    </Properties>
  </Object>
  <Object name="Object27">
    <AbsoluteLocation value="-15.937500 31.687500"/>
    <Properties>
      <Property name="Angle" value="100.593"/>
      <Property name="Filename" value="/Objects/pipe_straight.hs"/>
    </Properties>
  </Object>
  <Object name="Object29">
    <AbsoluteLocation value="-13.437500 24.031250"/>
    <Properties>
      <Property name="Angle" value="110.233"/>
      <Property name="Filename" value="/Objects/pipe_straight.hs"/>
    </Properties>
  </Object>
  <Object name="Object30">
    <AbsoluteLocation value="-14.812500 27.468750"/>
    <Properties>
      <Property name="Angle" value="113.785"/>
      <Property name="Filename" value="/Objects/pipe_straight_short.hs"/>
    </Properties>
  </Object>
  <Object name="Object34">
    <AbsoluteLocation value="-8.500000 -10.437500"/>
    <Properties>
      <Property name="Angle" value="92.6678"/>
      <Property name="Filename" value="/Objects/pipe_straight.hs"/>
    </Properties>
  </Object>
  <Object name="Object37">
    <AbsoluteLocation value="-8.531250 -4.312500"/>
    <Properties>
      <Property name="Angle" value="88.2112"/>
      <Property name="Filename" value="/Objects/pipe_straight.hs"/>
    </Properties>
  </Object>
  <Object name="Object38">
    <AbsoluteLocation value="-8.468750 1.718750"/>
    <Properties>
      <Property name="Angle" value="91.2078"/>
      <Property name="Filename" value="/Objects/pipe_straight.hs"/>
    </Properties>
  </Object>
  <Object name="Object44">
    <AbsoluteLocation value="28.706062 -37.404339"/>
    <Properties>
      <Property name="Angle" value="86.0244"/>
      <Property name="Filename" value="/Objects/pipe_straight.hs"/>
    </Properties>
  </Object>
  <Object name="Object47">
    <AbsoluteLocation value="23.510361 -42.698547"/>
    <Properties>
      <Property name="Angle" value="3.73011"/>
      <Property name="Filename" value="/Objects/pipe_straight.hs"/>
    </Properties>
  </Object>
  <Object name="Object48">
    <AbsoluteLocation value="17.931896 -43.265858"/>
    <Properties>
      <Property name="Angle" value="7.38907"/>
      <Property name="Filename" value="/Objects/pipe_straight.hs"/>
    </Properties>
  </Object>
  <Object name="Object49">
    <AbsoluteLocation value="11.904047 -43.897602"/>
    <Properties>
      <Property name="Angle" value="3.95135"/>
      <Property name="Filename" value="/Objects/pipe_straight.hs"/>
    </Properties>
  </Object>
  <Object name="Object53">
    <AbsoluteLocation value="0.142641 -44.293301"/>
    <Properties>
      <Property name="Angle" value="0.507737"/>
      <Property name="Filename" value="/Objects/pipe_straight.hs"/>
    </Properties>
  </Object>
  <Object name="Object55">
    <AbsoluteLocation value="28.600723 -18.892929"/>
    <Properties>
      <Property name="Angle" value="91.0224"/>
      <Property name="Filename" value="/Objects/pipe_straight.hs"/>
    </Properties>
  </Object>
  <Object name="Object56">
    <AbsoluteLocation value="29.039824 -25.069901"/>
    <Properties>
      <Property name="Angle" value="96.5519"/>
      <Property name="Filename" value="/Objects/pipe_straight.hs"/>
    </Properties>
  </Object>
  <Object name="Object57">
    <AbsoluteLocation value="29.125675 -31.190197"/>
    <Properties>
      <Property name="Angle" value="85.33"/>
      <Property name="Filename" value="/Objects/pipe_straight.hs"/>
    </Properties>
  </Object>
  <Object name="Object58">
    <AbsoluteLocation value="28.264000 -0.589775"/>
    <Properties>
      <Property name="Angle" value="91.0224"/>
      <Property name="Filename" value="/Objects/pipe_straight.hs"/>
    </Properties>
  </Object>
  <Object name="Object59">
    <AbsoluteLocation value="28.703102 -6.766748"/>
    <Properties>
      <Property name="Angle" value="96.5519"/>
      <Property name="Filename" value="/Objects/pipe_straight.hs"/>
    </Properties>
  </Object>
  <Object name="Object60">
    <AbsoluteLocation value="28.788952 -12.887045"/>
    <Properties>
      <Property name="Angle" value="85.33"/>
      <Property name="Filename" value="/Objects/pipe_straight.hs"/>
    </Properties>
  </Object>
  <Object name="Object61">
    <AbsoluteLocation value="26.787827 5.693386"/>
    <Properties>
      <Property name="Angle" value="124.914"/>
      <Property name="Filename" value="/Objects/pipe_connector_end.hs"/>
    </Properties>
  </Object>
  <Object name="Object54">
    <AbsoluteLocation value="27.221573 -41.369362"/>
    <Properties>
      <Property name="Angle" value="84.213"/>
      <Property name="Filename" value="/Objects/pipe_connector_90.hs"/>
    </Properties>
  </Object>
  <Object name="Object63">
    <AbsoluteLocation value="-6.900612 -15.130638"/>
    <Properties>
      <Property name="Angle" value="-0.965062"/>
      <Property name="Filename" value="/Objects/pipe_connector_90.hs"/>
    </Properties>
  </Object>
  <Object name="Object66">
    <AbsoluteLocation value="-9.906250 11.125000"/>
    <Properties>
      <Property name="Angle" value="347.787"/>
      <Property name="Filename" value="/Objects/pipe_straight_short.hs"/>
    </Properties>
  </Object>
  <Object name="Object67">
    <AbsoluteLocation value="-8.156250 4.781250"/>
    <Properties>
      <Property name="Angle" value="89.6195"/>
      <Property name="Filename" value="/Objects/pipe_bend_2.hs"/>
    </Properties>
  </Object>
  <Object name="Object65">
    <AbsoluteLocation value="-7.153431 8.346569"/>
    <Properties>
      <Property name="Angle" value="144.177"/>
      <Property name="Filename" value="/Objects/pipe_connector_90.hs"/>
    </Properties>
  </Object>
  <Object name="Object70">
    <AbsoluteLocation value="5.793846 -44.183651"/>
    <Properties>
      <Property name="Angle" value="1.17375"/>
      <Property name="Filename" value="/Objects/pipe_straight.hs"/>
    </Properties>
  </Object>
  <Object name="Object73">
    <AbsoluteLocation value="-18.346485 35.848427"/>
    <Properties>
      <Property name="Angle" value="-88.8218"/>
      <Property name="Filename" value="/Objects/pipe_spout_base.hs"/>
    </Properties>
  </Object>
  <Object name="Object74">
    <AbsoluteLocation value="-21.728424 32.228493"/>
    <Properties>
      <Property name="Angle" value="-180.648"/>
      <Property name="Filename" value="/Objects/pipe_spout_base.hs"/>
    </Properties>
  </Object>
  <Object name="FluidConverter23">
    <AbsoluteLocation value="-21.656250 35.625000"/>
    <Properties>
      <Property name="Angle" value="0"/>
      <Property name="Filename" value="/Objects/converter_static_mud.hs"/>
      <Property name="FluidType" value="wetmud"/>
      <Property name="Type" value="fluidconverter"/>
    </Properties>
  </Object>
  <Object name="Object35">
    <AbsoluteLocation value="-15.431133 -36.379951"/>
    <Properties>
      <Property name="Angle" value="0"/>
      <Property name="Filename" value="/Objects/wall_8x8.hs"/>
      <Property name="MotorMoveSpeed" value="25"/>
      <Property name="PathPos0" value="0 0"/>
      <Property name="PathPos1" value="-13 13"/>
    </Properties>
  </Object>
  <Object name="Object77">
    <AbsoluteLocation value="-24.403091 -25.835871"/>
    <Properties>
      <Property name="Angle" value="-50.1326"/>
      <Property name="Filename" value="/Objects/path_locking_end.hs"/>
    </Properties>
  </Object>
  <Object name="Object71">
    <AbsoluteLocation value="-18.664885 -32.704964"/>
    <Properties>
      <Property name="Angle" value="-50.1326"/>
      <Property name="Filename" value="/Objects/path_locking_mid.hs"/>
    </Properties>
  </Object>
  <Object name="Ducky64">
    <AbsoluteLocation value="4.640625 -8.250000"/>
    <Properties>
      <Property name="Angle" value="0"/>
      <Property name="Filename" value="/Objects/star_mega.hs"/>
      <Property name="StarType" value="mega"/>
      <Property name="Type" value="star"/>
    </Properties>
  </Object>
  <Room>
    <AbsoluteLocation value="19.600002 18.799999"/>
  </Room>
</Objects>
