<?xml version="1.0"?>
<Objects>
  <Object name="Object44">
    <AbsoluteLocation value="-27.296875 -29.656250"/>
    <Properties>
      <Property name="Angle" value="-51.1077"/>
      <Property name="Filename" value="/Objects/pipe_bend_1.hs"/>
    </Properties>
  </Object>
  <Object name="Object45">
    <AbsoluteLocation value="8.506254 14.173015"/>
    <Properties>
      <Property name="Angle" value="452.18"/>
      <Property name="Filename" value="/Objects/pipe_straight_short.hs"/>
    </Properties>
  </Object>
  <Object name="Object49">
    <AbsoluteLocation value="8.093750 12.156250"/>
    <Properties>
      <Property name="Angle" value="-97.6109"/>
      <Property name="Filename" value="/Objects/pipe_bend_1.hs"/>
    </Properties>
  </Object>
  <Object name="Object53">
    <AbsoluteLocation value="-14.875000 -43.062500"/>
    <Properties>
      <Property name="Angle" value="-42.8589"/>
      <Property name="Filename" value="/Objects/pipe_bend_1.hs"/>
    </Properties>
  </Object>
  <Object name="Object38">
    <AbsoluteLocation value="-28.968750 -31.875000"/>
    <Properties>
      <Property name="Angle" value="-153.866"/>
      <Property name="Filename" value="/Objects/pipe_bend_1.hs"/>
    </Properties>
  </Object>
  <Object name="Object39">
    <AbsoluteLocation value="-27.781250 -31.468750"/>
    <Properties>
      <Property name="Angle" value="-97.6109"/>
      <Property name="Filename" value="/Objects/pipe_bend_1.hs"/>
    </Properties>
  </Object>
  <Object name="Object51">
    <AbsoluteLocation value="-13.558657 -34.240547"/>
    <Properties>
      <Property name="Angle" value="57.2037"/>
      <Property name="Filename" value="/Objects/pipe_straight.hs"/>
    </Properties>
  </Object>
  <Object name="Object43">
    <AbsoluteLocation value="6.249512 16.346716"/>
    <Properties>
      <Property name="Angle" value="175.981"/>
      <Property name="Filename" value="/Objects/pipe_straight_short.hs"/>
    </Properties>
  </Object>
  <Object name="Object42">
    <AbsoluteLocation value="2.057726 21.682590"/>
    <Properties>
      <Property name="Angle" value="89.6488"/>
      <Property name="Filename" value="/Objects/pipe_bend_2.hs"/>
    </Properties>
  </Object>
  <Object name="Object36">
    <AbsoluteLocation value="-30.836021 -29.960657"/>
    <Properties>
      <Property name="Angle" value="136.103"/>
      <Property name="Filename" value="/Objects/pipe_bend_2.hs"/>
    </Properties>
  </Object>
  <Object name="Object33">
    <AbsoluteLocation value="-25.701414 -1.901460"/>
    <Properties>
      <Property name="Angle" value="362.938"/>
      <Property name="Filename" value="/Objects/pipe_straight.hs"/>
    </Properties>
  </Object>
  <Object name="Main_Spout">
    <AbsoluteLocation value="-11.644611 -30.899639"/>
    <Properties>
      <Property name="Angle" value="63.7277"/>
      <Property name="Filename" value="/Objects/touch_spout.hs"/>
      <Property name="FluidType" value="Water"/>
      <Property name="ParticleSpeed" value="22"/>
      <Property name="Type" value="spout"/>
    </Properties>
  </Object>
  <Object name="Ice">
    <AbsoluteLocation value="14.563980 34.363148"/>
    <Properties>
      <Property name="Angle" value="0"/>
      <Property name="Filename" value="/Objects/icicle_large.hs"/>
      <Property name="Type" value="icyhot"/>
    </Properties>
  </Object>
  <Object name="Drain">
    <AbsoluteLocation value="3.979187 23.751019"/>
    <Properties>
      <Property name="Angle" value="-47.1747"/>
      <Property name="ConnectedSpout0" value="Spout_Machine"/>
      <Property name="ConnectedSpoutProbability0" value="1"/>
      <Property name="Filename" value="/Objects/basic_drain.hs"/>
      <Property name="Type" value="spout"/>
    </Properties>
  </Object>
  <Object name="Ducky8">
    <AbsoluteLocation value="-0.400000 -26.400000"/>
    <Properties>
      <Property name="Angle" value="0.0361503"/>
      <Property name="Filename" value="/Objects/star.hs"/>
      <Property name="Type" value="star"/>
    </Properties>
  </Object>
  <Object name="Ducky9">
    <AbsoluteLocation value="16.800001 15.600000"/>
    <Properties>
      <Property name="Angle" value="0"/>
      <Property name="Filename" value="/Objects/star.hs"/>
      <Property name="Type" value="star"/>
    </Properties>
  </Object>
  <Object name="Ducky10">
    <AbsoluteLocation value="-6.029312 -7.363678"/>
    <Properties>
      <Property name="Angle" value="0"/>
      <Property name="Filename" value="/Objects/star.hs"/>
      <Property name="Type" value="star"/>
    </Properties>
  </Object>
  <Object name="Object20">
    <AbsoluteLocation value="-14.888565 -46.812111"/>
    <Properties>
      <Property name="Angle" value="88.2938"/>
      <Property name="Filename" value="/Objects/pipe_straight.hs"/>
    </Properties>
  </Object>
  <Object name="Object24">
    <AbsoluteLocation value="-31.176826 -7.573807"/>
    <Properties>
      <Property name="Angle" value="91.2804"/>
      <Property name="Filename" value="/Objects/pipe_straight.hs"/>
    </Properties>
  </Object>
  <Object name="Object25">
    <AbsoluteLocation value="-31.180429 -13.810292"/>
    <Properties>
      <Property name="Angle" value="88.3068"/>
      <Property name="Filename" value="/Objects/pipe_straight.hs"/>
    </Properties>
  </Object>
  <Object name="Object26">
    <AbsoluteLocation value="-31.190228 -20.070988"/>
    <Properties>
      <Property name="Angle" value="91.2804"/>
      <Property name="Filename" value="/Objects/pipe_straight.hs"/>
    </Properties>
  </Object>
  <Object name="Object27">
    <AbsoluteLocation value="-31.022213 -26.364679"/>
    <Properties>
      <Property name="Angle" value="91.2804"/>
      <Property name="Filename" value="/Objects/pipe_straight.hs"/>
    </Properties>
  </Object>
  <Object name="Object32">
    <AbsoluteLocation value="-18.515684 3.722654"/>
    <Properties>
      <Property name="Angle" value="446.461"/>
      <Property name="Filename" value="/Objects/pipe_straight.hs"/>
    </Properties>
  </Object>
  <Object name="Object35">
    <AbsoluteLocation value="-18.163265 7.859272"/>
    <Properties>
      <Property name="Angle" value="88.8335"/>
      <Property name="Filename" value="/Objects/pipe_connector_end.hs"/>
    </Properties>
  </Object>
  <Object name="Object30">
    <AbsoluteLocation value="-19.993679 -0.818279"/>
    <Properties>
      <Property name="Angle" value="-274.521"/>
      <Property name="Filename" value="/Objects/pipe_connector_90.hs"/>
    </Properties>
  </Object>
  <Object name="Swampy_Drain">
    <AbsoluteLocation value="-27.200001 -28.000000"/>
    <Properties>
      <Property name="Angle" value="0.167879"/>
      <Property name="ConnectedSpout0" value="SWAMPY_SPOUT"/>
      <Property name="ConnectedSpoutProbability0" value="1"/>
      <Property name="Filename" value="/Objects/broken_pipe.hs"/>
      <Property name="Type" value="spout"/>
    </Properties>
  </Object>
  <Object name="Object40">
    <AbsoluteLocation value="5.582670 16.491966"/>
    <Properties>
      <Property name="Angle" value="-88.421"/>
      <Property name="Filename" value="/Objects/pipe_spout_base.hs"/>
    </Properties>
  </Object>
  <Object name="Object41">
    <AbsoluteLocation value="1.756159 20.479292"/>
    <Properties>
      <Property name="Angle" value="-0.0175568"/>
      <Property name="Filename" value="/Objects/pipe_spout_base.hs"/>
    </Properties>
  </Object>
  <Object name="FluidConverter11">
    <AbsoluteLocation value="1.888466 16.821150"/>
    <Properties>
      <Property name="Angle" value="0"/>
      <Property name="Filename" value="/Objects/converter_static_sludge.hs"/>
      <Property name="FluidType" value="lava"/>
      <Property name="Type" value="fluidconverter"/>
    </Properties>
  </Object>
  <Object name="Spout_Machine">
    <AbsoluteLocation value="5.571854 10.599926"/>
    <Properties>
      <Property name="Angle" value="-158.635"/>
      <Property name="ConnectedConverter" value="FluidConverter11"/>
      <Property name="Filename" value="/Objects/touch_spout_generic.hs"/>
      <Property name="FluidType" value="Water"/>
      <Property name="NumberParticles" value="0"/>
      <Property name="ParticleSpeed" value="10"/>
      <Property name="Type" value="spout"/>
    </Properties>
  </Object>
  <Object name="Object50">
    <AbsoluteLocation value="-15.616390 -37.292549"/>
    <Properties>
      <Property name="Angle" value="88.5444"/>
      <Property name="Filename" value="/Objects/pipe_bend_2.hs"/>
    </Properties>
  </Object>
  <Object name="Object46">
    <AbsoluteLocation value="-30.991367 -3.334209"/>
    <Properties>
      <Property name="Angle" value="94.2568"/>
      <Property name="Filename" value="/Objects/pipe_bend_2.hs"/>
    </Properties>
  </Object>
  <Object name="Object47">
    <AbsoluteLocation value="-29.607698 -2.178503"/>
    <Properties>
      <Property name="Angle" value="44.995"/>
      <Property name="Filename" value="/Objects/pipe_bend_2.hs"/>
    </Properties>
  </Object>
  <Object name="Object37">
    <AbsoluteLocation value="-30.993679 -29.099529"/>
    <Properties>
      <Property name="Angle" value="-32.2662"/>
      <Property name="Filename" value="/Objects/pipe_connector_90.hs"/>
    </Properties>
  </Object>
  <Object name="Object48">
    <AbsoluteLocation value="-30.056179 -3.224529"/>
    <Properties>
      <Property name="Angle" value="-86.1326"/>
      <Property name="Filename" value="/Objects/pipe_connector_90.hs"/>
    </Properties>
  </Object>
  <Object name="Object52">
    <AbsoluteLocation value="-16.118679 -39.380779"/>
    <Properties>
      <Property name="Angle" value="-47.6093"/>
      <Property name="Filename" value="/Objects/pipe_connector_90.hs"/>
    </Properties>
  </Object>
  <Object name="Object55">
    <AbsoluteLocation value="8.187500 15.437500"/>
    <Properties>
      <Property name="Angle" value="-31.2686"/>
      <Property name="Filename" value="/Objects/pipe_bend_1.hs"/>
    </Properties>
  </Object>
  <Object name="Ducky38">
    <AbsoluteLocation value="24.609375 -40.546875"/>
    <Properties>
      <Property name="Angle" value="0"/>
      <Property name="CutsRock" value="1"/>
      <Property name="Filename" value="/Objects/star_teleport.hs"/>
      <Property name="StarType" value="teleport"/>
      <Property name="TeleportMoveTime" value="2"/>
      <Property name="TeleportWaitTime" value="2"/>
      <Property name="Type" value="star"/>
    </Properties>
  </Object>
  <Object name="Ducky39">
    <AbsoluteLocation value="25.093750 16.529377"/>
    <Properties>
      <Property name="Angle" value="0"/>
      <Property name="CutsRock" value="1"/>
      <Property name="Filename" value="/Objects/star_teleport.hs"/>
      <Property name="StarType" value="teleport"/>
      <Property name="TeleportMoveTime" value="2"/>
      <Property name="TeleportWaitTime" value="2"/>
      <Property name="Type" value="star"/>
    </Properties>
  </Object>
  <Object name="Ducky40">
    <AbsoluteLocation value="7.390625 -2.750000"/>
    <Properties>
      <Property name="Angle" value="0"/>
      <Property name="CutsRock" value="1"/>
      <Property name="Filename" value="/Objects/star_teleport.hs"/>
      <Property name="StarType" value="teleport"/>
      <Property name="TeleportMoveTime" value="2"/>
      <Property name="TeleportWaitTime" value="2"/>
      <Property name="Type" value="star"/>
    </Properties>
  </Object>
  <Object name="Ducky41">
    <AbsoluteLocation value="-4.781250 -11.671875"/>
    <Properties>
      <Property name="Angle" value="0"/>
      <Property name="CutsRock" value="1"/>
      <Property name="Filename" value="/Objects/star_teleport.hs"/>
      <Property name="StarType" value="teleport"/>
      <Property name="TeleportMoveTime" value="2"/>
      <Property name="TeleportWaitTime" value="2"/>
      <Property name="Type" value="star"/>
    </Properties>
  </Object>
  <Object name="Ducky42">
    <AbsoluteLocation value="-10.437500 -44.218750"/>
    <Properties>
      <Property name="Angle" value="0"/>
      <Property name="CutsRock" value="1"/>
      <Property name="Filename" value="/Objects/star_teleport.hs"/>
      <Property name="StarType" value="teleport"/>
      <Property name="TeleportMoveTime" value="2"/>
      <Property name="TeleportWaitTime" value="999"/>
      <Property name="Type" value="star"/>
    </Properties>
  </Object>
  <Room>
    <AbsoluteLocation value="-17.999998 22.799999"/>
  </Room>
  <Properties>
    <Property name="ShowTopEdge" value="1"/>
  </Properties>
</Objects>
