<?xml version="1.0"?>
<Objects>
  <Object name="Object24">
    <AbsoluteLocation value="23.133913 -3.341559"/>
    <Properties>
      <Property name="Angle" value="34.7419"/>
      <Property name="Filename" value="/Objects/pipe_straight_short.hs"/>
    </Properties>
  </Object>
  <Object name="Object25">
    <AbsoluteLocation value="24.754124 -1.922486"/>
    <Properties>
      <Property name="Angle" value="-90.7857"/>
      <Property name="Filename" value="/Objects/pipe_bend_1.hs"/>
    </Properties>
  </Object>
  <Object name="Object30">
    <AbsoluteLocation value="13.626554 22.232029"/>
    <Properties>
      <Property name="Angle" value="-1.22968"/>
      <Property name="Filename" value="/Objects/pipe_straight_short.hs"/>
    </Properties>
  </Object>
  <Object name="Object28">
    <AbsoluteLocation value="16.204285 21.526184"/>
    <Properties>
      <Property name="Angle" value="0.292369"/>
      <Property name="Filename" value="/Objects/pipe_elbow_1.hs"/>
    </Properties>
  </Object>
  <Object name="Object31">
    <AbsoluteLocation value="16.863939 19.374311"/>
    <Properties>
      <Property name="Angle" value="-91.1759"/>
      <Property name="Filename" value="/Objects/pipe_straight_short.hs"/>
    </Properties>
  </Object>
  <Object name="Object36">
    <AbsoluteLocation value="-6.800000 31.599998"/>
    <Properties>
      <Property name="Angle" value="-35"/>
      <Property name="Filename" value="/Objects/pipe_straight_long.hs"/>
    </Properties>
  </Object>
  <Object name="Object39">
    <AbsoluteLocation value="-14.145559 36.770885"/>
    <Properties>
      <Property name="Angle" value="-35"/>
      <Property name="Filename" value="/Objects/pipe_straight_long.hs"/>
    </Properties>
  </Object>
  <Object name="Object38">
    <AbsoluteLocation value="-18.462170 39.610592"/>
    <Properties>
      <Property name="Angle" value="18.2942"/>
      <Property name="Filename" value="/Objects/pipe_bend_2.hs"/>
    </Properties>
  </Object>
  <Object name="Object41">
    <AbsoluteLocation value="-21.080814 37.457859"/>
    <Properties>
      <Property name="Angle" value="120.541"/>
      <Property name="Filename" value="/Objects/pipe_bend_2.hs"/>
    </Properties>
  </Object>
  <Object name="Object40">
    <AbsoluteLocation value="-20.270279 39.164089"/>
    <Properties>
      <Property name="Angle" value="69.3341"/>
      <Property name="Filename" value="/Objects/pipe_bend_2.hs"/>
    </Properties>
  </Object>
  <Object name="Object27">
    <AbsoluteLocation value="7.328184 22.278608"/>
    <Properties>
      <Property name="Angle" value="0"/>
      <Property name="Filename" value="/Objects/pipe_straight_long.hs"/>
    </Properties>
  </Object>
  <Object name="Object26">
    <AbsoluteLocation value="1.403426 23.025887"/>
    <Properties>
      <Property name="Angle" value="-181.929"/>
      <Property name="Filename" value="/Objects/pipe_elbow_2.hs"/>
    </Properties>
  </Object>
  <Object name="Object32">
    <AbsoluteLocation value="3.712015 33.435425"/>
    <Properties>
      <Property name="Angle" value="52.6935"/>
      <Property name="Filename" value="/Objects/pipe_straight_short.hs"/>
    </Properties>
  </Object>
  <Object name="Object35">
    <AbsoluteLocation value="4.832830 34.922012"/>
    <Properties>
      <Property name="Angle" value="53.7058"/>
      <Property name="Filename" value="/Objects/pipe_straight_short.hs"/>
    </Properties>
  </Object>
  <Object name="Object34">
    <AbsoluteLocation value="6.377962 36.454559"/>
    <Properties>
      <Property name="Angle" value="51.072"/>
      <Property name="Filename" value="/Objects/pipe_bend_2.hs"/>
    </Properties>
  </Object>
  <Object name="Object23">
    <AbsoluteLocation value="11.490555 -3.176968"/>
    <Properties>
      <Property name="Angle" value="-29.0764"/>
      <Property name="Filename" value="/Objects/pipe_straight.hs"/>
    </Properties>
  </Object>
  <Object name="Object22">
    <AbsoluteLocation value="17.492580 -12.775480"/>
    <Properties>
      <Property name="Angle" value="-96.2763"/>
      <Property name="Filename" value="/Objects/pipe_elbow_2.hs"/>
    </Properties>
  </Object>
  <Object name="Object21">
    <AbsoluteLocation value="14.593530 -13.856483"/>
    <Properties>
      <Property name="Angle" value="85.0611"/>
      <Property name="Filename" value="/Objects/pipe_elbow_1.hs"/>
    </Properties>
  </Object>
  <Object name="Object19">
    <AbsoluteLocation value="-28.895529 -30.041121"/>
    <Properties>
      <Property name="Angle" value="82.9667"/>
      <Property name="Filename" value="/Objects/pipe_straight_short.hs"/>
    </Properties>
  </Object>
  <Object name="Object18">
    <AbsoluteLocation value="-28.352480 -27.611139"/>
    <Properties>
      <Property name="Angle" value="84.4559"/>
      <Property name="Filename" value="/Objects/pipe_bend_2.hs"/>
    </Properties>
  </Object>
  <Object name="Object17">
    <AbsoluteLocation value="-26.918884 -26.480581"/>
    <Properties>
      <Property name="Angle" value="34.7419"/>
      <Property name="Filename" value="/Objects/pipe_straight_short.hs"/>
    </Properties>
  </Object>
  <Object name="Object20">
    <AbsoluteLocation value="-15.510099 -26.668337"/>
    <Properties>
      <Property name="Angle" value="-28.5442"/>
      <Property name="Filename" value="/Objects/pipe_straight.hs"/>
    </Properties>
  </Object>
  <Object name="Object16">
    <AbsoluteLocation value="-21.424212 -15.509544"/>
    <Properties>
      <Property name="Angle" value="83.9367"/>
      <Property name="Filename" value="/Objects/pipe_straight.hs"/>
    </Properties>
  </Object>
  <Object name="Ducky1">
    <AbsoluteLocation value="-15.614357 -43.753460"/>
    <Properties>
      <Property name="Angle" value="0"/>
      <Property name="Filename" value="/Objects/star.hs"/>
      <Property name="Type" value="star"/>
    </Properties>
  </Object>
  <Object name="Ducky2">
    <AbsoluteLocation value="25.705788 10.677052"/>
    <Properties>
      <Property name="Angle" value="0"/>
      <Property name="Filename" value="/Objects/star.hs"/>
      <Property name="Type" value="star"/>
    </Properties>
  </Object>
  <Object name="Ducky3">
    <AbsoluteLocation value="24.548761 36.662109"/>
    <Properties>
      <Property name="Angle" value="0"/>
      <Property name="Filename" value="/Objects/star.hs"/>
      <Property name="Type" value="star"/>
    </Properties>
  </Object>
  <Object name="Spout4">
    <AbsoluteLocation value="-21.074026 -10.421756"/>
    <Properties>
      <Property name="Angle" value="0"/>
      <Property name="ConnectedSpout0" value="YSwitch5"/>
      <Property name="ConnectedSpoutProbability0" value="1"/>
      <Property name="Filename" value="/Objects/basic_drain.hs"/>
      <Property name="Type" value="spout"/>
    </Properties>
  </Object>
  <Object name="YSwitch5">
    <AbsoluteLocation value="-21.545439 -22.590342"/>
    <Properties>
      <Property name="Angle" value="0"/>
      <Property name="ConnectedSpout0" value="Spout6"/>
      <Property name="ConnectedSpout1" value="Spout7"/>
      <Property name="ConnectedSpoutProbability0" value="0.5"/>
      <Property name="ConnectedSpoutProbability1" value="0.5"/>
      <Property name="Filename" value="/Objects/pipe_y_switch_toggle.hs"/>
      <Property name="FirstRightSpout" value="1"/>
      <Property name="Type" value="yswitch"/>
    </Properties>
  </Object>
  <Object name="Spout6">
    <AbsoluteLocation value="-29.078791 -33.565018"/>
    <Properties>
      <Property name="Angle" value="-89.5113"/>
      <Property name="Filename" value="/Objects/shower_head.hs"/>
      <Property name="FluidType" value="Water"/>
      <Property name="NumberParticles" value="0"/>
      <Property name="ParticleSpeed" value="50"/>
      <Property name="ParticlesPerSecond" value="10"/>
      <Property name="ParticleQueueThreshold" value="2"/>
      <Property name="Type" value="spout"/>
    </Properties>
  </Object>
  <Object name="Spout7">
    <AbsoluteLocation value="-11.969781 -28.071861"/>
    <Properties>
      <Property name="Angle" value="-9.46564"/>
      <Property name="Filename" value="/Objects/shower_head.hs"/>
      <Property name="FluidType" value="Water"/>
      <Property name="NumberParticles" value="0"/>
      <Property name="ParticleSpeed" value="50"/>
      <Property name="ParticlesPerSecond" value="10"/>
      <Property name="ParticleQueueThreshold" value="2"/>
      <Property name="Type" value="spout"/>
    </Properties>
  </Object>
  <Object name="YSwitch8">
    <AbsoluteLocation value="17.901834 -7.532633"/>
    <Properties>
      <Property name="Angle" value="184.387"/>
      <Property name="ConnectedSpout0" value="Spout10"/>
      <Property name="ConnectedSpout1" value="Spout11"/>
      <Property name="ConnectedSpoutProbability0" value="0.5"/>
      <Property name="ConnectedSpoutProbability1" value="0.5"/>
      <Property name="Filename" value="/Objects/pipe_y_switch_toggle.hs"/>
      <Property name="FirstRightSpout" value="1"/>
      <Property name="Type" value="yswitch"/>
    </Properties>
  </Object>
  <Object name="Spout9">
    <AbsoluteLocation value="13.668221 -17.223642"/>
    <Properties>
      <Property name="Angle" value="179.294"/>
      <Property name="ConnectedSpout0" value="YSwitch8"/>
      <Property name="ConnectedSpoutProbability0" value="1"/>
      <Property name="Filename" value="/Objects/basic_drain.hs"/>
      <Property name="Type" value="spout"/>
    </Properties>
  </Object>
  <Object name="Spout10">
    <AbsoluteLocation value="25.192354 1.251146"/>
    <Properties>
      <Property name="Angle" value="92.2979"/>
      <Property name="Filename" value="/Objects/shower_head.hs"/>
      <Property name="FluidType" value="Water"/>
      <Property name="NumberParticles" value="0"/>
      <Property name="ParticleSpeed" value="50"/>
      <Property name="ParticlesPerSecond" value="10"/>
      <Property name="ParticleQueueThreshold" value="2"/>
      <Property name="Type" value="spout"/>
    </Properties>
  </Object>
  <Object name="Spout11">
    <AbsoluteLocation value="7.583578 -1.194497"/>
    <Properties>
      <Property name="Angle" value="168.099"/>
      <Property name="Filename" value="/Objects/shower_head.hs"/>
      <Property name="FluidType" value="Water"/>
      <Property name="NumberParticles" value="0"/>
      <Property name="ParticleSpeed" value="50"/>
      <Property name="ParticlesPerSecond" value="10"/>
      <Property name="ParticleQueueThreshold" value="2"/>
      <Property name="Type" value="spout"/>
    </Properties>
  </Object>
  <Object name="Spout12">
    <AbsoluteLocation value="16.789881 15.822923"/>
    <Properties>
      <Property name="Angle" value="178.987"/>
      <Property name="ConnectedSpout0" value="YSwitch13"/>
      <Property name="ConnectedSpoutProbability0" value="1"/>
      <Property name="Filename" value="/Objects/basic_drain.hs"/>
      <Property name="Type" value="spout"/>
    </Properties>
  </Object>
  <Object name="YSwitch13">
    <AbsoluteLocation value="-0.371265 28.286585"/>
    <Properties>
      <Property name="Angle" value="194.975"/>
      <Property name="ConnectedSpout0" value="Spout15"/>
      <Property name="ConnectedSpout1" value="Spout14"/>
      <Property name="ConnectedSpoutProbability0" value="0.5"/>
      <Property name="ConnectedSpoutProbability1" value="0.5"/>
      <Property name="Filename" value="/Objects/pipe_y_switch_toggle.hs"/>
      <Property name="FirstRightSpout" value="1"/>
      <Property name="Type" value="yswitch"/>
    </Properties>
  </Object>
  <Object name="Spout15">
    <AbsoluteLocation value="9.322062 36.525490"/>
    <Properties>
      <Property name="Angle" value="-1.25801"/>
      <Property name="Filename" value="/Objects/shower_head.hs"/>
      <Property name="FluidType" value="Water"/>
      <Property name="NumberParticles" value="0"/>
      <Property name="ParticleSpeed" value="50"/>
      <Property name="ParticlesPerSecond" value="10"/>
      <Property name="ParticleQueueThreshold" value="2"/>
      <Property name="Type" value="spout"/>
    </Properties>
  </Object>
  <Object name="Spout14">
    <AbsoluteLocation value="-21.268280 35.365322"/>
    <Properties>
      <Property name="Angle" value="269.502"/>
      <Property name="Filename" value="/Objects/shower_head.hs"/>
      <Property name="FluidType" value="Water"/>
      <Property name="NumberParticles" value="0"/>
      <Property name="ParticleSpeed" value="50"/>
      <Property name="ParticlesPerSecond" value="10"/>
      <Property name="ParticleQueueThreshold" value="2"/>
      <Property name="Type" value="spout"/>
    </Properties>
  </Object>
  <Room>
    <AbsoluteLocation value="-1.000000 -1.000000"/>
  </Room>
  <Properties>
    <Property name="BonusLevel" value="1"/>
    <Property name="BonusTimer" value="50"/>
    <Property name="ShowTopEdge" value="1"/>
  </Properties>
</Objects>
